seed,cw_alpha,ec1,ec2,ec3,ec4,ec5,ec6,bm,cw_energy_volume,cw_ec_volume,cw_ec_volume_red,cw_fullcov,cw_redcov,cw_cwfullcov,cw_cwredcov,cw_Mvol,cw_Mcov,mv_energy_volume,mv_ec_volume,mv_ec_volume_red,mv_fullcov,mv_redcov,mv_cwfullcov,mv_cwredcov,mv_cwfullcov_upper,mv_cwredcov_upper,mv_Mvol,mv_Mcov
2.0,0.4,-0.6896859506306123,0.7989357206367227,0.8024176706476134,-0.005171406787505675,-0.005969929749686043,-0.012337574589419753,0.30505013022153815,4.682470285890973e-31,0.17588528778278353,0.23577390766268455,0.0,0.0,3.0,1.0,0.2350570349121255,0.0,5.474668331649506e-35,0.10036765005158793,1.0972711105969144,0.0,0.0,4.0,2.0,6.0,3.0,1.850915648237532,1.0
2.0,0.45,-0.6896859506306123,0.7989357206367227,0.8024176706476134,-0.005171406787505675,-0.005969929749686043,-0.012337574589419753,0.30505013022153815,4.103440474530751e-30,0.1925340559562201,0.25809155105119264,0.0,0.0,3.0,1.0,0.2573068212991506,0.0,8.49078540124023e-35,0.10221979557029716,1.117519724261343,0.0,0.0,4.0,2.0,6.0,3.0,1.88507172463894,1.0
2.0,0.5,-0.6896859506306123,0.7989357206367227,0.8024176706476134,-0.005171406787505675,-0.005969929749686043,-0.012337574589419753,0.30505013022153815,1.3615936063442765e-29,0.20240055548399713,0.27131757568316145,0.0,0.0,3.0,1.0,0.2704926320806944,0.0,1.6668322005287538e-34,0.10513347241165637,1.1493735478986944,0.0,0.0,4.0,2.0,6.0,3.0,1.9388038789417172,1.0
2.0,0.55,-0.6896859506306123,0.7989357206367227,0.8024176706476134,-0.005171406787505675,-0.005969929749686043,-0.012337574589419753,0.30505013022153815,1.4847996225719417e-28,0.22358665626200502,0.29971750515728146,0.0,0.0,3.0,1.0,0.29880621130613927,0.0,2.723157629548004e-34,0.1073058863686615,1.1731235019332271,0.0,0.0,4.0,2.0,6.0,3.0,1.9788661398933656,1.0
2.0,0.6,-0.6896859506306123,0.7989357206367227,0.8024176706476134,-0.005171406787505675,-0.005969929749686043,-0.012337574589419753,0.30505013022153815,1.9463486350549882e-27,0.248891795414388,0.3336389980639175,0.0,0.0,3.0,1.0,0.3326245655993294,0.0,4.206111943469283e-34,0.10926738463850745,1.1945676164848933,0.0,0.0,4.0,2.0,6.0,3.0,2.015038829398226,1.0
2.0,0.65,-0.6896859506306123,0.7989357206367227,0.8024176706476134,-0.005171406787505675,-0.005969929749686043,-0.012337574589419753,0.30505013022153815,8.785346320461481e-26,0.29170889648775505,0.39103524400418793,0.0,0.0,3.0,1.0,0.3898462977220749,0.0,9.028723794674692e-34,0.11280108552152314,1.2331998639314654,0.0,0.0,4.0,2.0,6.0,3.0,2.080205068292958,1.0
2.0,0.7,-0.6896859506306123,0.7989357206367227,0.8024176706476134,-0.005171406787505675,-0.005969929749686043,-0.012337574589419753,0.30505013022153815,2.990293452376645e-25,0.30698309678238106,0.411510281656763,0.0,0.0,3.0,1.0,0.41025908083297785,0.0,1.5231690586662652e-33,0.11528603023538092,1.260366565996774,0.0,0.0,4.0,2.0,6.0,3.0,2.126030820450354,1.0
2.0,0.75,-0.6896859506306123,0.7989357206367227,0.8024176706476134,-0.005171406787505675,-0.005969929749686043,-0.012337574589419753,0.30505013022153815,3.31167257628012e-24,0.33933477008126894,0.4548776407421087,0.0,0.0,3.0,1.0,0.4534945810612507,0.0,2.197774337820046e-33,0.11706079686155087,1.2797692335489876,0.0,0.0,4.0,2.0,6.0,3.0,2.158759925083765,1.0
2.0,0.8,-0.6896859506306123,0.7989357206367227,0.8024176706476134,-0.005171406787505675,-0.005969929749686043,-0.012337574589419753,0.30505013022153815,4.421629676299609e-23,0.3780294659119512,0.5067478099690311,0.0,0.0,3.0,1.0,0.5052070385580911,0.0,3.493446066609156e-33,0.11934322388397141,1.304721907368296,0.0,0.0,4.0,2.0,6.0,3.0,2.200850976230092,1.0
2.0,0.85,-0.6896859506306123,0.7989357206367227,0.8024176706476134,-0.005171406787505675,-0.005969929749686043,-0.012337574589419753,0.30505013022153815,1.4771329884254071e-21,0.43754111647251054,0.5865230690654472,0.0,0.0,3.0,1.0,0.5847397402401524,0.0,5.627274001458318e-33,0.12173756189300071,1.3308980500294185,0.0,0.0,4.0,2.0,6.0,3.0,2.245005817813057,1.0
2.0,0.9,-0.6896859506306123,0.7989357206367227,0.8024176706476134,-0.005171406787505675,-0.005969929749686043,-0.012337574589419753,0.30505013022153815,5.625901768112434e-20,0.5091953083479676,0.6825753826606152,0.0,0.0,3.0,1.0,0.6805000058859645,1.0,1.1287030770571787e-32,0.12531979282869857,1.370060853135873,0.0,0.0,4.0,2.0,6.0,3.0,2.311067016726012,1.0
2.0,0.95,-0.6896859506306123,0.7989357206367227,0.8024176706476134,-0.005171406787505675,-0.005969929749686043,-0.012337574589419753,0.30505013022153815,2.1329758439510643e-17,0.6521299328165675,0.8741789862143111,0.0,0.0,3.0,1.0,0.8715210369079575,1.0,4.13891911887434e-32,0.13229166106824822,1.4462809260599072,0.0,1.0,4.0,2.0,6.0,3.0,2.439637726664921,1.0
3.0,0.4,-0.9825435580303878,-1.2158242859366113,-1.2160133969455305,-0.0004915042290361619,0.0038620830288066447,-0.11176200610812198,-1.1381897839738162,5.689893800140146e-35,0.12374998315229396,0.1800727865478028,0.0,0.0,2.0,0.0,0.17615097460888646,0.0,1.264173397143405e-32,0.13600836772525457,1.1974700726519636,0.0,0.0,4.0,2.0,4.0,2.0,2.088546398752023,0.0
3.0,0.45,-0.9825435580303878,-1.2158242859366113,-1.2160133969455305,-0.0004915042290361619,0.0038620830288066447,-0.11176200610812198,-1.1381897839738162,1.3523268794060416e-33,0.14121393178135008,0.20548516894701227,0.0,0.0,2.0,0.0,0.20100989978338044,0.0,2.65020489689684e-32,0.14026855684579398,1.234978419094211,0.0,0.0,4.0,2.0,4.0,2.0,2.153965922524846,0.0
3.0,0.5,-0.9825435580303878,-1.2158242859366113,-1.2160133969455305,-0.0004915042290361619,0.0038620830288066447,-0.11176200610812198,-1.1381897839738162,8.227031037802675e-32,0.16757823262032723,0.24384875491709404,0.0,0.0,2.0,0.0,0.23853796378281078,0.0,5.698051475290335e-32,0.14481457819117552,1.2750033425733904,0.0,0.0,4.0,2.0,4.0,2.0,2.223774689943672,0.0
3.0,0.55,-0.9825435580303878,-1.2158242859366113,-1.2160133969455305,-0.0004915042290361619,0.0038620830288066447,-0.11176200610812198,-1.1381897839738162,1.4396331481901994e-30,0.18880332355824228,0.2747341027172406,0.0,0.0,2.0,0.0,0.26875065844051244,0.0,1.3290099614104774e-31,0.15001592404420278,1.3207979955104392,0.0,0.0,4.0,2.0,4.0,2.0,2.303646629675707,1.0
3.0,0.6,-0.9825435580303878,-1.2158242859366113,-1.2160133969455305,-0.0004915042290361619,0.0038620830288066447,-0.11176200610812198,-1.1381897839738162,4.00725436145671e-29,0.21687080742860235,0.31557604792947763,0.0,0.0,2.0,0.0,0.3087031054036656,0.0,2.206261310279263e-31,0.1532178596149361,1.3489890699615226,0.0,0.0,4.0,2.0,4.0,2.0,2.3528155971233597,1.0
3.0,0.65,-0.9825435580303878,-1.2158242859366113,-1.2160133969455305,-0.0004915042290361619,0.0038620830288066447,-0.11176200610812198,-1.1381897839738162,1.4626580923846377e-26,0.27730865593137405,0.4035212057033945,0.0,0.0,2.0,0.0,0.3947329023041278,0.0,4.129995829348872e-31,0.1572732707788393,1.3846944723738404,0.0,0.0,4.0,2.0,4.0,2.0,2.4150905477274165,1.0
3.0,0.7,-0.9825435580303878,-1.2158242859366113,-1.2160133969455305,-0.0004915042290361619,0.0038620830288066447,-0.11176200610812198,-1.1381897839738162,1.554446267961351e-25,0.30600707188444487,0.445281241531582,0.0,0.0,2.0,0.0,0.4355834447534416,0.0,6.540042474745608e-31,0.16031452600427903,1.4114708551557966,0.0,0.0,4.0,2.0,4.0,2.0,2.4617921055433967,1.0
3.0,0.75,-0.9825435580303878,-1.2158242859366113,-1.2160133969455305,-0.0004915042290361619,0.0038620830288066447,-0.11176200610812198,-1.1381897839738162,5.245722795795066e-25,0.3219148645221362,0.4684292087080171,0.0,0.0,2.0,0.0,0.4582272714888107,0.0,1.2176663252045857e-30,0.16452075628683482,1.4485041271984236,0.0,0.0,4.0,2.0,4.0,2.0,2.52638303664478,1.0
3.0,0.8,-0.9825435580303878,-1.2158242859366113,-1.2160133969455305,-0.0004915042290361619,0.0038620830288066447,-0.11176200610812198,-1.1381897839738162,5.228978747979024e-24,0.35428261776908826,0.5155286213543798,0.0,0.0,3.0,1.0,0.5043009042693001,0.0,2.087281121655796e-30,0.16825690304493315,1.4813986027713972,0.0,0.0,4.0,2.0,4.0,2.0,2.583755358563957,1.0
3.0,0.85,-0.9825435580303878,-1.2158242859366113,-1.2160133969455305,-0.0004915042290361619,0.0038620830288066447,-0.11176200610812198,-1.1381897839738162,6.624061216725594e-23,0.3938183871050816,0.5730584566827781,0.0,0.0,3.0,1.0,0.5605777951669477,0.0,6.102287033836346e-30,0.1759486252647337,1.5491194887684212,0.0,0.0,4.0,2.0,4.0,2.0,2.701869552646609,1.0
3.0,0.9,-0.9825435580303878,-1.2158242859366113,-1.2160133969455305,-0.0004915042290361619,0.0038620830288066447,-0.11176200610812198,-1.1381897839738162,5.736198630347201e-19,0.5745905547528246,0.836106152766543,0.0,0.0,3.0,1.0,0.817896565660216,0.0,8.811116760951138e-30,0.1786624594354399,1.5730131304311576,0.0,0.0,4.0,2.0,4.0,2.0,2.7435432281625745,1.0
3.0,0.95,-0.9825435580303878,-1.2158242859366113,-1.2160133969455305,-0.0004915042290361619,0.0038620830288066447,-0.11176200610812198,-1.1381897839738162,5.317737882034978e-15,0.8407259069530566,1.2233687062539158,0.0,0.0,4.0,2.0,1.1967249135417417,0.0,1.9806941731711747e-29,0.18479536647383504,1.6270096069690576,0.0,0.0,4.0,2.0,4.0,2.0,2.8377202344979198,1.0
4.0,0.4,-0.27460355981784534,0.10460208323083536,0.0677207199020699,-4.1226619578158115e-5,-0.001633591118717606,-0.45015420066939643,-0.04638704000456839,5.838066750777515e-34,0.11141296889465478,0.1925087157539166,0.0,0.0,2.0,0.0,0.09973026404298296,1.0,5.659121911468838e-33,0.12469995266984363,1.0944578862332728,0.0,1.0,5.0,2.0,6.0,3.0,0.9294914615206357,1.0
4.0,0.45,-0.27460355981784534,0.10460208323083536,0.0677207199020699,-4.1226619578158115e-5,-0.001633591118717606,-0.45015420066939643,-0.04638704000456839,4.4546111910853066e-32,0.13346732157601457,0.23061608470381806,0.0,0.0,2.0,0.0,0.1194720089944955,1.0,7.953995867926332e-33,0.12648124589741008,1.1100918169514793,0.0,1.0,5.0,2.0,6.0,3.0,0.9427689071815113,1.0
4.0,0.5,-0.27460355981784534,0.10460208323083536,0.0677207199020699,-4.1226619578158115e-5,-0.001633591118717606,-0.45015420066939643,-0.04638704000456839,4.528715286502463e-31,0.14700772690377809,0.25401233799727396,0.0,0.0,2.0,0.0,0.13159257459816162,1.0,1.0620196269027526e-32,0.128013940903092,1.1235438680569054,0.0,1.0,5.0,2.0,6.0,3.0,0.9541933455264757,1.0
4.0,0.55,-0.27460355981784534,0.10460208323083536,0.0677207199020699,-4.1226619578158115e-5,-0.001633591118717606,-0.45015420066939643,-0.04638704000456839,5.386165249523054e-30,0.16298383144405132,0.28161719763176013,0.0,0.0,2.0,0.0,0.14589343328622226,1.0,1.7111855513658814e-32,0.13058374641744125,1.1460983586645468,0.0,1.0,5.0,2.0,6.0,3.0,0.973348222751493,1.0
4.0,0.6,-0.27460355981784534,0.10460208323083536,0.0677207199020699,-4.1226619578158115e-5,-0.001633591118717606,-0.45015420066939643,-0.04638704000456839,5.059469770903105e-29,0.1789282489737488,0.30916730577930046,0.0,0.0,2.0,0.0,0.16016592764683685,1.0,2.5401715044157774e-32,0.13275097054203883,1.165119500883267,0.0,1.0,5.0,2.0,6.0,3.0,0.989502329275882,1.0
4.0,0.65,-0.27460355981784534,0.10460208323083536,0.0677207199020699,-4.1226619578158115e-5,-0.001633591118717606,-0.45015420066939643,-0.04638704000456839,3.0093100397565867e-28,0.19272763504490933,0.3330110478239399,0.0,0.0,3.0,0.0,0.17251831741044837,1.0,3.6647893037626774e-32,0.13479396664883028,1.183050327260898,0.0,1.0,5.0,2.0,6.0,3.0,1.0047304620580189,1.0
4.0,0.7,-0.27460355981784534,0.10460208323083536,0.0677207199020699,-4.1226619578158115e-5,-0.001633591118717606,-0.45015420066939643,-0.04638704000456839,1.1541319433099628e-26,0.22435470458285695,0.38765896359366525,0.0,0.0,3.0,0.0,0.20082898920403186,1.0,5.30001753836706e-32,0.13688209158232914,1.2013772371913207,0.0,1.0,5.0,2.0,6.0,3.0,1.020294977157831,1.0
4.0,0.75,-0.27460355981784534,0.10460208323083536,0.0677207199020699,-4.1226619578158115e-5,-0.001633591118717606,-0.45015420066939643,-0.04638704000456839,1.8276364996829513e-25,0.25172128837782026,0.43494525309127025,0.0,0.0,4.0,1.0,0.2253259275309042,1.0,8.279406155968523e-32,0.13944995476654182,1.2239146804906822,0.0,1.0,5.0,2.0,6.0,3.0,1.0394353765964588,1.0
4.0,0.8,-0.27460355981784534,0.10460208323083536,0.0677207199020699,-4.1226619578158115e-5,-0.001633591118717606,-0.45015420066939643,-0.04638704000456839,2.3071268654716323e-23,0.3079421811045512,0.5320884489394597,1.0,1.0,6.0,3.0,0.2756515272523393,1.0,1.319195923040643e-31,0.14218309570748114,1.247902722129462,0.0,1.0,5.0,2.0,6.0,3.0,1.0598077272938298,1.0
4.0,0.85,-0.27460355981784534,0.10460208323083536,0.0677207199020699,-4.1226619578158115e-5,-0.001633591118717606,-0.45015420066939643,-0.04638704000456839,3.523085296746233e-20,0.4179551377637841,0.7221781055824424,1.0,1.0,6.0,3.0,0.37412858360067736,1.0,2.0595214812918764e-31,0.14484672331489223,1.2712806639690881,0.0,1.0,5.0,2.0,6.0,3.0,1.079661937858883,1.0
4.0,0.9,-0.27460355981784534,0.10460208323083536,0.0677207199020699,-4.1226619578158115e-5,-0.001633591118717606,-0.45015420066939643,-0.04638704000456839,1.0020349778772961e-19,0.43656071966536303,0.7543263977719623,1.0,1.0,6.0,3.0,0.3907831940479789,1.0,6.504071922141856e-31,0.15195598166716545,1.3336767090543307,0.0,1.0,6.0,3.0,6.0,3.0,1.1326530961929808,1.0
4.0,0.95,-0.27460355981784534,0.10460208323083536,0.0677207199020699,-4.1226619578158115e-5,-0.001633591118717606,-0.45015420066939643,-0.04638704000456839,8.018801386790434e-18,0.5240174676061458,0.9054415363157823,1.0,1.0,6.0,3.0,0.46906927376569946,1.0,2.607330724460015e-30,0.16100644093903738,1.4131101515862514,0.0,1.0,6.0,3.0,6.0,3.0,1.2001136239312526,1.0
5.0,0.4,-0.8553866256594056,0.07754723728611534,0.07911308838145359,0.0012809924905305262,-0.00014971372387924273,0.10687448864967125,-0.23238648296549946,1.5983671078290778e-30,0.14861118687012634,0.2054391466577123,0.0,0.0,3.0,1.0,0.1563729012500816,0.0,1.2562639306548783e-33,0.08975361846778723,0.8504131197846511,0.0,1.0,6.0,3.0,6.0,3.0,1.2876654800970633,1.0
5.0,0.45,-0.8553866256594056,0.07754723728611534,0.07911308838145359,0.0012809924905305262,-0.00014971372387924273,0.10687448864967125,-0.23238648296549946,1.0567269764947259e-29,0.16077928642752568,0.2222602490401516,0.0,0.0,4.0,1.0,0.1691765203487785,0.0,2.0361497137092102e-33,0.09157789720919264,0.8676981117695944,0.0,1.0,6.0,3.0,6.0,3.0,1.313837803859428,1.0
5.0,0.5,-0.8553866256594056,0.07754723728611534,0.07911308838145359,0.0012809924905305262,-0.00014971372387924273,0.10687448864967125,-0.23238648296549946,2.812080152946008e-29,0.16747158644481328,0.23151164143990735,0.0,0.0,4.0,1.0,0.17621834803200526,0.0,2.9717319511801855e-33,0.09303199426173625,0.8814756422138637,0.0,1.0,6.0,3.0,6.0,3.0,1.334699253361247,1.0
5.0,0.55,-0.8553866256594056,0.07754723728611534,0.07911308838145359,0.0012809924905305262,-0.00014971372387924273,0.10687448864967125,-0.23238648296549946,1.0118531351706807e-28,0.17664914597492176,0.24419864056813279,0.0,0.0,4.0,1.0,0.18587523618654622,0.0,4.279794361408701e-33,0.0944567249823909,0.8949749274537094,0.0,1.0,6.0,3.0,6.0,3.0,1.3551393938117327,1.0
5.0,0.6,-0.8553866256594056,0.07754723728611534,0.07911308838145359,0.0012809924905305262,-0.00014971372387924273,0.10687448864967125,-0.23238648296549946,1.0313021867308965e-27,0.19459099011717948,0.2690013302423112,0.0,0.0,4.0,1.0,0.20475415291812102,0.0,5.462803414643988e-33,0.09542216037234923,0.9041224017944757,0.0,1.0,6.0,3.0,6.0,3.0,1.3689901760546734,1.0
5.0,0.65,-0.8553866256594056,0.07754723728611534,0.07911308838145359,0.0012809924905305262,-0.00014971372387924273,0.10687448864967125,-0.23238648296549946,8.945366418800409e-27,0.21291923772957994,0.2943381815825363,0.0,0.0,4.0,1.0,0.22403965432849338,0.0,8.071451397436319e-33,0.09698693781302872,0.9189486259380124,0.0,1.0,6.0,3.0,6.0,3.0,1.3914395204799435,1.0
5.0,0.7,-0.8553866256594056,0.07754723728611534,0.07911308838145359,0.0012809924905305262,-0.00014971372387924273,0.10687448864967125,-0.23238648296549946,1.2860544810131745e-24,0.26188911860716885,0.36203382920705596,0.0,0.0,5.0,2.0,0.27556715039372265,0.0,1.2857872622637579e-32,0.09888694861683597,0.9369511771763244,0.0,1.0,6.0,3.0,6.0,3.0,1.4186983470948524,1.0
5.0,0.75,-0.8553866256594056,0.07754723728611534,0.07911308838145359,0.0012809924905305262,-0.00014971372387924273,0.10687448864967125,-0.23238648296549946,2.558752559507868e-23,0.29664212655564187,0.4100761633481755,0.0,0.0,5.0,2.0,0.3121352499730571,0.0,2.088319340001038e-32,0.10090556858650795,0.9560775470695276,0.0,1.0,6.0,3.0,6.0,3.0,1.4476588201850156,1.0
5.0,0.8,-0.8553866256594056,0.07754723728611534,0.07911308838145359,0.0012809924905305262,-0.00014971372387924273,0.10687448864967125,-0.23238648296549946,4.438397556314406e-23,0.3035284508942483,0.41959577371887985,0.0,0.0,5.0,2.0,0.31938123554423753,0.0,3.7987087840903963e-32,0.10345268402685902,0.9802113973260276,0.0,1.0,6.0,3.0,6.0,3.0,1.484201443004612,1.0
5.0,0.85,-0.8553866256594056,0.07754723728611534,0.07911308838145359,0.0012809924905305262,-0.00014971372387924273,0.10687448864967125,-0.23238648296549946,1.5120727672993755e-20,0.38700256418936646,0.5349898497943568,0.0,0.0,5.0,2.0,0.40721506252687867,0.0,5.862237989722054e-32,0.10533990108537788,0.9980927281720019,0.0,1.0,6.0,3.0,6.0,3.0,1.5112767219871224,1.0
5.0,0.9,-0.8553866256594056,0.07754723728611534,0.07911308838145359,0.0012809924905305262,-0.00014971372387924273,0.10687448864967125,-0.23238648296549946,3.549675932376476e-18,0.4858357956615431,0.6716162718201246,0.0,0.0,5.0,2.0,0.511210188807186,1.0,7.198938748555302e-32,0.10624531356132805,1.006671487017709,0.0,1.0,6.0,3.0,6.0,3.0,1.5242663753340637,1.0
5.0,0.95,-0.8553866256594056,0.07754723728611534,0.07911308838145359,0.0012809924905305262,-0.00014971372387924273,0.10687448864967125,-0.23238648296549946,1.1083348645050994e-14,0.6793489969797233,0.939127673775024,1.0,1.0,6.0,3.0,0.7148302618152822,1.0,1.5280843624329467e-31,0.10963008095173402,1.0387420669604392,0.0,1.0,6.0,3.0,6.0,3.0,1.5728265136459052,1.0
6.0,0.4,-0.019892922053394102,1.3215091051423595,1.262894454664481,0.002409604554883341,0.0039392102305361755,0.27632010660907036,0.8352989957585226,2.22202973748727e-30,0.19469126840372653,0.26518018605710947,0.0,0.0,3.0,1.0,0.28722099462300915,0.0,3.6396246024225536e-31,0.2276756648318126,1.317425851941488,0.0,0.0,4.0,2.0,6.0,3.0,2.265398081070445,1.0
6.0,0.45,-0.019892922053394102,1.3215091051423595,1.262894454664481,0.002409604554883341,0.0039392102305361755,0.27632010660907036,0.8352989957585226,3.429004263101676e-29,0.21820459800323694,0.2972066306385398,0.0,0.0,3.0,1.0,0.32190936031008976,0.0,5.283651021650987e-31,0.23123922791832002,1.338046106366384,0.0,0.0,4.0,2.0,6.0,3.0,2.3008559284601104,1.0
6.0,0.5,-0.019892922053394102,1.3215091051423595,1.262894454664481,0.002409604554883341,0.0039392102305361755,0.27632010660907036,0.8352989957585226,1.7342853704491305e-28,0.23345073921119688,0.3179727111891887,0.0,0.0,3.0,1.0,0.3444014416335955,0.0,7.5461469696910915e-31,0.23469894707112593,1.3580654767094138,0.0,0.0,4.0,2.0,6.0,3.0,2.335280517208317,1.0
6.0,0.55,-0.019892922053394102,1.3215091051423595,1.262894454664481,0.002409604554883341,0.0039392102305361755,0.27632010660907036,0.8352989957585226,1.0129845437246198e-27,0.2512650095578524,0.3422367244843393,0.0,0.0,3.0,1.0,0.3706821910960693,0.0,1.1090948867773364e-30,0.23849518642635614,1.3800320925549523,0.0,0.0,4.0,2.0,6.0,3.0,2.373053519241606,1.0
6.0,0.6,-0.019892922053394102,1.3215091051423595,1.262894454664481,0.002409604554883341,0.0039392102305361755,0.27632010660907036,0.8352989957585226,1.7352517530912592e-26,0.2828385924097568,0.38524167608697274,0.0,0.0,3.0,1.0,0.4172615572119171,0.0,1.636203518891934e-30,0.24239062054287586,1.40257269044199,0.0,0.0,4.0,2.0,6.0,3.0,2.411813520135943,1.0
6.0,0.65,-0.019892922053394102,1.3215091051423595,1.262894454664481,0.002409604554883341,0.0039392102305361755,0.27632010660907036,0.8352989957585226,3.3048459099470547e-25,0.3197887617460426,0.4355698333781316,0.0,0.0,3.0,1.0,0.4717728071270853,0.0,2.506552725431997e-30,0.24673691135260598,1.4277221322017142,0.0,1.0,4.0,2.0,6.0,3.0,2.455059595061913,1.0
6.0,0.7,-0.019892922053394102,1.3215091051423595,1.262894454664481,0.002409604554883341,0.0039392102305361755,0.27632010660907036,0.8352989957585226,2.846875193219759e-24,0.34980867966604934,0.4764586081275911,0.0,0.0,3.0,1.0,0.5160601074984891,0.0,3.65703225611052e-30,0.25065110394154166,1.4503712743924309,0.0,1.0,4.0,2.0,6.0,3.0,2.4940062448343667,1.0
6.0,0.75,-0.019892922053394102,1.3215091051423595,1.262894454664481,0.002409604554883341,0.0039392102305361755,0.27632010660907036,0.8352989957585226,4.296688767451609e-23,0.39169299893990367,0.5335073482636099,0.0,0.0,3.0,1.0,0.5778505305594642,0.0,6.623758522434585e-30,0.2569322435678208,1.4867165541105205,0.0,1.0,4.0,2.0,6.0,3.0,2.5565042797772763,1.0
6.0,0.8,-0.019892922053394102,1.3215091051423595,1.262894454664481,0.002409604554883341,0.0039392102305361755,0.27632010660907036,0.8352989957585226,3.031289957443792e-22,0.42491269682563965,0.5787543988289849,0.0,0.0,3.0,1.0,0.6268583507151746,0.0,1.0892083543038838e-29,0.262312434984874,1.5178485737159344,0.0,1.0,4.0,2.0,6.0,3.0,2.6100377802547525,1.0
6.0,0.85,-0.019892922053394102,1.3215091051423595,1.262894454664481,0.002409604554883341,0.0039392102305361755,0.27632010660907036,0.8352989957585226,3.356458101911012e-21,0.46968888332160524,0.6397420207356114,0.0,0.0,3.0,1.0,0.692915041013826,0.0,1.7364853948050706e-29,0.2674600281906413,1.547634683573419,0.0,1.0,4.0,2.0,6.0,3.0,2.661256902768752,1.0
6.0,0.9,-0.019892922053394102,1.3215091051423595,1.262894454664481,0.002409604554883341,0.0039392102305361755,0.27632010660907036,0.8352989957585226,3.24451485743436e-20,0.5162536521892502,0.7031657899332241,0.0,0.0,3.0,1.0,0.7616103622689191,0.0,6.712946589651213e-29,0.28296147136022465,1.6373324647969718,1.0,1.0,4.0,2.0,6.0,3.0,2.8154979791531694,1.0
6.0,0.95,-0.019892922053394102,1.3215091051423595,1.262894454664481,0.002409604554883341,0.0039392102305361755,0.27632010660907036,0.8352989957585226,4.770658459115125e-16,0.7700270713473396,1.0488191058751675,0.0,0.0,3.0,1.0,1.135993119426369,0.0,1.1566824878394051e-28,0.28944974998385165,1.6748763366889456,1.0,1.0,4.0,2.0,6.0,3.0,2.880057070061163,1.0
7.0,0.4,-0.3958920771314409,0.035846394790318536,0.04838891301141446,-0.003400937022617749,-0.00035856827574293226,-0.25699881699853794,-0.09970441703620392,3.0037356940352182e-34,0.10647464422450552,0.17278850950964594,0.0,0.0,3.0,1.0,0.09674970954977151,0.0,9.022987940558968e-35,0.09099927208206574,0.9256359611976598,0.0,1.0,6.0,3.0,6.0,3.0,0.8901135893380328,1.0
7.0,0.45,-0.3958920771314409,0.035846394790318536,0.04838891301141446,-0.003400937022617749,-0.00035856827574293226,-0.25699881699853794,-0.09970441703620392,3.3622153896811267e-32,0.12960438331445528,0.21032376658242405,0.0,0.0,4.0,1.0,0.11776687805231335,0.0,1.574356423572547e-34,0.09313457708641878,0.9473560810945754,0.0,1.0,6.0,3.0,6.0,3.0,0.9110001740135897,1.0
7.0,0.5,-0.3958920771314409,0.035846394790318536,0.04838891301141446,-0.003400937022617749,-0.00035856827574293226,-0.25699881699853794,-0.09970441703620392,2.6712817503897605e-30,0.15552144406681007,0.25238232738707866,0.0,0.0,4.0,1.0,0.14131678628104646,0.0,2.1211789895735287e-34,0.09429870041232306,0.9591974331084056,0.0,1.0,6.0,3.0,6.0,3.0,0.9223871001762338,1.0
7.0,0.55,-0.3958920771314409,0.035846394790318536,0.04838891301141446,-0.003400937022617749,-0.00035856827574293226,-0.25699881699853794,-0.09970441703620392,1.3341482679428143e-29,0.1663005926058927,0.2698748771243099,0.0,0.0,4.0,1.0,0.1511114138935242,0.0,2.803936980363726e-34,0.09540152778319974,0.970415288483731,0.0,1.0,6.0,3.0,6.0,3.0,0.9331744571193308,1.0
7.0,0.6,-0.3958920771314409,0.035846394790318536,0.04838891301141446,-0.003400937022617749,-0.00035856827574293226,-0.25699881699853794,-0.09970441703620392,4.818463737400324e-28,0.19310705956303315,0.31337677848758155,0.0,0.0,4.0,1.0,0.17546949380117213,0.0,5.296362559948017e-34,0.09796344678024174,0.99647488543522,0.0,1.0,6.0,3.0,6.0,3.0,0.9582339862987931,1.0
7.0,0.65,-0.3958920771314409,0.035846394790318536,0.04838891301141446,-0.003400937022617749,-0.00035856827574293226,-0.25699881699853794,-0.09970441703620392,1.1190991260523742e-26,0.22014719146678888,0.3572578745233911,0.0,0.0,5.0,2.0,0.20003989670723574,1.0,8.139333012431859e-34,0.0997331463026106,1.0144761010596886,0.0,1.0,6.0,3.0,6.0,3.0,0.9755443840400511,1.0
7.0,0.7,-0.3958920771314409,0.035846394790318536,0.04838891301141446,-0.003400937022617749,-0.00035856827574293226,-0.25699881699853794,-0.09970441703620392,1.0417051610902366e-25,0.24159224718365188,0.392059204367283,0.0,0.0,5.0,2.0,0.21952625354831015,1.0,1.1277402960139524e-33,0.10109748809505678,1.0283540563175522,0.0,1.0,6.0,3.0,6.0,3.0,0.9888897563949309,1.0
7.0,0.75,-0.3958920771314409,0.035846394790318536,0.04838891301141446,-0.003400937022617749,-0.00035856827574293226,-0.25699881699853794,-0.09970441703620392,5.222455974658185e-25,0.258377728343797,0.4192989128649066,0.0,0.0,5.0,2.0,0.2347786212713988,1.0,2.3245456824887888e-33,0.10419072807863917,1.0598181999299998,0.0,1.0,6.0,3.0,6.0,3.0,1.0191464263822188,1.0
7.0,0.8,-0.3958920771314409,0.035846394790318536,0.04838891301141446,-0.003400937022617749,-0.00035856827574293226,-0.25699881699853794,-0.09970441703620392,5.122075151267467e-24,0.2841649704153028,0.46114680213800757,0.0,0.0,5.0,2.0,0.2582105678975574,1.0,3.134417792789017e-33,0.10549653350982532,1.07310072887532,0.0,1.0,6.0,3.0,6.0,3.0,1.0319192226116431,1.0
7.0,0.85,-0.3958920771314409,0.035846394790318536,0.04838891301141446,-0.003400937022617749,-0.00035856827574293226,-0.25699881699853794,-0.09970441703620392,3.7135066319035794e-22,0.33969146466768607,0.5512559567639221,0.0,0.0,5.0,2.0,0.30866551170472073,1.0,5.6619244933374164e-33,0.10812807940620217,1.099868564040329,0.0,1.0,6.0,3.0,6.0,3.0,1.0576598105277675,1.0
7.0,0.9,-0.3958920771314409,0.035846394790318536,0.04838891301141446,-0.003400937022617749,-0.00035856827574293226,-0.25699881699853794,-0.09970441703620392,8.29008129712035e-20,0.42554965459295074,0.6905878021477097,1.0,1.0,6.0,3.0,0.38668178495211836,1.0,9.01152628608453e-33,0.11024229627169814,1.1213741773897279,0.0,1.0,6.0,3.0,6.0,3.0,1.0783401205975938,1.0
7.0,0.95,-0.3958920771314409,0.035846394790318536,0.04838891301141446,-0.003400937022617749,-0.00035856827574293226,-0.25699881699853794,-0.09970441703620392,4.9791476304611315e-18,0.504729185243068,0.8190814278776023,1.0,1.0,6.0,3.0,0.4586293988510053,1.0,2.737294355143941e-32,0.11546580345168474,1.1745071967946457,0.0,1.0,6.0,3.0,6.0,3.0,1.1294340977089476,1.0
8.0,0.4,0.1252983927406317,0.21673100940987866,0.22090470888876043,0.0038261568323400144,0.0005007843083543115,0.3355282745418971,0.18903627017271757,3.7310922179752035e-33,0.11273660146254373,0.15984515085829007,0.0,0.0,2.0,0.0,0.11186700621404967,0.0,1.7288136277628726e-33,0.10307108458723929,0.8059062857841234,0.0,1.0,4.0,2.0,6.0,3.0,1.06683285190347,1.0
8.0,0.45,0.1252983927406317,0.21673100940987866,0.22090470888876043,0.0038261568323400144,0.0005007843083543115,0.3355282745418971,0.18903627017271757,1.9331684936292596e-31,0.1328922568973856,0.18842312590661928,0.0,0.0,3.0,1.0,0.13186719073732384,0.0,2.4819227361812114e-33,0.10463577195893556,0.8181404772956112,0.0,1.0,4.0,2.0,6.0,3.0,1.083028081610897,1.0
8.0,0.5,0.1252983927406317,0.21673100940987866,0.22090470888876043,0.0038261568323400144,0.0005007843083543115,0.3355282745418971,0.18903627017271757,2.970818361726993e-30,0.14891608497352002,0.21114273234258227,0.0,0.0,3.0,1.0,0.14776741880621197,0.0,4.676814945841093e-33,0.10743487009770555,0.8400264484542059,0.0,1.0,4.0,2.0,6.0,3.0,1.1120000271579937,1.0
8.0,0.55,0.1252983927406317,0.21673100940987866,0.22090470888876043,0.0038261568323400144,0.0005007843083543115,0.3355282745418971,0.18903627017271757,1.1921502173509706e-29,0.15779221168595953,0.2237278714631596,0.0,0.0,3.0,1.0,0.15657507939927204,0.0,6.740641795609536e-33,0.1090837076259875,0.8529186047131659,0.0,1.0,4.0,2.0,6.0,3.0,1.1290662494614343,1.0
8.0,0.6,0.1252983927406317,0.21673100940987866,0.22090470888876043,0.0038261568323400144,0.0005007843083543115,0.3355282745418971,0.18903627017271757,5.020985575596666e-28,0.18440441433153792,0.26146035134430257,0.0,0.0,3.0,1.0,0.18298200847200594,0.0,8.859711022710356e-33,0.11033326925597613,0.8626888479983242,0.0,1.0,4.0,2.0,6.0,3.0,1.141999783659588,1.0
8.0,0.65,0.1252983927406317,0.21673100940987866,0.22090470888876043,0.0038261568323400144,0.0005007843083543115,0.3355282745418971,0.18903627017271757,3.995319490297469e-27,0.20104954085706256,0.28506087438660654,0.0,0.0,3.0,1.0,0.19949874259657652,0.0,1.8959136899608132e-32,0.1138867270446218,0.890473109506839,0.0,1.0,4.0,2.0,6.0,3.0,1.1787796964931512,1.0
8.0,0.7,0.1252983927406317,0.21673100940987866,0.22090470888876043,0.0038261568323400144,0.0005007843083543115,0.3355282745418971,0.18903627017271757,3.199950050223759e-26,0.21925663228062348,0.3108760509799573,0.0,0.0,3.0,1.0,0.2175653933825324,0.0,2.9411731552575866e-32,0.11598959447017675,0.9069152967915864,0.0,1.0,4.0,2.0,6.0,3.0,1.2005453358260814,1.0
8.0,0.75,0.1252983927406317,0.21673100940987866,0.22090470888876043,0.0038261568323400144,0.0005007843083543115,0.3355282745418971,0.18903627017271757,1.22536114598112e-24,0.25522082622768405,0.3618683811760622,0.0,0.0,3.0,1.0,0.2532521770496434,0.0,4.98633301638095e-32,0.1185691096289526,0.9270843625296437,0.0,1.0,4.0,2.0,6.0,3.0,1.227244497131945,1.0
8.0,0.8,0.1252983927406317,0.21673100940987866,0.22090470888876043,0.0038261568323400144,0.0005007843083543115,0.3355282745418971,0.18903627017271757,1.8980990006861317e-23,0.2860893724430833,0.4056357767030237,0.0,0.0,3.0,1.0,0.2838826183304554,0.0,7.427915685145432e-32,0.12055451000559475,0.9426080823948381,0.0,1.0,4.0,2.0,6.0,3.0,1.2477942988000414,1.0
8.0,0.85,0.1252983927406317,0.21673100940987866,0.22090470888876043,0.0038261568323400144,0.0005007843083543115,0.3355282745418971,0.18903627017271757,1.5748742966558162e-20,0.3785503785727849,0.5367328940684237,0.0,0.0,3.0,1.0,0.375630425281201,0.0,1.4564966501807277e-31,0.12398483471253564,0.969429574132071,0.0,1.0,4.0,2.0,6.0,3.0,1.2832997279387357,1.0
8.0,0.9,0.1252983927406317,0.21673100940987866,0.22090470888876043,0.0038261568323400144,0.0005007843083543115,0.3355282745418971,0.18903627017271757,5.463470695849736e-19,0.4388333564839627,0.6222059487231776,0.0,0.0,5.0,2.0,0.43544840965455217,1.0,2.5540739800446385e-31,0.1269205854355006,0.9923840231961067,0.0,1.0,4.0,2.0,6.0,3.0,1.313686090212895,1.0
8.0,0.95,0.1252983927406317,0.21673100940987866,0.22090470888876043,0.0038261568323400144,0.0005007843083543115,0.3355282745418971,0.18903627017271757,6.057158075833124e-18,0.4851019015720745,0.6878084458151272,1.0,1.0,6.0,3.0,0.4813600617155424,1.0,6.0462498679669525e-31,0.1315606243205631,1.0286641935147722,0.0,1.0,4.0,2.0,6.0,3.0,1.3617126142037672,1.0
9.0,0.4,1.9556961713361418,0.7311133658645174,0.9496129902820184,-0.00242183174914635,-0.003989497072723733,-0.36613032764669956,1.2849743839667263,6.355323933603636e-33,0.18968528712025776,0.34859602053786415,0.0,0.0,2.0,0.0,0.390964910659539,0.0,1.8250168840026595e-31,0.24780020564682034,1.91844735860664,0.0,1.0,4.0,2.0,6.0,3.0,4.154969937560595,1.0
9.0,0.45,1.9556961713361418,0.7311133658645174,0.9496129902820184,-0.00242183174914635,-0.003989497072723733,-0.36613032764669956,1.2849743839667263,2.595272498309197e-30,0.24368410349896472,0.44783288170484586,0.0,0.0,2.0,0.0,0.502263170749883,0.0,3.607955642403767e-31,0.254938108000792,1.9737083697152669,0.0,1.0,4.0,2.0,6.0,3.0,4.274654138873426,1.0
9.0,0.5,1.9556961713361418,0.7311133658645174,0.9496129902820184,-0.00242183174914635,-0.003989497072723733,-0.36613032764669956,1.2849743839667263,1.7060999524660469e-29,0.26357432040501844,0.48438632539228094,0.0,0.0,2.0,0.0,0.5432593755358875,0.0,5.817289804796123e-31,0.26006320153808293,2.013386392312396,0.0,1.0,4.0,2.0,6.0,3.0,4.360588730893015,1.0
9.0,0.55,1.9556961713361418,0.7311133658645174,0.9496129902820184,-0.00242183174914635,-0.003989497072723733,-0.36613032764669956,1.2849743839667263,1.1301342426934416e-26,0.34550154508554076,0.6349488963271329,0.0,0.0,2.0,0.0,0.7121215501625227,0.0,9.022102119698699e-31,0.2648622300142203,2.0505400479354496,0.0,1.0,4.0,2.0,6.0,3.0,4.4410560533304615,1.0
9.0,0.6,1.9556961713361418,0.7311133658645174,0.9496129902820184,-0.00242183174914635,-0.003989497072723733,-0.36613032764669956,1.2849743839667263,9.35431249074143e-25,0.41529981457781,0.7632213593885865,0.0,0.0,2.0,0.0,0.8559844433290067,0.0,1.6455734981773466e-30,0.2715785273683377,2.1025370302825404,0.0,1.0,4.0,2.0,6.0,3.0,4.553671026854126,1.0
9.0,0.65,1.9556961713361418,0.7311133658645174,0.9496129902820184,-0.00242183174914635,-0.003989497072723733,-0.36613032764669956,1.2849743839667263,1.6624814726219773e-23,0.46820327053889255,0.8604452110679294,0.0,0.0,2.0,0.0,0.9650250296992743,0.0,2.3668210934465734e-30,0.275722644444558,2.1346204195512435,0.0,1.0,4.0,2.0,6.0,3.0,4.623157175279554,1.0
9.0,0.7,1.9556961713361418,0.7311133658645174,0.9496129902820184,-0.00242183174914635,-0.003989497072723733,-0.36613032764669956,1.2849743839667263,3.3083864351389295e-22,0.5303390244924053,0.9746358100867246,0.0,0.0,2.0,0.0,1.0930945276661719,0.0,3.581985754664475e-30,0.2805244391611934,2.171795491164501,0.0,1.0,4.0,2.0,6.0,3.0,4.70367088043117,1.0
9.0,0.75,1.9556961713361418,0.7311133658645174,0.9496129902820184,-0.00242183174914635,-0.003989497072723733,-0.36613032764669956,1.2849743839667263,1.2541257804202283e-21,0.5606181080666448,1.0302814966856093,0.0,0.0,2.0,0.0,1.1555034755828868,0.0,5.7648666982353385e-30,0.2861421010678717,2.215286934677556,0.0,1.0,4.0,2.0,6.0,3.0,4.797864572808064,1.0
9.0,0.8,1.9556961713361418,0.7311133658645174,0.9496129902820184,-0.00242183174914635,-0.003989497072723733,-0.36613032764669956,1.2849743839667263,1.5913588381375985e-20,0.6232226769971742,1.1453336650851278,0.0,0.0,3.0,1.0,1.2845392593824274,0.0,9.662896857668271e-30,0.29236699780387554,2.2634795367361926,0.0,1.0,4.0,2.0,6.0,3.0,4.90224002614961,1.0
9.0,0.85,1.9556961713361418,0.7311133658645174,0.9496129902820184,-0.00242183174914635,-0.003989497072723733,-0.36613032764669956,1.2849743839667263,1.2056948378908965e-19,0.6780907199545018,1.2461679560309453,0.0,0.0,3.0,1.0,1.3976291032946513,0.0,2.1844696127595347e-29,0.3024741691803677,2.341728366996858,0.0,1.0,4.0,2.0,6.0,3.0,5.07171120602002,1.0
9.0,0.9,1.9556961713361418,0.7311133658645174,0.9496129902820184,-0.00242183174914635,-0.003989497072723733,-0.36613032764669956,1.2849743839667263,8.34490242862094e-18,0.8090253470511392,1.4867943675436095,0.0,0.0,3.0,1.0,1.6675016145591788,0.0,3.4917755396968274e-29,0.3084436298955495,2.3879434058885893,0.0,1.0,4.0,2.0,6.0,3.0,5.17180365650967,1.0
9.0,0.95,1.9556961713361418,0.7311133658645174,0.9496129902820184,-0.00242183174914635,-0.003989497072723733,-0.36613032764669956,1.2849743839667263,4.601297555223624e-16,0.95614315970993,1.7571615890697354,0.0,0.0,4.0,2.0,1.9707296790853719,0.0,7.657940004256829e-29,0.31870353002050317,2.4673746486630153,0.0,1.0,4.0,2.0,6.0,3.0,5.343835703336603,1.0
10.0,0.4,-0.21272724027502643,0.7807003298088205,0.8593335683024933,-0.0023164736308397865,-0.001717822990566015,0.09499100850380643,0.5019802987766534,1.7636953723121494e-32,0.1614043471403302,0.21843431132475932,0.0,0.0,2.0,0.0,0.215499944447428,0.0,1.2729402378817844e-33,0.1721838961923629,1.1171874281553147,1.0,1.0,4.0,2.0,6.0,3.0,1.6937589831424487,1.0
10.0,0.45,-0.21272724027502643,0.7807003298088205,0.8593335683024933,-0.0023164736308397865,-0.001717822990566015,0.09499100850380643,0.5019802987766534,3.8342863309793437e-31,0.1834993095217142,0.24833621903067715,0.0,0.0,2.0,0.0,0.2450001608301782,0.0,1.8760941357976563e-33,0.17498915727282008,1.1353889120401888,1.0,1.0,4.0,2.0,6.0,3.0,1.7213541082392574,1.0
10.0,0.5,-0.21272724027502643,0.7807003298088205,0.8593335683024933,-0.0023164736308397865,-0.001717822990566015,0.09499100850380643,0.5019802987766534,4.142217557829933e-30,0.20262776286224243,0.27422344329802184,0.0,0.0,2.0,0.0,0.27053962556755046,0.0,2.4510986030987558e-33,0.1769493192427624,1.1481071067052766,1.0,1.0,4.0,2.0,6.0,3.0,1.7406360621177714,1.0
10.0,0.55,-0.21272724027502643,0.7807003298088205,0.8593335683024933,-0.0023164736308397865,-0.001717822990566015,0.09499100850380643,0.5019802987766534,1.0417806175012409e-29,0.21056600455555613,0.28496655144925936,0.0,0.0,2.0,0.0,0.28113841472179807,0.0,3.7741866398758886e-33,0.18016060742704423,1.1689430319398602,1.0,1.0,4.0,2.0,6.0,3.0,1.7722252428127538,1.0
10.0,0.6,-0.21272724027502643,0.7807003298088205,0.8593335683024933,-0.0023164736308397865,-0.001717822990566015,0.09499100850380643,0.5019802987766534,1.5315235856780303e-29,0.21397402965359755,0.28957875445653625,0.0,0.0,2.0,0.0,0.28568865907590363,0.0,4.512963227772741e-33,0.18150758217730661,1.177682660269298,1.0,1.0,4.0,2.0,6.0,3.0,1.7854753238817405,1.0
10.0,0.65,-0.21272724027502643,0.7807003298088205,0.8593335683024933,-0.0023164736308397865,-0.001717822990566015,0.09499100850380643,0.5019802987766534,1.9254304934395364e-28,0.2377768515003244,0.3217919698363874,0.0,0.0,3.0,1.0,0.31746913386820835,0.0,6.776403147443161e-33,0.18460799196461528,1.1977991689156193,1.0,1.0,4.0,2.0,6.0,3.0,1.8159738028034282,1.0
10.0,0.7,-0.21272724027502643,0.7807003298088205,0.8593335683024933,-0.0023164736308397865,-0.001717822990566015,0.09499100850380643,0.5019802987766534,1.2617760156476474e-26,0.2830447950666896,0.38305470688900245,0.0,0.0,4.0,2.0,0.37790888965322134,0.0,1.0494067056436551e-32,0.18800303343967456,1.2198273477283734,1.0,1.0,4.0,2.0,6.0,3.0,1.849370549675148,1.0
10.0,0.75,-0.21272724027502643,0.7807003298088205,0.8593335683024933,-0.0023164736308397865,-0.001717822990566015,0.09499100850380643,0.5019802987766534,1.5403151357154297e-25,0.314145838622457,0.4251448683434449,0.0,0.0,4.0,2.0,0.4194336272285836,0.0,1.2472139618199722e-32,0.18936065059850046,1.2286360276085977,1.0,1.0,4.0,2.0,6.0,3.0,1.8627253192516289,1.0
10.0,0.8,-0.21272724027502643,0.7807003298088205,0.8593335683024933,-0.0023164736308397865,-0.001717822990566015,0.09499100850380643,0.5019802987766534,5.523125533423396e-24,0.3646744052083182,0.49352699583852255,0.0,0.0,4.0,2.0,0.48689713416123204,0.0,2.0606572597144662e-32,0.19336406629660782,1.2546115444049444,1.0,1.0,4.0,2.0,6.0,3.0,1.9021065938764474,1.0
10.0,0.85,-0.21272724027502643,0.7807003298088205,0.8593335683024933,-0.0023164736308397865,-0.001717822990566015,0.09499100850380643,0.5019802987766534,6.00626961054724e-22,0.4433595961173016,0.6000144962818508,0.0,0.0,4.0,2.0,0.5919541203586269,0.0,3.413629965204564e-32,0.19747382966794766,1.2812770809196055,1.0,1.0,4.0,2.0,6.0,3.0,1.9425340019136088,1.0
10.0,0.9,-0.21272724027502643,0.7807003298088205,0.8593335683024933,-0.0023164736308397865,-0.001717822990566015,0.09499100850380643,0.5019802987766534,1.5852790965868982e-20,0.5081422630295901,0.6876872107005267,0.0,0.0,4.0,2.0,0.6784490715052436,0.0,5.929131886517913e-32,0.20206921757268917,1.3110935138625484,1.0,1.0,4.0,2.0,6.0,3.0,1.9877384589900389,1.0
10.0,0.95,-0.21272724027502643,0.7807003298088205,0.8593335683024933,-0.0023164736308397865,-0.001717822990566015,0.09499100850380643,0.5019802987766534,4.676232099954772e-19,0.5850952615797009,0.7918304728894578,0.0,0.0,4.0,2.0,0.7811933110900285,0.0,1.0223019658814884e-31,0.20670833876012537,1.3411937031537844,1.0,1.0,4.0,2.0,6.0,3.0,2.0333731168115112,1.0
11.0,0.4,0.06701900677079331,0.1401040340317226,0.14204336259863112,-0.00370505830890141,-0.002432997385595699,0.08639259314763387,0.11703557732268521,9.263615430707853e-35,0.10376427675274756,0.15251317530932923,0.0,0.0,3.0,1.0,0.13849537509588072,0.0,4.959684254496406e-35,0.0834468933018032,0.8536194633089211,0.0,1.0,4.0,2.0,6.0,3.0,1.4783806885273543,1.0
11.0,0.45,0.06701900677079331,0.1401040340317226,0.14204336259863112,-0.00370505830890141,-0.002432997385595699,0.08639259314763387,0.11703557732268521,8.898827522751266e-34,0.11402170775396935,0.1675895910226134,0.0,0.0,3.0,1.0,0.15218608637428527,0.0,7.869790794610099e-35,0.0850677059026235,0.8701995554812282,0.0,1.0,4.0,2.0,6.0,3.0,1.5070956946104237,1.0
11.0,0.5,0.06701900677079331,0.1401040340317226,0.14204336259863112,-0.00370505830890141,-0.002432997385595699,0.08639259314763387,0.11703557732268521,1.7641236707128008e-33,0.11731963898955243,0.17243690437968615,0.0,0.0,3.0,1.0,0.15658787317226822,0.0,1.3836485963088978e-34,0.08709147851059575,0.8909017244790431,0.0,1.0,4.0,2.0,6.0,3.0,1.5429497117369315,1.0
11.0,0.55,0.06701900677079331,0.1401040340317226,0.14204336259863112,-0.00370505830890141,-0.002432997385595699,0.08639259314763387,0.11703557732268521,3.0517275560111575e-31,0.14541908748368007,0.2137375932910738,0.0,0.0,3.0,1.0,0.19409253066103682,0.0,3.048328127427216e-34,0.0900054538571998,0.9207102167193386,0.0,1.0,4.0,2.0,6.0,3.0,1.5945749395771538,1.0
11.0,0.6,0.06701900677079331,0.1401040340317226,0.14204336259863112,-0.00370505830890141,-0.002432997385595699,0.08639259314763387,0.11703557732268521,2.1951839641241113e-29,0.1737774006724337,0.25541876263164576,0.0,0.0,3.0,1.0,0.23194269783872012,0.0,4.81794307716253e-34,0.0917386104164994,0.9384395306990562,0.0,1.0,4.0,2.0,6.0,3.0,1.62528027905811,1.0
11.0,0.65,0.06701900677079331,0.1401040340317226,0.14204336259863112,-0.00370505830890141,-0.002432997385595699,0.08639259314763387,0.11703557732268521,1.690574580613818e-28,0.18920536160707,0.2780948452327549,0.0,0.0,3.0,1.0,0.25253457496131054,1.0,6.692397021705217e-34,0.09300339996348389,0.9513776873107211,0.0,1.0,4.0,2.0,6.0,3.0,1.6476878291456902,1.0
11.0,0.7,0.06701900677079331,0.1401040340317226,0.14204336259863112,-0.00370505830890141,-0.002432997385595699,0.08639259314763387,0.11703557732268521,4.2643486740826616e-27,0.21644249818582278,0.3181281044232739,0.0,0.0,4.0,2.0,0.2888882948065387,1.0,1.1119095937905876e-33,0.09499173419963967,0.9717173397098525,0.0,1.0,4.0,2.0,6.0,3.0,1.6829140049895193,1.0
11.0,0.75,0.06701900677079331,0.1401040340317226,0.14204336259863112,-0.00370505830890141,-0.002432997385595699,0.08639259314763387,0.11703557732268521,3.138100767401009e-25,0.2588966685326897,0.38052742456841615,0.0,0.0,4.0,2.0,0.345552364856235,1.0,1.4528774738968646e-33,0.09605628718645054,0.9826071777051245,0.0,1.0,4.0,2.0,6.0,3.0,1.7017740789280802,1.0
11.0,0.8,0.06701900677079331,0.1401040340317226,0.14204336259863112,-0.00370505830890141,-0.002432997385595699,0.08639259314763387,0.11703557732268521,1.2344552607993404e-23,0.3017010453195232,0.4434414796285461,1.0,1.0,6.0,3.0,0.40268385947421237,1.0,2.7929918370312717e-33,0.09870803147645872,1.0097331790229038,0.0,1.0,4.0,2.0,6.0,3.0,1.7487535097270477,1.0
11.0,0.85,0.06701900677079331,0.1401040340317226,0.14204336259863112,-0.00370505830890141,-0.002432997385595699,0.08639259314763387,0.11703557732268521,5.1887354626424274e-21,0.38805466217757756,0.5703643929723078,1.0,1.0,6.0,3.0,0.5179410263134302,1.0,5.363666606998841e-33,0.101428615040981,1.0375633712606822,0.0,1.0,4.0,2.0,6.0,3.0,1.7969525264210302,1.0
11.0,0.9,0.06701900677079331,0.1401040340317226,0.14204336259863112,-0.00370505830890141,-0.002432997385595699,0.08639259314763387,0.11703557732268521,2.472253223177693e-19,0.455838372628751,0.669993178896293,1.0,1.0,6.0,3.0,0.6084127252266814,1.0,9.264956777941505e-33,0.10376512088914919,1.0614646429463517,0.0,1.0,4.0,2.0,6.0,3.0,1.8383470587743205,1.0
11.0,0.95,0.06701900677079331,0.1401040340317226,0.14204336259863112,-0.00370505830890141,-0.002432997385595699,0.08639259314763387,0.11703557732268521,3.8670441625864533e-17,0.562651488679243,0.8269875511730029,1.0,1.0,6.0,3.0,0.7509774212426542,1.0,1.8589863973628143e-32,0.10682004673393102,1.0927149874096234,0.0,1.0,4.0,2.0,6.0,3.0,1.8924694256487133,1.0
12.0,0.4,-0.40611736932458786,0.8188072133936979,0.6728412336327313,-0.0010287584661123259,-0.0007693083770237956,0.024252474884608854,0.313188699313625,1.0086164111552018e-32,0.1625389080607426,0.2400021580704321,0.0,0.0,3.0,1.0,0.1930074224519946,0.0,8.769854732240362e-32,0.16145167049240264,1.1101442137173119,0.0,0.0,4.0,2.0,6.0,3.0,1.7436329661087417,1.0
12.0,0.45,-0.40611736932458786,0.8188072133936979,0.6728412336327313,-0.0010287584661123259,-0.0007693083770237956,0.024252474884608854,0.313188699313625,1.685731340520434e-31,0.18277562105892875,0.2698833406731944,0.0,0.0,3.0,1.0,0.21703758151533112,0.0,1.8438732010485558e-31,0.16652904318284809,1.145056307819488,0.0,0.0,4.0,2.0,6.0,3.0,1.79846717362905,1.0
12.0,0.5,-0.40611736932458786,0.8188072133936979,0.6728412336327313,-0.0010287584661123259,-0.0007693083770237956,0.024252474884608854,0.313188699313625,1.048371394052322e-30,0.19723783114749974,0.2912379915265635,0.0,0.0,3.0,1.0,0.2342107859219411,0.0,3.5116892538173536e-31,0.1710596961185872,1.176209148329793,0.0,0.0,4.0,2.0,6.0,3.0,1.8473969604355847,1.0
12.0,0.55,-0.40611736932458786,0.8188072133936979,0.6728412336327313,-0.0010287584661123259,-0.0007693083770237956,0.024252474884608854,0.313188699313625,4.578738811998639e-28,0.2540971717764758,0.3751955166522783,0.0,0.0,3.0,1.0,0.30172861847079413,0.0,1.1422654798077872e-30,0.1796765858773172,1.2354590172021267,0.0,0.0,4.0,2.0,6.0,3.0,1.940456964106177,1.0
12.0,0.6,-0.40611736932458786,0.8188072133936979,0.6728412336327313,-0.0010287584661123259,-0.0007693083770237956,0.024252474884608854,0.313188699313625,2.993243302121973e-27,0.2747733892756244,0.40572566404735516,0.0,0.0,3.0,1.0,0.32628066876558365,0.0,2.3210508128212925e-30,0.18506376211488706,1.2725013253440856,0.0,0.0,4.0,2.0,6.0,3.0,1.9986369634423033,1.0
12.0,0.65,-0.40611736932458786,0.8188072133936979,0.6728412336327313,-0.0010287584661123259,-0.0007693083770237956,0.024252474884608854,0.313188699313625,3.0722595622978237e-26,0.3027699942498547,0.44706496977192417,0.0,0.0,3.0,1.0,0.3595253400135503,0.0,4.35427978208534e-30,0.18997919365731758,1.3062999095774372,0.0,0.0,4.0,2.0,6.0,3.0,2.0517222517759177,1.0
12.0,0.7,-0.40611736932458786,0.8188072133936979,0.6728412336327313,-0.0010287584661123259,-0.0007693083770237956,0.024252474884608854,0.313188699313625,5.870297238347419e-26,0.3110495593264717,0.4592904332623645,0.0,0.0,3.0,1.0,0.3693569399272411,0.0,6.323770282294947e-30,0.19295610761770043,1.3267692165705094,0.0,0.0,4.0,2.0,6.0,3.0,2.0838720914323434,1.0
12.0,0.75,-0.40611736932458786,0.8188072133936979,0.6728412336327313,-0.0010287584661123259,-0.0007693083770237956,0.024252474884608854,0.313188699313625,9.933455698950103e-25,0.3499569328308175,0.5167403922740597,0.0,0.0,3.0,1.0,0.4155576432791085,0.0,1.110340961281056e-29,0.1975355236372224,1.3582573528082567,0.0,0.0,4.0,2.0,6.0,3.0,2.133328505929713,1.0
12.0,0.8,-0.40611736932458786,0.8188072133936979,0.6728412336327313,-0.0010287584661123259,-0.0007693083770237956,0.024252474884608854,0.313188699313625,5.234632783698838e-23,0.4128151993449844,0.6095558282577233,0.0,0.0,3.0,1.0,0.4901989223700568,0.0,2.374485850026114e-29,0.20389187780419238,1.4019637435645647,0.0,0.0,4.0,2.0,6.0,3.0,2.2019753563214706,1.0
12.0,0.85,-0.40611736932458786,0.8188072133936979,0.6728412336327313,-0.0010287584661123259,-0.0007693083770237956,0.024252474884608854,0.313188699313625,1.431905963562005e-21,0.47384015021385917,0.6996642218689232,0.0,0.0,3.0,1.0,0.5626632240747259,0.0,4.9626854924559564e-29,0.21025163946252534,1.4456935642848265,0.0,0.0,4.0,2.0,6.0,3.0,2.270659006668624,1.0
12.0,0.9,-0.40611736932458786,0.8188072133936979,0.6728412336327313,-0.0010287584661123259,-0.0007693083770237956,0.024252474884608854,0.313188699313625,1.1491341880303652e-20,0.5167940850360607,0.7630892637739204,0.0,0.0,4.0,2.0,0.6136690315033441,0.0,9.818984398020004e-29,0.21631533077119428,1.487387600646027,0.0,0.0,4.0,2.0,6.0,3.0,2.336145179898399,1.0
12.0,0.95,-0.40611736932458786,0.8188072133936979,0.6728412336327313,-0.0010287584661123259,-0.0007693083770237956,0.024252474884608854,0.313188699313625,5.2772952043417374e-15,0.8896842337514113,1.3136924484676642,1.0,1.0,6.0,3.0,1.056458806087006,1.0,2.366152754203066e-28,0.22438972966272516,1.5429072938231891,0.0,0.0,4.0,2.0,6.0,3.0,2.4233464336596455,1.0
13.0,0.4,2.8670834504963993,0.9176697987297654,-0.028979480852505735,-0.0009966771556420304,0.09296254914611604,-0.2076244989619766,0.9363751629304627,2.36196708281993e-29,0.26866008551149007,0.6301253260293834,0.0,0.0,2.0,0.0,0.7098363254515712,0.0,6.454213115484028e-28,0.45067062681268155,2.4671552161052612,1.0,1.0,5.0,2.0,6.0,3.0,5.307268093916111,1.0
13.0,0.45,2.8670834504963993,0.9176697987297654,-0.028979480852505735,-0.0009966771556420304,0.09296254914611604,-0.2076244989619766,0.9363751629304627,1.6356833498320767e-28,0.29121978259034215,0.6830376760343039,0.0,0.0,2.0,0.0,0.7694420999649871,0.0,1.0609060784112563e-27,0.46010009328842244,2.518775969747995,1.0,1.0,5.0,2.0,6.0,3.0,5.418313064659571,1.0
13.0,0.5,2.8670834504963993,0.9176697987297654,-0.028979480852505735,-0.0009966771556420304,0.09296254914611604,-0.2076244989619766,0.9363751629304627,3.2270676408088843e-27,0.32974919307571526,0.7734059839933859,0.0,0.0,2.0,0.0,0.8712420197732562,0.0,1.597305578602649e-27,0.4680119575213616,2.5620887484162296,1.0,1.0,5.0,2.0,6.0,3.0,5.511486176259603,1.0
13.0,0.55,2.8670834504963993,0.9176697987297654,-0.028979480852505735,-0.0009966771556420304,0.09296254914611604,-0.2076244989619766,0.9363751629304627,1.0225641141434609e-25,0.38082066881234183,0.8931909168317522,0.0,0.0,2.0,0.0,1.006179774308906,0.0,2.4377279942229854e-27,0.47632879265608147,2.607618503326661,1.0,1.0,6.0,3.0,6.0,3.0,5.609428378672554,1.0
13.0,0.6,2.8670834504963993,0.9176697987297654,-0.028979480852505735,-0.0009966771556420304,0.09296254914611604,-0.2076244989619766,0.9363751629304627,9.68609428650585e-25,0.4182214153677513,0.9809120145605097,0.0,0.0,3.0,0.0,1.1049976111807027,0.0,3.1290269990008488e-27,0.48130957728250634,2.634885354193533,1.0,1.0,6.0,3.0,6.0,3.0,5.668083986022531,1.0
13.0,0.65,2.8670834504963993,0.9176697987297654,-0.028979480852505735,-0.0009966771556420304,0.09296254914611604,-0.2076244989619766,0.9363751629304627,2.8096871088031037e-24,0.43719731578817195,1.0254187950015041,0.0,0.0,3.0,0.0,1.1551345096370618,0.0,4.2734186722310305e-27,0.48760119247278094,2.6693282273494634,1.0,1.0,6.0,3.0,6.0,3.0,5.74217643086345,1.0
13.0,0.7,2.8670834504963993,0.9176697987297654,-0.028979480852505735,-0.0009966771556420304,0.09296254914611604,-0.2076244989619766,0.9363751629304627,2.1330416177108864e-23,0.4757276317326091,1.1157892266578477,0.0,0.0,4.0,1.0,1.2569368217907875,0.0,5.242029959312493e-27,0.49176950544067066,2.6921472762717773,1.0,1.0,6.0,3.0,6.0,3.0,5.791264064056671,1.0
13.0,0.75,2.8670834504963993,0.9176697987297654,-0.028979480852505735,-0.0009966771556420304,0.09296254914611604,-0.2076244989619766,0.9363751629304627,1.3523926081009173e-22,0.513782555789582,1.2050446565545896,0.0,0.0,4.0,1.0,1.3574830842045427,0.0,7.742036348337167e-27,0.49982512411062247,2.736247025485713,1.0,1.0,6.0,3.0,6.0,3.0,5.886130082386192,1.0
13.0,0.8,2.8670834504963993,0.9176697987297654,-0.028979480852505735,-0.0009966771556420304,0.09296254914611604,-0.2076244989619766,0.9363751629304627,4.613036913399712e-21,0.5951816422001301,1.3959610919651149,0.0,0.0,4.0,1.0,1.5725504928327116,0.0,1.0635088083247174e-26,0.5064811979413206,2.772685094206385,1.0,1.0,6.0,3.0,6.0,3.0,5.964514530297186,1.0
13.0,0.85,2.8670834504963993,0.9176697987297654,-0.028979480852505735,-0.0009966771556420304,0.09296254914611604,-0.2076244989619766,0.9363751629304627,5.059047497704051e-20,0.6576370463858987,1.5424463126852999,0.0,0.0,4.0,1.0,1.7375661278401031,0.0,1.5252289703297463e-26,0.5141479112729135,2.8146558166388567,1.0,1.0,6.0,3.0,6.0,3.0,6.054800651977085,1.0
13.0,0.9,2.8670834504963993,0.9176697987297654,-0.028979480852505735,-0.0009966771556420304,0.09296254914611604,-0.2076244989619766,0.9363751629304627,1.7214261173624686e-18,0.7617493426124017,1.7866351525663442,0.0,0.0,5.0,2.0,2.012644912420426,1.0,3.047087932273252e-26,0.5291892216624265,2.896998097623522,1.0,1.0,6.0,3.0,6.0,3.0,6.231932823393553,1.0
13.0,0.95,2.8670834504963993,0.9176697987297654,-0.028979480852505735,-0.0009966771556420304,0.09296254914611604,-0.2076244989619766,0.9363751629304627,1.1795703638440517e-16,0.9084587922539898,2.1307329354989837,0.0,0.0,5.0,2.0,2.4002711444464464,1.0,7.377927433159456e-26,0.5490514566221045,3.005732090186667,1.0,1.0,6.0,3.0,6.0,3.0,6.465838029554634,1.0
14.0,0.4,-0.1621650668877921,0.037408472613776,0.031826886686467104,-0.004286358399272245,0.000595641665849426,0.20446724774277408,-0.03283676450495254,1.91995131291069e-35,0.08781432275730587,0.12224643052582988,0.0,0.0,4.0,1.0,0.09884985446124558,1.0,6.947245994674832e-36,0.07238664949093782,0.6027439588865604,0.0,1.0,6.0,3.0,6.0,3.0,0.8991192950488252,1.0
14.0,0.45,-0.1621650668877921,0.037408472613776,0.031826886686467104,-0.004286358399272245,0.000595641665849426,0.20446724774277408,-0.03283676450495254,4.842890089532278e-34,0.10045563181980827,0.13984441296812072,0.0,0.0,4.0,1.0,0.11307978326775134,1.0,1.0982543195457366e-35,0.07378117523513111,0.6143557957892966,0.0,1.0,6.0,3.0,6.0,3.0,0.916440790281222,1.0
14.0,0.5,-0.1621650668877921,0.037408472613776,0.031826886686467104,-0.004286358399272245,0.000595641665849426,0.20446724774277408,-0.03283676450495254,2.0386076658628678e-33,0.10665564166226887,0.14847545456438208,0.0,0.0,4.0,1.0,0.1200589416936419,1.0,2.0737314328615653e-35,0.07576133781317036,0.6308440714578066,1.0,1.0,6.0,3.0,6.0,3.0,0.9410365188274321,1.0
14.0,0.55,-0.1621650668877921,0.037408472613776,0.031826886686467104,-0.004286358399272245,0.000595641665849426,0.20446724774277408,-0.03283676450495254,1.3470708685034612e-32,0.11538593293429815,0.16062890416059375,0.0,0.0,5.0,2.0,0.12988635930101136,1.0,3.2485212577965647e-35,0.07719156601451246,0.6427531930189041,1.0,1.0,6.0,3.0,6.0,3.0,0.9588014766089165,1.0
14.0,0.6,-0.1621650668877921,0.037408472613776,0.031826886686467104,-0.004286358399272245,0.000595641665849426,0.20446724774277408,-0.03283676450495254,9.754856649498559e-32,0.12530809696461864,0.17444156134125338,0.0,0.0,5.0,2.0,0.14105543103716145,1.0,4.80078648101267e-35,0.07845807167911187,0.653299041508942,1.0,1.0,6.0,3.0,6.0,3.0,0.9745328260820337,1.0
14.0,0.65,-0.1621650668877921,0.037408472613776,0.031826886686467104,-0.004286358399272245,0.000595641665849426,0.20446724774277408,-0.03283676450495254,3.3640138488175906e-30,0.14522699058540836,0.20217067851380127,0.0,0.0,5.0,2.0,0.16347751064353513,1.0,6.657459243143895e-35,0.07953423994808169,0.6622600022306864,1.0,1.0,6.0,3.0,6.0,3.0,0.9878999823484833,1.0
14.0,0.7,-0.1621650668877921,0.037408472613776,0.031826886686467104,-0.004286358399272245,0.000595641665849426,0.20446724774277408,-0.03283676450495254,8.147383628920515e-29,0.1658519902799876,0.23088276685076753,0.0,0.0,5.0,2.0,0.18669443191624133,1.0,1.0230792501683151e-34,0.08097093734961004,0.674222991063698,1.0,1.0,6.0,3.0,6.0,3.0,1.0057452944874616,1.0
14.0,0.75,-0.1621650668877921,0.037408472613776,0.031826886686467104,-0.004286358399272245,0.000595641665849426,0.20446724774277408,-0.03283676450495254,1.8237662257833113e-27,0.18878550500659808,0.26280854190329384,0.0,0.0,5.0,2.0,0.21250997682769687,1.0,1.4298760097702741e-34,0.08210829730142724,0.6836934782993747,1.0,1.0,6.0,3.0,6.0,3.0,1.019872516638042,1.0
14.0,0.8,-0.1621650668877921,0.037408472613776,0.031826886686467104,-0.004286358399272245,0.000595641665849426,0.20446724774277408,-0.03283676450495254,1.4067900505467374e-25,0.2262582815609071,0.3149744418592343,0.0,0.0,5.0,2.0,0.2546919169980895,1.0,4.262767246146305e-34,0.08593170545812094,0.7155299589903791,1.0,1.0,6.0,3.0,6.0,3.0,1.067363318750118,1.0
14.0,0.85,-0.1621650668877921,0.037408472613776,0.031826886686467104,-0.004286358399272245,0.000595641665849426,0.20446724774277408,-0.03283676450495254,3.793325764910808e-24,0.2595498426039983,0.3613196663779996,0.0,0.0,5.0,2.0,0.2921671927909948,1.0,1.0280675200056254e-33,0.08914230272864468,0.7422637299665883,1.0,1.0,6.0,3.0,6.0,3.0,1.107242356871925,1.0
14.0,0.9,-0.1621650668877921,0.037408472613776,0.031826886686467104,-0.004286358399272245,0.000595641665849426,0.20446724774277408,-0.03283676450495254,1.1406652901685165e-21,0.32921265665866245,0.45829735852627507,0.0,0.0,5.0,2.0,0.37058445793002887,1.0,2.1198009761954654e-33,0.0918710279323563,0.7649850831935334,1.0,1.0,6.0,3.0,6.0,3.0,1.1411360306197385,1.0
14.0,0.95,-0.1621650668877921,0.037408472613776,0.031826886686467104,-0.004286358399272245,0.000595641665849426,0.20446724774277408,-0.03283676450495254,5.441111918847805e-18,0.4685420605027699,0.6522579990280197,1.0,1.0,6.0,3.0,0.5274232384354138,1.0,1.1367877495378576e-32,0.09853025075234269,0.8204346219393324,1.0,1.0,6.0,3.0,6.0,3.0,1.2238506716424427,1.0
15.0,0.4,-0.4293887955886524,-1.014068228145177,-1.0121538314708571,0.0008998961149480814,-0.002137766329651082,-0.04831403969699832,-0.8178984861767886,6.69866122026216e-32,0.17020827808658415,0.2618339578493494,0.0,0.0,3.0,1.0,0.263797672120807,0.0,8.736455257343823e-35,0.09195136634399494,1.1959496024468326,0.0,0.0,4.0,2.0,4.0,2.0,2.057816398866969,1.0
15.0,0.45,-0.4293887955886524,-1.014068228145177,-1.0121538314708571,0.0008998961149480814,-0.002137766329651082,-0.04831403969699832,-0.8178984861767886,6.284568041612683e-31,0.18684980715539576,0.2874338726697988,0.0,0.0,3.0,1.0,0.2895895823512251,0.0,1.351550500597098e-34,0.09363838100151131,1.2178914679046096,0.0,0.0,4.0,2.0,4.0,2.0,2.0955707745265855,1.0
15.0,0.5,-0.4293887955886524,-1.014068228145177,-1.0121538314708571,0.0008998961149480814,-0.002137766329651082,-0.04831403969699832,-0.8178984861767886,3.280177338247594e-30,0.20016750047239382,0.3079206808897821,0.0,0.0,3.0,1.0,0.3102300384708493,0.0,2.6162984006057714e-34,0.09625120776489691,1.251874748993042,0.0,0.0,4.0,2.0,4.0,2.0,2.1540442695367483,1.0
15.0,0.55,-0.4293887955886524,-1.014068228145177,-1.0121538314708571,0.0008998961149480814,-0.002137766329651082,-0.04831403969699832,-0.8178984861767886,1.4630991558862562e-28,0.23448635959351974,0.360713898784787,0.0,0.0,3.0,1.0,0.36341919735176803,0.0,6.1206169718776895e-34,0.09972078410399565,1.2970011958136451,0.0,0.0,4.0,2.0,4.0,2.0,2.2316913059169154,1.0
15.0,0.6,-0.4293887955886524,-1.014068228145177,-1.0121538314708571,0.0008998961149480814,-0.002137766329651082,-0.04831403969699832,-0.8178984861767886,1.288315814483549e-27,0.2567332439390662,0.3949366160550248,0.0,0.0,4.0,2.0,0.39789857971947296,0.0,9.217828012013085e-34,0.10143676950972412,1.3193198643161668,0.0,0.0,4.0,2.0,4.0,2.0,2.270094029536204,1.0
15.0,0.65,-0.4293887955886524,-1.014068228145177,-1.0121538314708571,0.0008998961149480814,-0.002137766329651082,-0.04831403969699832,-0.8178984861767886,6.552707036047867e-27,0.2747358764560752,0.42263033681070994,0.0,0.0,4.0,2.0,0.4257999991064755,0.0,1.583924327673748e-33,0.10375080756787193,1.3494170015934468,0.0,0.0,4.0,2.0,4.0,2.0,2.3218808126259125,1.0
15.0,0.7,-0.4293887955886524,-1.014068228145177,-1.0121538314708571,0.0008998961149480814,-0.002137766329651082,-0.04831403969699832,-0.8178984861767886,1.2782096868946504e-26,0.2824920727938585,0.4345618104605717,0.0,0.0,4.0,2.0,0.43782095696716383,0.0,2.1048779730456776e-33,0.10498735789102094,1.36549998030464,0.0,0.0,4.0,2.0,4.0,2.0,2.349554066805529,1.0
15.0,0.75,-0.4293887955886524,-1.014068228145177,-1.0121538314708571,0.0008998961149480814,-0.002137766329651082,-0.04831403969699832,-0.8178984861767886,2.246453684920757e-25,0.31832951346732113,0.4896910852303372,0.0,0.0,4.0,2.0,0.49336369278884834,0.0,3.9240739048527385e-33,0.10774776416341864,1.4014027288479884,0.0,0.0,4.0,2.0,4.0,2.0,2.411330302665085,1.0
15.0,0.8,-0.4293887955886524,-1.014068228145177,-1.0121538314708571,0.0008998961149480814,-0.002137766329651082,-0.04831403969699832,-0.8178984861767886,2.31895628456372e-23,0.38617578171233863,0.5940600215688204,0.0,0.0,4.0,2.0,0.5985153800411862,0.0,6.281962557651865e-33,0.10988114862232422,1.429150226214687,0.0,0.0,4.0,2.0,4.0,2.0,2.4590741666137745,1.0
15.0,0.85,-0.4293887955886524,-1.014068228145177,-1.0121538314708571,0.0008998961149480814,-0.002137766329651082,-0.04831403969699832,-0.8178984861767886,2.334716753370866e-22,0.4251814114040014,0.6540629692243913,0.0,0.0,4.0,2.0,0.6589683405430989,0.0,1.7878606276383832e-32,0.11477565691758698,1.4928098049967322,0.0,0.0,4.0,2.0,4.0,2.0,2.5686103250728274,1.0
15.0,0.9,-0.4293887955886524,-1.014068228145177,-1.0121538314708571,0.0008998961149480814,-0.002137766329651082,-0.04831403969699832,-0.8178984861767886,6.5545803182273436e-21,0.48856297101601953,0.7515637770255087,0.0,0.0,4.0,2.0,0.7572003893540927,0.0,4.14529477102592e-32,0.11886865820088885,1.5460447209333448,0.0,0.0,4.0,2.0,4.0,2.0,2.6602092375876527,1.0
15.0,0.95,-0.4293887955886524,-1.014068228145177,-1.0121538314708571,0.0008998961149480814,-0.002137766329651082,-0.04831403969699832,-0.8178984861767886,2.4104948098602244e-19,0.5677436288195812,0.8733685755399214,0.0,0.0,4.0,2.0,0.8799187050575645,0.0,1.7750543297078227e-31,0.12629506188059897,1.6426349607687432,0.0,0.0,4.0,2.0,6.0,3.0,2.8264076953630592,1.0
16.0,0.4,0.02238478687295864,1.3768045084102685,1.3710014061087201,-0.0017888389461992193,0.0028907479297704797,-0.26043725085911656,0.9214628663634664,1.7837047352349003e-30,0.24323034161159926,0.39396524488588597,0.0,0.0,3.0,1.0,0.39041555722992194,0.0,6.518211797057934e-33,0.13637343662114274,1.7293024861331217,0.0,1.0,4.0,2.0,6.0,3.0,3.017378421657855,1.0
16.0,0.45,0.02238478687295864,1.3768045084102685,1.3710014061087201,-0.0017888389461992193,0.0028907479297704797,-0.26043725085911656,0.9214628663634664,4.7590331010138795e-29,0.27889618466814026,0.45173395293740515,0.0,0.0,3.0,1.0,0.44766376030661553,0.0,1.2181373317948381e-32,0.13997327023727907,1.7749506810916773,0.0,1.0,4.0,2.0,6.0,3.0,3.0970278060542014,1.0
16.0,0.5,0.02238478687295864,1.3768045084102685,1.3710014061087201,-0.0017888389461992193,0.0028907479297704797,-0.26043725085911656,0.9214628663634664,3.485593901782258e-28,0.3030219991056242,0.4908110365362613,0.0,0.0,3.0,1.0,0.48638875335159026,0.0,1.6460065300913967e-32,0.14173999511943225,1.7973538837000296,1.0,1.0,4.0,2.0,6.0,3.0,3.136118098625068,1.0
16.0,0.55,0.02238478687295864,1.3768045084102685,1.3710014061087201,-0.0017888389461992193,0.0028907479297704797,-0.26043725085911656,0.9214628663634664,5.867561934954245e-26,0.37517310389558456,0.6076756821188188,0.0,0.0,3.0,1.0,0.6022004304420587,0.0,2.4345236393446923e-32,0.14407048401750286,1.8269059749664187,1.0,1.0,4.0,2.0,6.0,3.0,3.187682150152837,1.0
16.0,0.6,0.02238478687295864,1.3768045084102685,1.3710014061087201,-0.0017888389461992193,0.0028907479297704797,-0.26043725085911656,0.9214628663634664,2.763125827090187e-25,0.4001943815388311,0.6482031661027877,0.0,0.0,4.0,2.0,0.64236275554084,0.0,4.6963301716885684e-32,0.14806907886167328,1.8776107175936276,1.0,1.0,4.0,2.0,6.0,3.0,3.276154466306831,1.0
16.0,0.65,0.02238478687295864,1.3768045084102685,1.3710014061087201,-0.0017888389461992193,0.0028907479297704797,-0.26043725085911656,0.9214628663634664,8.716166135419648e-25,0.4198165178053181,0.6799855484659021,0.0,0.0,4.0,2.0,0.6738587737339775,0.0,6.75143554604969e-32,0.15032548163470177,1.9062233493626424,1.0,1.0,4.0,2.0,6.0,3.0,3.326079299225864,1.0
16.0,0.7,0.02238478687295864,1.3768045084102685,1.3710014061087201,-0.0017888389461992193,0.0028907479297704797,-0.26043725085911656,0.9214628663634664,2.3936229579466123e-23,0.48195513901415166,0.7806327660753765,0.0,0.0,4.0,2.0,0.7735991443801901,0.0,8.731300418840876e-32,0.15194487430077824,1.9267582851452725,1.0,1.0,4.0,2.0,6.0,3.0,3.361909741047059,1.0
16.0,0.75,0.02238478687295864,1.3768045084102685,1.3710014061087201,-0.0017888389461992193,0.0028907479297704797,-0.26043725085911656,0.9214628663634664,3.777663328112325e-22,0.5406674963929604,0.8757303928735414,0.0,0.0,4.0,2.0,0.8678399268847558,0.0,1.4267614852725163e-31,0.15508593264306142,1.9665889159116556,1.0,1.0,4.0,2.0,6.0,3.0,3.431408331813701,1.0
16.0,0.8,0.02238478687295864,1.3768045084102685,1.3710014061087201,-0.0017888389461992193,0.0028907479297704797,-0.26043725085911656,0.9214628663634664,2.3456109304786247e-21,0.5834092248753333,0.9449600597680315,0.0,0.0,4.0,2.0,0.9364458237965078,0.0,2.325522720450801e-31,0.15827517043401895,2.0070304929329503,1.0,1.0,4.0,2.0,6.0,3.0,3.501972933912167,1.0
16.0,0.85,0.02238478687295864,1.3768045084102685,1.3710014061087201,-0.0017888389461992193,0.0028907479297704797,-0.26043725085911656,0.9214628663634664,1.097231152559322e-19,0.6847915324906051,1.10917109274239,0.0,0.0,4.0,2.0,1.0991772900215429,0.0,4.051043727097523e-31,0.161978132495306,2.0539864226014966,1.0,1.0,4.0,2.0,6.0,3.0,3.5839041229822595,1.0
16.0,0.9,0.02238478687295864,1.3768045084102685,1.3710014061087201,-0.0017888389461992193,0.0028907479297704797,-0.26043725085911656,0.9214628663634664,7.684746256597496e-18,0.8174236336700229,1.3239980665264333,0.0,0.0,4.0,2.0,1.3120686396181527,0.0,5.845906458978181e-31,0.16447248706490833,2.0856164354939195,1.0,1.0,4.0,2.0,6.0,3.0,3.6390938420416314,1.0
16.0,0.95,0.02238478687295864,1.3768045084102685,1.3710014061087201,-0.0017888389461992193,0.0028907479297704797,-0.26043725085911656,0.9214628663634664,1.1305135662510145e-16,0.9143218890169322,1.4809461867478777,0.0,0.0,4.0,2.0,1.4676026330550422,0.0,1.11133587961906e-30,0.16893435878591515,2.14219582552117,1.0,1.0,4.0,2.0,6.0,3.0,3.7378165536249193,1.0
17.0,0.4,-0.31498463993455417,-0.630823719055369,-0.6302629538219365,-4.383531456081784e-5,-0.0011493673303614315,-0.023147773519424875,-0.525169849192809,1.0105890276716876e-29,0.21198649827453722,0.32950650350570937,0.0,0.0,4.0,2.0,0.3638803205043258,0.0,2.0254750652045744e-32,0.1491050253696679,1.5657802013409914,1.0,1.0,4.0,2.0,6.0,3.0,2.8488133315331923,1.0
17.0,0.45,-0.31498463993455417,-0.630823719055369,-0.6302629538219365,-4.383531456081784e-5,-0.0011493673303614315,-0.023147773519424875,-0.525169849192809,1.9125853516877653e-28,0.23961746055687932,0.3724553792325098,0.0,0.0,4.0,2.0,0.4113095836554181,0.0,3.419856570012711e-32,0.1523949780067057,1.6003286190730692,1.0,1.0,4.0,2.0,6.0,3.0,2.911671447208831,1.0
17.0,0.5,-0.31498463993455417,-0.630823719055369,-0.6302629538219365,-4.383531456081784e-5,-0.0011493673303614315,-0.023147773519424875,-0.525169849192809,6.0493699884407165e-28,0.25139435202075844,0.390761084360029,0.0,0.0,4.0,2.0,0.43152492319497265,0.0,5.131651813655206e-32,0.1549938178230059,1.6276195297632414,1.0,1.0,4.0,2.0,6.0,3.0,2.9613251023880585,1.0
17.0,0.55,-0.31498463993455417,-0.630823719055369,-0.6302629538219365,-4.383531456081784e-5,-0.0011493673303614315,-0.023147773519424875,-0.525169849192809,5.5339828492729975e-27,0.2756835391926498,0.42851558855321903,0.0,0.0,4.0,2.0,0.47321794272610873,0.0,8.55021494111007e-32,0.1583261689219209,1.662613181799194,1.0,1.0,4.0,2.0,6.0,3.0,3.024993286692391,1.0
17.0,0.6,-0.31498463993455417,-0.630823719055369,-0.6302629538219365,-4.383531456081784e-5,-0.0011493673303614315,-0.023147773519424875,-0.525169849192809,1.0651785377373286e-25,0.31183643763280927,0.48471074840338213,0.0,0.0,4.0,2.0,0.5352753302420272,0.0,1.224588891313908e-31,0.16071383207262227,1.6876864862003762,1.0,1.0,4.0,2.0,6.0,3.0,3.0706121824879213,1.0
17.0,0.65,-0.31498463993455417,-0.630823719055369,-0.6302629538219365,-4.383531456081784e-5,-0.0011493673303614315,-0.023147773519424875,-0.525169849192809,1.9981123591066194e-24,0.35235201243086184,0.5476871431166953,0.0,0.0,4.0,2.0,0.6048213648382466,0.0,2.0681503337231623e-31,0.16426167526257632,1.7249430616277968,1.0,1.0,4.0,2.0,6.0,3.0,3.1383975770624657,1.0
17.0,0.7,-0.31498463993455417,-0.630823719055369,-0.6302629538219365,-4.383531456081784e-5,-0.0011493673303614315,-0.023147773519424875,-0.525169849192809,2.0146433759101873e-23,0.3879649731308701,0.603043037266844,0.0,0.0,4.0,2.0,0.6659519352241225,0.0,2.8869813136708944e-31,0.16656055487210397,1.7490840331942532,1.0,1.0,4.0,2.0,6.0,3.0,3.1823201669481893,1.0
17.0,0.75,-0.31498463993455417,-0.630823719055369,-0.6302629538219365,-4.383531456081784e-5,-0.0011493673303614315,-0.023147773519424875,-0.525169849192809,1.300928858818518e-22,0.41931927350604703,0.6517793764704493,0.0,0.0,4.0,2.0,0.7197724047472926,0.0,4.267476289757368e-31,0.16929499670635242,1.777798926439265,1.0,1.0,4.0,2.0,6.0,3.0,3.234564645847515,1.0
17.0,0.8,-0.31498463993455417,-0.630823719055369,-0.6302629538219365,-4.383531456081784e-5,-0.0011493673303614315,-0.023147773519424875,-0.525169849192809,1.1959581546650774e-21,0.4599271983643893,0.7148993178044778,0.0,0.0,4.0,2.0,0.7894769606163776,0.0,6.680619233995502e-31,0.17248620090396102,1.8113103680467073,1.0,1.0,4.0,2.0,6.0,3.0,3.295536065417398,1.0
17.0,0.85,-0.31498463993455417,-0.630823719055369,-0.6302629538219365,-4.383531456081784e-5,-0.0011493673303614315,-0.023147773519424875,-0.525169849192809,2.5712916409316823e-20,0.5226455206427375,0.8123871071113171,0.0,0.0,4.0,2.0,0.8971345869175722,0.0,1.3447777413175375e-30,0.17758819703882744,1.8648873988374963,1.0,1.0,4.0,2.0,6.0,3.0,3.393015238707523,1.0
17.0,0.9,-0.31498463993455417,-0.630823719055369,-0.6302629538219365,-4.383531456081784e-5,-0.0011493673303614315,-0.023147773519424875,-0.525169849192809,1.2063580979599808e-17,0.6753243931823085,1.0497073225929403,0.0,0.0,4.0,2.0,1.159211830167226,1.0,2.5773921098424278e-30,0.18246777683821463,1.916128793430345,1.0,1.0,4.0,2.0,6.0,3.0,3.486244906522608,1.0
17.0,0.95,-0.31498463993455417,-0.630823719055369,-0.6302629538219365,-4.383531456081784e-5,-0.0011493673303614315,-0.023147773519424875,-0.525169849192809,7.523730494183438e-15,0.8830168238263857,1.3725392349230483,1.0,1.0,6.0,3.0,1.515721272250722,1.0,8.604501382864635e-30,0.19186712350961668,2.0148331187013,1.0,1.0,4.0,2.0,6.0,3.0,3.6658296256748,1.0
18.0,0.4,0.11477081367265085,0.12860224212657762,0.12859425439349398,-0.0008139466872378622,0.00020896041055548274,0.24921316311628708,0.12398677415321296,5.921343639457886e-35,0.0939303287232922,0.12774282584199226,0.0,0.0,3.0,1.0,0.09965660816018479,0.0,8.694517861721951e-35,0.08010809643698118,0.714339761710454,0.0,0.0,4.0,2.0,6.0,3.0,1.054679737830101,1.0
18.0,0.45,0.11477081367265085,0.12860224212657762,0.12859425439349398,-0.0008139466872378622,0.00020896041055548274,0.24921316311628708,0.12398677415321296,3.115459915957156e-33,0.11079455601278308,0.15067774025017527,0.0,0.0,3.0,1.0,0.11754893020096067,0.0,1.2627825181024145e-34,0.08136354690812056,0.7255348622094213,0.0,0.0,4.0,2.0,6.0,3.0,1.0712086310712665,1.0
18.0,0.5,0.11477081367265085,0.12860224212657762,0.12859425439349398,-0.0008139466872378622,0.00020896041055548274,0.24921316311628708,0.12398677415321296,2.255320083513713e-32,0.12032023522369134,0.16363241843564622,0.0,0.0,3.0,1.0,0.12765532388108528,0.0,2.0906552576321963e-34,0.08309080190437637,0.7409371371019375,0.0,0.0,4.0,2.0,6.0,3.0,1.0939491645209658,1.0
18.0,0.55,0.11477081367265085,0.12860224212657762,0.12859425439349398,-0.0008139466872378622,0.00020896041055548274,0.24921316311628708,0.12398677415321296,6.5865612840872565e-31,0.13848384456932758,0.18833445894629794,0.0,0.0,3.0,1.0,0.1469262422727919,0.0,4.2131055921176646e-34,0.0855525476765259,0.7628890117124193,0.0,1.0,4.0,2.0,6.0,3.0,1.1263597884285932,1.0
18.0,0.6,0.11477081367265085,0.12860224212657762,0.12859425439349398,-0.0008139466872378622,0.00020896041055548274,0.24921316311628708,0.12398677415321296,2.102691238276821e-29,0.15998182394769572,0.21757115675213273,0.0,0.0,3.0,1.0,0.169734804068174,0.0,8.044352747528649e-34,0.08788942949343359,0.7837274497041214,1.0,1.0,4.0,2.0,6.0,3.0,1.1571264900682339,1.0
18.0,0.65,0.11477081367265085,0.12860224212657762,0.12859425439349398,-0.0008139466872378622,0.00020896041055548274,0.24921316311628708,0.12398677415321296,2.7051801589665196e-28,0.17794939092960319,0.24200658470145478,0.0,0.0,3.0,1.0,0.18879772875549933,0.0,1.1481565568370907e-33,0.08920199392392145,0.7954318466902851,1.0,1.0,4.0,2.0,6.0,3.0,1.1744073289722141,1.0
18.0,0.7,0.11477081367265085,0.12860224212657762,0.12859425439349398,-0.0008139466872378622,0.00020896041055548274,0.24921316311628708,0.12398677415321296,5.3373869993751445e-25,0.24411456566041934,0.3319895168100244,0.0,0.0,3.0,1.0,0.2589965344194682,1.0,1.717923242745899e-33,0.09071233353322339,0.8088998441162303,1.0,1.0,4.0,2.0,6.0,3.0,1.1942920179614998,1.0
18.0,0.75,0.11477081367265085,0.12860224212657762,0.12859425439349398,-0.0008139466872378622,0.00020896041055548274,0.24921316311628708,0.12398677415321296,4.8894151713421274e-24,0.26771582029278834,0.36408661474563103,0.0,0.0,3.0,1.0,0.28403659354579713,1.0,3.245955592451589e-33,0.09314948466009863,0.8306324034037171,1.0,1.0,4.0,2.0,6.0,3.0,1.2263788359720507,1.0
18.0,0.8,0.11477081367265085,0.12860224212657762,0.12859425439349398,-0.0008139466872378622,0.00020896041055548274,0.24921316311628708,0.12398677415321296,8.374382592845215e-23,0.30135474292226244,0.4098346824185123,0.0,0.0,5.0,2.0,0.31972624753702156,1.0,5.403711138749102e-33,0.09514880856816864,0.8484607706673966,1.0,1.0,4.0,2.0,6.0,3.0,1.2527013490386238,1.0
18.0,0.85,0.11477081367265085,0.12860224212657762,0.12859425439349398,-0.0008139466872378622,0.00020896041055548274,0.24921316311628708,0.12398677415321296,2.0689245034954243e-21,0.3444379728820164,0.4684267646167152,0.0,0.0,5.0,2.0,0.36543596264961925,1.0,9.467235705896063e-33,0.09739809938982705,0.868518142406656,1.0,1.0,4.0,2.0,6.0,3.0,1.2823148532860575,1.0
18.0,0.9,0.11477081367265085,0.12860224212657762,0.12859425439349398,-0.0008139466872378622,0.00020896041055548274,0.24921316311628708,0.12398677415321296,1.0009900421376418e-19,0.4048612742804588,0.5506008970002786,0.0,0.0,5.0,2.0,0.4295428528634095,1.0,2.5385915285927956e-32,0.10148438332903284,0.9049563456001349,1.0,1.0,4.0,2.0,6.0,3.0,1.3361136709510262,1.0
18.0,0.95,0.11477081367265085,0.12860224212657762,0.12859425439349398,-0.0008139466872378622,0.00020896041055548274,0.24921316311628708,0.12398677415321296,1.4477123375777704e-16,0.5482560413532412,0.7456140839634922,1.0,1.0,6.0,3.0,0.5816794024595534,1.0,4.73854257366064e-32,0.10415809991391335,0.9287984059295467,1.0,1.0,4.0,2.0,6.0,3.0,1.3713150405028813,1.0
19.0,0.4,0.16372375281016815,1.0463602173202893,0.12205257233816258,-0.005522059445869889,-0.001357759070765604,0.24767174188744273,0.13594329916216447,1.8690475196719733e-35,0.10948577274265356,0.18514939277365494,0.0,0.0,2.0,0.0,0.09558607755809555,0.0,1.294577207000287e-33,0.16832956215194603,1.147612095395609,0.0,0.0,6.0,3.0,6.0,3.0,0.9399514599579867,1.0
19.0,0.45,0.16372375281016815,1.0463602173202893,0.12205257233816258,-0.005522059445869889,-0.001357759070765604,0.24767174188744273,0.13594329916216447,7.84073920949372e-34,0.12792979845276906,0.21633974815029633,0.0,0.0,2.0,0.0,0.11168855396071017,0.0,2.3370601544859453e-33,0.17252404856687142,1.1762086370975107,0.0,1.0,6.0,3.0,6.0,3.0,0.9633734517880618,1.0
19.0,0.5,0.16372375281016815,1.0463602173202893,0.12205257233816258,-0.005522059445869889,-0.001357759070765604,0.24767174188744273,0.13594329916216447,7.808240381748798e-33,0.14078721649822595,0.2380826932300086,0.0,0.0,2.0,0.0,0.12291366684709995,0.0,3.420790933373293e-33,0.175284562005559,1.1950288524609909,0.0,1.0,6.0,3.0,6.0,3.0,0.9787881454625204,1.0
19.0,0.55,0.16372375281016815,1.0463602173202893,0.12205257233816258,-0.005522059445869889,-0.001357759070765604,0.24767174188744273,0.13594329916216447,1.7080527350478083e-32,0.1454546892250953,0.24597577120278508,0.0,0.0,2.0,0.0,0.12698858360472737,0.0,5.6811957513975475e-33,0.17902899978511444,1.2205571199342655,0.0,1.0,6.0,3.0,6.0,3.0,0.99969706789195,1.0
19.0,0.6,0.16372375281016815,1.0463602173202893,0.12205257233816258,-0.005522059445869889,-0.001357759070765604,0.24767174188744273,0.13594329916216447,8.56839237842193e-31,0.17122912854923,0.2895624553024795,0.0,0.0,3.0,1.0,0.1494908457209573,0.0,7.688763873594657e-33,0.18130053433783544,1.23604364823319,0.0,1.0,6.0,3.0,6.0,3.0,1.0123813058349445,1.0
19.0,0.65,0.16372375281016815,1.0463602173202893,0.12205257233816258,-0.005522059445869889,-0.001357759070765604,0.24767174188744273,0.13594329916216447,5.193604203852167e-30,0.18458002863976927,0.31213991886530507,0.0,0.0,3.0,1.0,0.16114679095983583,0.0,1.3482961751522013e-32,0.18559350907680328,1.2653116488902592,0.0,1.0,6.0,3.0,6.0,3.0,1.0363532559895647,1.0
19.0,0.7,0.16372375281016815,1.0463602173202893,0.12205257233816258,-0.005522059445869889,-0.001357759070765604,0.24767174188744273,0.13594329916216447,2.101286556175263e-28,0.2153494302307403,0.36417349252393627,0.0,0.0,3.0,1.0,0.18800988315176714,0.0,2.043266982993726e-32,0.18883621002124562,1.2874192500627357,0.0,1.0,6.0,3.0,6.0,3.0,1.0544604823612727,1.0
19.0,0.75,0.16372375281016815,1.0463602173202893,0.12205257233816258,-0.005522059445869889,-0.001357759070765604,0.24767174188744273,0.13594329916216447,1.388571161639284e-26,0.25643689686521254,0.43365575772985826,0.0,0.0,3.0,1.0,0.223881117139581,0.0,3.0259969451620324e-32,0.19195138459238956,1.3086574210138757,0.0,1.0,6.0,3.0,6.0,3.0,1.0718556020819998,1.0
19.0,0.8,0.16372375281016815,1.0463602173202893,0.12205257233816258,-0.005522059445869889,-0.001357759070765604,0.24767174188744273,0.13594329916216447,1.2156082049007747e-24,0.3089630719731842,0.5224818141419793,0.0,0.0,3.0,1.0,0.2697388657943035,0.0,4.029372346471629e-32,0.19425548362528317,1.3243659625518807,0.0,1.0,6.0,3.0,6.0,3.0,1.0847216799245907,1.0
19.0,0.85,0.16372375281016815,1.0463602173202893,0.12205257233816258,-0.005522059445869889,-0.001357759070765604,0.24767174188744273,0.13594329916216447,1.335866445701519e-22,0.37579151248041076,0.6354941706333258,0.0,0.0,4.0,1.0,0.3280831450316162,1.0,9.790979393914193e-32,0.2015763070960277,1.3742767771222812,1.0,1.0,6.0,3.0,6.0,3.0,1.1256011227357683,1.0
19.0,0.9,0.16372375281016815,1.0463602173202893,0.12205257233816258,-0.005522059445869889,-0.001357759070765604,0.24767174188744273,0.13594329916216447,5.553340203702933e-21,0.4389313511931444,0.7422687999266425,0.0,0.0,4.0,1.0,0.3832071065200825,1.0,1.8611743512904127e-31,0.20704409864791964,1.4115542680147541,1.0,1.0,6.0,3.0,6.0,3.0,1.1561332442849677,1.0
19.0,0.95,0.16372375281016815,1.0463602173202893,0.12205257233816258,-0.005522059445869889,-0.001357759070765604,0.24767174188744273,0.13594329916216447,8.809703730052135e-18,0.5966874377581088,1.0090472397382313,0.0,0.0,5.0,2.0,0.5209353715532408,1.0,9.098638425894886e-31,0.22119692190943394,1.5080432682311808,1.0,1.0,6.0,3.0,6.0,3.0,1.2351625408453628,1.0
20.0,0.4,0.7623740046247832,0.10153070243984336,0.08953987696784849,0.0036339335040123585,0.002602321484703952,0.24436311642291803,0.31381825285349346,1.636864643429493e-31,0.15657275058357903,0.2283135577130486,0.0,0.0,3.0,0.0,0.1478206580000767,0.0,2.7025158765973073e-33,0.10962060743652503,1.099958220390438,0.0,1.0,4.0,2.0,6.0,3.0,1.2053962278735617,1.0
20.0,0.45,0.7623740046247832,0.10153070243984336,0.08953987696784849,0.0036339335040123585,0.002602321484703952,0.24436311642291803,0.31381825285349346,1.7056304354410827e-30,0.1726344722491542,0.25173467539026984,0.0,0.0,4.0,1.0,0.1629845626793397,0.0,4.012581797673426e-33,0.11144087742090979,1.1182232252966853,0.0,1.0,4.0,2.0,6.0,3.0,1.2254120499365748,1.0
20.0,0.5,0.7623740046247832,0.10153070243984336,0.08953987696784849,0.0036339335040123585,0.002602321484703952,0.24436311642291803,0.31381825285349346,2.875174204488007e-29,0.19419736041656913,0.28317756499731633,0.0,0.0,4.0,1.0,0.1833421300428119,0.0,5.9702928354834636e-33,0.11330133100312041,1.1368914416043938,0.0,1.0,4.0,2.0,6.0,3.0,1.2458697337842868,1.0
20.0,0.55,0.7623740046247832,0.10153070243984336,0.08953987696784849,0.0036339335040123585,0.002602321484703952,0.24436311642291803,0.31381825285349346,1.8432616823553437e-28,0.20982880497038284,0.3059712548633597,0.0,0.0,4.0,1.0,0.1980998092099989,0.0,8.170646711836045e-33,0.11479224382671462,1.1518516015099804,0.0,1.0,4.0,2.0,6.0,3.0,1.2622639203854638,1.0
20.0,0.6,0.7623740046247832,0.10153070243984336,0.08953987696784849,0.0036339335040123585,0.002602321484703952,0.24436311642291803,0.31381825285349346,1.1011792827626906e-27,0.22605271826728165,0.3296288795205041,0.0,0.0,4.0,1.0,0.21341683934420222,0.0,1.1595009618534649e-32,0.11647869334286186,1.1687738212635408,0.0,1.0,5.0,2.0,6.0,3.0,1.2808082427788612,1.0
20.0,0.65,0.7623740046247832,0.10153070243984336,0.08953987696784849,0.0036339335040123585,0.002602321484703952,0.24436311642291803,0.31381825285349346,2.23377250652384e-26,0.256256921771149,0.37367248949831916,0.0,0.0,4.0,1.0,0.24193269040812385,0.0,1.6938225020299565e-32,0.11833267698044238,1.1873771166686211,0.0,1.0,5.0,2.0,6.0,3.0,1.3011947826415693,1.0
20.0,0.7,0.7623740046247832,0.10153070243984336,0.08953987696784849,0.0036339335040123585,0.002602321484703952,0.24436311642291803,0.31381825285349346,2.0336268507481394e-25,0.28095943350498576,0.4096935616030084,0.0,0.0,4.0,1.0,0.26525438288104985,0.0,2.3953127556261673e-32,0.12005362733760484,1.2046455257434465,0.0,1.0,5.0,2.0,6.0,3.0,1.320118478809577,1.0
20.0,0.75,0.7623740046247832,0.10153070243984336,0.08953987696784849,0.0036339335040123585,0.002602321484703952,0.24436311642291803,0.31381825285349346,1.3665251762569564e-24,0.30417000434551267,0.44353909337913094,0.0,0.0,4.0,1.0,0.2871675308676313,0.0,3.9558190627655197e-32,0.12258952938769473,1.2300913462997365,0.0,1.0,5.0,2.0,6.0,3.0,1.3480034434792463,1.0
20.0,0.8,0.7623740046247832,0.10153070243984336,0.08953987696784849,0.0036339335040123585,0.002602321484703952,0.24436311642291803,0.31381825285349346,3.963780812298609e-23,0.3499883194363168,0.5103511183822611,0.0,0.0,4.0,1.0,0.3304246970088247,0.0,6.133687419633687e-32,0.12485049312473301,1.2527783730068272,0.0,1.0,5.0,2.0,6.0,3.0,1.3728651663223983,1.0
20.0,0.85,0.7623740046247832,0.10153070243984336,0.08953987696784849,0.0036339335040123585,0.002602321484703952,0.24436311642291803,0.31381825285349346,2.8947221820073682e-21,0.4185036686964493,0.6102598387006326,0.0,0.0,4.0,1.0,0.3951101801020754,0.0,1.1628403229466037e-31,0.12822278252879843,1.2866166953650129,0.0,1.0,5.0,2.0,6.0,3.0,1.4099471075925398,1.0
20.0,0.9,0.7623740046247832,0.10153070243984336,0.08953987696784849,0.0036339335040123585,0.002602321484703952,0.24436311642291803,0.31381825285349346,1.4200449178971136e-19,0.49220373223100494,0.7177288819826562,0.0,0.0,4.0,1.0,0.46469056267643666,0.0,1.638652702306557e-31,0.13006850503596407,1.3051370967000642,0.0,1.0,5.0,2.0,6.0,3.0,1.4302428074601679,1.0
20.0,0.95,0.7623740046247832,0.10153070243984336,0.08953987696784849,0.0036339335040123585,0.002602321484703952,0.24436311642291803,0.31381825285349346,7.08529690740963e-17,0.6376228928603892,0.9297783337499169,1.0,1.0,6.0,3.0,0.6019810933079454,0.0,2.5090827496803675e-31,0.13239806910403756,1.3285124748021002,0.0,1.0,5.0,2.0,6.0,3.0,1.4558588645676007,1.0
21.0,0.4,-0.7756050107817196,-0.9845068559203044,-0.9823879755962307,-0.0001628949015614625,-0.0026928431002154712,0.013037682025384578,-0.9134599873247269,6.832160412324534e-35,0.11583461842005949,0.16649640859439976,0.0,0.0,3.0,1.0,0.15947586624218119,0.0,2.5638662413464956e-35,0.09256968238726108,0.9930589882637622,0.0,0.0,4.0,2.0,4.0,2.0,1.6361552409354652,0.0
21.0,0.45,-0.7756050107817196,-0.9845068559203044,-0.9823879755962307,-0.0001628949015614625,-0.0026928431002154712,0.013037682025384578,-0.9134599873247269,8.103157650185519e-34,0.12840808880921456,0.18456905122849343,0.0,0.0,3.0,1.0,0.17678645187996903,0.0,3.746241359081684e-35,0.0940440426771477,1.008875470507765,0.0,0.0,4.0,2.0,4.0,2.0,1.6622143377489706,0.0
21.0,0.5,-0.7756050107817196,-0.9845068559203044,-0.9823879755962307,-0.0001628949015614625,-0.0026928431002154712,0.013037682025384578,-0.9134599873247269,2.0752927890681857e-32,0.14698626717016897,0.2112726396506352,0.0,0.0,3.0,1.0,0.20236404800560084,0.0,6.950536138318487e-35,0.09649738908803412,1.0351942137704149,0.0,0.0,4.0,2.0,4.0,2.0,1.7055768672995142,0.0
21.0,0.55,-0.7756050107817196,-0.9845068559203044,-0.9823879755962307,-0.0001628949015614625,-0.0026928431002154712,0.013037682025384578,-0.9134599873247269,1.8906412664815974e-31,0.1611599660730801,0.23164539173477736,0.0,0.0,3.0,1.0,0.22187775592149078,0.0,1.3399785834530451e-34,0.09917309741789802,1.0638983870852545,0.0,0.0,4.0,2.0,4.0,2.0,1.7528696103901393,0.0
21.0,0.6,-0.7756050107817196,-0.9845068559203044,-0.9823879755962307,-0.0001628949015614625,-0.0026928431002154712,0.013037682025384578,-0.9134599873247269,6.58362199419693e-30,0.18685346554659132,0.2685762803146365,0.0,0.0,3.0,1.0,0.25725140450098705,0.0,2.0233732636628313e-34,0.10089073836930733,1.0823247091965382,0.0,0.0,4.0,2.0,4.0,2.0,1.7832286563781863,0.0
21.0,0.65,-0.7756050107817196,-0.9845068559203044,-0.9823879755962307,-0.0001628949015614625,-0.0026928431002154712,0.013037682025384578,-0.9134599873247269,2.09233890950676e-28,0.2158198839754693,0.3102115418973314,0.0,0.0,3.0,1.0,0.29713105994325706,0.0,3.5929430151084705e-34,0.10333368025950407,1.1085318359717709,0.0,0.0,4.0,2.0,4.0,2.0,1.8264072875873196,0.0
21.0,0.7,-0.7756050107817196,-0.9845068559203044,-0.9823879755962307,-0.0001628949015614625,-0.0026928431002154712,0.013037682025384578,-0.9134599873247269,2.480798098569614e-25,0.2898498606647878,0.4166195002021707,0.0,0.0,3.0,1.0,0.3990521852635358,0.0,5.792016898476744e-34,0.10541021746950878,1.1308082864000277,0.0,0.0,4.0,2.0,4.0,2.0,1.863109771073579,1.0
21.0,0.75,-0.7756050107817196,-0.9845068559203044,-0.9823879755962307,-0.0001628949015614625,-0.0026928431002154712,0.013037682025384578,-0.9134599873247269,3.971341133416232e-24,0.3253525162177696,0.4676497079739076,0.0,0.0,3.0,1.0,0.44793063650233306,0.0,9.81719485062217e-34,0.107753389998022,1.1559451182491238,0.0,0.0,4.0,2.0,4.0,2.0,1.9045249937909312,1.0
21.0,0.8,-0.7756050107817196,-0.9845068559203044,-0.9823879755962307,-0.0001628949015614625,-0.0026928431002154712,0.013037682025384578,-0.9134599873247269,1.3159483451702384e-23,0.34200574799357136,0.4915864491656148,0.0,0.0,3.0,1.0,0.4708580531883095,0.0,1.329274135867346e-33,0.10912277625343099,1.1706354714432694,0.0,0.0,4.0,2.0,4.0,2.0,1.9287286903022707,1.0
21.0,0.85,-0.7756050107817196,-0.9845068559203044,-0.9823879755962307,-0.0001628949015614625,-0.0026928431002154712,0.013037682025384578,-0.9134599873247269,1.4443721056828322e-22,0.37790712688320716,0.5431897671567415,0.0,0.0,3.0,1.0,0.5202854486923978,0.0,3.4503765818185295e-33,0.11354706272041457,1.2180978514513525,0.0,0.0,4.0,2.0,4.0,2.0,2.0069272894945165,1.0
21.0,0.9,-0.7756050107817196,-0.9845068559203044,-0.9823879755962307,-0.0001628949015614625,-0.0026928431002154712,0.013037682025384578,-0.9134599873247269,2.9807844172930942e-21,0.42870863099667883,0.6162099756354696,0.0,0.0,3.0,1.0,0.5902266630323298,0.0,7.266069772857014e-33,0.11712572225203921,1.256488606633469,0.0,0.0,4.0,2.0,4.0,2.0,2.070179559537922,1.0
21.0,0.95,-0.7756050107817196,-0.9845068559203044,-0.9823879755962307,-0.0001628949015614625,-0.0026928431002154712,0.013037682025384578,-0.9134599873247269,8.891355618842028e-19,0.5435908267510304,0.7813374070150507,0.0,0.0,3.0,1.0,0.7483912768034092,0.0,1.4849498585980637e-32,0.12066633572036752,1.2944712153884823,0.0,0.0,4.0,2.0,4.0,2.0,2.132759371123504,1.0
22.0,0.4,1.498887331403626,0.5169150083211487,0.05171929419193061,-0.0028462566870633664,-0.0010494737744994969,-0.06551118182291421,0.5341089732624957,1.5461842447739855e-28,0.2399859527797103,0.5934890781068619,0.0,0.0,4.0,1.0,0.3432815016474499,0.0,1.0772085745655706e-31,0.2298011725179998,2.204636552343855,1.0,1.0,6.0,3.0,6.0,3.0,2.3058463033612115,1.0
22.0,0.45,1.498887331403626,0.5169150083211487,0.05171929419193061,-0.0028462566870633664,-0.0010494737744994969,-0.06551118182291421,0.5341089732624957,7.685793394030042e-28,0.2565686757293277,0.634498415702983,0.0,0.0,4.0,1.0,0.3670018151475223,0.0,1.5903577840633821e-31,0.23356191825783937,2.240715904904479,1.0,1.0,6.0,3.0,6.0,3.0,2.343581975320898,1.0
22.0,0.5,1.498887331403626,0.5169150083211487,0.05171929419193061,-0.0028462566870633664,-0.0010494737744994969,-0.06551118182291421,0.5341089732624957,3.732583943769521e-27,0.2740314040110664,0.6776840204815807,0.0,0.0,4.0,1.0,0.39198090879022107,0.0,2.770373536539516e-31,0.23902620280054648,2.293138446109381,1.0,1.0,6.0,3.0,6.0,3.0,2.398411113811599,1.0
22.0,0.55,1.498887331403626,0.5169150083211487,0.05171929419193061,-0.0028462566870633664,-0.0010494737744994969,-0.06551118182291421,0.5341089732624957,1.4065068757371935e-26,0.2896048610980572,0.7161974275474478,0.0,0.0,4.0,1.0,0.41425754487138217,0.0,3.9209181025253274e-31,0.24251070025554988,2.3265675638622416,1.0,1.0,6.0,3.0,6.0,3.0,2.433374884830051,1.0
22.0,0.6,1.498887331403626,0.5169150083211487,0.05171929419193061,-0.0028462566870633664,-0.0010494737744994969,-0.06551118182291421,0.5341089732624957,4.990089762676343e-26,0.3052960027482874,0.7550018704099328,0.0,0.0,4.0,1.0,0.43670251969538054,0.0,6.679757108957581e-31,0.24795418521812046,2.3787905607648234,1.0,1.0,6.0,3.0,6.0,3.0,2.487995318402307,1.0
22.0,0.65,1.498887331403626,0.5169150083211487,0.05171929419193061,-0.0028462566870633664,-0.0010494737744994969,-0.06551118182291421,0.5341089732624957,1.2146081946018278e-24,0.3487263614623079,0.8624058382525602,0.0,0.0,4.0,1.0,0.4988263172916574,0.0,9.4231966750378e-31,0.2515347598665192,2.4131414113795535,1.0,1.0,6.0,3.0,6.0,3.0,2.5239231369005872,1.0
22.0,0.7,1.498887331403626,0.5169150083211487,0.05171929419193061,-0.0028462566870633664,-0.0010494737744994969,-0.06551118182291421,0.5341089732624957,2.0342517777709768e-23,0.39217821533389935,0.9698629639617332,0.0,0.0,4.0,1.0,0.5609808620624404,0.0,1.3257954457209088e-30,0.2551386600285016,2.447716039267851,1.0,1.0,6.0,3.0,6.0,3.0,2.560085005768073,1.0
22.0,0.75,1.498887331403626,0.5169150083211487,0.05171929419193061,-0.0028462566870633664,-0.0010494737744994969,-0.06551118182291421,0.5341089732624957,2.4947459167970634e-22,0.4353541611912284,1.0766377647634258,0.0,0.0,4.0,1.0,0.62274074157738,0.0,1.9390905504283964e-30,0.25921273571708486,2.4868013758727487,1.0,1.0,6.0,3.0,6.0,3.0,2.600964659527879,1.0
22.0,0.8,1.498887331403626,0.5169150083211487,0.05171929419193061,-0.0028462566870633664,-0.0010494737744994969,-0.06551118182291421,0.5341089732624957,1.907924011023225e-21,0.4738671989654646,1.171881119713902,0.0,0.0,5.0,2.0,0.6778306886639102,0.0,3.887201527901165e-30,0.26683407739433107,2.5599180108117743,1.0,1.0,6.0,3.0,6.0,3.0,2.677437909601286,1.0
22.0,0.85,1.498887331403626,0.5169150083211487,0.05171929419193061,-0.0028462566870633664,-0.0010494737744994969,-0.06551118182291421,0.5341089732624957,6.725709399618306e-21,0.4994082249438844,1.2350444831785545,0.0,0.0,5.0,2.0,0.7143651676612565,0.0,5.818077479190488e-30,0.2713556660931625,2.603296639436168,1.0,1.0,6.0,3.0,6.0,3.0,2.7228079504599916,1.0
22.0,0.9,1.498887331403626,0.5169150083211487,0.05171929419193061,-0.0028462566870633664,-0.0010494737744994969,-0.06551118182291421,0.5341089732624957,3.583402526775733e-20,0.5354623253531211,1.324206846916951,0.0,0.0,5.0,2.0,0.7659377934156967,0.0,1.0911022119705647e-29,0.27855917980829276,2.6724047709033503,1.0,1.0,6.0,3.0,6.0,3.0,2.795088675963879,1.0
22.0,0.95,1.498887331403626,0.5169150083211487,0.05171929419193061,-0.0028462566870633664,-0.0010494737744994969,-0.06551118182291421,0.5341089732624957,6.494981343156586e-18,0.6650036300976057,1.6445645538538052,0.0,0.0,5.0,2.0,0.951236695718016,0.0,4.6874858195487996e-29,0.2960026372754698,2.839751540765378,1.0,1.0,6.0,3.0,6.0,3.0,2.970117947911471,1.0
23.0,0.4,3.5152908573774586,1.2736693912762702,0.1387669522753846,-0.003158164198618678,0.0010878747144871137,0.14185390747052834,1.264275253976076,1.771032165735494e-35,0.1369607276341983,0.3476783614626132,0.0,0.0,2.0,0.0,0.4117874360622612,0.0,4.0346415593613996e-32,0.2395260474556682,2.081914758129425,0.0,1.0,6.0,3.0,6.0,3.0,4.302820975858332,1.0
23.0,0.45,3.5152908573774586,1.2736693912762702,0.1387669522753846,-0.003158164198618678,0.0010878747144871137,0.14185390747052834,1.264275253976076,3.433571345451585e-33,0.17057264047526546,0.4330030744958142,0.0,0.0,2.0,0.0,0.5128453352794615,0.0,5.7382616046511e-32,0.24306740386766534,2.11269555318804,0.0,1.0,6.0,3.0,6.0,3.0,4.366437533699925,1.0
23.0,0.5,3.5152908573774586,1.2736693912762702,0.1387669522753846,-0.003158164198618678,0.0010878747144871137,0.14185390747052834,1.264275253976076,6.901807903332962e-32,0.19329030531454786,0.49067245625226974,0.0,0.0,2.0,0.0,0.581148484065844,0.0,9.784644254573622e-32,0.24853272683142316,2.160199098865246,0.0,1.0,6.0,3.0,6.0,3.0,4.464616026344444,1.0
23.0,0.55,3.5152908573774586,1.2736693912762702,0.1387669522753846,-0.003158164198618678,0.0010878747144871137,0.14185390747052834,1.264275253976076,1.4692576009892693e-29,0.2416660815455964,0.6134756196482367,0.0,0.0,2.0,0.0,0.7265955564186571,0.0,1.982631473045261e-31,0.25595441467935204,2.224706995292222,0.0,1.0,6.0,3.0,6.0,3.0,4.597938454061836,1.0
23.0,0.6,3.5152908573774586,1.2736693912762702,0.1387669522753846,-0.003158164198618678,0.0010878747144871137,0.14185390747052834,1.264275253976076,1.0299656089797126e-28,0.26209228233218185,0.6653280604395423,0.0,0.0,2.0,0.0,0.7880091674273997,0.0,3.131090534177589e-31,0.260874437617614,2.267470897065362,0.0,1.0,6.0,3.0,6.0,3.0,4.686321233827681,1.0
23.0,0.65,3.5152908573774586,1.2736693912762702,0.1387669522753846,-0.003158164198618678,0.0010878747144871137,0.14185390747052834,1.264275253976076,2.989750546880641e-27,0.3015815315053388,0.7655725442786003,0.0,0.0,2.0,0.0,0.9067379223772799,0.0,5.576986371234541e-31,0.2672252697176013,2.3226711194036564,0.0,1.0,6.0,3.0,6.0,3.0,4.800406920391846,1.0
23.0,0.7,3.5152908573774586,1.2736693912762702,0.1387669522753846,-0.003158164198618678,0.0010878747144871137,0.14185390747052834,1.264275253976076,2.844707424057107e-25,0.3646180685304586,0.925592429421928,0.0,0.0,2.0,0.0,1.0962641786129135,0.0,1.2375082406699729e-30,0.2762487865011802,2.4011018076795874,0.0,1.0,6.0,3.0,6.0,3.0,4.962504436318913,1.0
23.0,0.75,3.5152908573774586,1.2736693912762702,0.1387669522753846,-0.003158164198618678,0.0010878747144871137,0.14185390747052834,1.264275253976076,1.2826734921880852e-24,0.38823211473270663,0.9855372985308887,0.0,0.0,2.0,0.0,1.1672623961943123,0.0,2.0754445293399223e-30,0.28226509202941935,2.4533943888068026,0.0,1.0,6.0,3.0,6.0,3.0,5.0705807223807495,1.0
23.0,0.8,3.5152908573774586,1.2736693912762702,0.1387669522753846,-0.003158164198618678,0.0010878747144871137,0.14185390747052834,1.264275253976076,7.501325712785629e-24,0.4178791508737103,1.0607970691657032,0.0,0.0,2.0,0.0,1.2563994591336651,0.0,3.353459075915704e-30,0.2879650295255656,2.502937159289159,0.0,1.0,6.0,3.0,6.0,3.0,5.172973806055872,1.0
23.0,0.85,3.5152908573774586,1.2736693912762702,0.1387669522753846,-0.003158164198618678,0.0010878747144871137,0.14185390747052834,1.264275253976076,2.7137308705970566e-23,0.4408781424522641,1.1191806061507052,0.0,0.0,2.0,0.0,1.3255484475900132,0.0,1.0473324886194843e-29,0.3019588287262944,2.6245685951508033,0.0,1.0,6.0,3.0,6.0,3.0,5.424356957794263,1.0
23.0,0.9,3.5152908573774586,1.2736693912762702,0.1387669522753846,-0.003158164198618678,0.0010878747144871137,0.14185390747052834,1.264275253976076,1.7338912549957355e-20,0.5770487836548162,1.4648533127025012,0.0,0.0,4.0,1.0,1.7349604022162808,0.0,2.548553684997117e-29,0.31335727549480696,2.7236417222665956,0.0,1.0,6.0,3.0,6.0,3.0,5.62911746868124,1.0
23.0,0.95,3.5152908573774586,1.2736693912762702,0.1387669522753846,-0.003158164198618678,0.0010878747144871137,0.14185390747052834,1.264275253976076,4.591152461227987e-19,0.661454574094915,1.6791196022081267,0.0,0.0,4.0,1.0,1.9887356605295126,0.0,5.573895050411246e-29,0.323743326072601,2.8139152946244828,0.0,1.0,6.0,3.0,6.0,3.0,5.815691399813838,1.0
24.0,0.4,0.9114093394338079,0.9815417268704061,0.9841113025781824,-0.004538258133193153,-0.0017605967765881375,-0.24050751549611366,0.9598776481967242,6.021661862081179e-30,0.23601032128696772,0.4053437922568139,0.0,0.0,2.0,0.0,0.43586354216473117,0.0,1.5149718602510672e-31,0.2288142119252049,1.4943847257971887,0.0,0.0,4.0,2.0,6.0,3.0,3.5794913016316983,1.0
24.0,0.45,0.9114093394338079,0.9815417268704061,0.9841113025781824,-0.004538258133193153,-0.0017605967765881375,-0.24050751549611366,0.9598776481967242,1.3986696015359374e-28,0.2690590544219769,0.4621044404571932,0.0,0.0,2.0,0.0,0.4968978978222837,0.0,2.36228483847444e-31,0.23308893069447117,1.5223028974095283,0.0,1.0,4.0,2.0,6.0,3.0,3.646363540566367,1.0
24.0,0.5,0.9114093394338079,0.9815417268704061,0.9841113025781824,-0.004538258133193153,-0.0017605967765881375,-0.24050751549611366,0.9598776481967242,8.382912458148456e-28,0.2899018163326101,0.4979015365667709,0.0,0.0,2.0,0.0,0.5353902823304113,0.0,4.520907450066264e-31,0.23947887315083718,1.5640355866737674,0.0,1.0,4.0,2.0,6.0,3.0,3.7463256156841767,1.0
24.0,0.55,0.9114093394338079,0.9815417268704061,0.9841113025781824,-0.004538258133193153,-0.0017605967765881375,-0.24050751549611366,0.9598776481967242,3.897050680832996e-26,0.3401915195756294,0.5842732635015828,0.0,0.0,2.0,0.0,0.6282652382661876,0.0,5.926698911099146e-31,0.24219583736093137,1.58178006933479,0.0,1.0,4.0,2.0,6.0,3.0,3.788828874878828,1.0
24.0,0.6,0.9114093394338079,0.9815417268704061,0.9841113025781824,-0.004538258133193153,-0.0017605967765881375,-0.24050751549611366,0.9598776481967242,5.1490128366077355e-25,0.37881861610349926,0.6506146578317019,0.0,0.0,2.0,0.0,0.6996017078933152,0.0,8.803782220055999e-31,0.24622228595956389,1.6080767894308774,1.0,1.0,4.0,2.0,6.0,3.0,3.8518172601456615,1.0
24.0,0.65,0.9114093394338079,0.9815417268704061,0.9841113025781824,-0.004538258133193153,-0.0017605967765881375,-0.24050751549611366,0.9598776481967242,8.942163017926928e-24,0.426664250145937,0.7327887366598568,0.0,0.0,2.0,0.0,0.7879629601348964,0.0,1.3340316782026333e-30,0.25052326389745977,1.636166459571136,1.0,1.0,4.0,2.0,6.0,3.0,3.9191002885365758,1.0
24.0,0.7,0.9114093394338079,0.9815417268704061,0.9841113025781824,-0.004538258133193153,-0.0017605967765881375,-0.24050751549611366,0.9598776481967242,1.196237155273147e-22,0.4753555124457362,0.8164151679224698,0.0,0.0,3.0,1.0,0.8778859174985174,0.0,2.0993535234776355e-30,0.2553013067239877,1.6673718386386835,1.0,1.0,4.0,2.0,6.0,3.0,3.9938463569406246,1.0
24.0,0.75,0.9114093394338079,0.9815417268704061,0.9841113025781824,-0.004538258133193153,-0.0017605967765881375,-0.24050751549611366,0.9598776481967242,1.1573049598043876e-21,0.5225002146247794,0.897385407960555,0.0,0.0,3.0,1.0,0.9649526897227443,0.0,3.180386034324651e-30,0.25975831901531204,1.6964805685327105,1.0,1.0,4.0,2.0,6.0,3.0,4.063570333409693,1.0
24.0,0.8,0.9114093394338079,0.9815417268704061,0.9841113025781824,-0.004538258133193153,-0.0017605967765881375,-0.24050751549611366,0.9598776481967242,1.0873676926618625e-20,0.573621162496436,0.9851847836872829,0.0,0.0,3.0,1.0,1.0593627871144862,0.0,5.835915783023243e-30,0.2664121419394063,1.7399366601026522,1.0,1.0,4.0,2.0,6.0,3.0,4.167660464346047,1.0
24.0,0.85,0.9114093394338079,0.9815417268704061,0.9841113025781824,-0.004538258133193153,-0.0017605967765881375,-0.24050751549611366,0.9598776481967242,9.560050977646804e-19,0.6912396732720365,1.1871926151134817,0.0,0.0,4.0,2.0,1.2765804937437624,0.0,9.957050682381433e-30,0.27240908356133064,1.7791026624497028,1.0,1.0,4.0,2.0,6.0,3.0,4.261474568773651,1.0
24.0,0.9,0.9114093394338079,0.9815417268704061,0.9841113025781824,-0.004538258133193153,-0.0017605967765881375,-0.24050751549611366,0.9598776481967242,2.027262297288017e-17,0.7850501397141579,1.3483105273034086,0.0,0.0,4.0,2.0,1.449829536296744,0.0,2.2537089422557174e-29,0.2818405956878847,1.8406998313690028,1.0,1.0,4.0,2.0,6.0,3.0,4.409017919923843,1.0
24.0,0.95,0.9114093394338079,0.9815417268704061,0.9841113025781824,-0.004538258133193153,-0.0017605967765881375,-0.24050751549611366,0.9598776481967242,1.077458174514955e-14,1.0196696629370523,1.7512656470713213,0.0,0.0,5.0,2.0,1.883124554477705,0.0,5.939647453654962e-29,0.29345363925235757,1.9165445736022275,1.0,1.0,4.0,2.0,6.0,3.0,4.590688403040899,1.0
25.0,0.4,0.32427518574531433,1.5998381556795396,0.18891596167134575,-0.0011731366099105751,-0.0009385912431591006,-0.011058144318257024,0.23403603636266868,1.655480535944295e-31,0.18126255250595097,0.29334825901682887,0.0,0.0,3.0,1.0,0.16471457314874136,0.0,4.879092528060453e-31,0.2463265467492501,1.7587194669492017,1.0,1.0,6.0,3.0,6.0,3.0,1.481496087987367,1.0
25.0,0.45,0.32427518574531433,1.5998381556795396,0.18891596167134575,-0.0011731366099105751,-0.0009385912431591006,-0.011058144318257024,0.23403603636266868,1.403957342727683e-30,0.19814935717327758,0.3206772063423107,0.0,0.0,3.0,1.0,0.18005973288620872,0.0,7.292398628127051e-31,0.25048594254126966,1.7884166735503964,1.0,1.0,6.0,3.0,6.0,3.0,1.5065121842043159,1.0
25.0,0.5,0.32427518574531433,1.5998381556795396,0.18891596167134575,-0.0011731366099105751,-0.0009385912431591006,-0.011058144318257024,0.23403603636266868,1.1725731204420303e-29,0.2164713465506691,0.350328800735511,0.0,0.0,3.0,1.0,0.19670905519691448,0.0,1.1403789518007451e-30,0.2551961634085861,1.822046654737168,1.0,1.0,6.0,3.0,6.0,3.0,1.5348411397333728,1.0
25.0,0.55,0.32427518574531433,1.5998381556795396,0.18891596167134575,-0.0011731366099105751,-0.0009385912431591006,-0.011058144318257024,0.23403603636266868,3.8084784022466456e-28,0.2502558473519766,0.4050043217121388,0.0,0.0,3.0,1.0,0.22740927182521103,0.0,1.760525629512733e-30,0.25985566507619223,1.8553145115607492,1.0,1.0,6.0,3.0,6.0,3.0,1.5628650518274119,1.0
25.0,0.6,0.32427518574531433,1.5998381556795396,0.18891596167134575,-0.0011731366099105751,-0.0009385912431591006,-0.011058144318257024,0.23403603636266868,4.1419834811889534e-26,0.3042542147951476,0.49239317760218904,0.0,0.0,3.0,1.0,0.2764779731160571,0.0,2.7161705385391354e-30,0.2645931729814003,1.8891393164292098,1.0,1.0,6.0,3.0,6.0,3.0,1.591358121376751,1.0
25.0,0.65,0.32427518574531433,1.5998381556795396,0.18891596167134575,-0.0011731366099105751,-0.0009385912431591006,-0.011058144318257024,0.23403603636266868,2.156580228147414e-25,0.32590659999477173,0.5274345549526651,0.0,0.0,3.0,1.0,0.2961536498430034,0.0,4.923801084638905e-30,0.27123326097228545,1.9365481408776486,1.0,1.0,6.0,3.0,6.0,3.0,1.6312939890784253,1.0
25.0,0.7,0.32427518574531433,1.5998381556795396,0.18891596167134575,-0.0011731366099105751,-0.0009385912431591006,-0.011058144318257024,0.23403603636266868,7.306093206351602e-25,0.3429044636267804,0.554943235783426,0.0,0.0,3.0,1.0,0.31159972965308946,0.0,8.092668810301757e-30,0.27690720002469243,1.9770588661626076,1.0,1.0,6.0,3.0,6.0,3.0,1.6654190909829982,1.0
25.0,0.75,0.32427518574531433,1.5998381556795396,0.18891596167134575,-0.0011731366099105751,-0.0009385912431591006,-0.011058144318257024,0.23403603636266868,2.9458220824768183e-24,0.36341528776387194,0.5881371551475406,0.0,0.0,3.0,1.0,0.33023806170768744,0.0,1.2336527453197422e-29,0.28181458340488896,2.01209654600846,1.0,1.0,6.0,3.0,6.0,3.0,1.6949338524894626,1.0
25.0,0.8,0.32427518574531433,1.5998381556795396,0.18891596167134575,-0.0011731366099105751,-0.0009385912431591006,-0.011058144318257024,0.23403603636266868,9.73680699272634e-21,0.5093742009204848,0.824351378496708,0.0,0.0,5.0,2.0,0.4628719662040748,0.0,1.7512885818604305e-29,0.28595892961175157,2.0416863017533253,1.0,1.0,6.0,3.0,6.0,3.0,1.7198594351104157,1.0
25.0,0.85,0.32427518574531433,1.5998381556795396,0.18891596167134575,-0.0011731366099105751,-0.0009385912431591006,-0.011058144318257024,0.23403603636266868,1.4836946945661714e-19,0.5705919111760239,0.9234237377688722,0.0,0.0,5.0,2.0,0.5185009357539404,1.0,3.167315898909505e-29,0.2931068031864913,2.092720607917587,1.0,1.0,6.0,3.0,6.0,3.0,1.7628493072056273,1.0
25.0,0.9,0.32427518574531433,1.5998381556795396,0.18891596167134575,-0.0011731366099105751,-0.0009385912431591006,-0.011058144318257024,0.23403603636266868,4.8419625719922635e-18,0.6597744311218312,1.0677532564651142,0.0,0.0,5.0,2.0,0.599541727148073,1.0,7.883732203860377e-29,0.30445813700360813,2.1737667315427616,1.0,1.0,6.0,3.0,6.0,3.0,1.8311202949064216,1.0
25.0,0.95,0.32427518574531433,1.5998381556795396,0.18891596167134575,-0.0011731366099105751,-0.0009385912431591006,-0.011058144318257024,0.23403603636266868,1.5872936931945545e-15,0.8398730424185732,1.3592178383373867,0.0,0.0,5.0,2.0,0.7631986186256992,1.0,2.2630292657988444e-28,0.3181333375441852,2.2714047722758615,1.0,1.0,6.0,3.0,6.0,3.0,1.9133678495069053,1.0
26.0,0.4,0.17221950771677463,-1.0738247104311855,-1.0669252256442827,-0.002530166898818105,-0.00481729045435259,-0.057428863062663316,-0.6538766478572633,1.2270802432866735e-29,0.20327896590411762,0.3100737451139347,0.0,0.0,4.0,2.0,0.3156307782283915,0.0,1.2962574177306675e-33,0.11624140943266428,1.430879662244882,0.0,0.0,4.0,2.0,4.0,2.0,2.4795397573021627,1.0
26.0,0.45,0.17221950771677463,-1.0738247104311855,-1.0669252256442827,-0.002530166898818105,-0.00481729045435259,-0.057428863062663316,-0.6538766478572633,7.839246029709037e-29,0.2196093525422486,0.3349834750583118,0.0,0.0,4.0,2.0,0.3409869316328465,0.0,1.7060814382663645e-33,0.11757962068330724,1.4473524430867342,0.0,0.0,4.0,2.0,4.0,2.0,2.508085075324655,1.0
26.0,0.5,0.17221950771677463,-1.0738247104311855,-1.0669252256442827,-0.002530166898818105,-0.00481729045435259,-0.057428863062663316,-0.6538766478572633,3.2996127543980254e-28,0.233162494595713,0.35565690526732363,0.0,0.0,4.0,2.0,0.3620308638210526,0.0,2.4070532011377238e-33,0.1192780787749012,1.4682597011137877,0.0,0.0,4.0,2.0,4.0,2.0,2.544314800899848,1.0
26.0,0.55,0.17221950771677463,-1.0738247104311855,-1.0669252256442827,-0.002530166898818105,-0.00481729045435259,-0.057428863062663316,-0.6538766478572633,5.409168888737184e-27,0.2619810279238324,0.39961556335079484,0.0,0.0,4.0,2.0,0.40677733358637763,0.0,3.882196589858e-33,0.12167750475527091,1.4977955597473827,0.0,0.0,4.0,2.0,4.0,2.0,2.5954968378526666,1.0
26.0,0.6,0.17221950771677463,-1.0738247104311855,-1.0669252256442827,-0.002530166898818105,-0.00481729045435259,-0.057428863062663316,-0.6538766478572633,3.349586429598785e-25,0.31112198579704414,0.47457324910279725,0.0,0.0,4.0,2.0,0.4830783847424837,0.0,5.867459941126725e-33,0.12378959833628918,1.5237944852988456,0.0,0.0,4.0,2.0,4.0,2.0,2.6405498016014506,1.0
26.0,0.65,0.17221950771677463,-1.0738247104311855,-1.0669252256442827,-0.002530166898818105,-0.00481729045435259,-0.057428863062663316,-0.6538766478572633,1.0083958785907512e-24,0.32574220374600327,0.49687435494349697,0.0,0.0,4.0,2.0,0.5057791631952592,0.0,7.643495047902399e-33,0.1251610595702653,1.5406765585361843,0.0,0.0,4.0,2.0,4.0,2.0,2.669804373374451,1.0
26.0,0.7,0.17221950771677463,-1.0738247104311855,-1.0669252256442827,-0.002530166898818105,-0.00481729045435259,-0.057428863062663316,-0.6538766478572633,5.357757313421542e-24,0.3492183284006967,0.5326839128092914,0.0,0.0,4.0,2.0,0.5422304874215081,0.0,1.1551489157334968e-32,0.12733329589579823,1.56741581432261,0.0,0.0,4.0,2.0,4.0,2.0,2.7161402390328506,1.0
26.0,0.75,0.17221950771677463,-1.0738247104311855,-1.0669252256442827,-0.002530166898818105,-0.00481729045435259,-0.057428863062663316,-0.6538766478572633,2.683761146626661e-23,0.3734682874144718,0.5696738471924059,0.0,0.0,4.0,2.0,0.579883342459814,0.0,1.935208563683008e-32,0.13010052695094315,1.601479188612931,0.0,0.0,4.0,2.0,4.0,2.0,2.775167907850369,1.0
26.0,0.8,0.17221950771677463,-1.0738247104311855,-1.0669252256442827,-0.002530166898818105,-0.00481729045435259,-0.057428863062663316,-0.6538766478572633,2.67311506504528e-21,0.4523922310528054,0.6900613288693946,0.0,0.0,4.0,2.0,0.7024283664401644,0.0,3.5137948869317044e-32,0.13337448285100742,1.6417801186803898,0.0,0.0,4.0,2.0,4.0,2.0,2.845004499280946,1.0
26.0,0.85,0.17221950771677463,-1.0738247104311855,-1.0669252256442827,-0.002530166898818105,-0.00481729045435259,-0.057428863062663316,-0.6538766478572633,6.676384044771105e-20,0.5173033496196067,0.7890741979285393,0.0,0.0,4.0,2.0,0.8032157094778036,0.0,6.07650158106276e-32,0.13645338034055518,1.679679967120224,0.0,0.0,4.0,2.0,4.0,2.0,2.9106803094010396,1.0
26.0,0.9,0.17221950771677463,-1.0738247104311855,-1.0669252256442827,-0.002530166898818105,-0.00481729045435259,-0.057428863062663316,-0.6538766478572633,8.35042749032476e-18,0.6325972002558324,0.9649389062931195,0.0,0.0,4.0,2.0,0.9822322035818929,0.0,9.920302221474653e-32,0.1392688328082413,1.7143369253908722,0.0,0.0,4.0,2.0,4.0,2.0,2.970736586785269,1.0
26.0,0.95,0.17221950771677463,-1.0738247104311855,-1.0669252256442827,-0.002530166898818105,-0.00481729045435259,-0.057428863062663316,-0.6538766478572633,4.2786594436788317e-16,0.7453505179984652,1.136928385632415,0.0,0.0,4.0,2.0,1.1573040181626824,0.0,3.134728600268222e-31,0.14610791029631626,1.7985229046728255,0.0,0.0,4.0,2.0,6.0,3.0,3.1166206105399494,1.0
27.0,0.4,-0.4957387372784259,0.8762423157727764,0.12370579608670695,-0.00039093722713546533,-0.00283263420188,0.13540409493378713,-0.08277538170167065,5.560505396241747e-31,0.15762829693515734,0.26393345336523827,0.0,0.0,2.0,0.0,0.13239586367223344,0.0,8.826596459330346e-32,0.18227655389486402,1.3260165743264734,0.0,1.0,6.0,3.0,6.0,3.0,1.1304896388028043,1.0
27.0,0.45,-0.4957387372784259,0.8762423157727764,0.12370579608670695,-0.00039093722713546533,-0.00283263420188,0.13540409493378713,-0.08277538170167065,2.011447681578408e-29,0.18304896870974224,0.3064979282646304,0.0,0.0,2.0,0.0,0.1537473079253489,0.0,1.3508448460918456e-31,0.18553733640432102,1.3497379557132851,0.0,1.0,6.0,3.0,6.0,3.0,1.150713198896314,1.0
27.0,0.5,-0.4957387372784259,0.8762423157727764,0.12370579608670695,-0.00039093722713546533,-0.00283263420188,0.13540409493378713,-0.08277538170167065,1.0614189406393913e-28,0.19618525964399955,0.32849338655544247,0.0,0.0,2.0,0.0,0.16478080011873447,0.0,2.140518333311051e-31,0.18913027147081332,1.3758756643041312,0.0,1.0,6.0,3.0,6.0,3.0,1.1729967881938363,1.0
27.0,0.55,-0.4957387372784259,0.8762423157727764,0.12370579608670695,-0.00039093722713546533,-0.00283263420188,0.13540409493378713,-0.08277538170167065,1.5296278943097446e-27,0.21925297604644753,0.36711806353112897,0.0,0.0,2.0,0.0,0.18415593957928822,1.0,3.5020661074386405e-31,0.19304991012022668,1.4043900601681798,0.0,1.0,6.0,3.0,6.0,3.0,1.1973066118454763,1.0
27.0,0.6,-0.4957387372784259,0.8762423157727764,0.12370579608670695,-0.00039093722713546533,-0.00283263420188,0.13540409493378713,-0.08277538170167065,9.040654762659051e-26,0.2598739518887952,0.43513398860038904,0.0,0.0,2.0,0.0,0.21827449116186917,1.0,5.361193955770644e-31,0.19650577564756241,1.4295306219682118,0.0,1.0,6.0,3.0,6.0,3.0,1.2187400880017254,1.0
27.0,0.65,-0.4957387372784259,0.8762423157727764,0.12370579608670695,-0.00039093722713546533,-0.00283263420188,0.13540409493378713,-0.08277538170167065,1.473918485975246e-24,0.29192692317715474,0.48880361243851017,0.0,0.0,3.0,0.0,0.24519656606526902,1.0,1.0575117661100016e-30,0.2021473131543834,1.4705714035656294,0.0,1.0,6.0,3.0,6.0,3.0,1.2537292270988853,1.0
27.0,0.7,-0.4957387372784259,0.8762423157727764,0.12370579608670695,-0.00039093722713546533,-0.00283263420188,0.13540409493378713,-0.08277538170167065,1.741246983989237e-23,0.3235615728956185,0.5417727969601729,0.0,0.0,3.0,0.0,0.2717672824460182,1.0,1.5385428631859565e-30,0.20532996018294908,1.4937243687711448,0.0,1.0,6.0,3.0,6.0,3.0,1.2734681864597008,1.0
27.0,0.75,-0.4957387372784259,0.8762423157727764,0.12370579608670695,-0.00039093722713546533,-0.00283263420188,0.13540409493378713,-0.08277538170167065,1.1317143314306984e-21,0.3850290131554369,0.6446941257617462,0.0,0.0,4.0,1.0,0.32339528959417496,1.0,2.5889933251924075e-30,0.20983111016503897,1.5264691148849163,0.0,1.0,6.0,3.0,6.0,3.0,1.3013845767398524,1.0
27.0,0.8,-0.4957387372784259,0.8762423157727764,0.12370579608670695,-0.00039093722713546533,-0.00283263420188,0.13540409493378713,-0.08277538170167065,1.0388835057420063e-20,0.42229056112436986,0.7070850113095392,0.0,0.0,4.0,1.0,0.35469217550255094,1.0,4.9336973491101414e-30,0.21554516096724277,1.568037412663006,0.0,1.0,6.0,3.0,6.0,3.0,1.3368234474528127,1.0
27.0,0.85,-0.4957387372784259,0.8762423157727764,0.12370579608670695,-0.00039093722713546533,-0.00283263420188,0.13540409493378713,-0.08277538170167065,5.814353496065795e-20,0.4537068280577528,0.7596885348189183,0.0,0.0,4.0,1.0,0.3810794668384061,1.0,1.1168018824441264e-29,0.22300867737738567,1.6223326374252398,0.0,1.0,6.0,3.0,6.0,3.0,1.3831126041787398,1.0
27.0,0.9,-0.4957387372784259,0.8762423157727764,0.12370579608670695,-0.00039093722713546533,-0.00283263420188,0.13540409493378713,-0.08277538170167065,9.990364309541767e-19,0.510783638531695,0.8552581754758731,0.0,0.0,5.0,2.0,0.42901967659314655,1.0,2.2094882760164752e-29,0.2294395297246045,1.6691154880840087,0.0,1.0,6.0,3.0,6.0,3.0,1.4229971191745359,1.0
27.0,0.95,-0.4957387372784259,0.8762423157727764,0.12370579608670695,-0.00039093722713546533,-0.00283263420188,0.13540409493378713,-0.08277538170167065,7.763949380238917e-17,0.6123614854145226,1.0253405301955887,1.0,1.0,6.0,3.0,0.5143373957432181,1.0,6.998493682656084e-29,0.2407305899913146,1.7512551420079718,0.0,1.0,6.0,3.0,6.0,3.0,1.493024922366252,1.0
28.0,0.4,0.007196307252434586,1.0325253970185801,0.0019556395167744656,-0.007996408190147332,0.00602294599348275,-0.4484820883105531,0.0037028620953278857,8.677602141900921e-31,0.18568540315741086,0.3377330905317748,0.0,0.0,4.0,1.0,0.14551566809040706,1.0,7.8013838457311075e-31,0.24542505026277595,1.543668373725833,1.0,1.0,5.0,2.0,6.0,3.0,1.2026489003726804,1.0
28.0,0.45,0.007196307252434586,1.0325253970185801,0.0019556395167744656,-0.007996408190147332,0.00602294599348275,-0.4484820883105531,0.0037028620953278857,1.7005446048091295e-29,0.21019333641058027,0.38230923868017075,0.0,0.0,4.0,1.0,0.16472174579069246,1.0,1.1381510536647778e-30,0.2493178650859298,1.5681533035275776,1.0,1.0,5.0,2.0,6.0,3.0,1.2217247423106068,1.0
28.0,0.5,0.007196307252434586,1.0325253970185801,0.0019556395167744656,-0.007996408190147332,0.00602294599348275,-0.4484820883105531,0.0037028620953278857,4.523423145633192e-29,0.21893855294497422,0.39821543786065583,0.0,0.0,4.0,1.0,0.17157509023758374,1.0,1.4733551197357432e-30,0.25201392974970566,1.5851109439580655,1.0,1.0,5.0,2.0,6.0,3.0,1.2349361858847332,1.0
28.0,0.55,0.007196307252434586,1.0325253970185801,0.0019556395167744656,-0.007996408190147332,0.00602294599348275,-0.4484820883105531,0.0037028620953278857,1.7391389981005493e-27,0.2548932715939791,0.4636115220010705,0.0,0.0,4.0,1.0,0.19975164486302874,1.0,2.505459302745792e-30,0.25765112496153625,1.6205676341194994,1.0,1.0,5.0,2.0,6.0,3.0,1.2625599619232242,1.0
28.0,0.6,0.007196307252434586,1.0325253970185801,0.0019556395167744656,-0.007996408190147332,0.00602294599348275,-0.4484820883105531,0.0037028620953278857,7.475295079109406e-27,0.27086046738129327,0.49265338683631577,0.0,0.0,4.0,1.0,0.21226462177458313,1.0,3.6754322304484226e-30,0.2617979576192528,1.6466502789758275,1.0,1.0,5.0,2.0,6.0,3.0,1.2828805597207698,1.0
28.0,0.65,0.007196307252434586,1.0325253970185801,0.0019556395167744656,-0.007996408190147332,0.00602294599348275,-0.4484820883105531,0.0037028620953278857,3.6337789560932553e-25,0.31843885015186635,0.5791911220722266,0.0,0.0,4.0,1.0,0.24955026748391168,1.0,6.588189275534064e-30,0.2682421303083385,1.687182675992018,1.0,1.0,5.0,2.0,6.0,3.0,1.314458742917809,1.0
28.0,0.7,0.007196307252434586,1.0325253970185801,0.0019556395167744656,-0.007996408190147332,0.00602294599348275,-0.4484820883105531,0.0037028620953278857,3.9451322672202e-24,0.351706456766598,0.6396997641385279,0.0,0.0,4.0,1.0,0.2756210189807738,1.0,1.0186438335493395e-29,0.273157210076553,1.7180974224060814,1.0,1.0,5.0,2.0,6.0,3.0,1.3385439586370604,1.0
28.0,0.75,0.007196307252434586,1.0325253970185801,0.0019556395167744656,-0.007996408190147332,0.00602294599348275,-0.4484820883105531,0.0037028620953278857,2.89923792534165e-22,0.42066812268801596,0.7651303912305031,0.0,0.0,4.0,1.0,0.32966405477436084,1.0,1.3138345736998998e-29,0.27606897233057276,1.736411752172038,1.0,1.0,5.0,2.0,6.0,3.0,1.3528123785444586,1.0
28.0,0.8,0.007196307252434586,1.0325253970185801,0.0019556395167744656,-0.007996408190147332,0.00602294599348275,-0.4484820883105531,0.0037028620953278857,7.874288568024889e-21,0.48271031715062546,0.8779755676575776,0.0,0.0,5.0,2.0,0.37828452371541266,1.0,2.003780749091084e-29,0.28096711686363457,1.7672199797654722,1.0,1.0,5.0,2.0,6.0,3.0,1.3768146070465865,1.0
28.0,0.85,0.007196307252434586,1.0325253970185801,0.0019556395167744656,-0.007996408190147332,0.00602294599348275,-0.4484820883105531,0.0037028620953278857,2.4231048302818127e-19,0.5567923817655643,1.012719409714822,0.0,0.0,5.0,2.0,0.4363402509974378,1.0,4.501683871849181e-29,0.29060451763283046,1.8278370632962693,1.0,1.0,5.0,2.0,6.0,3.0,1.4240404685677084,1.0
28.0,0.9,0.007196307252434586,1.0325253970185801,0.0019556395167744656,-0.007996408190147332,0.00602294599348275,-0.4484820883105531,0.0037028620953278857,1.2026222746928697e-18,0.5952277376261567,1.0826273900932373,0.0,0.0,5.0,2.0,0.466460801085079,1.0,9.662683363703995e-29,0.30000199505404157,1.886945082923418,1.0,1.0,5.0,2.0,6.0,3.0,1.470090641012599,1.0
28.0,0.95,0.007196307252434586,1.0325253970185801,0.0019556395167744656,-0.007996408190147332,0.00602294599348275,-0.4484820883105531,0.0037028620953278857,9.696419161284197e-17,0.7146936391920661,1.2999174272364131,0.0,0.0,5.0,2.0,0.5600823792209169,1.0,3.5688405985042456e-28,0.3167867691258521,1.9925175371901906,1.0,1.0,5.0,2.0,6.0,3.0,1.552340558284098,1.0
29.0,0.4,-1.134090255082802,-0.9859674101723689,-1.1246904464289997,0.0006666574048902244,-0.001765033077090746,-0.1286719378455939,-1.1278233826469337,2.9725719954795e-33,0.14456459960417717,0.20746517980089385,0.0,0.0,2.0,0.0,0.18112729630427055,0.0,6.399109466893873e-33,0.1885787571533602,1.1261741860861847,0.0,0.0,4.0,2.0,4.0,2.0,1.7453772851441725,0.0
29.0,0.45,-1.134090255082802,-0.9859674101723689,-1.1246904464289997,0.0006666574048902244,-0.001765033077090746,-0.1286719378455939,-1.1278233826469337,1.07339305851768e-31,0.1678661220503296,0.24090527894800137,0.0,0.0,2.0,0.0,0.21032214602543917,0.0,1.1318591244359325e-32,0.1931134268902303,1.153254797270488,0.0,0.0,4.0,2.0,4.0,2.0,1.7873475986293075,0.0
29.0,0.5,-1.134090255082802,-0.9859674101723689,-1.1246904464289997,0.0006666574048902244,-0.001765033077090746,-0.1286719378455939,-1.1278233826469337,1.1854921190483424e-30,0.18553558577896287,0.2662627902577089,0.0,0.0,2.0,0.0,0.2324604994057036,0.0,3.347526603797012e-32,0.20203872688863256,1.2065558297568855,0.0,0.0,4.0,2.0,4.0,2.0,1.8699550784720145,0.0
29.0,0.55,-1.134090255082802,-0.9859674101723689,-1.1246904464289997,0.0006666574048902244,-0.001765033077090746,-0.1286719378455939,-1.1278233826469337,1.2296762237700775e-29,0.20452954746187663,0.2935210933724855,0.0,0.0,2.0,0.0,0.25625833743211396,0.0,8.865263810679588e-32,0.21040607470592446,1.2565248255233359,0.0,0.0,4.0,2.0,5.0,3.0,1.9473984715543278,0.0
29.0,0.6,-1.134090255082802,-0.9859674101723689,-1.1246904464289997,0.0006666574048902244,-0.001765033077090746,-0.1286719378455939,-1.1278233826469337,2.155799416210777e-28,0.2304526941531458,0.3307234949565155,0.0,0.0,2.0,0.0,0.288737862051175,0.0,1.5679880700192572e-31,0.21546516672539728,1.2867372361011165,0.0,0.0,4.0,2.0,5.0,3.0,1.9942225382070786,0.0
29.0,0.65,-1.134090255082802,-0.9859674101723689,-1.1246904464289997,0.0006666574048902244,-0.001765033077090746,-0.1286719378455939,-1.1278233826469337,1.1523501655376404e-27,0.2471235465107349,0.35464789547553055,0.0,0.0,2.0,0.0,0.30962503929156043,0.0,2.0757246061472137e-31,0.21799834367642043,1.3018651250218751,0.0,1.0,4.0,2.0,5.0,3.0,2.0176681774524954,0.0
29.0,0.7,-1.134090255082802,-0.9859674101723689,-1.1246904464289997,0.0006666574048902244,-0.001765033077090746,-0.1286719378455939,-1.1278233826469337,4.1847497571894904e-26,0.2870236418762833,0.41190866665845804,0.0,0.0,2.0,0.0,0.3596165061903178,0.0,3.1442865025095824e-31,0.22180323513709285,1.3245875705854777,0.0,1.0,4.0,2.0,5.0,3.0,2.0528840799652883,0.0
29.0,0.75,-1.134090255082802,-0.9859674101723689,-1.1246904464289997,0.0006666574048902244,-0.001765033077090746,-0.1286719378455939,-1.1278233826469337,5.825361109579018e-25,0.32030955490055896,0.4596774008390681,0.0,0.0,2.0,0.0,0.4013209583702687,0.0,5.500572671526783e-31,0.22703254512419405,1.3558165064816177,0.0,1.0,4.0,2.0,5.0,3.0,2.1012835869205793,0.0
29.0,0.8,-1.134090255082802,-0.9859674101723689,-1.1246904464289997,0.0006666574048902244,-0.001765033077090746,-0.1286719378455939,-1.1278233826469337,3.062860551670494e-23,0.37780706600130237,0.5421922869957128,0.0,0.0,3.0,1.0,0.4733605085673247,0.0,7.874831922123893e-31,0.23045236826476825,1.376239361102315,0.0,1.0,4.0,2.0,5.0,3.0,2.1329355169622772,0.0
29.0,0.85,-1.134090255082802,-0.9859674101723689,-1.1246904464289997,0.0006666574048902244,-0.001765033077090746,-0.1286719378455939,-1.1278233826469337,1.170075730588386e-21,0.43973431481319,0.6310643057645575,0.0,0.0,3.0,1.0,0.550950147908981,0.0,1.2385204201874947e-30,0.23484181082034986,1.4024526895387945,0.0,1.0,4.0,2.0,5.0,3.0,2.173561690591829,0.0
29.0,0.9,-1.134090255082802,-0.9859674101723689,-1.1246904464289997,0.0006666574048902244,-0.001765033077090746,-0.1286719378455939,-1.1278233826469337,4.577475217120005e-20,0.5123194671211448,0.7352315203916301,0.0,0.0,3.0,1.0,0.6418932448038702,0.0,1.7884524695861528e-30,0.23846483583801556,1.4240890462103013,0.0,1.0,4.0,2.0,5.0,3.0,2.207094341166041,0.0
29.0,0.95,-1.134090255082802,-0.9859674101723689,-1.1246904464289997,0.0006666574048902244,-0.001765033077090746,-0.1286719378455939,-1.1278233826469337,5.54533029494213e-16,0.7580160783188232,1.0878316158379826,0.0,0.0,3.0,1.0,0.9497304540460085,0.0,3.528981486112694e-30,0.24531447741283272,1.4649944463833897,0.0,1.0,4.0,2.0,5.0,3.0,2.2704907119796554,1.0
31.0,0.4,-0.4357580006210773,0.0644381752025443,0.0645455813012204,-0.0024038634562010756,-0.0006979330829132767,-0.10147009285952352,-0.10222194600621204,4.512115164369935e-34,0.10814348021755972,0.1706498592541838,0.0,0.0,3.0,1.0,0.10828002028674916,0.0,7.84552557518031e-36,0.0803948007475538,0.7432357395730778,1.0,1.0,6.0,3.0,6.0,3.0,0.8158721766577165,1.0
31.0,0.45,-0.4357580006210773,0.0644381752025443,0.0645455813012204,-0.0024038634562010756,-0.0006979330829132767,-0.10147009285952352,-0.10222194600621204,2.6596530328302554e-33,0.11644000320432292,0.18374173013851236,0.0,0.0,3.0,1.0,0.11658701831852074,0.0,1.1601262822921264e-35,0.08171587413347023,0.7554488297963504,1.0,1.0,6.0,3.0,6.0,3.0,0.829278852324178,1.0
31.0,0.5,-0.4357580006210773,0.0644381752025443,0.0645455813012204,-0.0024038634562010756,-0.0006979330829132767,-0.10147009285952352,-0.10222194600621204,7.326594073646383e-33,0.12146153252591765,0.1916656777518773,0.0,0.0,3.0,1.0,0.12161488773532633,0.0,1.9268232686555696e-35,0.08346168015304856,0.7715884982332037,1.0,1.0,6.0,3.0,6.0,3.0,0.8469958507366508,1.0
31.0,0.55,-0.4357580006210773,0.0644381752025443,0.0645455813012204,-0.0024038634562010756,-0.0006979330829132767,-0.10147009285952352,-0.10222194600621204,5.725504695725958e-32,0.13232545876697438,0.20880889785404608,0.0,0.0,3.0,1.0,0.1324925305798957,0.0,2.9602627418639646e-35,0.08496840623582941,0.7855179148628454,1.0,1.0,6.0,3.0,6.0,3.0,0.8622865894082409,1.0
31.0,0.6,-0.4357580006210773,0.0644381752025443,0.0645455813012204,-0.0024038634562010756,-0.0006979330829132767,-0.10147009285952352,-0.10222194600621204,2.7392264077729688e-30,0.15546608594643355,0.2453246893126147,0.0,0.0,4.0,1.0,0.15566237471103622,0.0,4.548108594860232e-35,0.08650243427155097,0.7996997332273873,1.0,1.0,6.0,3.0,6.0,3.0,0.8778543970390869,1.0
31.0,0.65,-0.4357580006210773,0.0644381752025443,0.0645455813012204,-0.0024038634562010756,-0.0006979330829132767,-0.10147009285952352,-0.10222194600621204,6.801196268738744e-29,0.17772924208721014,0.2804558359553371,0.0,0.0,5.0,2.0,0.17795363992388744,0.0,6.671826447993865e-35,0.08789460975955185,0.8125701498316766,1.0,1.0,6.0,3.0,6.0,3.0,0.8919826396010831,1.0
31.0,0.7,-0.4357580006210773,0.0644381752025443,0.0645455813012204,-0.0024038634562010756,-0.0006979330829132767,-0.10147009285952352,-0.10222194600621204,2.8429282411067955e-27,0.20763859432314635,0.3276526409701027,0.0,0.0,5.0,2.0,0.20790075518553264,1.0,8.878676542072001e-35,0.08894739249077892,0.8223029403178462,1.0,1.0,6.0,3.0,6.0,3.0,0.9026666158095817,1.0
31.0,0.75,-0.4357580006210773,0.0644381752025443,0.0645455813012204,-0.0024038634562010756,-0.0006979330829132767,-0.10147009285952352,-0.10222194600621204,2.0219879068598622e-26,0.22532459931762147,0.35556106648964597,0.0,0.0,5.0,2.0,0.22560909022099374,1.0,1.309550991955067e-34,0.09039938556983303,0.8357263599908977,1.0,1.0,6.0,3.0,6.0,3.0,0.9174019064363935,1.0
31.0,0.8,-0.4357580006210773,0.0644381752025443,0.0645455813012204,-0.0024038634562010756,-0.0006979330829132767,-0.10147009285952352,-0.10222194600621204,9.148178063019828e-25,0.26411320158147805,0.41676928268240393,0.0,0.0,5.0,2.0,0.26444666629655134,1.0,2.1471526350211956e-34,0.09228115035038267,0.8531229431700275,1.0,1.0,6.0,3.0,6.0,3.0,0.936498657882868,1.0
31.0,0.85,-0.4357580006210773,0.0644381752025443,0.0645455813012204,-0.0024038634562010756,-0.0006979330829132767,-0.10147009285952352,-0.10222194600621204,3.4266242259685195e-24,0.2790533696328147,0.4403447915347673,0.0,0.0,5.0,2.0,0.27940569754311095,1.0,3.0693013746282297e-34,0.09366529213473336,0.865919089602385,1.0,1.0,6.0,3.0,6.0,3.0,0.9505453718482048,1.0
31.0,0.9,-0.4357580006210773,0.0644381752025443,0.0645455813012204,-0.0024038634562010756,-0.0006979330829132767,-0.10147009285952352,-0.10222194600621204,3.272476642849429e-23,0.3065639083398376,0.4837562810569801,0.0,0.0,5.0,2.0,0.306950970575781,1.0,5.025432999142913e-34,0.09560947645143489,0.8838927303733524,1.0,1.0,6.0,3.0,6.0,3.0,0.9702755767313769,1.0
31.0,0.95,-0.4357580006210773,0.0644381752025443,0.0645455813012204,-0.0024038634562010756,-0.0006979330829132767,-0.10147009285952352,-0.10222194600621204,1.3106425770961295e-21,0.3575167104848796,0.5641595425126424,1.0,1.0,6.0,3.0,0.35796810483882296,1.0,1.4705672152200894e-33,0.09998401705266043,0.9243345859263467,1.0,1.0,6.0,3.0,6.0,3.0,1.0146698152768097,1.0
32.0,0.4,2.264022344270863,1.2202026793601273,1.691481567742387,-0.004025166358873902,-0.011495620034814417,-0.3751761957324124,1.8823288265852125,1.483414798777273e-29,0.3407195463446821,0.5959157482432598,0.0,0.0,2.0,0.0,1.3560806448315144,0.0,2.5035059238877506e-30,0.3745214034627343,2.5896035507181265,0.0,1.0,4.0,1.0,6.0,3.0,11.330951269448814,1.0
32.0,0.45,2.264022344270863,1.2202026793601273,1.691481567742387,-0.004025166358873902,-0.011495620034814417,-0.3751761957324124,1.8823288265852125,6.687053980175973e-28,0.3993121805649413,0.6983937945939879,0.0,0.0,2.0,0.0,1.5892822267431248,0.0,3.955000995560538e-30,0.381725838499748,2.639418141767594,0.0,1.0,4.0,1.0,6.0,3.0,11.548917723631536,1.0
32.0,0.5,2.264022344270863,1.2202026793601273,1.691481567742387,-0.004025166358873902,-0.011495620034814417,-0.3751761957324124,1.8823288265852125,1.1999067825356108e-26,0.45035907627980626,0.7876744049427877,0.0,0.0,2.0,0.0,1.7924513962266755,0.0,5.1017650546059055e-30,0.38579696056558777,2.6675676468683207,0.0,1.0,4.0,1.0,6.0,3.0,11.672087415172545,1.0
32.0,0.55,2.264022344270863,1.2202026793601273,1.691481567742387,-0.004025166358873902,-0.011495620034814417,-0.3751761957324124,1.8823288265852125,5.1448253020710754e-26,0.4785216040552807,0.8369304396839403,0.0,0.0,2.0,0.0,1.9045396495586868,0.0,6.93898488763399e-30,0.39077290829293354,2.701973509347164,0.0,1.0,4.0,1.0,6.0,3.0,11.822632138909512,1.0
32.0,0.6,2.264022344270863,1.2202026793601273,1.691481567742387,-0.004025166358873902,-0.011495620034814417,-0.3751761957324124,1.8823288265852125,1.0145532978623853e-24,0.5418210742060332,0.9476407042489434,0.0,0.0,2.0,0.0,2.1564746712515377,0.0,1.1097560499674224e-29,0.3984938252084527,2.7553592802920748,0.0,1.0,4.0,1.0,6.0,3.0,12.056224485078092,1.0
32.0,0.65,2.264022344270863,1.2202026793601273,1.691481567742387,-0.004025166358873902,-0.011495620034814417,-0.3751761957324124,1.8823288265852125,1.3959515754843303e-23,0.6043623087071511,1.0570248207565656,0.0,0.0,2.0,0.0,2.405391877560088,0.0,2.2473371080501913e-29,0.41038356400502984,2.8375700952683434,0.0,1.0,4.0,1.0,6.0,3.0,12.415942380143331,1.0
32.0,0.7,2.264022344270863,1.2202026793601273,1.691481567742387,-0.004025166358873902,-0.011495620034814417,-0.3751761957324124,1.8823288265852125,2.5706616920021205e-22,0.6823590859250521,1.1934405572618854,0.0,0.0,2.0,0.0,2.7158229082395873,0.0,2.980344024732452e-29,0.4152390761408664,2.8711432137904427,0.0,1.0,4.0,1.0,6.0,3.0,12.562843387377368,1.0
32.0,0.75,2.264022344270863,1.2202026793601273,1.691481567742387,-0.004025166358873902,-0.011495620034814417,-0.3751761957324124,1.8823288265852125,6.4352284507967655e-22,0.7089538068771417,1.239954510469174,0.0,0.0,2.0,0.0,2.821671212878206,0.0,4.8845968073905906e-29,0.42387549789001155,2.930859182544978,0.0,1.0,5.0,2.0,6.0,3.0,12.824133858568567,1.0
32.0,0.8,2.264022344270863,1.2202026793601273,1.691481567742387,-0.004025166358873902,-0.011495620034814417,-0.3751761957324124,1.8823288265852125,6.825202674563101e-21,0.7822566339144538,1.368160565833241,0.0,0.0,2.0,0.0,3.1134200896983533,0.0,6.441650227335176e-29,0.4287906732698066,2.9648448386336193,0.0,1.0,5.0,2.0,6.0,3.0,12.972839946376439,1.0
32.0,0.85,2.264022344270863,1.2202026793601273,1.691481567742387,-0.004025166358873902,-0.011495620034814417,-0.3751761957324124,1.8823288265852125,4.9762216145747956e-20,0.8497645214808038,1.4862313186356837,0.0,0.0,3.0,0.0,3.3821048208337325,0.0,1.271074465127888e-28,0.4411072957969774,3.0500073130191185,0.0,1.0,5.0,2.0,6.0,3.0,13.345472987824099,1.0
32.0,0.9,2.264022344270863,1.2202026793601273,1.691481567742387,-0.004025166358873902,-0.011495620034814417,-0.3751761957324124,1.8823288265852125,2.6134464626881964e-17,1.103176513472944,1.9294468559945024,0.0,0.0,5.0,2.0,4.390697081522812,1.0,2.455255818068363e-28,0.45337525625982594,3.134833316769324,0.0,1.0,5.0,2.0,6.0,3.0,13.716633783695391,1.0
32.0,0.95,2.264022344270863,1.2202026793601273,1.691481567742387,-0.004025166358873902,-0.011495620034814417,-0.3751761957324124,1.8823288265852125,1.115483451362858e-14,1.419837810554957,2.483284919630014,0.0,0.0,5.0,2.0,5.651024704481511,1.0,7.126517615798169e-28,0.4739585254463789,3.2771549744317765,0.0,1.0,5.0,2.0,6.0,3.0,14.339369942329878,1.0
33.0,0.4,-0.15883385601874966,0.019528569470876556,0.01814429470059553,-0.0026266810929143404,-0.0013872044468267594,-0.05478073041077364,-0.04084808887251945,7.22703851677899e-33,0.12481935572642684,0.19832802137532596,0.0,0.0,5.0,2.0,0.10665887615808071,1.0,5.513447426205886e-34,0.09427835502875709,1.0072367453264932,1.0,1.0,6.0,3.0,6.0,3.0,0.960615996793724,1.0
33.0,0.45,-0.15883385601874966,0.019528569470876556,0.01814429470059553,-0.0026266810929143404,-0.0013872044468267594,-0.05478073041077364,-0.04084808887251945,5.076186923680763e-32,0.13538046083594035,0.21510877679355955,0.0,0.0,5.0,2.0,0.11568340280631101,1.0,8.172450245937889e-34,0.09583718305118881,1.0238907149821894,1.0,1.0,6.0,3.0,6.0,3.0,0.9764991243063059,1.0
33.0,0.5,-0.15883385601874966,0.019528569470876556,0.01814429470059553,-0.0026266810929143404,-0.0013872044468267594,-0.05478073041077364,-0.04084808887251945,4.73408273883242e-31,0.1485799067177254,0.23608164570279125,1.0,1.0,6.0,3.0,0.12696240721606158,1.0,1.339929958049161e-33,0.09783204133455772,1.045203078399171,1.0,1.0,6.0,3.0,6.0,3.0,0.9968250281445319,1.0
33.0,0.55,-0.15883385601874966,0.019528569470876556,0.01814429470059553,-0.0026266810929143404,-0.0013872044468267594,-0.05478073041077364,-0.04084808887251945,1.3445847169834235e-29,0.1708112332541037,0.2714054540885062,1.0,1.0,6.0,3.0,0.14595920695175676,1.0,2.0168691641985076e-33,0.09951325533307437,1.063164576725555,1.0,1.0,6.0,3.0,6.0,3.0,1.0139551643302558,1.0
33.0,0.6,-0.15883385601874966,0.019528569470876556,0.01814429470059553,-0.0026266810929143404,-0.0013872044468267594,-0.05478073041077364,-0.04084808887251945,6.355371245251802e-28,0.20058084645725488,0.3187069999852034,1.0,1.0,6.0,3.0,0.17139751713554033,1.0,2.8008281244778683e-33,0.1008841557336695,1.0778107938476191,1.0,1.0,6.0,3.0,6.0,3.0,1.027923469721466,1.0
33.0,0.65,-0.15883385601874966,0.019528569470876556,0.01814429470059553,-0.0026266810929143404,-0.0013872044468267594,-0.05478073041077364,-0.04084808887251945,1.2749172727163529e-26,0.22727604923816247,0.36112355242563204,1.0,1.0,6.0,3.0,0.19420872546819834,1.0,4.2934214076507267e-33,0.10269583757850682,1.0971661647002866,1.0,1.0,6.0,3.0,6.0,3.0,1.0463829619423544,1.0
33.0,0.7,-0.15883385601874966,0.019528569470876556,0.01814429470059553,-0.0026266810929143404,-0.0013872044468267594,-0.05478073041077364,-0.04084808887251945,5.70875685906953e-25,0.26628568421164284,0.423106757464929,1.0,1.0,6.0,3.0,0.22754268878978168,1.0,7.929310498431516e-33,0.10535476210453425,1.1255731780051728,1.0,1.0,6.0,3.0,6.0,3.0,1.0734751341932383,1.0
33.0,0.75,-0.15883385601874966,0.019528569470876556,0.01814429470059553,-0.0026266810929143404,-0.0013872044468267594,-0.05478073041077364,-0.04084808887251945,9.44153788102343e-24,0.29930825986376913,0.4755770017766981,1.0,1.0,6.0,3.0,0.2557606745853555,1.0,1.1955344469469446e-32,0.10717276827201214,1.1449961156938433,1.0,1.0,6.0,3.0,6.0,3.0,1.0919990658657444,1.0
33.0,0.8,-0.15883385601874966,0.019528569470876556,0.01814429470059553,-0.0026266810929143404,-0.0013872044468267594,-0.05478073041077364,-0.04084808887251945,2.0740636369700405e-22,0.340428706316213,0.5409141182481029,1.0,1.0,6.0,3.0,0.29089833877382426,1.0,1.947904834260095e-32,0.10937498767088802,1.1685238522473926,1.0,1.0,6.0,3.0,6.0,3.0,1.114437802544638,1.0
33.0,0.85,-0.15883385601874966,0.019528569470876556,0.01814429470059553,-0.0026266810929143404,-0.0013872044468267594,-0.05478073041077364,-0.04084808887251945,2.6416309461618347e-21,0.3785035238982646,0.6014119728582912,1.0,1.0,6.0,3.0,0.32343349511709435,1.0,3.1091916319267785e-32,0.11152691099057743,1.1915142432025068,1.0,1.0,6.0,3.0,6.0,3.0,1.1363640650906561,1.0
33.0,0.9,-0.15883385601874966,0.019528569470876556,0.01814429470059553,-0.0026266810929143404,-0.0013872044468267594,-0.05478073041077364,-0.04084808887251945,7.105230304169068e-19,0.4778677012315111,0.7592937418467646,1.0,1.0,6.0,3.0,0.40834077110051376,1.0,5.545011208046669e-32,0.11424800608562606,1.2205854649736612,1.0,1.0,6.0,3.0,6.0,3.0,1.1640897023941845,1.0
33.0,0.95,-0.15883385601874966,0.019528569470876556,0.01814429470059553,-0.0026266810929143404,-0.0013872044468267594,-0.05478073041077364,-0.04084808887251945,4.212466952457948e-17,0.5664752533246653,0.9000840894917471,1.0,1.0,6.0,3.0,0.4840564473301539,1.0,1.4063996626732795e-31,0.11876557056610465,1.268849533038191,1.0,1.0,6.0,3.0,6.0,3.0,1.21011982993694,1.0
34.0,0.4,-0.14057644002590708,0.8959759921163761,1.1832886511661633,-0.0034053120263101036,-0.0005012845368841066,-0.27997179408859324,0.7420006207688065,1.3793146271882895e-33,0.16020403748156278,0.22578473076789066,0.0,0.0,2.0,0.0,0.2820926220195286,0.0,1.4994140051831405e-32,0.232197251516553,1.1904475469913143,0.0,0.0,4.0,2.0,6.0,3.0,2.546970118501133,1.0
34.0,0.45,-0.14057644002590708,0.8959759921163761,1.1832886511661633,-0.0034053120263101036,-0.0005012845368841066,-0.27997179408859324,0.7420006207688065,3.331797124942731e-31,0.20135654807009962,0.2837833222498619,0.0,0.0,3.0,1.0,0.3545553376732635,0.0,1.9995651506079109e-32,0.2349989875817313,1.2048117128215494,0.0,0.0,4.0,2.0,6.0,3.0,2.5777023428979735,1.0
34.0,0.5,-0.14057644002590708,0.8959759921163761,1.1832886511661633,-0.0034053120263101036,-0.0005012845368841066,-0.27997179408859324,0.7420006207688065,2.1263896673818897e-30,0.21752337685995318,0.3065681605290331,0.0,0.0,3.0,1.0,0.38302242998106795,0.0,2.771028551105004e-32,0.23821570201005865,1.2213034231047821,0.0,0.0,4.0,2.0,6.0,3.0,2.612986462219761,1.0
34.0,0.55,-0.14057644002590708,0.8959759921163761,1.1832886511661633,-0.0034053120263101036,-0.0005012845368841066,-0.27997179408859324,0.7420006207688065,1.8997897217937554e-28,0.26230116230029904,0.3696760596117537,0.0,0.0,3.0,1.0,0.46186865072346805,0.0,4.372461531481656e-32,0.24278615999218714,1.244735614734595,0.0,0.0,4.0,2.0,6.0,3.0,2.6631197856433437,1.0
34.0,0.6,-0.14057644002590708,0.8959759921163761,1.1832886511661633,-0.0034053120263101036,-0.0005012845368841066,-0.27997179408859324,0.7420006207688065,5.869634005778368e-28,0.274924183372053,0.3874664065903146,0.0,0.0,3.0,1.0,0.48409568799366565,0.0,6.257363555174888e-32,0.24643930999640543,1.2634648780351254,0.0,0.0,4.0,2.0,6.0,3.0,2.7031911639149477,1.0
34.0,0.65,-0.14057644002590708,0.8959759921163761,1.1832886511661633,-0.0034053120263101036,-0.0005012845368841066,-0.27997179408859324,0.7420006207688065,4.374603497309573e-27,0.29892341154246205,0.4212898941645063,0.0,0.0,3.0,1.0,0.5263543308310207,0.0,1.2002033239664694e-31,0.25321880835970195,1.298222555586027,0.0,0.0,4.0,2.0,6.0,3.0,2.777555436691504,1.0
34.0,0.7,-0.14057644002590708,0.8959759921163761,1.1832886511661633,-0.0034053120263101036,-0.0005012845368841066,-0.27997179408859324,0.7420006207688065,2.306167828388919e-25,0.3526208102425345,0.4969687153666702,0.0,0.0,3.0,1.0,0.6209065046279811,0.0,2.060220816745252e-31,0.2589842877339916,1.3277814790165348,0.0,0.0,4.0,2.0,6.0,3.0,2.840796941874021,1.0
34.0,0.75,-0.14057644002590708,0.8959759921163761,1.1832886511661633,-0.0034053120263101036,-0.0005012845368841066,-0.27997179408859324,0.7420006207688065,1.9841586609642918e-23,0.42454119138785623,0.5983302300256836,0.0,0.0,4.0,2.0,0.7475463147904595,0.0,3.700261449640885e-31,0.2653811225234943,1.3605772861759025,0.0,0.0,5.0,2.0,6.0,3.0,2.9109637804366644,1.0
34.0,0.8,-0.14057644002590708,0.8959759921163761,1.1832886511661633,-0.0034053120263101036,-0.0005012845368841066,-0.27997179408859324,0.7420006207688065,8.697330271793191e-23,0.4515043091280198,0.6363308970208984,0.0,0.0,4.0,2.0,0.7950238734132836,0.0,6.052557605209208e-31,0.2708784558782138,1.3887614570236477,0.0,0.0,5.0,2.0,6.0,3.0,2.9712639937013,1.0
34.0,0.85,-0.14057644002590708,0.8959759921163761,1.1832886511661633,-0.0034053120263101036,-0.0005012845368841066,-0.27997179408859324,0.7420006207688065,2.946046692536802e-22,0.47504979556168825,0.6695149003631155,0.0,0.0,4.0,2.0,0.8364835526399271,0.0,8.706979324192067e-31,0.27501401258468655,1.409963961810028,0.0,0.0,5.0,2.0,6.0,3.0,3.0166268879042164,1.0
34.0,0.9,-0.14057644002590708,0.8959759921163761,1.1832886511661633,-0.0034053120263101036,-0.0005012845368841066,-0.27997179408859324,0.7420006207688065,1.1113894595596667e-20,0.552626761868359,0.7788485646495552,0.0,0.0,4.0,2.0,0.9730836669553228,0.0,1.869756486925163e-30,0.28391263471939626,1.455586133574247,1.0,1.0,5.0,2.0,6.0,3.0,3.1142358153351366,1.0
34.0,0.95,-0.14057644002590708,0.8959759921163761,1.1832886511661633,-0.0034053120263101036,-0.0005012845368841066,-0.27997179408859324,0.7420006207688065,3.676933934615555e-18,0.7037461963557498,0.9918298438102519,0.0,0.0,4.0,2.0,1.2391798164831556,0.0,3.996243006035121e-30,0.29304152900194913,1.5023888831090897,1.0,1.0,5.0,2.0,6.0,3.0,3.2143705964350757,1.0
35.0,0.4,-0.12610027943070468,0.8757061444375764,0.8458150334945898,-0.002710373610297056,0.0023638438737459697,-0.3583232794829691,0.5218435958528249,6.670150707794858e-32,0.18680386737084365,0.3062265256537093,0.0,0.0,3.0,1.0,0.22288001092181414,0.0,3.5762838232033415e-33,0.17116404863872925,1.3389638428909658,0.0,1.0,4.0,2.0,6.0,3.0,1.7316337858973225,1.0
35.0,0.45,-0.12610027943070468,0.8757061444375764,0.8458150334945898,-0.002710373610297056,0.0023638438737459697,-0.3583232794829691,0.5218435958528249,7.261016650122661e-31,0.2063423809728264,0.33825590074633,0.0,0.0,3.0,1.0,0.2461918630065511,0.0,4.949363652296708e-33,0.17349718855751609,1.3572152807162934,0.0,1.0,4.0,2.0,6.0,3.0,1.7552377140745794,1.0
35.0,0.5,-0.12610027943070468,0.8757061444375764,0.8458150334945898,-0.002710373610297056,0.0023638438737459697,-0.3583232794829691,0.5218435958528249,7.111290230089897e-30,0.2269227621926372,0.37199320354563586,0.0,0.0,3.0,1.0,0.27074679142214175,0.0,6.617682184725547e-33,0.17560988731098992,1.3737422749321933,0.0,1.0,4.0,2.0,6.0,3.0,1.7766114813465854,1.0
35.0,0.55,-0.12610027943070468,0.8757061444375764,0.8458150334945898,-0.002710373610297056,0.0023638438737459697,-0.3583232794829691,0.5218435958528249,2.406644902695377e-29,0.2387476168211693,0.39137762101097107,0.0,0.0,3.0,1.0,0.28485529873438076,0.0,1.029157096101989e-32,0.17887087074859906,1.3992519479619592,1.0,1.0,4.0,2.0,6.0,3.0,1.8096022240914837,1.0
35.0,0.6,-0.12610027943070468,0.8757061444375764,0.8458150334945898,-0.002710373610297056,0.0023638438737459697,-0.3583232794829691,0.5218435958528249,1.773257758610318e-28,0.2594651530442517,0.42533976123317957,0.0,0.0,3.0,1.0,0.30957386995382447,0.0,1.348895062329069e-32,0.18089864270136705,1.4151145858697327,1.0,1.0,4.0,2.0,6.0,3.0,1.8301168032419173,1.0
35.0,0.65,-0.12610027943070468,0.8757061444375764,0.8458150334945898,-0.002710373610297056,0.0023638438737459697,-0.3583232794829691,0.5218435958528249,1.1789474670796948e-27,0.2807754595569545,0.4602736264461816,0.0,0.0,3.0,1.0,0.33499968910386047,0.0,2.1073345400213614e-32,0.1842928332093253,1.4416662969456502,1.0,1.0,4.0,2.0,6.0,3.0,1.8644551763179014,1.0
35.0,0.7,-0.12610027943070468,0.8757061444375764,0.8458150334945898,-0.002710373610297056,0.0023638438737459697,-0.3583232794829691,0.5218435958528249,1.0136996094774097e-25,0.33803351739522136,0.5541364375553497,0.0,0.0,3.0,1.0,0.4033156010599029,0.0,3.146644489793772e-32,0.18739724623675494,1.4659511676891637,1.0,1.0,4.0,2.0,6.0,3.0,1.8958619263125998,1.0
35.0,0.75,-0.12610027943070468,0.8757061444375764,0.8458150334945898,-0.002710373610297056,0.0023638438737459697,-0.3583232794829691,0.5218435958528249,4.3698412174916e-25,0.3592523465625565,0.588920344472294,0.0,0.0,3.0,1.0,0.42863227647527447,0.0,4.844161855499529e-32,0.1907964669063819,1.4925422281766654,1.0,1.0,4.0,2.0,6.0,3.0,1.9302511885674936,1.0
35.0,0.8,-0.12610027943070468,0.8757061444375764,0.8458150334945898,-0.002710373610297056,0.0023638438737459697,-0.3583232794829691,0.5218435958528249,1.5606522680135303e-23,0.41696663101508963,0.683531045295759,0.0,0.0,3.0,1.0,0.4974925229475218,0.0,7.818990346126472e-32,0.19464092640964417,1.522616255469579,1.0,1.0,4.0,2.0,6.0,3.0,1.9691448465366046,1.0
35.0,0.85,-0.12610027943070468,0.8757061444375764,0.8458150334945898,-0.002710373610297056,0.0023638438737459697,-0.3583232794829691,0.5218435958528249,8.535668428850805e-22,0.49262348076394885,0.807554892160259,0.0,0.0,4.0,2.0,0.5877604587010172,0.0,1.7475432977790059e-31,0.20127386323160376,1.5745036853791705,1.0,1.0,4.0,2.0,6.0,3.0,2.0362489936514603,1.0
35.0,0.9,-0.12610027943070468,0.8757061444375764,0.8458150334945898,-0.002710373610297056,0.0023638438737459697,-0.3583232794829691,0.5218435958528249,1.6049570029953904e-20,0.5566828640185362,0.9125670776447734,0.0,0.0,4.0,2.0,0.6641911891798634,0.0,2.1834799763984222e-31,0.20315028472565594,1.5891823550796185,1.0,1.0,4.0,2.0,6.0,3.0,2.055232389297486,1.0
35.0,0.95,-0.12610027943070468,0.8757061444375764,0.8458150334945898,-0.002710373610297056,0.0023638438737459697,-0.3583232794829691,0.5218435958528249,2.1816370242216817e-19,0.6206253086353554,1.017387566280275,0.0,0.0,4.0,2.0,0.7404823974677093,0.0,7.321578352027e-31,0.2136541901504273,1.6713511848354532,1.0,1.0,4.0,2.0,6.0,3.0,2.1614983818470956,1.0
36.0,0.4,1.2318053675721674,0.022614139806371725,0.022352027790588758,-0.0015054542018999855,-0.001695615936550149,0.2161693199265595,0.42550347438444835,2.3421678779814204e-32,0.14034222825196224,0.22392930326406923,0.0,0.0,4.0,1.0,0.26057509904967363,0.0,5.4647365240684795e-34,0.10178874120360855,1.0205697742890003,1.0,1.0,6.0,3.0,6.0,3.0,2.0718668256098103,1.0
36.0,0.45,1.2318053675721674,0.022614139806371725,0.022352027790588758,-0.0015054542018999855,-0.001695615936550149,0.2161693199265595,0.42550347438444835,1.3381769038409409e-30,0.16610868770375906,0.2650421271410271,0.0,0.0,4.0,1.0,0.30841599346498283,0.0,7.205071987271361e-34,0.10296808186937219,1.032394259225509,1.0,1.0,6.0,3.0,6.0,3.0,2.095871806638122,1.0
36.0,0.5,1.2318053675721674,0.022614139806371725,0.022352027790588758,-0.0015054542018999855,-0.001695615936550149,0.2161693199265595,0.42550347438444835,7.828505959365792e-30,0.17879590605995996,0.28528578439408514,0.0,0.0,4.0,1.0,0.3319725040107362,0.0,1.3021373198978309e-33,0.10553869631686431,1.0581681451724163,1.0,1.0,6.0,3.0,6.0,3.0,2.1481955777371136,1.0
36.0,0.55,1.2318053675721674,0.022614139806371725,0.022352027790588758,-0.0015054542018999855,-0.001695615936550149,0.2161693199265595,0.42550347438444835,1.9028845032622762e-28,0.20421915178052866,0.3258509782906598,0.0,0.0,4.0,1.0,0.3791761493733269,0.0,2.0570589498520176e-33,0.10756879570986536,1.0785226367871121,1.0,1.0,6.0,3.0,6.0,3.0,2.1895173932474945,1.0
36.0,0.6,1.2318053675721674,0.022614139806371725,0.022352027790588758,-0.0015054542018999855,-0.001695615936550149,0.2161693199265595,0.42550347438444835,1.9135728104360552e-27,0.22483529653825135,0.3587459877905783,0.0,0.0,4.0,1.0,0.417454392701638,0.0,2.5128713077477966e-33,0.10846962017624402,1.087554620201536,1.0,1.0,6.0,3.0,6.0,3.0,2.207853294699054,1.0
36.0,0.65,1.2318053675721674,0.022614139806371725,0.022352027790588758,-0.0015054542018999855,-0.001695615936550149,0.2161693199265595,0.42550347438444835,7.032291326293512e-27,0.23736498400776757,0.37873828960958605,0.0,0.0,4.0,1.0,0.4407184137599968,0.0,3.559107218497001e-33,0.11005427159872669,1.1034428935552156,1.0,1.0,6.0,3.0,6.0,3.0,2.240108204953126,1.0
36.0,0.7,1.2318053675721674,0.022614139806371725,0.022352027790588758,-0.0015054542018999855,-0.001695615936550149,0.2161693199265595,0.42550347438444835,1.149121676225438e-25,0.2666671590562924,0.42549268224298237,0.0,0.0,4.0,1.0,0.49512411374597715,0.0,6.489570456130919e-33,0.11284353701924635,1.1314090511772827,1.0,1.0,6.0,3.0,6.0,3.0,2.2968825242369806,1.0
36.0,0.75,1.2318053675721674,0.022614139806371725,0.022352027790588758,-0.0015054542018999855,-0.001695615936550149,0.2161693199265595,0.42550347438444835,6.59456966354688e-25,0.28680522079896037,0.4576248650598916,0.0,0.0,4.0,1.0,0.5325146946041003,0.0,9.663183991829958e-33,0.11473106794593624,1.150334101129144,1.0,1.0,6.0,3.0,6.0,3.0,2.335302418844957,1.0
36.0,0.8,1.2318053675721674,0.022614139806371725,0.022352027790588758,-0.0015054542018999855,-0.001695615936550149,0.2161693199265595,0.42550347438444835,2.1551764043407223e-23,0.33165208693217946,0.5291822830364606,0.0,0.0,4.0,1.0,0.6157824090353595,0.0,1.1439260779250018e-32,0.11554050838240741,1.1584498360697828,1.0,1.0,6.0,3.0,6.0,3.0,2.3517782369737725,1.0
36.0,0.85,1.2318053675721674,0.022614139806371725,0.022352027790588758,-0.0015054542018999855,-0.001695615936550149,0.2161693199265595,0.42550347438444835,1.1073322547458192e-22,0.3550579146949449,0.566528495708993,0.0,0.0,4.0,1.0,0.659240290270311,0.0,1.877934694888214e-32,0.11795174745123796,1.1826257683304129,1.0,1.0,6.0,3.0,6.0,3.0,2.400857989569703,1.0
36.0,0.9,1.2318053675721674,0.022614139806371725,0.022352027790588758,-0.0015054542018999855,-0.001695615936550149,0.2161693199265595,0.42550347438444835,7.087505616209764e-21,0.42223883616007907,0.673722012041917,0.0,0.0,4.0,1.0,0.7839759132048207,0.0,3.347995540548743e-32,0.1208278539756153,1.2114626254494476,1.0,1.0,6.0,3.0,6.0,3.0,2.4593999228357566,1.0
36.0,0.95,1.2318053675721674,0.022614139806371725,0.022352027790588758,-0.0015054542018999855,-0.001695615936550149,0.2161693199265595,0.42550347438444835,1.1753865402993023e-18,0.5224504968428518,0.8336191979077461,1.0,1.0,6.0,3.0,0.9700401059541667,1.0,8.000899102021397e-32,0.12529444272038254,1.256246217555873,1.0,1.0,6.0,3.0,6.0,3.0,2.5503154497840117,1.0
37.0,0.4,1.052280753900797,0.17939012830002107,-0.0017095245911616375,-0.0031187564534970085,-0.002231075970293818,-0.3077034503339912,0.3496209015728246,1.5208602840473033e-29,0.19708739549055304,0.42620863833051115,0.0,0.0,3.0,0.0,0.39000233420883834,0.0,4.275727909440783e-31,0.2148834322975815,1.7426485444821311,1.0,1.0,6.0,3.0,6.0,3.0,2.8970785519929603,1.0
37.0,0.45,1.052280753900797,0.17939012830002107,-0.0017095245911616375,-0.0031187564534970085,-0.002231075970293818,-0.3077034503339912,0.3496209015728246,1.2186341112136375e-28,0.214939640169382,0.46481476469779326,0.0,0.0,3.0,0.0,0.4253288809840953,0.0,5.882911928785811e-31,0.21775954188990782,1.7659730425192697,1.0,1.0,6.0,3.0,6.0,3.0,2.9358545307830366,1.0
37.0,0.5,1.052280753900797,0.17939012830002107,-0.0017095245911616375,-0.0031187564534970085,-0.002231075970293818,-0.3077034503339912,0.3496209015728246,2.375812349954614e-28,0.2210025582888644,0.47792604494776664,0.0,0.0,3.0,0.0,0.4373263616592537,0.0,7.398728008918063e-31,0.2198496223923147,1.7829230498159043,1.0,1.0,6.0,3.0,6.0,3.0,2.964033191793424,1.0
37.0,0.55,1.052280753900797,0.17939012830002107,-0.0017095245911616375,-0.0031187564534970085,-0.002231075970293818,-0.3077034503339912,0.3496209015728246,1.095253978696473e-27,0.23553290054289627,0.5093484368828414,0.0,0.0,3.0,0.0,0.46607943022470333,0.0,1.0103813029998325e-30,0.22272265787659856,1.8062226176392588,1.0,1.0,6.0,3.0,6.0,3.0,3.0027677251710676,1.0
37.0,0.6,1.052280753900797,0.17939012830002107,-0.0017095245911616375,-0.0031187564534970085,-0.002231075970293818,-0.3077034503339912,0.3496209015728246,8.811826952887024e-26,0.2827805557821801,0.6115232043443649,0.0,0.0,4.0,1.0,0.5595744798870668,0.0,1.1768905118257052e-30,0.22414282897726057,1.8177398345555307,1.0,1.0,6.0,3.0,6.0,3.0,3.0219146049090564,1.0
37.0,0.65,1.052280753900797,0.17939012830002107,-0.0017095245911616375,-0.0031187564534970085,-0.002231075970293818,-0.3077034503339912,0.3496209015728246,1.1273798171346963e-24,0.31446674306808187,0.6800457331615722,0.0,0.0,4.0,1.0,0.6222760391264168,0.0,1.967495573582143e-30,0.2289939033170231,1.8570807811653869,1.0,1.0,6.0,3.0,6.0,3.0,3.087317243323668,1.0
37.0,0.7,1.052280753900797,0.17939012830002107,-0.0017095245911616375,-0.0031187564534970085,-0.002231075970293818,-0.3077034503339912,0.3496209015728246,2.7338437006774644e-23,0.35914572292841557,0.7766656469864618,0.0,0.0,5.0,2.0,0.710688118408448,1.0,2.3668118769804332e-30,0.2307637931123438,1.8714341254075715,1.0,1.0,6.0,3.0,6.0,3.0,3.111179063244311,1.0
37.0,0.75,1.052280753900797,0.17939012830002107,-0.0017095245911616375,-0.0031187564534970085,-0.002231075970293818,-0.3077034503339912,0.3496209015728246,1.2990247928922855e-22,0.38324149182491823,0.8287736208390937,0.0,0.0,5.0,2.0,0.7583695345172891,1.0,3.788314980062296e-30,0.23533115870376375,1.9084742681254303,1.0,1.0,6.0,3.0,6.0,3.0,3.172756713752467,1.0
37.0,0.8,1.052280753900797,0.17939012830002107,-0.0017095245911616375,-0.0031187564534970085,-0.002231075970293818,-0.3077034503339912,0.3496209015728246,2.5204991993726243e-21,0.43364439318883397,0.9377717224414425,0.0,0.0,5.0,2.0,0.8581082780016088,1.0,5.3906493865695484e-30,0.23881552621294835,1.9367315790935113,1.0,1.0,6.0,3.0,6.0,3.0,3.219733282723781,1.0
37.0,0.85,1.052280753900797,0.17939012830002107,-0.0017095245911616375,-0.0031187564534970085,-0.002231075970293818,-0.3077034503339912,0.3496209015728246,3.048927434535765e-19,0.5295552248950982,1.145182373340389,1.0,1.0,6.0,3.0,1.0478994523598244,1.0,1.0600917501378507e-29,0.2456406042610162,1.9920811804995955,1.0,1.0,6.0,3.0,6.0,3.0,3.311749623943394,1.0
37.0,0.9,1.052280753900797,0.17939012830002107,-0.0017095245911616375,-0.0031187564534970085,-0.002231075970293818,-0.3077034503339912,0.3496209015728246,6.130816251909944e-18,0.6000927656631928,1.2977223626538787,1.0,1.0,6.0,3.0,1.187481212423352,1.0,1.6295919818226222e-29,0.25008105898688604,2.028092109225639,1.0,1.0,6.0,3.0,6.0,3.0,3.371616250280587,1.0
37.0,0.95,1.052280753900797,0.17939012830002107,-0.0017095245911616375,-0.0031187564534970085,-0.002231075970293818,-0.3077034503339912,0.3496209015728246,2.1091014853528284e-16,0.695412549289462,1.5038548506508518,1.0,1.0,6.0,3.0,1.3761028034591334,1.0,4.089643481875803e-29,0.25985499747978563,2.1073561990923806,1.0,1.0,6.0,3.0,6.0,3.0,3.503389404094814,1.0
38.0,0.4,1.631265160676291,0.746218440215158,1.2264568366196453,-0.001138513974097549,0.0015934762203060882,0.11648778770750318,1.3613932779718603,5.808423169824179e-31,0.21975834087690982,0.3309514171113037,0.0,0.0,2.0,0.0,0.5159031525791944,0.0,2.2612256821467834e-31,0.24401008622037504,1.6180390849927415,1.0,1.0,4.0,2.0,6.0,3.0,4.129522627377338,1.0
38.0,0.45,1.631265160676291,0.746218440215158,1.2264568366196453,-0.001138513974097549,0.0015934762203060882,0.11648778770750318,1.3613932779718603,5.851264097097328e-30,0.24196079980762586,0.36438785104666765,0.0,0.0,2.0,0.0,0.5680254907423781,0.0,3.8453978006877307e-31,0.24946866437811735,1.6542351002662166,1.0,1.0,4.0,2.0,6.0,3.0,4.221901276001504,1.0
38.0,0.5,1.631265160676291,0.746218440215158,1.2264568366196453,-0.001138513974097549,0.0015934762203060882,0.11648778770750318,1.3613932779718603,1.5107646148762335e-28,0.27706147421950705,0.41724872491302617,0.0,0.0,2.0,0.0,0.6504275898594635,0.0,5.856241845608851e-31,0.25387946471930223,1.683483265613328,1.0,1.0,4.0,2.0,6.0,3.0,4.296547779741992,1.0
38.0,0.55,1.631265160676291,0.746218440215158,1.2264568366196453,-0.001138513974097549,0.0015934762203060882,0.11648778770750318,1.3613932779718603,1.1152080675263846e-27,0.30112681904254934,0.45349062563304954,0.0,0.0,2.0,0.0,0.7069232259867264,0.0,8.198097804544852e-31,0.25746300141135564,1.707245817891644,1.0,1.0,4.0,2.0,6.0,3.0,4.357194026317665,1.0
38.0,0.6,1.631265160676291,0.746218440215158,1.2264568366196453,-0.001138513974097549,0.0015934762203060882,0.11648778770750318,1.3613932779718603,2.3032722917067368e-26,0.34161793306105376,0.5144693876284602,0.0,0.0,2.0,0.0,0.8019798836327294,0.0,1.0340141302262472e-30,0.2599653016374888,1.7238386548148399,1.0,1.0,4.0,2.0,6.0,3.0,4.399541888098163,1.0
38.0,0.65,1.631265160676291,0.746218440215158,1.2264568366196453,-0.001138513974097549,0.0015934762203060882,0.11648778770750318,1.3613932779718603,7.518760057411109e-25,0.3950169213942948,0.5948871355540997,0.0,0.0,3.0,1.0,0.9273389772431472,0.0,1.407524404089878e-30,0.26332723525929846,1.746131749684395,1.0,1.0,4.0,2.0,6.0,3.0,4.456437818828113,1.0
38.0,0.7,1.631265160676291,0.746218440215158,1.2264568366196453,-0.001138513974097549,0.0015934762203060882,0.11648778770750318,1.3613932779718603,2.8310304025712167e-24,0.41745272093822994,0.6286749755216822,0.0,0.0,3.0,1.0,0.9800091042069933,0.0,1.918811326760875e-30,0.2667492007801697,1.7688229180948138,1.0,1.0,4.0,2.0,6.0,3.0,4.514349703813807,1.0
38.0,0.75,1.631265160676291,0.746218440215158,1.2264568366196453,-0.001138513974097549,0.0015934762203060882,0.11648778770750318,1.3613932779718603,1.5787047497313613e-23,0.44844117177329296,0.6753429275867755,0.0,0.0,3.0,1.0,1.052757375856482,0.0,2.8048638489773635e-30,0.271002380985585,1.7970258990226764,1.0,1.0,4.0,2.0,6.0,3.0,4.586328711602498,1.0
38.0,0.8,1.631265160676291,0.746218440215158,1.2264568366196453,-0.001138513974097549,0.0015934762203060882,0.11648778770750318,1.3613932779718603,6.234207921442791e-22,0.522667497518781,0.7871262055020105,0.0,0.0,3.0,1.0,1.2270105819175727,0.0,4.404584063866093e-30,0.27614646394752795,1.8311364860799335,1.0,1.0,4.0,2.0,6.0,3.0,4.673384977667106,1.0
38.0,0.85,1.631265160676291,0.746218440215158,1.2264568366196453,-0.001138513974097549,0.0015934762203060882,0.11648778770750318,1.3613932779718603,2.707638667179109e-20,0.6116001079156297,0.9210568373078359,0.0,0.0,3.0,1.0,1.435788159541031,0.0,6.523257215027454e-30,0.28070240685484776,1.8613470966625683,1.0,1.0,4.0,2.0,6.0,3.0,4.7504878122926595,1.0
38.0,0.9,1.631265160676291,0.746218440215158,1.2264568366196453,-0.001138513974097549,0.0015934762203060882,0.11648778770750318,1.3613932779718603,1.646562929680045e-18,0.725772270470104,1.0929977012645293,0.0,0.0,3.0,1.0,1.703817934263572,0.0,8.794050176166184e-30,0.28421783131270073,1.8846579944260669,1.0,1.0,4.0,2.0,6.0,3.0,4.809981356467016,1.0
38.0,0.95,1.631265160676291,0.746218440215158,1.2264568366196453,-0.001138513974097549,0.0015934762203060882,0.11648778770750318,1.3613932779718603,1.221022863583354e-16,0.8684065664916664,1.3078019367199178,0.0,0.0,3.0,1.0,2.038665215553589,0.0,1.857002528338459e-29,0.29320900406411693,1.9442787632109038,1.0,1.0,4.0,2.0,6.0,3.0,4.962144129321001,1.0
39.0,0.4,-0.5496919353647249,1.036879792419033,1.0642703029635023,-0.0005732404253412214,0.000736332579181361,-0.3304370617863563,0.52628322352076,2.199951630703405e-31,0.2034665650344345,0.32770909945198545,0.0,0.0,2.0,0.0,0.2695932289032682,0.0,2.8015111151563176e-31,0.23938154092514657,1.493157982922988,0.0,0.0,4.0,2.0,6.0,3.0,2.5000151631226517,1.0
39.0,0.45,-0.5496919353647249,1.036879792419033,1.0642703029635023,-0.0005732404253412214,0.000736332579181361,-0.3304370617863563,0.52628322352076,2.4580329638834845e-29,0.2476473359212183,0.3988679192706228,0.0,0.0,2.0,0.0,0.32813275689297877,0.0,4.389690422014316e-31,0.24390313875496492,1.5213617444539227,0.0,0.0,4.0,2.0,6.0,3.0,2.547237113037425,1.0
39.0,0.5,-0.5496919353647249,1.036879792419033,1.0642703029635023,-0.0005732404253412214,0.000736332579181361,-0.3304370617863563,0.52628322352076,3.0909992833200154e-28,0.2751988578529555,0.4432431926196038,0.0,0.0,2.0,0.0,0.36463852754634973,0.0,7.204668377027863e-31,0.24899075771352042,1.5530960997123882,0.0,0.0,4.0,2.0,6.0,3.0,2.60037038509935,1.0
39.0,0.55,-0.5496919353647249,1.036879792419033,1.0642703029635023,-0.0005732404253412214,0.000736332579181361,-0.3304370617863563,0.52628322352076,4.834790656898824e-27,0.3086087550201156,0.4970541335551847,0.0,0.0,2.0,0.0,0.4089066462571389,0.0,1.0756885885364322e-30,0.25318399620562393,1.57925169844647,0.0,0.0,4.0,2.0,6.0,3.0,2.64416306757743,1.0
39.0,0.6,-0.5496919353647249,1.036879792419033,1.0642703029635023,-0.0005732404253412214,0.000736332579181361,-0.3304370617863563,0.52628322352076,1.8857600066467143e-25,0.3595045905654719,0.5790284295757732,0.0,0.0,2.0,0.0,0.47634363591723455,0.0,1.4695942128957893e-30,0.2564971457435789,1.599917684896787,0.0,0.0,4.0,2.0,6.0,3.0,2.6787644159126804,1.0
39.0,0.65,-0.5496919353647249,1.036879792419033,1.0642703029635023,-0.0005732404253412214,0.000736332579181361,-0.3304370617863563,0.52628322352076,1.5502392155221423e-24,0.3924874604522034,0.6321515880961596,0.0,0.0,2.0,0.0,0.5200459434180047,0.0,2.2046905019371925e-30,0.2608687927139759,1.627186118156687,0.0,0.0,4.0,2.0,6.0,3.0,2.7244203327038132,1.0
39.0,0.7,-0.5496919353647249,1.036879792419033,1.0642703029635023,-0.0005732404253412214,0.000736332579181361,-0.3304370617863563,0.52628322352076,1.2150114197411816e-22,0.47070631095223225,0.7581331175587316,0.0,0.0,3.0,1.0,0.6236859319529072,0.0,2.8285930028085117e-30,0.263591506944855,1.6441692258488811,0.0,0.0,4.0,2.0,6.0,3.0,2.7528553859486915,1.0
39.0,0.75,-0.5496919353647249,1.036879792419033,1.0642703029635023,-0.0005732404253412214,0.000736332579181361,-0.3304370617863563,0.52628322352076,1.9082704758291065e-21,0.5279415420178178,0.8503178262663026,0.0,0.0,3.0,1.0,0.6995226216192634,0.0,4.120225576642529e-30,0.2677550589254169,1.6701396530299593,0.0,0.0,4.0,2.0,6.0,3.0,2.796338033122015,1.0
39.0,0.8,-0.5496919353647249,1.036879792419033,1.0642703029635023,-0.0005732404253412214,0.000736332579181361,-0.3304370617863563,0.52628322352076,2.836194660873598e-20,0.590776449256547,0.9515215344129854,0.0,0.0,3.0,1.0,0.7827788830470781,0.0,6.2343226671241906e-30,0.27241573977044253,1.6992109539444369,0.0,0.0,4.0,2.0,6.0,3.0,2.845012516283951,1.0
39.0,0.85,-0.5496919353647249,1.036879792419033,1.0642703029635023,-0.0005732404253412214,0.000736332579181361,-0.3304370617863563,0.52628322352076,1.5423303668890308e-19,0.6339668726863728,1.021085272144257,0.0,0.0,3.0,1.0,0.8400062005091657,0.0,1.0836467941673641e-29,0.2787637511684778,1.7388070892940142,0.0,0.0,4.0,2.0,6.0,3.0,2.9113088760175763,1.0
39.0,0.9,-0.5496919353647249,1.036879792419033,1.0642703029635023,-0.0005732404253412214,0.000736332579181361,-0.3304370617863563,0.52628322352076,6.607788258766857e-18,0.7414152437533901,1.194144707801392,0.0,0.0,3.0,1.0,0.9823753081384772,0.0,3.2509768928063836e-29,0.2918210094767062,1.8202525900735218,0.0,1.0,4.0,2.0,6.0,3.0,3.0476742099243705,1.0
39.0,0.95,-0.5496919353647249,1.036879792419033,1.0642703029635023,-0.0005732404253412214,0.000736332579181361,-0.3304370617863563,0.52628322352076,6.159956802311921e-16,0.8956223214484819,1.4425150606995616,0.0,0.0,4.0,2.0,1.1866997089977591,1.0,8.884893120643177e-29,0.304305512024479,1.8981254894206705,1.0,1.0,4.0,2.0,6.0,3.0,3.17805788759998,1.0
40.0,0.4,-0.19593533831950216,-0.007272068424631295,0.0019144956673184388,0.0006316440962428651,0.0005902309748530288,-0.5160466440173259,-0.06403511566162168,1.7149443074258876e-32,0.14199432209347568,0.23045813344614277,0.0,0.0,4.0,1.0,0.12936033484563073,1.0,5.1663024800850075e-33,0.12275546671653001,1.2974148752754067,1.0,1.0,6.0,3.0,6.0,3.0,1.2422276877460987,1.0
40.0,0.45,-0.19593533831950216,-0.007272068424631295,0.0019144956673184388,0.0006316440962428651,0.0005902309748530288,-0.5160466440173259,-0.06403511566162168,1.1657225963988379e-30,0.16928508466815215,0.2747513003175721,0.0,0.0,4.0,1.0,0.15422289366350173,1.0,8.331726347910241e-33,0.1252244041271369,1.3235093231099975,1.0,1.0,6.0,3.0,6.0,3.0,1.2672121751404597,1.0
40.0,0.5,-0.19593533831950216,-0.007272068424631295,0.0019144956673184388,0.0006316440962428651,0.0005902309748530288,-0.5160466440173259,-0.06403511566162168,3.1842743004991667e-28,0.2138631687942421,0.3471019542651348,0.0,0.0,4.0,1.0,0.19483462943087615,1.0,1.029305866651898e-32,0.12633228971078744,1.3352186772819843,1.0,1.0,6.0,3.0,6.0,3.0,1.2784234570790765,1.0
40.0,0.55,-0.19593533831950216,-0.007272068424631295,0.0019144956673184388,0.0006316440962428651,0.0005902309748530288,-0.5160466440173259,-0.06403511566162168,3.9977426942096295e-27,0.23763998304274034,0.3856919496270433,0.0,0.0,5.0,2.0,0.21649589452514734,1.0,2.022080501331938e-32,0.12993713417710415,1.3733186410453395,1.0,1.0,6.0,3.0,6.0,3.0,1.3149027905528163,1.0
40.0,0.6,-0.19593533831950216,-0.007272068424631295,0.0019144956673184388,0.0006316440962428651,0.0005902309748530288,-0.5160466440173259,-0.06403511566162168,1.6993014895766536e-26,0.2524091897450392,0.40966251238554136,0.0,0.0,5.0,2.0,0.22995100664685586,1.0,4.426957017643686e-32,0.13424951847083746,1.4188966644136483,1.0,1.0,6.0,3.0,6.0,3.0,1.3585420948800728,1.0
40.0,0.65,-0.19593533831950216,-0.007272068424631295,0.0019144956673184388,0.0006316440962428651,0.0005902309748530288,-0.5160466440173259,-0.06403511566162168,1.356057838569049e-25,0.27522559546378417,0.4466937555815216,0.0,0.0,5.0,2.0,0.2507373158473575,1.0,6.384874476608148e-32,0.13631376003479387,1.4407138411380327,1.0,1.0,6.0,3.0,6.0,3.0,1.3794312503167458,1.0
40.0,0.7,-0.19593533831950216,-0.007272068424631295,0.0019144956673184388,0.0006316440962428651,0.0005902309748530288,-0.5160466440173259,-0.06403511566162168,8.587801049241604e-25,0.29722749186417696,0.48240304241745563,0.0,0.0,5.0,2.0,0.27078158693954973,1.0,7.653080743770958e-32,0.13734668904976696,1.4516309717960447,1.0,1.0,6.0,3.0,6.0,3.0,1.3898840069735123,1.0
40.0,0.75,-0.19593533831950216,-0.007272068424631295,0.0019144956673184388,0.0006316440962428651,0.0005902309748530288,-0.5160466440173259,-0.06403511566162168,1.1450700549853302e-23,0.3311020707194195,0.537381805646553,0.0,0.0,5.0,2.0,0.3016421650166379,1.0,1.5275270909191239e-31,0.14135935470060837,1.4940412386799657,1.0,1.0,6.0,3.0,6.0,3.0,1.4304902993568376,1.0
40.0,0.8,-0.19593533831950216,-0.007272068424631295,0.0019144956673184388,0.0006316440962428651,0.0005902309748530288,-0.5160466440173259,-0.06403511566162168,2.4767639797663625e-21,0.4142435488592645,0.6723212143607156,0.0,0.0,5.0,2.0,0.37738610528948074,1.0,2.45499813051496e-31,0.14418181253719636,1.5238720794561493,1.0,1.0,6.0,3.0,6.0,3.0,1.459052247479295,1.0
40.0,0.85,-0.19593533831950216,-0.007272068424631295,0.0019144956673184388,0.0006316440962428651,0.0005902309748530288,-0.5160466440173259,-0.06403511566162168,5.540530566513982e-20,0.4715110419373265,0.765266899563691,1.0,1.0,6.0,3.0,0.42955820605468686,1.0,3.410618562823844e-31,0.14617049922087946,1.5448907090511208,1.0,1.0,6.0,3.0,6.0,3.0,1.4791768230016857,1.0
40.0,0.9,-0.19593533831950216,-0.007272068424631295,0.0019144956673184388,0.0006316440962428651,0.0005902309748530288,-0.5160466440173259,-0.06403511566162168,2.3209320331137255e-19,0.5005104645841323,0.8123332379613567,1.0,1.0,6.0,3.0,0.45597739640408136,1.0,7.4065675506759055e-31,0.15097060313723984,1.595623490169007,1.0,1.0,6.0,3.0,6.0,3.0,1.5277516209186768,1.0
40.0,0.95,-0.19593533831950216,-0.007272068424631295,0.0019144956673184388,0.0006316440962428651,0.0005902309748530288,-0.5160466440173259,-0.06403511566162168,3.443004159451244e-15,0.746820605868718,1.2120969367656875,1.0,1.0,6.0,3.0,0.6803720192501497,1.0,3.895365379742626e-30,0.1617823690112693,1.7098941312098097,1.0,1.0,6.0,3.0,6.0,3.0,1.6371616152870927,1.0
41.0,0.4,-0.45372234934357225,1.1320614433168088,1.13322398449671,-0.003614153946547987,0.00037727217592104027,0.05570012799442292,0.6042422065499494,3.277678304877302e-30,0.1977991783267116,0.2657056243106231,0.0,0.0,3.0,1.0,0.34225304520256733,0.0,8.216662469040038e-34,0.11322381700646965,1.27212381453567,0.0,1.0,4.0,2.0,6.0,3.0,2.738395028729541,1.0
41.0,0.45,-0.45372234934357225,1.1320614433168088,1.13322398449671,-0.003614153946547987,0.00037727217592104027,0.05570012799442292,0.6042422065499494,1.6359464239657925e-28,0.2327999759424378,0.3127225475381571,0.0,0.0,3.0,1.0,0.40281512473110165,0.0,1.0281013715785149e-33,0.1142861612738687,1.2840597612077078,0.0,1.0,4.0,2.0,6.0,3.0,2.7640885474392913,1.0
41.0,0.5,-0.45372234934357225,1.1320614433168088,1.13322398449671,-0.003614153946547987,0.00037727217592104027,0.05570012799442292,0.6042422065499494,4.459099504611288e-28,0.24273245668375962,0.326064948748576,0.0,0.0,3.0,1.0,0.42000135274726824,0.0,1.4899589118905587e-33,0.11606672855467104,1.3040652874404284,0.0,1.0,4.0,2.0,6.0,3.0,2.8071527782608756,1.0
41.0,0.55,-0.45372234934357225,1.1320614433168088,1.13322398449671,-0.003614153946547987,0.00037727217592104027,0.05570012799442292,0.6042422065499494,1.1334308000040894e-26,0.27776382131963245,0.3731229329614996,0.0,0.0,3.0,1.0,0.48061632256491527,0.0,2.0523127850759196e-33,0.11762572034118013,1.3215813068674218,0.0,1.0,4.0,2.0,6.0,3.0,2.844858055038134,1.0
41.0,0.6,-0.45372234934357225,1.1320614433168088,1.13322398449671,-0.003614153946547987,0.00037727217592104027,0.05570012799442292,0.6042422065499494,4.157346554424118e-24,0.3552438453285227,0.4772026279584131,0.0,0.0,3.0,1.0,0.6146804495432913,0.0,2.64434364378984e-33,0.11887450649801085,1.3356120174667303,0.0,1.0,4.0,2.0,6.0,3.0,2.8750607976608813,1.0
41.0,0.65,-0.45372234934357225,1.1320614433168088,1.13322398449671,-0.003614153946547987,0.00037727217592104027,0.05570012799442292,0.6042422065499494,2.4817403226975058e-23,0.38269906421450123,0.5140834994382447,0.0,0.0,3.0,1.0,0.6621863712054554,0.0,3.85812470785124e-33,0.12076038594802249,1.3568007763615675,0.0,1.0,4.0,2.0,6.0,3.0,2.920672074927748,1.0
41.0,0.7,-0.45372234934357225,1.1320614433168088,1.13322398449671,-0.003614153946547987,0.00037727217592104027,0.05570012799442292,0.6042422065499494,1.83840040279675e-22,0.41600085574519885,0.55881813071518,0.0,0.0,3.0,1.0,0.7198086508251232,0.0,6.096203001341267e-33,0.12308438423413627,1.3829120102244612,1.0,1.0,4.0,2.0,6.0,3.0,2.9768795542525828,1.0
41.0,0.75,-0.45372234934357225,1.1320614433168088,1.13322398449671,-0.003614153946547987,0.00037727217592104027,0.05570012799442292,0.6042422065499494,7.733674661072054e-22,0.44166396332722585,0.5932916410680404,0.0,0.0,3.0,1.0,0.7642136720876596,0.0,8.536393777694736e-33,0.12482318210582505,1.402448237139624,1.0,1.0,4.0,2.0,6.0,3.0,3.0189335635033583,1.0
41.0,0.8,-0.45372234934357225,1.1320614433168088,1.13322398449671,-0.003614153946547987,0.00037727217592104027,0.05570012799442292,0.6042422065499494,9.382803135161893e-21,0.4900680746193032,0.6583133702726934,0.0,0.0,3.0,1.0,0.8479675816346147,0.0,1.6322925259190847e-32,0.12824055762849168,1.4408440879467657,1.0,1.0,4.0,2.0,6.0,3.0,3.101585115005438,1.0
41.0,0.85,-0.45372234934357225,1.1320614433168088,1.13322398449671,-0.003614153946547987,0.00037727217592104027,0.05570012799442292,0.6042422065499494,3.2046875455073017e-20,0.5158027145785934,0.692882970786898,0.0,0.0,3.0,1.0,0.8924963757770791,0.0,3.0070420845092975e-32,0.1315471048033811,1.477994729183513,1.0,1.0,4.0,2.0,6.0,3.0,3.1815562075314867,1.0
41.0,0.9,-0.45372234934357225,1.1320614433168088,1.13322398449671,-0.003614153946547987,0.00037727217592104027,0.05570012799442292,0.6042422065499494,1.0959151736764225e-17,0.6577586863326665,0.8835738544327151,0.0,0.0,4.0,2.0,1.1381236024851291,0.0,5.306818730016834e-32,0.1346977192052138,1.5133933910283206,1.0,1.0,4.0,2.0,6.0,3.0,3.257755959876257,1.0
41.0,0.95,-0.45372234934357225,1.1320614433168088,1.13322398449671,-0.003614153946547987,0.00037727217592104027,0.05570012799442292,0.6042422065499494,6.601111306906416e-17,0.7088591183227392,0.9522175783314973,0.0,0.0,4.0,2.0,1.2265429710978815,1.0,1.0582482286558552e-31,0.13862768240725717,1.5575484099258248,1.0,1.0,4.0,2.0,6.0,3.0,3.352804793064335,1.0
42.0,0.4,2.5507033931990257,1.1655647315997462,0.9668015567202174,-0.0023294285253586617,-0.00042900463845311386,0.15153364045534784,1.4947691688798201,7.741024743979172e-27,0.3206099292516408,0.5863851609409818,0.0,0.0,2.0,0.0,0.8073052109847205,0.0,9.779981211426728e-30,0.31445448460919656,2.4855702082349547,1.0,1.0,4.0,2.0,6.0,3.0,6.288121396330579,1.0
42.0,0.45,2.5507033931990257,1.1655647315997462,0.9668015567202174,-0.0023294285253586617,-0.00042900463845311386,0.15153364045534784,1.4947691688798201,5.391477097480408e-26,0.34761474465347725,0.6357760923527117,0.0,0.0,2.0,0.0,0.8753041286928233,0.0,1.1715031524868802e-29,0.3168288246319748,2.504337912668148,1.0,1.0,4.0,2.0,6.0,3.0,6.335600885509912,1.0
42.0,0.5,2.5507033931990257,1.1655647315997462,0.9668015567202174,-0.0023294285253586617,-0.00042900463845311386,0.15153364045534784,1.4947691688798201,7.872659249140821e-25,0.38870079291479964,0.7109211419099103,0.0,0.0,2.0,0.0,0.9787600039913752,0.0,2.1426225505747276e-29,0.32490005007492634,2.5681360090123,1.0,1.0,4.0,2.0,6.0,3.0,6.497000540743028,1.0
42.0,0.55,2.5507033931990257,1.1655647315997462,0.9668015567202174,-0.0023294285253586617,-0.00042900463845311386,0.15153364045534784,1.4947691688798201,1.794459289439234e-23,0.4427829945037028,0.8098357343455695,0.0,0.0,2.0,0.0,1.1149405747745686,0.0,3.0672988524543013e-29,0.32979333854966614,2.6068144589896587,1.0,1.0,4.0,2.0,6.0,3.0,6.594851242394396,1.0
42.0,0.6,2.5507033931990257,1.1655647315997462,0.9668015567202174,-0.0023294285253586617,-0.00042900463845311386,0.15153364045534784,1.4947691688798201,4.929075426852012e-22,0.5083259257944406,0.9297116296529083,0.0,0.0,2.0,0.0,1.2799795992917897,0.0,4.2361208962171826e-29,0.3342597287311438,2.642118539283603,1.0,1.0,4.0,2.0,6.0,3.0,6.684165292723223,1.0
42.0,0.65,2.5507033931990257,1.1655647315997462,0.9668015567202174,-0.0023294285253586617,-0.00042900463845311386,0.15153364045534784,1.4947691688798201,1.7301126274566027e-20,0.5895628798814827,1.0782913835859083,0.0,0.0,2.0,0.0,1.4845366337918682,0.0,6.132214575467362e-29,0.33945152538869977,2.6831565137150144,1.0,1.0,4.0,2.0,6.0,3.0,6.787985238838308,1.0
42.0,0.7,2.5507033931990257,1.1655647315997462,0.9668015567202174,-0.0023294285253586617,-0.00042900463845311386,0.15153364045534784,1.4947691688798201,5.396980224774353e-19,0.6804297865548635,1.2444840084314686,0.0,0.0,3.0,1.0,1.7133421715202577,0.0,1.074174392214679e-28,0.3474736090384619,2.7465661742660425,1.0,1.0,4.0,2.0,6.0,3.0,6.948402209529364,1.0
42.0,0.75,2.5507033931990257,1.1655647315997462,0.9668015567202174,-0.0023294285253586617,-0.00042900463845311386,0.15153364045534784,1.4947691688798201,2.2417535166862014e-18,0.7220238222197146,1.3205581504720767,0.0,0.0,3.0,1.0,1.8180771740091015,0.0,1.6066089443787015e-28,0.35335125067345974,2.793025333405682,1.0,1.0,4.0,2.0,6.0,3.0,7.0659369432792305,1.0
42.0,0.8,2.5507033931990257,1.1655647315997462,0.9668015567202174,-0.0023294285253586617,-0.00042900463845311386,0.15153364045534784,1.4947691688798201,2.803586692255974e-17,0.8021675980259583,1.467138516789043,0.0,0.0,3.0,1.0,2.0198815535159804,0.0,2.0414735880721423e-28,0.3568957411495319,2.821042360867213,1.0,1.0,4.0,2.0,6.0,3.0,7.136815838294443,1.0
42.0,0.85,2.5507033931990257,1.1655647315997462,0.9668015567202174,-0.0023294285253586617,-0.00042900463845311386,0.15153364045534784,1.4947691688798201,3.1119550577064796e-16,0.8867885714352642,1.621907532294649,0.0,0.0,4.0,2.0,2.232959647982334,0.0,3.686162414543955e-28,0.3657920912514041,2.8913625625419415,1.0,1.0,5.0,2.0,6.0,3.0,7.314715445909694,1.0
42.0,0.9,2.5507033931990257,1.1655647315997462,0.9668015567202174,-0.0023294285253586617,-0.00042900463845311386,0.15153364045534784,1.4947691688798201,6.8273940295547195e-15,1.0085659988102926,1.8446344968554926,0.0,0.0,4.0,2.0,2.539598783986793,0.0,6.0438432916897245e-28,0.3734064010036276,2.9515490200507943,1.0,1.0,5.0,2.0,6.0,3.0,7.466978194303145,1.0
42.0,0.95,2.5507033931990257,1.1655647315997462,0.9668015567202174,-0.0023294285253586617,-0.00042900463845311386,0.15153364045534784,1.4947691688798201,3.649821458185147e-13,1.1904331626768065,2.1772636403217343,1.0,1.0,6.0,3.0,2.997545639965825,1.0,2.5674722150548713e-27,0.39660341398761856,3.1349072076902686,1.0,1.0,5.0,2.0,6.0,3.0,7.930847023704242,1.0
43.0,0.4,2.1409928444052975,1.142075622010205,0.03875826566247825,0.00253291750891037,-3.7845618317562306e-5,0.14147309198866082,0.7395034585767515,5.584652613543894e-34,0.1408311445404916,0.30687248953853974,0.0,0.0,3.0,0.0,0.23893922157043426,0.0,3.0122823776917456e-33,0.19584786601052187,1.5609504721368856,0.0,1.0,4.0,1.0,6.0,3.0,2.0276035580379066,1.0
43.0,0.45,2.1409928444052975,1.142075622010205,0.03875826566247825,0.00253291750891037,-3.7845618317562306e-5,0.14147309198866082,0.7395034585767515,3.020293022898075e-33,0.15109238629158475,0.3292318391851615,0.0,0.0,3.0,0.0,0.25634881604864507,0.0,4.831808172497264e-33,0.19974201522648652,1.5919876959834043,0.0,1.0,5.0,2.0,6.0,3.0,2.0679194979899727,1.0
43.0,0.5,2.1409928444052975,1.142075622010205,0.03875826566247825,0.00253291750891037,-3.7845618317562306e-5,0.14147309198866082,0.7395034585767515,3.3651878615566293e-32,0.16705747902718818,0.3640199378651354,0.0,0.0,3.0,0.0,0.2834357707346385,0.0,6.524066064464957e-33,0.20225679527941895,1.6120310448894086,0.0,1.0,5.0,2.0,6.0,3.0,2.093954895193302,1.0
43.0,0.55,2.1409928444052975,1.142075622010205,0.03875826566247825,0.00253291750891037,-3.7845618317562306e-5,0.14147309198866082,0.7395034585767515,1.286997243058082e-31,0.17666055996872143,0.3849451484453924,0.0,0.0,3.0,0.0,0.2997287057408444,0.0,9.096718467843588e-33,0.20507767658018497,1.6345140879164706,0.0,1.0,5.0,2.0,6.0,3.0,2.123159343925608,1.0
43.0,0.6,2.1409928444052975,1.142075622010205,0.03875826566247825,0.00253291750891037,-3.7845618317562306e-5,0.14147309198866082,0.7395034585767515,2.7275299478009857e-30,0.20063079728939007,0.43717653820952423,0.0,0.0,3.0,0.0,0.34039747872388576,0.0,1.2599797491558128e-32,0.20788030193051027,1.6568516270121378,0.0,1.0,5.0,2.0,6.0,3.0,2.152174789679106,1.0
43.0,0.65,2.1409928444052975,1.142075622010205,0.03875826566247825,0.00253291750891037,-3.7845618317562306e-5,0.14147309198866082,0.7395034585767515,3.1456344316223147e-28,0.24451849407848164,0.5328082737728806,0.0,0.0,3.0,0.0,0.4148589349700908,0.0,2.134332104063225e-32,0.212496006967918,1.693639809105473,0.0,1.0,5.0,2.0,6.0,3.0,2.199960962423,1.0
43.0,0.7,2.1409928444052975,1.142075622010205,0.03875826566247825,0.00253291750891037,-3.7845618317562306e-5,0.14147309198866082,0.7395034585767515,2.0054054288910285e-27,0.26413885633741696,0.5755612417452195,0.0,0.0,3.0,0.0,0.4481475523450068,0.0,3.266089176231138e-32,0.2162964336067677,1.7239300434443825,0.0,1.0,5.0,2.0,6.0,3.0,2.2393065970319546,1.0
43.0,0.75,2.1409928444052975,1.142075622010205,0.03875826566247825,0.00253291750891037,-3.7845618317562306e-5,0.14147309198866082,0.7395034585767515,1.8375603558244277e-26,0.2896791711709451,0.6312138463032221,0.0,0.0,3.0,0.0,0.4914801757139267,0.0,4.9274079418100144e-32,0.22003442295528847,1.7537226388771185,0.0,1.0,5.0,2.0,6.0,3.0,2.2780058213705083,1.0
43.0,0.8,2.1409928444052975,1.142075622010205,0.03875826566247825,0.00253291750891037,-3.7845618317562306e-5,0.14147309198866082,0.7395034585767515,6.342227631775544e-26,0.30502395276488303,0.6646502807263126,0.0,0.0,3.0,0.0,0.5175146880456056,0.0,7.89295489702522e-32,0.22439672174279882,1.788491117547193,0.0,1.0,6.0,3.0,6.0,3.0,2.3231684913702195,1.0
43.0,0.85,2.1409928444052975,1.142075622010205,0.03875826566247825,0.00253291750891037,-3.7845618317562306e-5,0.14147309198866082,0.7395034585767515,3.7897370559016125e-23,0.39812175843847686,0.8675113416858558,0.0,0.0,4.0,1.0,0.6754677977085629,0.0,1.3126361157619267e-31,0.2292033028628839,1.826800623908411,0.0,1.0,6.0,3.0,6.0,3.0,2.372930795037897,1.0
43.0,0.9,2.1409928444052975,1.142075622010205,0.03875826566247825,0.00253291750891037,-3.7845618317562306e-5,0.14147309198866082,0.7395034585767515,1.143816125934261e-21,0.45885138224288224,0.9998418067005642,0.0,0.0,4.0,1.0,0.7785038774438792,0.0,3.5991558800007883e-31,0.23904145176771985,1.9052128297229571,1.0,1.0,6.0,3.0,6.0,3.0,2.4747846785153937,1.0
43.0,0.95,2.1409928444052975,1.142075622010205,0.03875826566247825,0.00253291750891037,-3.7845618317562306e-5,0.14147309198866082,0.7395034585767515,8.378810495185965e-20,0.5487482320090231,1.1957279523356015,0.0,0.0,4.0,1.0,0.9310261293565597,0.0,5.935550468011047e-31,0.24407636800737845,1.9453422170967387,1.0,1.0,6.0,3.0,6.0,3.0,2.5269109247181802,1.0
44.0,0.4,-0.3608765774139193,0.21433481428651838,0.03908699053774373,-0.0016668689092769874,-0.0009166973254654017,0.016008886871796135,-0.09423386544614387,7.645632423314059e-32,0.13880582144219317,0.24779675529114645,0.0,0.0,4.0,1.0,0.11672314566690913,0.0,2.6631451763904255e-34,0.14277045275536202,1.0382220334495451,1.0,1.0,6.0,3.0,6.0,3.0,0.8576046280368492,1.0
44.0,0.45,-0.3608765774139193,0.21433481428651838,0.03908699053774373,-0.0016668689092769874,-0.0009166973254654017,0.016008886871796135,-0.09423386544614387,5.192361005580075e-31,0.15033923117222064,0.26838624843235703,0.0,0.0,4.0,1.0,0.12642170045349482,0.0,3.5915972872859246e-34,0.144560797844122,1.0512413640095863,1.0,1.0,6.0,3.0,6.0,3.0,0.8683590117645139,1.0
44.0,0.5,-0.3608765774139193,0.21433481428651838,0.03908699053774373,-0.0016668689092769874,-0.0009166973254654017,0.016008886871796135,-0.09423386544614387,1.3698182512506247e-30,0.15654038988285432,0.2794565838950551,0.0,0.0,4.0,1.0,0.13163631424969183,0.0,5.077284372430333e-34,0.14666107490750166,1.0665145096883062,1.0,1.0,6.0,3.0,6.0,3.0,0.8809751189138023,1.0
44.0,0.55,-0.3608765774139193,0.21433481428651838,0.03908699053774373,-0.0016668689092769874,-0.0009166973254654017,0.016008886871796135,-0.09423386544614387,6.777133944334626e-29,0.1841728920536603,0.3287862467820896,0.0,0.0,4.0,1.0,0.15487275017516486,0.0,1.1819027224155603e-33,0.15191632897563914,1.1047305443062312,1.0,1.0,6.0,3.0,6.0,3.0,0.9125427866164944,1.0
44.0,0.6,-0.3608765774139193,0.21433481428651838,0.03908699053774373,-0.0016668689092769874,-0.0009166973254654017,0.016008886871796135,-0.09423386544614387,2.791894093205413e-28,0.195364017436961,0.3487646924209361,0.0,0.0,4.0,1.0,0.1642834747738853,0.0,2.348118054396576e-33,0.15632444015233327,1.136786183699496,1.0,1.0,6.0,3.0,6.0,3.0,0.9390217706995075,1.0
44.0,0.65,-0.3608765774139193,0.21433481428651838,0.03908699053774373,-0.0016668689092769874,-0.0009166973254654017,0.016008886871796135,-0.09423386544614387,7.114260834901533e-27,0.2235823565544516,0.3991401939695613,0.0,0.0,4.0,1.0,0.18801254660291372,0.0,3.3279753002892e-33,0.15861261390870876,1.1534257079454595,1.0,1.0,6.0,3.0,6.0,3.0,0.9527665502764314,1.0
44.0,0.7,-0.3608765774139193,0.21433481428651838,0.03908699053774373,-0.0016668689092769874,-0.0009166973254654017,0.016008886871796135,-0.09423386544614387,4.6899277106823785e-26,0.24185999774823533,0.4317695184109832,0.0,0.0,4.0,1.0,0.20338239026900232,1.0,5.489900219743486e-33,0.16195538909471707,1.1777342590777378,1.0,1.0,6.0,3.0,6.0,3.0,0.9728461915094795,1.0
44.0,0.75,-0.3608765774139193,0.21433481428651838,0.03908699053774373,-0.0016668689092769874,-0.0009166973254654017,0.016008886871796135,-0.09423386544614387,2.0427421705503141e-25,0.25715265922821356,0.4590700441031472,0.0,0.0,5.0,2.0,0.21624213588353056,1.0,1.0829977501561093e-32,0.16660564021340268,1.2115507321596408,1.0,1.0,6.0,3.0,6.0,3.0,1.000779680574979,1.0
44.0,0.8,-0.3608765774139193,0.21433481428651838,0.03908699053774373,-0.0016668689092769874,-0.0009166973254654017,0.016008886871796135,-0.09423386544614387,1.3701648101846277e-24,0.27837548628007536,0.4969571271297525,0.0,0.0,5.0,2.0,0.234088614566485,1.0,1.8145860727278043e-32,0.17022732865646134,1.2378875313173492,1.0,1.0,6.0,3.0,6.0,3.0,1.0225347195913277,1.0
44.0,0.85,-0.3608765774139193,0.21433481428651838,0.03908699053774373,-0.0016668689092769874,-0.0009166973254654017,0.016008886871796135,-0.09423386544614387,1.143461562887799e-23,0.30410578869008026,0.5428909747422928,0.0,0.0,5.0,2.0,0.25572547248103134,1.0,3.4644472303229473e-32,0.1748765725977742,1.2716966802385463,1.0,1.0,6.0,3.0,6.0,3.0,1.0504621586656737,1.0
44.0,0.9,-0.3608765774139193,0.21433481428651838,0.03908699053774373,-0.0016668689092769874,-0.0009166973254654017,0.016008886871796135,-0.09423386544614387,1.4043559753340195e-21,0.37160111226018955,0.6633839195210132,1.0,1.0,6.0,3.0,0.31248293699551494,1.0,5.620857177800508e-32,0.1784385386845708,1.2975991803871523,1.0,1.0,6.0,3.0,6.0,3.0,1.0718584528007171,1.0
44.0,0.95,-0.3608765774139193,0.21433481428651838,0.03908699053774373,-0.0016668689092769874,-0.0009166973254654017,0.016008886871796135,-0.09423386544614387,5.306498538796638e-19,0.47584530686654863,0.849481108478987,1.0,1.0,6.0,3.0,0.40014287939234744,1.0,2.935033970656625e-31,0.19116018061814974,1.3901105418222044,1.0,1.0,6.0,3.0,6.0,3.0,1.1482757981821143,1.0
45.0,0.4,-0.33984438747222767,0.04238984088262526,0.04207754724472079,0.0013496569084260586,0.0007695668650650055,-0.11065833041785084,-0.08522943099426195,1.1306074181802194e-33,0.11243235969515508,0.1761695176132087,0.0,0.0,4.0,1.0,0.10815709065701365,0.0,3.046822579169046e-34,0.08955769310394233,0.9188314336002608,1.0,1.0,6.0,3.0,6.0,3.0,0.9928995493819007,1.0
45.0,0.45,-0.33984438747222767,0.04238984088262526,0.04207754724472079,0.0013496569084260586,0.0007695668650650055,-0.11065833041785084,-0.08522943099426195,1.2022566844641912e-32,0.12407088574269835,0.1944058467722133,0.0,0.0,5.0,2.0,0.11935305879511184,0.0,5.031382539746449e-34,0.09144912870585728,0.9382369187734109,1.0,1.0,6.0,3.0,6.0,3.0,1.013869334240545,1.0
45.0,0.5,-0.33984438747222767,0.04238984088262526,0.04207754724472079,0.0013496569084260586,0.0007695668650650055,-0.11065833041785084,-0.08522943099426195,7.061225043354034e-31,0.1470189561381925,0.23036302585027885,0.0,0.0,5.0,2.0,0.14142852298441272,0.0,8.031699869576223e-34,0.09324872683370948,0.9567001827366716,1.0,1.0,6.0,3.0,6.0,3.0,1.0338209442952964,1.0
45.0,0.55,-0.33984438747222767,0.04238984088262526,0.04207754724472079,0.0013496569084260586,0.0007695668650650055,-0.11065833041785084,-0.08522943099426195,7.871264597783182e-28,0.19694208010950193,0.3085872372038095,0.0,0.0,5.0,2.0,0.18945330748494585,1.0,1.223850413374598e-33,0.09489965065900828,0.9736380989847322,1.0,1.0,6.0,3.0,6.0,3.0,1.0521242465063145,1.0
45.0,0.6,-0.33984438747222767,0.04238984088262526,0.04207754724472079,0.0013496569084260586,0.0007695668650650055,-0.11065833041785084,-0.08522943099426195,1.986524888099544e-26,0.22529795502490768,0.3530178692646501,0.0,0.0,5.0,2.0,0.21673094305356624,1.0,1.634849763134077e-33,0.09605150556639291,0.985455738086081,1.0,1.0,6.0,3.0,6.0,3.0,1.0648945198224005,1.0
45.0,0.65,-0.33984438747222767,0.04238984088262526,0.04207754724472079,0.0013496569084260586,0.0007695668650650055,-0.11065833041785084,-0.08522943099426195,1.2451901926331203e-24,0.26769370164261996,0.4194474830408345,0.0,0.0,5.0,2.0,0.2575145806365216,1.0,2.5536285694290504e-33,0.09785300602113486,1.003938519275419,1.0,1.0,6.0,3.0,6.0,3.0,1.084867220410485,1.0
45.0,0.7,-0.33984438747222767,0.04238984088262526,0.04207754724472079,0.0013496569084260586,0.0007695668650650055,-0.11065833041785084,-0.08522943099426195,9.726373465347686e-24,0.29163162774173357,0.45695566044612645,1.0,1.0,6.0,3.0,0.28054226101486285,1.0,3.4466731580775614e-33,0.09908340830583946,1.0165620277198366,1.0,1.0,6.0,3.0,6.0,3.0,1.098508325174357,1.0
45.0,0.75,-0.33984438747222767,0.04238984088262526,0.04207754724472079,0.0013496569084260586,0.0007695668650650055,-0.11065833041785084,-0.08522943099426195,1.4232324375966808e-23,0.2962942060421553,0.4642614234154908,1.0,1.0,6.0,3.0,0.2850275435909953,1.0,5.243261361727198e-33,0.10083067217705667,1.034488360031737,1.0,1.0,6.0,3.0,6.0,3.0,1.117879720866398,1.0
45.0,0.8,-0.33984438747222767,0.04238984088262526,0.04207754724472079,0.0013496569084260586,0.0007695668650650055,-0.11065833041785084,-0.08522943099426195,2.0800850385516835e-22,0.33132691090676836,0.5191539359752065,1.0,1.0,6.0,3.0,0.3187281209539165,1.0,6.788713175250303e-33,0.10192179815614953,1.0456829410092165,1.0,1.0,6.0,3.0,6.0,3.0,1.1299767105879055,1.0
45.0,0.85,-0.33984438747222767,0.04238984088262526,0.04207754724472079,0.0013496569084260586,0.0007695668650650055,-0.11065833041785084,-0.08522943099426195,1.112151655709025e-21,0.3552986029687512,0.5567150210434397,1.0,1.0,6.0,3.0,0.34178828333581146,1.0,1.0914515803802518e-32,0.10395836790823194,1.0665774531396373,1.0,1.0,6.0,3.0,6.0,3.0,1.1525555546720256,1.0
45.0,0.9,-0.33984438747222767,0.04238984088262526,0.04207754724472079,0.0013496569084260586,0.0007695668650650055,-0.11065833041785084,-0.08522943099426195,1.0263326858515075e-20,0.38976874075682155,0.6107260509875784,1.0,1.0,6.0,3.0,0.3749476853781821,1.0,3.0413489356315486e-32,0.10849349340044613,1.1131062963148624,1.0,1.0,6.0,3.0,6.0,3.0,1.202835144303523,1.0
45.0,0.95,-0.33984438747222767,0.04238984088262526,0.04207754724472079,0.0013496569084260586,0.0007695668650650055,-0.11065833041785084,-0.08522943099426195,2.269224788987747e-18,0.4880881111988211,0.7647820194806759,1.0,1.0,6.0,3.0,0.4695284367834565,1.0,5.386311281826078e-32,0.11110827625172114,1.1399330779404448,1.0,1.0,6.0,3.0,6.0,3.0,1.2318244653186285,1.0
46.0,0.4,-0.23566644386960678,0.7579100442186084,0.05317244430223317,-0.0035889054405075123,-0.0032821739691806483,-0.030812917348515212,-0.04310685175504669,1.1987573544678128e-30,0.1500950044939247,0.25246292435607204,0.0,0.0,4.0,1.0,0.1367318549051699,1.0,9.672529028243567e-33,0.1653401277573608,1.126096874389878,0.0,1.0,6.0,3.0,6.0,3.0,0.9625208740537002,1.0
46.0,0.45,-0.23566644386960678,0.7579100442186084,0.05317244430223317,-0.0035889054405075123,-0.0032821739691806483,-0.030812917348515212,-0.04310685175504669,2.5805437526408234e-29,0.17057173582980723,0.2869052130367706,0.0,0.0,4.0,1.0,0.15538551674681608,1.0,1.438552301777039e-32,0.1680974025718097,1.1448760938842613,0.0,1.0,6.0,3.0,6.0,3.0,0.9785722379930359,1.0
46.0,0.5,-0.23566644386960678,0.7579100442186084,0.05317244430223317,-0.0035889054405075123,-0.0032821739691806483,-0.030812917348515212,-0.04310685175504669,2.169967224342583e-28,0.18639659884204457,0.31352296228881443,0.0,0.0,4.0,1.0,0.16980147203179696,1.0,1.8560224465372837e-32,0.16989153285381708,1.1570955383120636,0.0,1.0,6.0,3.0,6.0,3.0,0.9890166949474802,1.0
46.0,0.55,-0.23566644386960678,0.7579100442186084,0.05317244430223317,-0.0035889054405075123,-0.0032821739691806483,-0.030812917348515212,-0.04310685175504669,4.356137817620556e-28,0.1918882292155989,0.3227599989794411,0.0,0.0,4.0,1.0,0.17480417555255304,1.0,2.4714698558272957e-32,0.17193088764943826,1.1709851553836745,0.0,1.0,6.0,3.0,6.0,3.0,1.0008887165009368,1.0
46.0,0.6,-0.23566644386960678,0.7579100442186084,0.05317244430223317,-0.0035889054405075123,-0.0032821739691806483,-0.030812917348515212,-0.04310685175504669,2.354338698200342e-27,0.20586395269033417,0.34626745700790784,0.0,0.0,5.0,2.0,0.18753562255030856,1.0,3.651149028013964e-32,0.1747492546802321,1.1901804611289195,0.0,1.0,6.0,3.0,6.0,3.0,1.0172957263096196,1.0
46.0,0.65,-0.23566644386960678,0.7579100442186084,0.05317244430223317,-0.0035889054405075123,-0.0032821739691806483,-0.030812917348515212,-0.04310685175504669,1.6789802745565384e-26,0.22342374873530274,0.3758033997633404,0.0,0.0,5.0,2.0,0.2035320475684523,1.0,7.833454550698201e-32,0.18039679709098147,1.2286446860148594,0.0,1.0,6.0,3.0,6.0,3.0,1.050172666294975,1.0
46.0,0.7,-0.23566644386960678,0.7579100442186084,0.05317244430223317,-0.0035889054405075123,-0.0032821739691806483,-0.030812917348515212,-0.04310685175504669,3.263239125583865e-25,0.25282565368215676,0.42525801638798943,0.0,0.0,5.0,2.0,0.23031626343681966,1.0,1.2670376162501929e-31,0.18404767264165717,1.2535100323900337,0.0,1.0,6.0,3.0,6.0,3.0,1.0714260908190845,1.0
46.0,0.75,-0.23566644386960678,0.7579100442186084,0.05317244430223317,-0.0035889054405075123,-0.0032821739691806483,-0.030812917348515212,-0.04310685175504669,2.9945236807497147e-24,0.2772890741225183,0.46640599919361153,0.0,0.0,5.0,2.0,0.2526016743698069,1.0,3.1883969780616426e-31,0.1912624068581799,1.3026480714189062,0.0,1.0,6.0,3.0,6.0,3.0,1.1134263745877262,1.0
46.0,0.8,-0.23566644386960678,0.7579100442186084,0.05317244430223317,-0.0035889054405075123,-0.0032821739691806483,-0.030812917348515212,-0.04310685175504669,1.4367290100136385e-23,0.2960122748737533,0.49789881290117194,0.0,0.0,5.0,2.0,0.26965792469012895,1.0,3.7730163454963455e-31,0.19260880158944546,1.3118180830738997,0.0,1.0,6.0,3.0,6.0,3.0,1.121264357121893,1.0
46.0,0.85,-0.23566644386960678,0.7579100442186084,0.05317244430223317,-0.0035889054405075123,-0.0032821739691806483,-0.030812917348515212,-0.04310685175504669,1.0344374884515857e-22,0.3213895699022036,0.540583951801905,0.0,0.0,5.0,2.0,0.2927758467916349,1.0,6.04503393822179e-31,0.19642904933145475,1.3378369878613985,0.0,1.0,6.0,3.0,6.0,3.0,1.1435037750152706,1.0
46.0,0.9,-0.23566644386960678,0.7579100442186084,0.05317244430223317,-0.0035889054405075123,-0.0032821739691806483,-0.030812917348515212,-0.04310685175504669,2.5002972683326037e-20,0.40395726199446386,0.6794645299612367,0.0,0.0,5.0,2.0,0.3679924320009757,1.0,1.1294705769916756e-30,0.20161239196849992,1.373139645610848,0.0,1.0,6.0,3.0,6.0,3.0,1.173678394771524,1.0
46.0,0.95,-0.23566644386960678,0.7579100442186084,0.05317244430223317,-0.0035889054405075123,-0.0032821739691806483,-0.030812917348515212,-0.04310685175504669,4.493896250092212e-19,0.4556293878241839,0.7663781220468021,0.0,0.0,5.0,2.0,0.4150641225972937,1.0,2.9942264057213755e-30,0.20997098889823823,1.4300682932690636,0.0,1.0,6.0,3.0,6.0,3.0,1.222337629113479,1.0
47.0,0.4,-0.6007516300729732,0.900455360550636,1.1931768364104187,0.0003125124811914144,-0.001903088838966821,0.1458222617272889,0.5952010142492882,2.121577753986424e-31,0.18931882027579122,0.238539159839179,0.0,0.0,2.0,0.0,0.3849710523787877,0.0,1.2472807722995093e-33,0.20445057463970043,1.0881981745568274,0.0,0.0,4.0,2.0,6.0,3.0,2.9325497999737564,1.0
47.0,0.45,-0.6007516300729732,0.900455360550636,1.1931768364104187,0.0003125124811914144,-0.001903088838966821,0.1458222617272889,0.5952010142492882,4.440544531315532e-30,0.2148949333309803,0.27076471729431817,0.0,0.0,2.0,0.0,0.4369788936714374,0.0,1.7438130403281523e-33,0.2073253096889956,1.1034990923384989,0.0,0.0,4.0,2.0,6.0,3.0,2.9737837446992472,1.0
47.0,0.5,-0.6007516300729732,0.900455360550636,1.1931768364104187,0.0003125124811914144,-0.001903088838966821,0.1458222617272889,0.5952010142492882,2.725613953937723e-29,0.23177184653942606,0.29202940028545865,0.0,0.0,2.0,0.0,0.47129731499529787,0.0,2.8458980516753927e-33,0.21159998463649604,1.126251258640263,0.0,0.0,4.0,2.0,6.0,3.0,3.0350978162509485,1.0
47.0,0.55,-0.6007516300729732,0.900455360550636,1.1931768364104187,0.0003125124811914144,-0.001903088838966821,0.1458222617272889,0.5952010142492882,1.3034048817103041e-28,0.2473876256934113,0.31170507137932785,0.0,0.0,2.0,0.0,0.5030512786311739,0.0,5.216965577264964e-33,0.2170112465019672,1.1550529643553582,0.0,0.0,4.0,2.0,6.0,3.0,3.112714594433933,1.0
47.0,0.6,-0.6007516300729732,0.900455360550636,1.1931768364104187,0.0003125124811914144,-0.001903088838966821,0.1458222617272889,0.5952010142492882,5.745010794384896e-27,0.2896588387215073,0.36496622960129443,0.0,0.0,2.0,0.0,0.5890078324542328,0.0,7.907972625262831e-33,0.22080515461445027,1.1752462256837553,0.0,0.0,4.0,2.0,6.0,3.0,3.1671327563588276,1.0
47.0,0.65,-0.6007516300729732,0.900455360550636,1.1931768364104187,0.0003125124811914144,-0.001903088838966821,0.1458222617272889,0.5952010142492882,2.078903170017189e-26,0.30560427657621586,0.38505726621133185,0.0,0.0,2.0,0.0,0.621432141789276,0.0,1.148669487305451e-32,0.22426661151472352,1.193669999189027,0.0,0.0,4.0,2.0,6.0,3.0,3.216782383210709,1.0
47.0,0.7,-0.6007516300729732,0.900455360550636,1.1931768364104187,0.0003125124811914144,-0.001903088838966821,0.1458222617272889,0.5952010142492882,1.5601159056927644e-25,0.3323771828441787,0.418790766971106,0.0,0.0,2.0,0.0,0.6758736066484052,0.0,1.8260832166329892e-32,0.22864051145504155,1.216950295363964,0.0,0.0,4.0,2.0,6.0,3.0,3.2795196947476857,1.0
47.0,0.75,-0.6007516300729732,0.900455360550636,1.1931768364104187,0.0003125124811914144,-0.001903088838966821,0.1458222617272889,0.5952010142492882,5.37532867298555e-25,0.34995849687839514,0.4409429855011041,0.0,0.0,2.0,0.0,0.7116243944258407,0.0,2.777021592103967e-32,0.23266923491386376,1.238393372848146,0.0,0.0,4.0,2.0,6.0,3.0,3.3373059455035934,1.0
47.0,0.8,-0.6007516300729732,0.900455360550636,1.1931768364104187,0.0003125124811914144,-0.001903088838966821,0.1458222617272889,0.5952010142492882,8.224159516520873e-24,0.39208342211303665,0.49401982307658376,0.0,0.0,2.0,0.0,0.7972834787965,0.0,5.674250516922229e-32,0.2397007247463088,1.275818821094334,0.0,0.0,4.0,2.0,6.0,3.0,3.4381625664154805,1.0
47.0,0.85,-0.6007516300729732,0.900455360550636,1.1931768364104187,0.0003125124811914144,-0.001903088838966821,0.1458222617272889,0.5952010142492882,3.08998837914228e-22,0.4560346776609128,0.5745975424328972,0.0,0.0,2.0,0.0,0.927325394932182,0.0,1.0573843418214044e-31,0.2459987285911455,1.3093402543276764,0.0,0.0,5.0,2.0,6.0,3.0,3.5284983844876887,1.0
47.0,0.9,-0.6007516300729732,0.900455360550636,1.1931768364104187,0.0003125124811914144,-0.001903088838966821,0.1458222617272889,0.5952010142492882,1.0971810009438594e-19,0.5824535028541412,0.733883556921679,0.0,0.0,3.0,1.0,1.1843922206404258,0.0,1.7715797446679293e-31,0.25134573611347777,1.33779996316145,0.0,1.0,5.0,2.0,6.0,3.0,3.6051935264196997,1.0
47.0,0.95,-0.6007516300729732,0.900455360550636,1.1931768364104187,0.0003125124811914144,-0.001903088838966821,0.1458222617272889,0.5952010142492882,1.9134026358507608e-18,0.6561325731741458,0.8267181916730613,0.0,0.0,3.0,1.0,1.3342151975534606,1.0,5.514321934869374e-31,0.2635230839403024,1.4026144920491619,1.0,1.0,5.0,2.0,6.0,3.0,3.779860088236403,1.0
48.0,0.4,1.422873351300816,0.8205444278232426,0.7258375559198329,-0.005019309726531001,-0.004989297962407119,-0.03734259344563745,0.9581831543801607,9.931805990295695e-28,0.2635339946339224,0.4697752177785386,0.0,0.0,3.0,1.0,0.6173846661599501,0.0,1.594330386236535e-30,0.2850313108560187,1.965273760008857,0.0,1.0,6.0,3.0,6.0,3.0,4.37174072335978,1.0
48.0,0.45,1.422873351300816,0.8205444278232426,0.7258375559198329,-0.005019309726531001,-0.004989297962407119,-0.03734259344563745,0.9581831543801607,4.6152388988201376e-27,0.2809540045911221,0.5008280957296944,0.0,0.0,3.0,1.0,0.6581947599274293,0.0,3.191346011578804e-30,0.293393655974905,2.02293162708644,0.0,1.0,6.0,3.0,6.0,3.0,4.500000333117148,1.0
48.0,0.5,1.422873351300816,0.8205444278232426,0.7258375559198329,-0.005019309726531001,-0.004989297962407119,-0.03734259344563745,0.9581831543801607,3.662320314801309e-26,0.3062788322085857,0.5459720872125547,0.0,0.0,3.0,1.0,0.7175235773192236,0.0,7.201674045618007e-30,0.3035136313900063,2.0927082494354132,1.0,1.0,6.0,3.0,6.0,3.0,4.655218047650784,1.0
48.0,0.55,1.422873351300816,0.8205444278232426,0.7258375559198329,-0.005019309726531001,-0.004989297962407119,-0.03734259344563745,0.9581831543801607,2.457210224244694e-25,0.3315600771496624,0.5910383882960436,0.0,0.0,3.0,1.0,0.7767502929835011,0.0,1.51258352732607e-29,0.3130450062690735,2.1584265064591146,1.0,1.0,6.0,3.0,6.0,3.0,4.801407950729453,1.0
48.0,0.6,1.422873351300816,0.8205444278232426,0.7258375559198329,-0.005019309726531001,-0.004989297962407119,-0.03734259344563745,0.9581831543801607,5.887428924222314e-25,0.34385396677938856,0.6129534535086838,0.0,0.0,3.0,1.0,0.8055513550832853,0.0,2.5386238364117977e-29,0.31987237731206625,2.2055008195243757,1.0,1.0,6.0,3.0,6.0,3.0,4.906124502509325,1.0
48.0,0.65,1.422873351300816,0.8205444278232426,0.7258375559198329,-0.005019309726531001,-0.004989297962407119,-0.03734259344563745,0.9581831543801607,7.132507643218307e-24,0.3815155371252644,0.6800889000596774,0.0,0.0,3.0,1.0,0.8937816271107979,0.0,5.337016373920418e-29,0.32993058642553647,2.274851566935316,1.0,1.0,6.0,3.0,6.0,3.0,5.06039486057408,1.0
48.0,0.7,1.422873351300816,0.8205444278232426,0.7258375559198329,-0.005019309726531001,-0.004989297962407119,-0.03734259344563745,0.9581831543801607,7.666072326495301e-23,0.42119609907408245,0.7508233973566015,0.0,0.0,3.0,1.0,0.9867418181701749,0.0,6.98674579514882e-29,0.33365419988340755,2.3005256579647977,1.0,1.0,6.0,3.0,6.0,3.0,5.117506735556996,1.0
48.0,0.75,1.422873351300816,0.8205444278232426,0.7258375559198329,-0.005019309726531001,-0.004989297962407119,-0.03734259344563745,0.9581831543801607,1.0043287025944272e-21,0.46885508483326677,0.8357802183740413,0.0,0.0,3.0,1.0,1.0983931709807635,0.0,8.905256680954857e-29,0.33704436845043617,2.323900666509574,1.0,1.0,6.0,3.0,6.0,3.0,5.169504314135375,1.0
48.0,0.8,1.422873351300816,0.8205444278232426,0.7258375559198329,-0.005019309726531001,-0.004989297962407119,-0.03734259344563745,0.9581831543801607,1.6726106354190096e-20,0.5271512668218539,0.9396988859728386,0.0,0.0,4.0,2.0,1.2349644277759988,0.0,1.2180217822156563e-28,0.34147121561165733,2.3544235116643373,1.0,1.0,6.0,3.0,6.0,3.0,5.237402216133153,1.0
48.0,0.85,1.422873351300816,0.8205444278232426,0.7258375559198329,-0.005019309726531001,-0.004989297962407119,-0.03734259344563745,0.9581831543801607,2.0620900369168674e-19,0.5853154033216833,1.0433821695244128,0.0,0.0,4.0,2.0,1.3712263398124755,0.0,2.1256905009557273e-28,0.3494869588659738,2.409691579714004,1.0,1.0,6.0,3.0,6.0,3.0,5.360345731032096,1.0
48.0,0.9,1.422873351300816,0.8205444278232426,0.7258375559198329,-0.005019309726531001,-0.004989297962407119,-0.03734259344563745,0.9581831543801607,2.9671508620242394e-18,0.6540956889781744,1.1659897811838957,0.0,0.0,4.0,2.0,1.5323588485706183,0.0,3.9218538590053372e-28,0.3585204629872382,2.471977047781128,1.0,1.0,6.0,3.0,6.0,3.0,5.498899413864222,1.0
48.0,0.95,1.422873351300816,0.8205444278232426,0.7258375559198329,-0.005019309726531001,-0.004989297962407119,-0.03734259344563745,0.9581831543801607,1.0706207798990309e-11,1.2270491392581802,2.1873355557817673,1.0,1.0,6.0,3.0,2.8746246732043113,1.0,7.4659738939967885e-28,0.3682677961010546,2.539184323855879,1.0,1.0,6.0,3.0,6.0,3.0,5.6484016316726695,1.0
49.0,0.4,-0.20209703867330853,-0.781320634777594,-0.7803894546260198,-0.00043745587824424497,-0.0024604294494119184,0.03358349380002612,-0.5876249826417825,7.90853025667447e-37,0.1077036362808972,0.16982070306087854,0.0,0.0,3.0,1.0,0.17531710467710246,0.0,7.227206013769836e-37,0.08231455397485875,1.0616575562123853,0.0,0.0,4.0,2.0,4.0,2.0,1.7990845156382331,1.0
49.0,0.45,-0.20209703867330853,-0.781320634777594,-0.7803894546260198,-0.00043745587824424497,-0.0024604294494119184,0.03358349380002612,-0.5876249826417825,8.594548789456477e-36,0.11896037841828086,0.18756966614100964,0.0,0.0,4.0,2.0,0.1936405291014724,0.0,1.358846687616219e-36,0.0845087407380046,1.0899572291662896,0.0,0.0,4.0,2.0,4.0,2.0,1.8470411313200696,1.0
49.0,0.5,-0.20209703867330853,-0.781320634777594,-0.7803894546260198,-0.00043745587824424497,-0.0024604294494119184,0.03358349380002612,-0.5876249826417825,2.0284340572742727e-33,0.14937390885560975,0.23552391633884331,0.0,0.0,4.0,2.0,0.24314686225233498,0.0,2.1469961747226026e-36,0.08613490203688397,1.1109307550764551,0.0,0.0,4.0,2.0,4.0,2.0,1.882582860837763,1.0
49.0,0.55,-0.20209703867330853,-0.781320634777594,-0.7803894546260198,-0.00043745587824424497,-0.0024604294494119184,0.03358349380002612,-0.5876249826417825,1.6214705560210559e-31,0.17928993912178404,0.2826937377861191,0.0,0.0,4.0,2.0,0.29184337790218307,0.0,5.003048469206492e-36,0.08922522273597805,1.1507883763947317,0.0,0.0,4.0,2.0,4.0,2.0,1.9501255716905084,1.0
49.0,0.6,-0.20209703867330853,-0.781320634777594,-0.7803894546260198,-0.00043745587824424497,-0.0024604294494119184,0.03358349380002612,-0.5876249826417825,8.266174587015112e-30,0.2112016949502242,0.33301030088301403,0.0,0.0,4.0,2.0,0.34378848235913506,0.0,9.042101382406577e-36,0.0914528866714773,1.1795198234550772,0.0,0.0,4.0,2.0,4.0,2.0,1.9988138716189323,1.0
49.0,0.65,-0.20209703867330853,-0.781320634777594,-0.7803894546260198,-0.00043745587824424497,-0.0024604294494119184,0.03358349380002612,-0.5876249826417825,1.0642445343643145e-28,0.23492889438188813,0.37042194108652604,0.0,0.0,4.0,2.0,0.38241098434789395,0.0,1.4900034878438236e-35,0.09337608575349937,1.2043244143680412,0.0,0.0,4.0,2.0,4.0,2.0,2.0408477225222907,1.0
49.0,0.7,-0.20209703867330853,-0.781320634777594,-0.7803894546260198,-0.00043745587824424497,-0.0024604294494119184,0.03358349380002612,-0.5876249826417825,3.2553407947278216e-28,0.24613189449055362,0.3880861669245733,0.0,0.0,4.0,2.0,0.40064692893221665,0.0,2.4283427388013553e-35,0.09529587684725689,1.229085050520664,0.0,0.0,4.0,2.0,6.0,3.0,2.0828070877044698,1.0
49.0,0.75,-0.20209703867330853,-0.781320634777594,-0.7803894546260198,-0.00043745587824424497,-0.0024604294494119184,0.03358349380002612,-0.5876249826417825,2.908069394601248e-27,0.26964553949923104,0.42516108718523465,0.0,0.0,4.0,2.0,0.4389218127307101,0.0,3.9760647503146963e-35,0.09727399552201221,1.2545979706147246,0.0,1.0,4.0,2.0,6.0,3.0,2.1260412729851685,1.0
49.0,0.8,-0.20209703867330853,-0.781320634777594,-0.7803894546260198,-0.00043745587824424497,-0.0024604294494119184,0.03358349380002612,-0.5876249826417825,1.1600322194097704e-25,0.31440971780806964,0.49574258744696537,0.0,0.0,4.0,2.0,0.5117877474878924,0.0,7.590173684103979e-35,0.09993018296820984,1.288856328788341,0.0,1.0,4.0,2.0,6.0,3.0,2.184095474512476,1.0
49.0,0.85,-0.20209703867330853,-0.781320634777594,-0.7803894546260198,-0.00043745587824424497,-0.0024604294494119184,0.03358349380002612,-0.5876249826417825,2.0320786285219578e-24,0.35424785547415283,0.5585569991112654,0.0,0.0,4.0,2.0,0.5766352047560022,0.0,2.2072966256711904e-34,0.10447532327688899,1.3474775849300988,0.0,1.0,4.0,2.0,6.0,3.0,2.2834350342365726,1.0
49.0,0.9,-0.20209703867330853,-0.781320634777594,-0.7803894546260198,-0.00043745587824424497,-0.0024604294494119184,0.03358349380002612,-0.5876249826417825,3.0355963183633935e-23,0.396493929715697,0.6251681022921295,0.0,0.0,4.0,2.0,0.6454022369171538,0.0,6.340518469717114e-34,0.10917119395459321,1.4080428962540663,0.0,1.0,4.0,2.0,6.0,3.0,2.3860689891782174,1.0
49.0,0.95,-0.20209703867330853,-0.781320634777594,-0.7803894546260198,-0.00043745587824424497,-0.0024604294494119184,0.03358349380002612,-0.5876249826417825,9.450611314047122e-19,0.6101742432666876,0.9620865419152704,0.0,0.0,4.0,2.0,0.9932253484837176,0.0,3.3731196628500074e-33,0.11704535522269668,1.50960042655023,0.0,1.0,4.0,2.0,6.0,3.0,2.5581683437517717,1.0
50.0,0.4,-0.15603883404593244,0.08908654979366326,0.10097847127532661,3.1721215518712045e-5,-0.002926058226360829,0.20852383451745946,0.015306369501573713,5.707343828636417e-31,0.13990098434389422,0.19637953182603543,0.0,0.0,3.0,1.0,0.15777854204088737,1.0,3.5701416611497076e-35,0.0823234891839437,0.6400341634497521,0.0,1.0,4.0,2.0,6.0,3.0,0.9565824076456904,1.0
50.0,0.45,-0.15603883404593244,0.08908654979366326,0.10097847127532661,3.1721215518712045e-5,-0.002926058226360829,0.20852383451745946,0.015306369501573713,6.530208589429818e-30,0.154854790831167,0.21737024558519788,0.0,0.0,3.0,1.0,0.17464325386967472,1.0,5.590676634054756e-35,0.08387635665538362,0.6521071239484336,0.0,1.0,4.0,2.0,6.0,3.0,0.9746264157326847,1.0
50.0,0.5,-0.15603883404593244,0.08908654979366326,0.10097847127532661,3.1721215518712045e-5,-0.002926058226360829,0.20852383451745946,0.015306369501573713,1.7044558998004059e-29,0.16117045267915903,0.22623556360062727,0.0,0.0,3.0,1.0,0.18176597658011662,1.0,9.436594263061026e-35,0.08572599059854842,0.666487332139763,0.0,1.0,4.0,2.0,6.0,3.0,0.9961187906083707,1.0
50.0,0.55,-0.15603883404593244,0.08908654979366326,0.10097847127532661,3.1721215518712045e-5,-0.002926058226360829,0.20852383451745946,0.015306369501573713,5.26989756265652e-29,0.1689316831729548,0.23713003169828567,0.0,0.0,3.0,1.0,0.1905189931331972,1.0,1.5070011980121527e-34,0.08741445925928992,0.6796145408805652,0.0,1.0,4.0,2.0,6.0,3.0,1.0157384572762573,1.0
50.0,0.6,-0.15603883404593244,0.08908654979366326,0.10097847127532661,3.1721215518712045e-5,-0.002926058226360829,0.20852383451745946,0.015306369501573713,1.800122461615405e-28,0.17780348573001564,0.24958341392986433,0.0,0.0,3.0,1.0,0.20052449866478686,1.0,2.147872581826828e-34,0.08871469495871866,0.6897233843761551,0.0,1.0,4.0,2.0,6.0,3.0,1.0308469349197074,1.0
50.0,0.65,-0.15603883404593244,0.08908654979366326,0.10097847127532661,3.1721215518712045e-5,-0.002926058226360829,0.20852383451745946,0.015306369501573713,3.426278149475478e-27,0.20102664642011048,0.2821818509260703,0.0,0.0,4.0,2.0,0.22671528247126502,1.0,3.3390455943941175e-34,0.09036067643910446,0.7025202712707157,0.0,1.0,4.0,2.0,6.0,3.0,1.0499729090864431,1.0
50.0,0.7,-0.15603883404593244,0.08908654979366326,0.10097847127532661,3.1721215518712045e-5,-0.002926058226360829,0.20852383451745946,0.015306369501573713,2.0214678630667564e-26,0.21645725022513357,0.30384184685272314,0.0,0.0,5.0,2.0,0.2441177202209703,1.0,4.478241468432651e-34,0.09147266979981232,0.7111656013877626,0.0,1.0,4.0,2.0,6.0,3.0,1.0628940485670015,1.0
50.0,0.75,-0.15603883404593244,0.08908654979366326,0.10097847127532661,3.1721215518712045e-5,-0.002926058226360829,0.20852383451745946,0.015306369501573713,1.9558950985276997e-25,0.23792609876762325,0.33397774936542185,0.0,0.0,5.0,2.0,0.2683300132095899,1.0,8.97990580961949e-34,0.09416327027029048,0.7320840080098654,0.0,1.0,4.0,2.0,6.0,3.0,1.0941582855615226,1.0
50.0,0.8,-0.15603883404593244,0.08908654979366326,0.10097847127532661,3.1721215518712045e-5,-0.002926058226360829,0.20852383451745946,0.015306369501573713,8.395976416478616e-25,0.2528166384185087,0.3548796552311437,0.0,0.0,5.0,2.0,0.2851233735089256,1.0,1.3902703023156154e-33,0.09589390640725502,0.7455390530175305,0.0,1.0,5.0,3.0,6.0,3.0,1.1142679298327594,1.0
50.0,0.85,-0.15603883404593244,0.08908654979366326,0.10097847127532661,3.1721215518712045e-5,-0.002926058226360829,0.20852383451745946,0.015306369501573713,8.077201100906324e-24,0.27782536227938204,0.3899844938882654,0.0,0.0,5.0,2.0,0.3133278926377716,1.0,2.1043232176878802e-33,0.09756444104508492,0.7585268314758546,0.0,1.0,5.0,3.0,6.0,3.0,1.1336792067568975,1.0
50.0,0.9,-0.15603883404593244,0.08908654979366326,0.10097847127532661,3.1721215518712045e-5,-0.002926058226360829,0.20852383451745946,0.015306369501573713,7.133291296028772e-23,0.30422140447604856,0.4270367164509002,0.0,0.0,5.0,2.0,0.34309701165413503,1.0,5.178139384741236e-33,0.10129448043723883,0.7875264847419783,0.0,1.0,5.0,3.0,6.0,3.0,1.1770215152247432,1.0
50.0,0.95,-0.15603883404593244,0.08908654979366326,0.10097847127532661,3.1721215518712045e-5,-0.002926058226360829,0.20852383451745946,0.015306369501573713,1.6338806955034322e-20,0.38152253895123783,0.535544606292074,0.0,0.0,5.0,2.0,0.4302762431141618,1.0,1.0609392560327002e-32,0.10436758808607569,0.8114187408005072,0.0,1.0,5.0,3.0,6.0,3.0,1.2127304087959365,1.0
51.0,0.4,-0.1882728527200448,0.7429476775128503,0.19993756487597547,0.0013677523443308343,0.0010094852992615514,-0.36264719342751267,0.07053442567730211,6.541901737156834e-35,0.12780600794858354,0.22473754343858854,0.0,0.0,2.0,0.0,0.11311590749949961,0.0,8.62930098147981e-34,0.1794858642122654,1.2608886294501591,0.0,0.0,5.0,2.0,6.0,3.0,1.0876612462190987,1.0
51.0,0.45,-0.1882728527200448,0.7429476775128503,0.19993756487597547,0.0013677523443308343,0.0010094852992615514,-0.36264719342751267,0.07053442567730211,8.352564611730833e-33,0.15642497559951235,0.2750619107265933,0.0,0.0,2.0,0.0,0.13844539356588223,0.0,1.4936308356174338e-33,0.18363610363666857,1.290044071427122,0.0,0.0,5.0,2.0,6.0,3.0,1.1128111632015056,1.0
51.0,0.5,-0.1882728527200448,0.7429476775128503,0.19993756487597547,0.0013677523443308343,0.0010094852992615514,-0.36264719342751267,0.07053442567730211,4.935179800948287e-32,0.16844232470326032,0.29619354263944325,0.0,0.0,2.0,0.0,0.14908146123928626,1.0,2.483976109602628e-33,0.18756958119202216,1.3176767607506517,0.0,1.0,5.0,2.0,6.0,3.0,1.136647531143948,1.0
51.0,0.55,-0.1882728527200448,0.7429476775128503,0.19993756487597547,0.0013677523443308343,0.0010094852992615514,-0.36264719342751267,0.07053442567730211,1.16886916609054e-30,0.19218545444998456,0.3379441045924396,0.0,0.0,2.0,0.0,0.17009554118190953,1.0,3.694891238379462e-33,0.19069881846262138,1.3396596601319866,0.0,1.0,5.0,2.0,6.0,3.0,1.1556103064265177,1.0
51.0,0.6,-0.1882728527200448,0.7429476775128503,0.19993756487597547,0.0013677523443308343,0.0010094852992615514,-0.36264719342751267,0.07053442567730211,2.562703891225558e-29,0.2185710827125092,0.38434130745468026,0.0,0.0,2.0,0.0,0.1934483892503715,1.0,5.930344280213058e-33,0.19449551714465405,1.3663314775401916,0.0,1.0,5.0,2.0,6.0,3.0,1.1786178119932762,1.0
51.0,0.65,-0.1882728527200448,0.7429476775128503,0.19993756487597547,0.0013677523443308343,0.0010094852992615514,-0.36264719342751267,0.07053442567730211,1.635453780058267e-27,0.25989536273508473,0.4570070398854921,0.0,0.0,3.0,1.0,0.2300228313407434,1.0,1.0129956633976216e-32,0.1988832687435482,1.397155443116414,0.0,1.0,5.0,2.0,6.0,3.0,1.2052070221970899,1.0
51.0,0.7,-0.1882728527200448,0.7429476775128503,0.19993756487597547,0.0013677523443308343,0.0010094852992615514,-0.36264719342751267,0.07053442567730211,8.629601444259116e-26,0.3065936929012616,0.5391226475371512,0.0,0.0,3.0,1.0,0.27135362697582366,1.0,1.6252363127306944e-32,0.20283961987079568,1.4249488193377249,0.0,1.0,5.0,2.0,6.0,3.0,1.2291820010425176,1.0
51.0,0.75,-0.1882728527200448,0.7429476775128503,0.19993756487597547,0.0013677523443308343,0.0010094852992615514,-0.36264719342751267,0.07053442567730211,1.0898314528610138e-24,0.3407638958931038,0.5992084572924635,0.0,0.0,3.0,1.0,0.30159628600965654,1.0,2.6994114292021365e-32,0.20717347222260535,1.4553941425730421,0.0,1.0,5.0,2.0,6.0,3.0,1.2554445887431516,1.0
51.0,0.8,-0.1882728527200448,0.7429476775128503,0.19993756487597547,0.0013677523443308343,0.0010094852992615514,-0.36264719342751267,0.07053442567730211,1.5805203405018834e-23,0.38093154616242947,0.6698403406610471,0.0,0.0,4.0,2.0,0.33714704207556223,1.0,4.6482789776553303e-32,0.21191828995878972,1.488726498625845,0.0,1.0,5.0,2.0,6.0,3.0,1.2841975738022848,1.0
51.0,0.85,-0.1882728527200448,0.7429476775128503,0.19993756487597547,0.0013677523443308343,0.0010094852992615514,-0.36264719342751267,0.07053442567730211,3.7660706436006893e-22,0.4347360165689547,0.7644515776385866,0.0,0.0,5.0,2.0,0.3847671938607,1.0,9.177766107964379e-32,0.21801111739023882,1.5315286260425804,0.0,1.0,5.0,2.0,6.0,3.0,1.321119324192893,1.0
51.0,0.9,-0.1882728527200448,0.7429476775128503,0.19993756487597547,0.0013677523443308343,0.0010094852992615514,-0.36264719342751267,0.07053442567730211,6.875196304640106e-21,0.49066357073839373,0.862796102565966,0.0,0.0,5.0,2.0,0.4342664008670607,1.0,1.664421784719372e-31,0.2234861296415864,1.5699906003274207,0.0,1.0,5.0,2.0,6.0,3.0,1.3542971940741835,1.0
51.0,0.95,-0.1882728527200448,0.7429476775128503,0.19993756487597547,0.0013677523443308343,0.0010094852992615514,-0.36264719342751267,0.07053442567730211,6.239173188179005e-19,0.592052967797359,1.0410819624522891,0.0,0.0,5.0,2.0,0.5240020388330461,1.0,4.916662343390952e-31,0.23380342332300777,1.6424696133499581,0.0,1.0,5.0,2.0,6.0,3.0,1.4168186664608453,1.0
52.0,0.4,-0.01286584058944873,1.1618267673923832,0.1172316962746637,-0.002149169813818501,7.500929465011365e-5,0.20405165596298733,0.07386618398662631,6.306853814936264e-34,0.13972595567823773,0.21797824608958621,0.0,0.0,3.0,1.0,0.14261568392623797,0.0,4.001946578450862e-34,0.17391304026251578,1.0561988855197166,0.0,0.0,5.0,2.0,6.0,3.0,1.083373074885413,1.0
52.0,0.45,-0.01286584058944873,1.1618267673923832,0.1172316962746637,-0.002149169813818501,7.500929465011365e-5,0.20405165596298733,0.07386618398662631,1.4076058722316124e-32,0.159027269234555,0.24808909024741554,0.0,0.0,3.0,1.0,0.1623161756505375,1.0,5.1318283475958385e-34,0.17572444569287837,1.0671998110045766,0.0,0.0,5.0,2.0,6.0,3.0,1.0946570353520575,1.0
52.0,0.5,-0.01286584058944873,1.1618267673923832,0.1172316962746637,-0.002149169813818501,7.500929465011365e-5,0.20405165596298733,0.07386618398662631,8.207160323314223e-32,0.17114974710431827,0.2670006550421187,0.0,0.0,3.0,1.0,0.1746893633226847,1.0,9.896543553929362e-34,0.18059927026940886,1.0968053211898028,0.0,0.0,6.0,3.0,6.0,3.0,1.1250242446368284,1.0
52.0,0.55,-0.01286584058944873,1.1618267673923832,0.1172316962746637,-0.002149169813818501,7.500929465011365e-5,0.20405165596298733,0.07386618398662631,2.937751447997742e-31,0.18048960060063995,0.28157121119955986,0.0,0.0,3.0,1.0,0.18422237805629763,1.0,1.9467980393731412e-33,0.18576299929816945,1.1281653896301582,0.0,0.0,6.0,3.0,6.0,3.0,1.1571911539572517,1.0
52.0,0.6,-0.01286584058944873,1.1618267673923832,0.1172316962746637,-0.002149169813818501,7.500929465011365e-5,0.20405165596298733,0.07386618398662631,2.3323130287395865e-30,0.19676265549145364,0.30695784710697555,0.0,0.0,3.0,1.0,0.2008319824891845,1.0,3.125735524849373e-33,0.18946421138514902,1.1506433825134927,0.0,1.0,6.0,3.0,6.0,3.0,1.180247467120552,1.0
52.0,0.65,-0.01286584058944873,1.1618267673923832,0.1172316962746637,-0.002149169813818501,7.500929465011365e-5,0.20405165596298733,0.07386618398662631,1.1947890394977396e-29,0.21062278844219903,0.32858022540102166,0.0,0.0,3.0,1.0,0.21497876238046712,1.0,4.5872684811614545e-33,0.19251693270240972,1.169182997761585,0.0,1.0,6.0,3.0,6.0,3.0,1.1992640749336108,1.0
52.0,0.7,-0.01286584058944873,1.1618267673923832,0.1172316962746637,-0.002149169813818501,7.500929465011365e-5,0.20405165596298733,0.07386618398662631,1.0551271500628403e-28,0.23063360642185324,0.3597979256833347,0.0,0.0,4.0,1.0,0.23540343207221526,1.0,6.903426870902333e-33,0.19582367981922993,1.1892653481949345,0.0,1.0,6.0,3.0,6.0,3.0,1.2198631098674506,1.0
52.0,0.75,-0.01286584058944873,1.1618267673923832,0.1172316962746637,-0.002149169813818501,7.500929465011365e-5,0.20405165596298733,0.07386618398662631,8.097583319231597e-27,0.27635438894211817,0.4311242296276131,0.0,0.0,4.0,1.0,0.28206978434097946,1.0,1.083211636305157e-32,0.1995341484173427,1.2117995572005793,0.0,1.0,6.0,3.0,6.0,3.0,1.2429770854976598,1.0
52.0,0.8,-0.01286584058944873,1.1618267673923832,0.1172316962746637,-0.002149169813818501,7.500929465011365e-5,0.20405165596298733,0.07386618398662631,7.711591792185396e-26,0.30356327171747427,0.47357120747535897,0.0,0.0,4.0,1.0,0.30984138487890744,1.0,1.9164357724427046e-32,0.2043343770783556,1.2409520356711334,0.0,1.0,6.0,3.0,6.0,3.0,1.2728796073372224,1.0
52.0,0.85,-0.01286584058944873,1.1618267673923832,0.1172316962746637,-0.002149169813818501,7.500929465011365e-5,0.20405165596298733,0.07386618398662631,2.5287884836417316e-23,0.386431847460614,0.602849598943502,0.0,0.0,4.0,1.0,0.3944237987062749,1.0,3.337122233844054e-32,0.20911154707812926,1.269964475578359,0.0,1.0,6.0,3.0,6.0,3.0,1.3026384876609338,1.0
52.0,0.9,-0.01286584058944873,1.1618267673923832,0.1172316962746637,-0.002149169813818501,7.500929465011365e-5,0.20405165596298733,0.07386618398662631,1.3845802520166275e-21,0.4565690615312857,0.7122665418051497,0.0,0.0,4.0,1.0,0.46601154848988746,1.0,8.839757031901946e-32,0.21777391433334278,1.3225722767363897,0.0,1.0,6.0,3.0,6.0,3.0,1.3565997974908457,1.0
52.0,0.95,-0.01286584058944873,1.1618267673923832,0.1172316962746637,-0.002149169813818501,7.500929465011365e-5,0.20405165596298733,0.07386618398662631,2.860461520247559e-18,0.6275327483350194,0.9789769351146399,0.0,0.0,5.0,2.0,0.6405110035246626,1.0,2.2688306664608673e-31,0.22649707461764088,1.3755492826962543,0.0,1.0,6.0,3.0,6.0,3.0,1.4109398111301514,1.0
53.0,0.4,-0.2938601085084389,0.22792988219457946,0.22697891583648827,0.000571502789014564,-0.00037671435696111935,-0.0694436477575639,0.05336624105484594,7.390542746004419e-34,0.13419536667347565,0.20900760758731005,0.0,0.0,3.0,1.0,0.15070262103178217,1.0,6.586627422552171e-35,0.09688675603122714,1.2505693087745644,1.0,1.0,4.0,2.0,6.0,3.0,1.4337945528821878,1.0
53.0,0.45,-0.2938601085084389,0.22792988219457946,0.22697891583648827,0.000571502789014564,-0.00037671435696111935,-0.0694436477575639,0.05336624105484594,1.3912562465625166e-32,0.15165310422189338,0.23619781578399252,0.0,0.0,3.0,1.0,0.17030781956470237,1.0,1.3065861559236505e-34,0.09969174658371134,1.286774825813537,1.0,1.0,4.0,2.0,6.0,3.0,1.475304665716821,1.0
53.0,0.5,-0.2938601085084389,0.22792988219457946,0.22697891583648827,0.000571502789014564,-0.00037671435696111935,-0.0694436477575639,0.05336624105484594,2.2743445780418734e-31,0.17037728174935357,0.2653604884310806,0.0,0.0,3.0,1.0,0.19133524174775446,1.0,1.8472557481151896e-34,0.10114057354810073,1.3054756122740354,1.0,1.0,4.0,2.0,6.0,3.0,1.4967453692216508,1.0
53.0,0.55,-0.2938601085084389,0.22792988219457946,0.22697891583648827,0.000571502789014564,-0.00037671435696111935,-0.0694436477575639,0.05336624105484594,4.751728723525806e-30,0.19337997172234964,0.30118689077645144,0.0,0.0,3.0,1.0,0.2171674724397935,1.0,3.5393475472525473e-34,0.1039182727844659,1.3413288656628184,1.0,1.0,4.0,2.0,6.0,3.0,1.5378516070377022,1.0
53.0,0.6,-0.2938601085084389,0.22792988219457946,0.22697891583648827,0.000571502789014564,-0.00037671435696111935,-0.0694436477575639,0.05336624105484594,5.86573338356104e-29,0.21472837494818486,0.33443676217400803,0.0,0.0,3.0,1.0,0.24114192402279758,1.0,7.048238665318486e-34,0.10694409534248618,1.3803847798028097,1.0,1.0,4.0,2.0,6.0,3.0,1.5826297385325703,1.0
53.0,0.65,-0.2938601085084389,0.22792988219457946,0.22697891583648827,0.000571502789014564,-0.00037671435696111935,-0.0694436477575639,0.05336624105484594,2.206051863669175e-28,0.22691332293974978,0.35341466648936004,0.0,0.0,3.0,1.0,0.2548257317799826,1.0,1.3351323129227797e-33,0.1098289838410586,1.417621582471573,1.0,1.0,4.0,2.0,6.0,3.0,1.6253222342292215,1.0
53.0,0.7,-0.2938601085084389,0.22792988219457946,0.22697891583648827,0.000571502789014564,-0.00037671435696111935,-0.0694436477575639,0.05336624105484594,1.2410160155154577e-26,0.26840054819998044,0.4180305016856323,0.0,0.0,3.0,1.0,0.3014162642330565,1.0,1.897143216535138e-33,0.11144851623110508,1.4385257553897546,1.0,1.0,4.0,2.0,6.0,3.0,1.6492891499789508,1.0
53.0,0.75,-0.2938601085084389,0.22792988219457946,0.22697891583648827,0.000571502789014564,-0.00037671435696111935,-0.0694436477575639,0.05336624105484594,1.0055384318805802e-25,0.2928482403854293,0.45610747692982756,0.0,0.0,3.0,1.0,0.32887124559236136,1.0,3.0647945964347887e-33,0.11369817921804834,1.4675633617851074,1.0,1.0,4.0,2.0,6.0,3.0,1.68258115673641,1.0
53.0,0.8,-0.2938601085084389,0.22792988219457946,0.22697891583648827,0.000571502789014564,-0.00037671435696111935,-0.0694436477575639,0.05336624105484594,1.65261680654022e-24,0.3290787565729336,0.5125360533979623,1.0,1.0,6.0,3.0,0.36955844580007563,1.0,5.373582530836358e-33,0.11638967338590946,1.50230392013333,1.0,1.0,4.0,2.0,6.0,3.0,1.722411674704723,1.0
53.0,0.85,-0.2938601085084389,0.22792988219457946,0.22697891583648827,0.000571502789014564,-0.00037671435696111935,-0.0694436477575639,0.05336624105484594,2.4684924356596415e-22,0.40540957262228516,0.6314203460761189,1.0,1.0,6.0,3.0,0.4552786485856296,1.0,9.947877787708224e-33,0.11941500130165379,1.5413534496602486,1.0,1.0,4.0,2.0,6.0,3.0,1.7671824861547272,1.0
53.0,0.9,-0.2938601085084389,0.22792988219457946,0.22697891583648827,0.000571502789014564,-0.00037671435696111935,-0.0694436477575639,0.05336624105484594,7.715145053847073e-20,0.5150491539327456,0.8021826246451824,1.0,1.0,6.0,3.0,0.5784048986335713,1.0,2.609740430092033e-32,0.12431160510048031,1.6045565403496282,1.0,1.0,4.0,2.0,6.0,3.0,1.8396456807333226,1.0
53.0,0.95,-0.2938601085084389,0.22792988219457946,0.22697891583648827,0.000571502789014564,-0.00037671435696111935,-0.0694436477575639,0.05336624105484594,4.181333261323493e-16,0.7369377262940797,1.147771304864294,1.0,1.0,6.0,3.0,0.8275877896734506,1.0,9.035174614702981e-32,0.1309134120640412,1.689769602580987,1.0,1.0,4.0,2.0,6.0,3.0,1.937343604074698,1.0
54.0,0.4,0.23499039880588501,-0.8697820819443306,-0.8828336630023498,-0.000692113074094923,-0.0022812391035748223,0.043069984548455786,-0.5102253090662714,7.804093964151628e-31,0.18876724798490577,0.29814429407455506,0.0,0.0,4.0,2.0,0.31731280120962174,0.0,1.2713561942534239e-33,0.1300230629932631,1.389669353631435,0.0,0.0,4.0,2.0,4.0,2.0,2.382055879555754,1.0
54.0,0.45,0.23499039880588501,-0.8697820819443306,-0.8828336630023498,-0.000692113074094923,-0.0022812391035748223,0.043069984548455786,-0.5102253090662714,1.683420406694062e-30,0.19491169507899464,0.30784900641687873,0.0,0.0,4.0,2.0,0.327641455889514,0.0,2.2061152325255186e-33,0.13304353189672496,1.4219517270204947,0.0,0.0,4.0,2.0,4.0,2.0,2.437391644956693,1.0
54.0,0.5,0.23499039880588501,-0.8697820819443306,-0.8828336630023498,-0.000692113074094923,-0.0022812391035748223,0.043069984548455786,-0.5102253090662714,6.041464390735654e-30,0.2055705035821171,0.3246838279802753,0.0,0.0,4.0,2.0,0.34555863389463676,0.0,2.806653672386437e-33,0.13438489570067838,1.4362880464973025,0.0,0.0,4.0,2.0,4.0,2.0,2.46196577405559,1.0
54.0,0.55,0.23499039880588501,-0.8697820819443306,-0.8828336630023498,-0.000692113074094923,-0.0022812391035748223,0.043069984548455786,-0.5102253090662714,8.824474942650907e-29,0.22987067813419848,0.3630642062771401,0.0,0.0,4.0,2.0,0.38640659104459896,0.0,3.979197791194593e-33,0.13635384985373433,1.4573319688770499,0.0,0.0,4.0,2.0,4.0,2.0,2.4980375193974567,1.0
54.0,0.6,0.23499039880588501,-0.8697820819443306,-0.8828336630023498,-0.000692113074094923,-0.0022812391035748223,0.043069984548455786,-0.5102253090662714,9.372543753064259e-28,0.25365334982435933,0.40062722601686146,0.0,0.0,4.0,2.0,0.4263846394338891,0.0,6.403373555993865e-33,0.13908371820708532,1.4865084419024293,0.0,0.0,4.0,2.0,6.0,3.0,2.5480494081486853,1.0
54.0,0.65,0.23499039880588501,-0.8697820819443306,-0.8828336630023498,-0.000692113074094923,-0.0022812391035748223,0.043069984548455786,-0.5102253090662714,1.0359046966296589e-26,0.2803613864618494,0.44281064932999137,0.0,0.0,4.0,2.0,0.47128014970232757,0.0,1.2309380604141912e-32,0.14292310165491512,1.5275432659671824,0.0,0.0,4.0,2.0,6.0,3.0,2.618387898146,1.0
54.0,0.7,0.23499039880588501,-0.8697820819443306,-0.8828336630023498,-0.000692113074094923,-0.0022812391035748223,0.043069984548455786,-0.5102253090662714,6.274243479440672e-26,0.30221192528034274,0.477322004137205,0.0,0.0,4.0,2.0,0.5080103333250189,0.0,1.608925921268304e-32,0.144526757584889,1.5446829291034794,0.0,0.0,4.0,2.0,6.0,3.0,2.647767286300983,1.0
54.0,0.75,0.23499039880588501,-0.8697820819443306,-0.8828336630023498,-0.000692113074094923,-0.0022812391035748223,0.043069984548455786,-0.5102253090662714,5.739432221127804e-25,0.3314103591786185,0.5234388308410625,0.0,0.0,4.0,2.0,0.5570921361806536,0.0,2.76589580317807e-32,0.14782654151763194,1.5799505846975939,0.0,1.0,4.0,2.0,6.0,3.0,2.708220174714026,1.0
54.0,0.8,0.23499039880588501,-0.8697820819443306,-0.8828336630023498,-0.000692113074094923,-0.0022812391035748223,0.043069984548455786,-0.5102253090662714,2.4316564180126277e-23,0.3873995685689934,0.611869760929213,0.0,0.0,4.0,2.0,0.6512085311529029,0.0,5.715013767487199e-32,0.15236491633702814,1.6284561363791006,0.0,1.0,4.0,2.0,6.0,3.0,2.7913643660082337,1.0
54.0,0.85,0.23499039880588501,-0.8697820819443306,-0.8828336630023498,-0.000692113074094923,-0.0022812391035748223,0.043069984548455786,-0.5102253090662714,1.6155220365303947e-21,0.46141627717231837,0.7287738296796615,0.0,0.0,4.0,2.0,0.7756286802728148,0.0,8.684201405128101e-32,0.15504448975508744,1.6570950637675081,0.0,1.0,4.0,2.0,6.0,3.0,2.840454838638617,1.0
54.0,0.9,0.23499039880588501,-0.8697820819443306,-0.8828336630023498,-0.000692113074094923,-0.0022812391035748223,0.043069984548455786,-0.5102253090662714,2.0021994340368722e-19,0.5640392756547896,0.8908594762364045,0.0,0.0,4.0,2.0,0.9481352536568138,0.0,1.5095720812720384e-31,0.15865782686385654,1.6957139343647638,0.0,1.0,4.0,2.0,6.0,3.0,2.9066521016980675,1.0
54.0,0.95,0.23499039880588501,-0.8697820819443306,-0.8828336630023498,-0.000692113074094923,-0.0022812391035748223,0.043069984548455786,-0.5102253090662714,4.389575266700286e-17,0.7060695428735475,1.115186070013642,0.0,0.0,4.0,2.0,1.1868844139525603,1.0,4.6065082303278704e-31,0.16620716864169868,1.7764003038998382,0.0,1.0,4.0,2.0,6.0,3.0,3.0449579803222044,1.0
55.0,0.4,0.8100184078007505,0.6115141455736601,0.8101701630225469,-0.0005750567124431409,0.00593488166790992,0.019085347047178403,0.810119911281948,3.724308257100112e-30,0.187746784050683,0.25537063325127696,0.0,0.0,3.0,1.0,0.3528715576065338,0.0,4.416873441761489e-31,0.19348506541708863,1.060733573026514,1.0,1.0,4.0,2.0,6.0,3.0,2.5862740163651234,1.0
55.0,0.45,0.8100184078007505,0.6115141455736601,0.8101701630225469,-0.0005750567124431409,0.00593488166790992,0.019085347047178403,0.810119911281948,3.625499650734591e-29,0.20642039286871536,0.2807702230927745,0.0,0.0,3.0,1.0,0.3879687522832498,0.0,5.926927409292553e-31,0.19587043711065796,1.0738107778953327,1.0,1.0,4.0,2.0,6.0,3.0,2.618158776137939,1.0
55.0,0.5,0.8100184078007505,0.6115141455736601,0.8101701630225469,-0.0005750567124431409,0.00593488166790992,0.019085347047178403,0.810119911281948,1.6704571745611432e-28,0.21998703107496778,0.29922338066529713,0.0,0.0,3.0,1.0,0.41346735551915,0.0,1.4319628124232971e-30,0.20320363910804906,1.1140132273177203,1.0,1.0,4.0,2.0,6.0,3.0,2.7161801388809783,1.0
55.0,0.55,0.8100184078007505,0.6115141455736601,0.8101701630225469,-0.0005750567124431409,0.00593488166790992,0.019085347047178403,0.810119911281948,8.293680041918731e-28,0.2351762218174605,0.319883512225461,0.0,0.0,3.0,1.0,0.442015559011356,0.0,1.8345068173155443e-30,0.20531198297609385,1.125571696285332,1.0,1.0,4.0,2.0,6.0,3.0,2.744361926202562,1.0
55.0,0.6,0.8100184078007505,0.6115141455736601,0.8101701630225469,-0.0005750567124431409,0.00593488166790992,0.019085347047178403,0.810119911281948,3.552895805493607e-27,0.24987331323359407,0.3398742969457828,0.0,0.0,3.0,1.0,0.46963885794837873,0.0,2.730631242447236e-30,0.2087430154028107,1.1443814751037427,1.0,1.0,4.0,2.0,6.0,3.0,2.790223812211158,1.0
55.0,0.65,0.8100184078007505,0.6115141455736601,0.8101701630225469,-0.0005750567124431409,0.00593488166790992,0.019085347047178403,0.810119911281948,1.1415869946992565e-25,0.28874101667740065,0.3927416208344744,0.0,0.0,3.0,1.0,0.5426910123389559,0.0,3.842046617252455e-30,0.21173424358792106,1.160780136952346,1.0,1.0,4.0,2.0,6.0,3.0,2.8302069277838924,1.0
55.0,0.7,0.8100184078007505,0.6115141455736601,0.8101701630225469,-0.0005750567124431409,0.00593488166790992,0.019085347047178403,0.810119911281948,3.439081434303551e-24,0.332759687892925,0.45261522133329113,0.0,0.0,3.0,1.0,0.6254244511785729,0.0,5.6041950715137475e-30,0.21509106866322333,1.1791830924904116,1.0,1.0,4.0,2.0,6.0,3.0,2.875076899794511,1.0
55.0,0.75,0.8100184078007505,0.6115141455736601,0.8101701630225469,-0.0005750567124431409,0.00593488166790992,0.019085347047178403,0.810119911281948,3.471954502322615e-22,0.40330739958353345,0.5485732634374677,0.0,0.0,3.0,1.0,0.7580194302921505,0.0,1.1550223647486122e-29,0.22167102284957066,1.2152560488159518,1.0,1.0,4.0,2.0,6.0,3.0,2.963029758090517,1.0
55.0,0.8,0.8100184078007505,0.6115141455736601,0.8101701630225469,-0.0005750567124431409,0.00593488166790992,0.019085347047178403,0.810119911281948,1.2030817933845766e-21,0.4247413768893605,0.5777274691159252,0.0,0.0,3.0,1.0,0.7983047592571915,0.0,1.476902626444804e-29,0.22395322447263433,1.2277676495267393,1.0,1.0,4.0,2.0,6.0,3.0,2.9935354653145483,1.0
55.0,0.85,0.8100184078007505,0.6115141455736601,0.8101701630225469,-0.0005750567124431409,0.00593488166790992,0.019085347047178403,0.810119911281948,1.2602240671013985e-20,0.4684151461836987,0.6371319386921099,0.0,0.0,3.0,1.0,0.8803899522226338,0.0,2.3089174247707727e-29,0.22816183913590543,1.2508403288554515,1.0,1.0,4.0,2.0,6.0,3.0,3.0497911288979247,1.0
55.0,0.9,0.8100184078007505,0.6115141455736601,0.8101701630225469,-0.0005750567124431409,0.00593488166790992,0.019085347047178403,0.810119911281948,1.2851241589163042e-18,0.5679607418779633,0.7725325099368212,0.0,0.0,4.0,2.0,1.0674866824442433,0.0,4.1729575101970947e-29,0.23385831918724706,1.2820698587703747,1.0,1.0,4.0,2.0,6.0,3.0,3.12593477497091,1.0
55.0,0.95,0.8100184078007505,0.6115141455736601,0.8101701630225469,-0.0005750567124431409,0.00593488166790992,0.019085347047178403,0.810119911281948,1.9056034477744621e-16,0.699488042121871,0.9514341626226549,0.0,0.0,4.0,2.0,1.3146932779634546,0.0,9.169184665966384e-29,0.24165629096507182,1.3248202924972425,1.0,1.0,4.0,2.0,6.0,3.0,3.2301686172360053,1.0
56.0,0.4,0.9806055443337401,0.7258847603121134,0.7367548069245584,0.0003178636889330011,-0.0018764275564618295,0.11273982163736462,0.8180387193942857,1.751619287418138e-30,0.20264886330108106,0.30415416342268853,0.0,0.0,2.0,0.0,0.43232814000217135,0.0,3.0471781689274997e-31,0.19144955766085922,1.2494762874290777,1.0,1.0,4.0,2.0,6.0,3.0,3.451783280618161,1.0
56.0,0.45,0.9806055443337401,0.7258847603121134,0.7367548069245584,0.0003178636889330011,-0.0018764275564618295,0.11273982163736462,0.8180387193942857,1.4611920377391443e-28,0.2436671523037682,0.3657182066322801,0.0,0.0,2.0,0.0,0.5198359616683423,0.0,4.822761375424796e-31,0.19514733023170716,1.273609428294123,1.0,1.0,4.0,2.0,6.0,3.0,3.5184531109981907,1.0
56.0,0.5,0.9806055443337401,0.7258847603121134,0.7367548069245584,0.0003178636889330011,-0.0018764275564618295,0.11273982163736462,0.8180387193942857,1.2152259809654812e-26,0.29295093873919065,0.4396878731252893,0.0,0.0,2.0,0.0,0.6249772754404033,0.0,7.8527611164101724e-31,0.1991519468706094,1.2997451561155264,1.0,1.0,4.0,2.0,6.0,3.0,3.5906552561916265,1.0
56.0,0.55,0.9806055443337401,0.7258847603121134,0.7367548069245584,0.0003178636889330011,-0.0018764275564618295,0.11273982163736462,0.8180387193942857,2.0233967769998176e-24,0.36253857859082705,0.5441314413686889,0.0,0.0,2.0,0.0,0.773434535027896,0.0,1.0400913226085502e-30,0.20149762656410156,1.3150539987722134,1.0,1.0,4.0,2.0,6.0,3.0,3.632947220960876,1.0
56.0,0.6,0.9806055443337401,0.7258847603121134,0.7367548069245584,0.0003178636889330011,-0.0018764275564618295,0.11273982163736462,0.8180387193942857,3.939061995071333e-24,0.37274247486214823,0.5594463929726587,0.0,0.0,2.0,0.0,0.7952033790465333,0.0,1.3449609347824164e-30,0.20366740339633788,1.3292148290923058,1.0,1.0,4.0,2.0,6.0,3.0,3.672067705143208,1.0
56.0,0.65,0.9806055443337401,0.7258847603121134,0.7367548069245584,0.0003178636889330011,-0.0018764275564618295,0.11273982163736462,0.8180387193942857,2.1318775674937618e-23,0.39991338912727137,0.6002270149959852,0.0,0.0,3.0,1.0,0.8531694126824915,0.0,2.11635242187823e-30,0.20755098070317063,1.3545606058837103,1.0,1.0,4.0,2.0,6.0,3.0,3.7420875442094346,1.0
56.0,0.7,0.9806055443337401,0.7258847603121134,0.7367548069245584,0.0003178636889330011,-0.0018764275564618295,0.11273982163736462,0.8180387193942857,9.625377750935412e-23,0.42583686708035695,0.6391353691875045,0.0,0.0,3.0,1.0,0.9084741838185305,0.0,2.9464880394627078e-30,0.21043258265866546,1.373367091295278,1.0,1.0,4.0,2.0,6.0,3.0,3.794042041116624,1.0
56.0,0.75,0.9806055443337401,0.7258847603121134,0.7367548069245584,0.0003178636889330011,-0.0018764275564618295,0.11273982163736462,0.8180387193942857,2.096223445142727e-22,0.43987311222345626,0.6602022645529738,0.0,0.0,3.0,1.0,0.9384189052271815,0.0,5.346919613379365e-30,0.21572291287452353,1.4078938994955543,1.0,1.0,4.0,2.0,6.0,3.0,3.8894252512486402,1.0
56.0,0.8,0.9806055443337401,0.7258847603121134,0.7367548069245584,0.0003178636889330011,-0.0018764275564618295,0.11273982163736462,0.8180387193942857,4.932062285621993e-22,0.4558378394396745,0.6841636042398683,0.0,0.0,3.0,1.0,0.9724778222652463,0.0,7.985653092294087e-30,0.21935871426790524,1.4316225917021947,1.0,1.0,4.0,2.0,6.0,3.0,3.9549777582100574,1.0
56.0,0.85,0.9806055443337401,0.7258847603121134,0.7367548069245584,0.0003178636889330011,-0.0018764275564618295,0.11273982163736462,0.8180387193942857,1.91397447314119e-20,0.5309026049970564,0.7968277494944346,0.0,0.0,3.0,1.0,1.132619902237865,0.0,1.1418540056437328e-29,0.2226515542201429,1.453112980548683,1.0,1.0,4.0,2.0,6.0,3.0,4.014346763977201,1.0
56.0,0.9,0.9806055443337401,0.7258847603121134,0.7367548069245584,0.0003178636889330011,-0.0018764275564618295,0.11273982163736462,0.8180387193942857,7.077217260820957e-18,0.6792220701203219,1.0194393254934735,0.0,0.0,5.0,2.0,1.4490424937013533,0.0,3.046511687659539e-29,0.2319443203038025,1.513761283987055,1.0,1.0,4.0,2.0,6.0,3.0,4.181892800594817,1.0
56.0,0.95,0.9806055443337401,0.7258847603121134,0.7367548069245584,0.0003178636889330011,-0.0018764275564618295,0.11273982163736462,0.8180387193942857,2.97734721538306e-16,0.7937378289584298,1.1913151715295331,1.0,1.0,6.0,3.0,1.6933487494234025,1.0,7.00842225665314e-29,0.2401372139906295,1.5672313808219178,1.0,1.0,4.0,2.0,6.0,3.0,4.329608438037908,1.0
57.0,0.4,-0.13072646267437782,0.04612108694727168,0.03873850894945291,-0.0033473784785529983,-0.004014748333418489,-0.06191342564281671,-0.01774948159182388,8.564810116647702e-34,0.10645457005969468,0.146614220964986,0.0,0.0,5.0,2.0,0.11661533943865886,1.0,1.5597549390370664e-36,0.07028812976493552,0.6170012731881627,0.0,1.0,6.0,3.0,6.0,3.0,0.8584030740571651,1.0
57.0,0.45,-0.13072646267437782,0.04612108694727168,0.03873850894945291,-0.0033473784785529983,-0.004014748333418489,-0.06191342564281671,-0.01774948159182388,8.808738933182208e-33,0.11731110986740712,0.16156635618464407,1.0,1.0,6.0,3.0,0.1285081034045061,1.0,2.73886553848202e-36,0.07195650901476602,0.6316465927428118,0.0,1.0,6.0,3.0,6.0,3.0,0.8787783761392832,1.0
57.0,0.5,-0.13072646267437782,0.04612108694727168,0.03873850894945291,-0.0033473784785529983,-0.004014748333418489,-0.06191342564281671,-0.01774948159182388,4.514259775056333e-32,0.1255766357544704,0.17295002565151762,1.0,1.0,6.0,3.0,0.1375625489432782,1.0,4.043627604720709e-36,0.07313413071781259,0.6419839582772725,0.0,1.0,6.0,3.0,6.0,3.0,0.8931602368226204,1.0
57.0,0.55,-0.13072646267437782,0.04612108694727168,0.03873850894945291,-0.0033473784785529983,-0.004014748333418489,-0.06191342564281671,-0.01774948159182388,4.244102709010356e-31,0.13786652096657784,0.18987623131006137,1.0,1.0,6.0,3.0,0.15102546683274415,1.0,6.361824810368349e-36,0.07452818473886595,0.654221203865675,0.0,1.0,6.0,3.0,6.0,3.0,0.9101853057933835,1.0
57.0,0.6,-0.13072646267437782,0.04612108694727168,0.03873850894945291,-0.0033473784785529983,-0.004014748333418489,-0.06191342564281671,-0.01774948159182388,2.2508164583555893e-30,0.1477911997138654,0.2035449638223937,1.0,1.0,6.0,3.0,0.16189742639526533,1.0,1.344273354921791e-35,0.07688795119704608,0.6749356390625293,0.0,1.0,6.0,3.0,6.0,3.0,0.9390042655314377,1.0
57.0,0.65,-0.13072646267437782,0.04612108694727168,0.03873850894945291,-0.0033473784785529983,-0.004014748333418489,-0.06191342564281671,-0.01774948159182388,1.2009488667480633e-29,0.15847031676344528,0.2182527441078252,1.0,1.0,6.0,3.0,0.17359583313293378,1.0,1.9090081576826304e-35,0.07801982346908327,0.6848714082353451,0.0,1.0,6.0,3.0,6.0,3.0,0.9528274052423126,1.0
57.0,0.7,-0.13072646267437782,0.04612108694727168,0.03873850894945291,-0.0033473784785529983,-0.004014748333418489,-0.06191342564281671,-0.01774948159182388,7.647643583641562e-29,0.1711780426728897,0.23575441954933038,1.0,1.0,6.0,3.0,0.18751647336089494,1.0,2.4996439420319653e-35,0.0789010704390629,0.6926071454684888,0.0,1.0,6.0,3.0,6.0,3.0,0.963589750329085,1.0
57.0,0.75,-0.13072646267437782,0.04612108694727168,0.03873850894945291,-0.0033473784785529983,-0.004014748333418489,-0.06191342564281671,-0.01774948159182388,2.4628795687909294e-28,0.17972612199230834,0.24752723484002856,1.0,1.0,6.0,3.0,0.19688044120956136,1.0,3.763026785381605e-35,0.08025745061529818,0.7045136835775998,0.0,1.0,6.0,3.0,6.0,3.0,0.9801547224910189,1.0
57.0,0.8,-0.13072646267437782,0.04612108694727168,0.03873850894945291,-0.0033473784785529983,-0.004014748333418489,-0.06191342564281671,-0.01774948159182388,1.8433519668541198e-25,0.23679257608762988,0.32612182881310114,1.0,1.0,6.0,3.0,0.2593937171652565,1.0,5.822220290793362e-35,0.08173034497664089,0.7174430032117877,0.0,1.0,6.0,3.0,6.0,3.0,0.9981426395371317,1.0
57.0,0.85,-0.13072646267437782,0.04612108694727168,0.03873850894945291,-0.0033473784785529983,-0.004014748333418489,-0.06191342564281671,-0.01774948159182388,3.401929551752447e-24,0.267376330892172,0.36824320868751764,1.0,1.0,6.0,3.0,0.29289659962338344,1.0,7.465860726570704e-35,0.08258153810640216,0.7249149226745489,0.0,1.0,6.0,3.0,6.0,3.0,1.0085379481283108,1.0
57.0,0.9,-0.13072646267437782,0.04612108694727168,0.03873850894945291,-0.0033473784785529983,-0.004014748333418489,-0.06191342564281671,-0.01774948159182388,1.0369574894410772e-22,0.30828882147158176,0.42458980734151536,1.0,1.0,6.0,3.0,0.3377140647028389,1.0,1.6832808098372626e-34,0.08542687036365047,0.749891737838599,0.0,1.0,6.0,3.0,6.0,3.0,1.0432869443600257,1.0
57.0,0.95,-0.13072646267437782,0.04612108694727168,0.03873850894945291,-0.0033473784785529983,-0.004014748333418489,-0.06191342564281671,-0.01774948159182388,2.62706756207636e-20,0.3882508121950248,0.5347172069463705,1.0,1.0,6.0,3.0,0.42530818757775435,1.0,6.686574661830809e-34,0.0904804585857002,0.7942530030707392,0.0,1.0,6.0,3.0,6.0,3.0,1.1050045584057284,1.0
58.0,0.4,-0.03271917315276951,0.8680466227859909,-0.05639082298657799,0.0002144317919063139,-0.001967216984470925,0.2880043052894732,-0.04849993970864175,1.2116102201185475e-32,0.1416436162304384,0.21079969571986557,0.0,0.0,4.0,1.0,0.11630959637634002,1.0,2.5568330808621657e-31,0.21148224944277028,1.2659309775695464,0.0,1.0,6.0,3.0,6.0,3.0,1.1644852888830182,1.0
58.0,0.45,-0.03271917315276951,0.8680466227859909,-0.05639082298657799,0.0002144317919063139,-0.001967216984470925,0.2880043052894732,-0.04849993970864175,8.672812918295955e-31,0.16923111521374867,0.2518565152654272,0.0,0.0,4.0,1.0,0.1389628648904771,1.0,5.085071407766018e-31,0.21762829826542887,1.3027211744525424,1.0,1.0,6.0,3.0,6.0,3.0,1.1983272943354875,1.0
58.0,0.5,-0.03271917315276951,0.8680466227859909,-0.05639082298657799,0.0002144317919063139,-0.001967216984470925,0.2880043052894732,-0.04849993970864175,6.2649824384447915e-30,0.18376461035166478,0.27348584410037197,0.0,0.0,4.0,1.0,0.15089693575378,1.0,8.326272025488729e-31,0.22214596552888322,1.3297638929323568,1.0,1.0,6.0,3.0,6.0,3.0,1.22320293795202,1.0
58.0,0.55,-0.03271917315276951,0.8680466227859909,-0.05639082298657799,0.0002144317919063139,-0.001967216984470925,0.2880043052894732,-0.04849993970864175,5.931362600837724e-29,0.20180797306052162,0.30033869825655396,0.0,0.0,4.0,1.0,0.16571310812913664,1.0,1.4470722392256875e-30,0.22732127380228304,1.3607432450010593,1.0,1.0,6.0,3.0,6.0,3.0,1.251699752061421,1.0
58.0,0.6,-0.03271917315276951,0.8680466227859909,-0.05639082298657799,0.0002144317919063139,-0.001967216984470925,0.2880043052894732,-0.04849993970864175,2.6993270426865022e-27,0.23660605984120625,0.35212660300100707,0.0,0.0,4.0,1.0,0.19428729689840457,1.0,2.017571847520089e-30,0.2304911196189822,1.3797179155658559,1.0,1.0,6.0,3.0,6.0,3.0,1.2691538827570208,1.0
58.0,0.65,-0.03271917315276951,0.8680466227859909,-0.05639082298657799,0.0002144317919063139,-0.001967216984470925,0.2880043052894732,-0.04849993970864175,1.1720368829340055e-25,0.2768616294580436,0.4120365520131363,0.0,0.0,4.0,1.0,0.22734285689213374,1.0,2.8246994557560854e-30,0.233745629355715,1.3991993836483425,1.0,1.0,6.0,3.0,6.0,3.0,1.2870741986272067,1.0
58.0,0.7,-0.03271917315276951,0.8680466227859909,-0.05639082298657799,0.0002144317919063139,-0.001967216984470925,0.2880043052894732,-0.04849993970864175,5.136530555105049e-24,0.3240918641209665,0.48232647654827737,0.0,0.0,4.0,1.0,0.26612561093780385,1.0,4.324437908004374e-30,0.23793046764956663,1.4242497906979408,1.0,1.0,6.0,3.0,6.0,3.0,1.3101171851775428,1.0
58.0,0.75,-0.03271917315276951,0.8680466227859909,-0.05639082298657799,0.0002144317919063139,-0.001967216984470925,0.2880043052894732,-0.04849993970864175,6.279886724579366e-23,0.35972576324997196,0.535358270663772,0.0,0.0,4.0,1.0,0.2953861207673969,1.0,7.494605299930399e-30,0.2434449971022909,1.4572597179108269,1.0,1.0,6.0,3.0,6.0,3.0,1.340481853795025,1.0
58.0,0.8,-0.03271917315276951,0.8680466227859909,-0.05639082298657799,0.0002144317919063139,-0.001967216984470925,0.2880043052894732,-0.04849993970864175,2.2313551136241928e-21,0.41742704117263146,0.6212316206420406,0.0,0.0,4.0,1.0,0.34276709369218544,1.0,1.132602734028444e-29,0.24766970623695667,1.482548791480293,1.0,1.0,6.0,3.0,6.0,3.0,1.3637443812652525,1.0
58.0,0.85,-0.03271917315276951,0.8680466227859909,-0.05639082298657799,0.0002144317919063139,-0.001967216984470925,0.2880043052894732,-0.04849993970864175,2.0022592729776892e-19,0.5034467756169863,0.7492496304143509,0.0,0.0,4.0,1.0,0.4134015554482732,1.0,2.034069316072247e-29,0.25378633166902886,1.519162860193163,1.0,1.0,6.0,3.0,6.0,3.0,1.3974243726216116,1.0
58.0,0.9,-0.03271917315276951,0.8680466227859909,-0.05639082298657799,0.0002144317919063139,-0.001967216984470925,0.2880043052894732,-0.04849993970864175,1.428871436889907e-17,0.6014251687985405,0.8950649944911301,0.0,0.0,5.0,2.0,0.4938557804096662,1.0,3.655687047827173e-29,0.26006187987188273,1.5567282392836361,1.0,1.0,6.0,3.0,6.0,3.0,1.4319794408656588,1.0
58.0,0.95,-0.03271917315276951,0.8680466227859909,-0.05639082298657799,0.0002144317919063139,-0.001967216984470925,0.2880043052894732,-0.04849993970864175,3.225198713982147e-15,0.7537836918384659,1.1218110431439223,0.0,0.0,5.0,2.0,0.6189638423955968,1.0,1.2105335154255e-28,0.2733654910887969,1.636363544834851,1.0,1.0,6.0,3.0,6.0,3.0,1.505233151718153,1.0
59.0,0.4,-0.2717978297844359,0.02315246071172472,0.020608975132546115,-0.0010574358129123865,-0.0009702544852101597,0.1501909760091984,-0.07685962650644784,8.160271123958688e-34,0.10621167877657993,0.14838542316070685,0.0,0.0,4.0,1.0,0.11816256196057502,0.0,1.8953804785558623e-35,0.07687953697225465,0.6187414246941324,1.0,1.0,6.0,3.0,6.0,3.0,0.9573163624459444,1.0
59.0,0.45,-0.2717978297844359,0.02315246071172472,0.020608975132546115,-0.0010574358129123865,-0.0009702544852101597,0.1501909760091984,-0.07685962650644784,4.09613773676467e-33,0.11359699815890208,0.15870325029935936,0.0,0.0,4.0,1.0,0.12637887366155065,0.0,3.869903266996809e-35,0.07920043740519354,0.6374204815277876,1.0,1.0,6.0,3.0,6.0,3.0,0.9862165880139273,1.0
59.0,0.5,-0.2717978297844359,0.02315246071172472,0.020608975132546115,-0.0010574358129123865,-0.0009702544852101597,0.1501909760091984,-0.07685962650644784,3.019007655595304e-32,0.12345601595226129,0.1724770136375125,0.0,0.0,4.0,1.0,0.13734722303985927,0.0,5.465356918516541e-35,0.08034783534728072,0.6466549627088376,1.0,1.0,6.0,3.0,6.0,3.0,1.000504171777515,1.0
59.0,0.55,-0.2717978297844359,0.02315246071172472,0.020608975132546115,-0.0010574358129123865,-0.0009702544852101597,0.1501909760091984,-0.07685962650644784,3.2127444510874054e-31,0.13623993353163558,0.1903370742402391,0.0,0.0,4.0,1.0,0.15156958041591828,0.0,8.906126234612979e-35,0.08199935648632811,0.659946725156047,1.0,1.0,6.0,3.0,6.0,3.0,1.0210691786909412,1.0
59.0,0.6,-0.2717978297844359,0.02315246071172472,0.020608975132546115,-0.0010574358129123865,-0.0009702544852101597,0.1501909760091984,-0.07685962650644784,1.448550684776413e-29,0.15967005913636145,0.22307066006255816,0.0,0.0,4.0,1.0,0.17763605164020096,1.0,1.1142707472774491e-34,0.08276842465119706,0.6661363349112365,1.0,1.0,6.0,3.0,6.0,3.0,1.030645739204449,1.0
59.0,0.65,-0.2717978297844359,0.02315246071172472,0.020608975132546115,-0.0010574358129123865,-0.0009702544852101597,0.1501909760091984,-0.07685962650644784,7.627628245733439e-29,0.1711134491161957,0.23905790632502025,0.0,0.0,4.0,1.0,0.1903670459442788,1.0,1.6542777235069678e-34,0.08414250291143599,0.6771951832584672,1.0,1.0,6.0,3.0,6.0,3.0,1.0477559827570695,1.0
59.0,0.7,-0.2717978297844359,0.02315246071172472,0.020608975132546115,-0.0010574358129123865,-0.0009702544852101597,0.1501909760091984,-0.07685962650644784,2.829897938200327e-27,0.19891843375011106,0.2779034876999211,0.0,0.0,5.0,2.0,0.22130063307389228,1.0,2.499791333959518e-34,0.08560242453540158,0.6889449156466869,1.0,1.0,6.0,3.0,6.0,3.0,1.0659351616849464,1.0
59.0,0.75,-0.2717978297844359,0.02315246071172472,0.020608975132546115,-0.0010574358129123865,-0.0009702544852101597,0.1501909760091984,-0.07685962650644784,1.1867855871346409e-25,0.23242531405689645,0.32471503112327815,0.0,0.0,5.0,2.0,0.25857769022958,1.0,3.4602297496604873e-34,0.08676997011278664,0.6983415489043415,1.0,1.0,6.0,3.0,6.0,3.0,1.0804736270445325,1.0
59.0,0.8,-0.2717978297844359,0.02315246071172472,0.020608975132546115,-0.0010574358129123865,-0.0009702544852101597,0.1501909760091984,-0.07685962650644784,1.275066082238302e-24,0.25659515059963545,0.3584820468077178,0.0,0.0,5.0,2.0,0.2854671042841869,1.0,6.7893206077375815e-34,0.08924135835273274,0.7182317607965961,1.0,1.0,6.0,3.0,6.0,3.0,1.111247750995236,1.0
59.0,0.85,-0.2717978297844359,0.02315246071172472,0.020608975132546115,-0.0010574358129123865,-0.0009702544852101597,0.1501909760091984,-0.07685962650644784,2.0842179704022465e-23,0.2882751540029175,0.40274131061821683,0.0,0.0,5.0,2.0,0.320711725291693,1.0,1.579354418100527e-33,0.09243647853011759,0.7439467076925111,1.0,1.0,6.0,3.0,6.0,3.0,1.1510339014619797,1.0
59.0,0.9,-0.2717978297844359,0.02315246071172472,0.020608975132546115,-0.0010574358129123865,-0.0009702544852101597,0.1501909760091984,-0.07685962650644784,4.833393231110827e-22,0.3286208294941806,0.45910714721391627,1.0,1.0,6.0,3.0,0.36559707533032587,1.0,3.8124587561364526e-33,0.09589374733078818,0.7717714775535668,1.0,1.0,6.0,3.0,6.0,3.0,1.1940843687592824,1.0
59.0,0.95,-0.2717978297844359,0.02315246071172472,0.020608975132546115,-0.0010574358129123865,-0.0009702544852101597,0.1501909760091984,-0.07685962650644784,3.079852834588218e-20,0.3907269170761996,0.5458738586797924,1.0,1.0,6.0,3.0,0.4346913077779296,1.0,1.8072141177699905e-32,0.10231723829179151,0.823468978673474,1.0,1.0,6.0,3.0,6.0,3.0,1.274070711590813,1.0
60.0,0.4,-0.39409511421613774,0.01473862403174886,1.1213400598044287,-0.0007591914607357105,0.00024179268882492278,0.0024170246497777215,0.6161953351309066,4.894057742495483e-32,0.15135335134975886,0.16034505234226615,0.0,0.0,4.0,2.0,0.38326590949406747,0.0,1.994220840947041e-32,0.20086211437874654,0.6416729394866375,1.0,1.0,6.0,3.0,6.0,3.0,3.0341003787686223,1.0
60.0,0.45,-0.39409511421613774,0.01473862403174886,1.1213400598044287,-0.0007591914607357105,0.00024179268882492278,0.0024170246497777215,0.6161953351309066,3.6738890883905497e-31,0.16461500320614422,0.17439456127017278,0.0,0.0,4.0,2.0,0.41684784880894693,0.0,2.691057295468503e-32,0.20338594323278647,0.6497355484288062,1.0,1.0,6.0,3.0,6.0,3.0,3.0722237954501312,1.0
60.0,0.5,-0.39409511421613774,0.01473862403174886,1.1213400598044287,-0.0007591914607357105,0.00024179268882492278,0.0024170246497777215,0.6161953351309066,1.012325724169441e-29,0.189006834153151,0.2002354784024497,0.0,0.0,4.0,2.0,0.4786142860153933,0.0,5.293072800400615e-32,0.20920014073142298,0.6683095498588176,1.0,1.0,6.0,3.0,6.0,3.0,3.1600495105552957,1.0
60.0,0.55,-0.39409511421613774,0.01473862403174886,1.1213400598044287,-0.0007591914607357105,0.00024179268882492278,0.0024170246497777215,0.6161953351309066,9.054994364122522e-29,0.20707428513616932,0.2193762925815076,0.0,0.0,4.0,2.0,0.5243657541625638,0.0,7.079439163159786e-32,0.21175033047451922,0.6764563711434708,1.0,1.0,6.0,3.0,6.0,3.0,3.1985711187211345,1.0
60.0,0.6,-0.39409511421613774,0.01473862403174886,1.1213400598044287,-0.0007591914607357105,0.00024179268882492278,0.0024170246497777215,0.6161953351309066,6.794769874291632e-28,0.22521454985886563,0.2385942462675258,0.0,0.0,4.0,2.0,0.570301605568595,0.0,1.2633356206513337e-31,0.2169222458332794,0.692978541794199,1.0,1.0,6.0,3.0,6.0,3.0,3.276694912237441,1.0
60.0,0.65,-0.39409511421613774,0.01473862403174886,1.1213400598044287,-0.0007591914607357105,0.00024179268882492278,0.0024170246497777215,0.6161953351309066,3.520933144619896e-27,0.2411940391744752,0.25552305575779677,0.0,0.0,4.0,2.0,0.6107658136695782,0.0,1.7990087262106802e-31,0.2201407951384206,0.7032605006389534,1.0,1.0,6.0,3.0,6.0,3.0,3.3253123515988556,1.0
60.0,0.7,-0.39409511421613774,0.01473862403174886,1.1213400598044287,-0.0007591914607357105,0.00024179268882492278,0.0024170246497777215,0.6161953351309066,9.293445894603786e-26,0.2764372275583035,0.2928599950175979,0.0,0.0,4.0,2.0,0.7000107000823309,0.0,3.5174094829220413e-31,0.2263775906052899,0.7231845310743634,1.0,1.0,6.0,3.0,6.0,3.0,3.4195215734168074,1.0
60.0,0.75,-0.39409511421613774,0.01473862403174886,1.1213400598044287,-0.0007591914607357105,0.00024179268882492278,0.0024170246497777215,0.6161953351309066,5.834017277111291e-25,0.29842679701046454,0.31615593549956783,0.0,0.0,4.0,2.0,0.7556939886273578,0.0,5.645309012273271e-31,0.23088433404464295,0.7375817473895762,1.0,1.0,6.0,3.0,6.0,3.0,3.4875976863196665,1.0
60.0,0.8,-0.39409511421613774,0.01473862403174886,1.1213400598044287,-0.0007591914607357105,0.00024179268882492278,0.0024170246497777215,0.6161953351309066,1.669582139314791e-23,0.3431872576235299,0.36357555545420284,0.0,0.0,4.0,2.0,0.8690390747668543,0.0,7.267195171905101e-31,0.23332669469918874,0.7453840984966335,1.0,1.0,6.0,3.0,6.0,3.0,3.524490494154367,1.0
60.0,0.85,-0.39409511421613774,0.01473862403174886,1.1213400598044287,-0.0007591914607357105,0.00024179268882492278,0.0024170246497777215,0.6161953351309066,5.164309870036099e-22,0.39594178983109196,0.41946416414821025,0.0,1.0,5.0,3.0,1.0026272218818904,0.0,1.1002195639022003e-30,0.2373936609903232,0.7583764052982264,1.0,1.0,6.0,3.0,6.0,3.0,3.5859236021475605,1.0
60.0,0.9,-0.39409511421613774,0.01473862403174886,1.1213400598044287,-0.0007591914607357105,0.00024179268882492278,0.0024170246497777215,0.6161953351309066,1.4136454450868651e-18,0.5506217349446225,0.5833334387585437,0.0,1.0,5.0,3.0,1.3943169288870085,1.0,2.4304248091345935e-30,0.24536403356844627,0.7838385110657891,1.0,1.0,6.0,3.0,6.0,3.0,3.7063191806418208,1.0
60.0,0.95,-0.39409511421613774,0.01473862403174886,1.1213400598044287,-0.0007591914607357105,0.00024179268882492278,0.0024170246497777215,0.6161953351309066,6.048886485043913e-17,0.6439106964408225,0.6821645731910863,1.0,1.0,6.0,3.0,1.6305487556337714,1.0,4.7733121550283054e-30,0.2523625871741435,0.8061960496101397,1.0,1.0,6.0,3.0,6.0,3.0,3.8120350554923634,1.0
61.0,0.4,0.041688749542201475,1.0600923735228174,0.0554508088649468,-0.00603124755241566,0.00039459556481228367,0.18256621901458886,0.05086378909069844,5.7082480799727144e-34,0.1175467635620672,0.2124032043131674,0.0,0.0,3.0,1.0,0.0968747085699192,0.0,3.002659767744942e-34,0.1557960625898636,1.118930028826427,0.0,1.0,6.0,3.0,6.0,3.0,0.8000112217733248,1.0
61.0,0.45,0.041688749542201475,1.0600923735228174,0.0554508088649468,-0.00603124755241566,0.00039459556481228367,0.18256621901458886,0.05086378909069844,3.9899198347175145e-33,0.12746664788413933,0.23032811481324691,0.0,0.0,3.0,1.0,0.10505005830841388,1.0,4.852067953883889e-34,0.15894273268357687,1.1415294681199264,0.0,1.0,6.0,3.0,6.0,3.0,0.816169341204213,1.0
61.0,0.5,0.041688749542201475,1.0600923735228174,0.0554508088649468,-0.00603124755241566,0.00039459556481228367,0.18256621901458886,0.05086378909069844,6.64941818281975e-31,0.15775109279075428,0.2850511283959568,0.0,0.0,4.0,1.0,0.13000860829844396,1.0,9.805364496708786e-34,0.16367086525588292,1.1754869984161367,0.0,1.0,6.0,3.0,6.0,3.0,0.8404482546311494,1.0
61.0,0.55,0.041688749542201475,1.0600923735228174,0.0554508088649468,-0.00603124755241566,0.00039459556481228367,0.18256621901458886,0.05086378909069844,4.52948192273081e-30,0.17088020115563468,0.30877500306480665,0.0,0.0,4.0,1.0,0.14082880026365358,1.0,1.4508707378078174e-33,0.166364854994288,1.1948352795314763,0.0,1.0,6.0,3.0,6.0,3.0,0.8542818649691716,1.0
61.0,0.6,0.041688749542201475,1.0600923735228174,0.0554508088649468,-0.00603124755241566,0.00039459556481228367,0.18256621901458886,0.05086378909069844,3.2426322599338535e-29,0.1854857122065311,0.33516668969090185,0.0,0.0,4.0,1.0,0.15286575120720916,1.0,2.501113032163557e-33,0.17018290943077774,1.2222566128416048,0.0,1.0,6.0,3.0,6.0,3.0,0.8738875362791979,1.0
61.0,0.65,0.041688749542201475,1.0600923735228174,0.0554508088649468,-0.00603124755241566,0.00039459556481228367,0.18256621901458886,0.05086378909069844,1.6017698787071805e-28,0.1982507000657543,0.35823261036923726,0.0,0.0,4.0,1.0,0.1633858577698016,1.0,5.0184750054223004e-33,0.1751933212798156,1.258241477808539,0.0,1.0,6.0,3.0,6.0,3.0,0.8996159509663427,1.0
61.0,0.7,0.041688749542201475,1.0600923735228174,0.0554508088649468,-0.00603124755241566,0.00039459556481228367,0.18256621901458886,0.05086378909069844,2.9919299840003033e-27,0.22396889151733196,0.40470455147521434,0.0,0.0,4.0,1.0,0.18458118655910882,1.0,9.51766156389006e-33,0.17992816458472363,1.2922472047029103,0.0,1.0,6.0,3.0,6.0,3.0,0.9239293239380106,1.0
61.0,0.75,0.041688749542201475,1.0600923735228174,0.0554508088649468,-0.00603124755241566,0.00039459556481228367,0.18256621901458886,0.05086378909069844,1.5900175673991543e-26,0.24011251937012487,0.4338755654722262,0.0,0.0,4.0,1.0,0.19788575740486217,1.0,1.5010110005214498e-32,0.183376234492044,1.3170113026952337,0.0,1.0,6.0,3.0,6.0,3.0,0.9416351283945519,1.0
61.0,0.8,0.041688749542201475,1.0600923735228174,0.0554508088649468,-0.00603124755241566,0.00039459556481228367,0.18256621901458886,0.05086378909069844,9.079824907110094e-26,0.2581921015970789,0.4665447864807717,0.0,0.0,4.0,1.0,0.21278582105805882,1.0,2.7883267888757597e-32,0.1881697070194424,1.3514381056843459,0.0,1.0,6.0,3.0,6.0,3.0,0.9662495618367897,1.0
61.0,0.85,0.041688749542201475,1.0600923735228174,0.0554508088649468,-0.00603124755241566,0.00039459556481228367,0.18256621901458886,0.05086378909069844,4.8690028791958594e-24,0.30478930651566166,0.5507444304081713,0.0,0.0,4.0,1.0,0.251188330066969,1.0,4.4830885812260104e-32,0.19192996204406718,1.3784443226140657,0.0,1.0,6.0,3.0,6.0,3.0,0.9855584337455017,1.0
61.0,0.9,0.041688749542201475,1.0600923735228174,0.0554508088649468,-0.00603124755241566,0.00039459556481228367,0.18256621901458886,0.05086378909069844,4.651442794013297e-22,0.368558030086393,0.6659724538001727,0.0,0.0,4.0,1.0,0.3037425333864712,1.0,1.0795227891706305e-31,0.19908798361228552,1.4298533579036894,0.0,1.0,6.0,3.0,6.0,3.0,1.0223148028415887,1.0
61.0,0.95,0.041688749542201475,1.0600923735228174,0.0554508088649468,-0.00603124755241566,0.00039459556481228367,0.18256621901458886,0.05086378909069844,6.777862355626799e-19,0.49925059237882724,0.9021296917334285,0.0,0.0,5.0,2.0,0.4114511890794917,1.0,5.730343822242259e-31,0.2134279292689103,1.532843096798288,0.0,1.0,6.0,3.0,6.0,3.0,1.0959502802356487,1.0
62.0,0.4,-0.056175480681266654,0.06774797334321786,0.06757166129900855,-0.001598160714813094,-0.0003668584307769159,-0.03696319035691137,0.02632294730558349,1.2604973596759785e-31,0.14393933304305503,0.22711590965903264,0.0,0.0,4.0,2.0,0.13612271801332543,1.0,4.493072109515586e-36,0.07860787282354978,0.836494399955175,1.0,1.0,4.0,2.0,6.0,3.0,0.8808997867395603,1.0
62.0,0.45,-0.056175480681266654,0.06774797334321786,0.06757166129900855,-0.001598160714813094,-0.0003668584307769159,-0.03696319035691137,0.02632294730558349,5.253112902092377e-31,0.15275927989673518,0.24103253835578167,0.0,0.0,4.0,2.0,0.14446369829351682,1.0,7.033938197509918e-36,0.0800897016455971,0.8522630687514564,1.0,1.0,6.0,3.0,6.0,3.0,0.8975055368564235,1.0
62.0,0.5,-0.056175480681266654,0.06774797334321786,0.06757166129900855,-0.001598160714813094,-0.0003668584307769159,-0.03696319035691137,0.02632294730558349,3.963062414725714e-30,0.16617850968786113,0.2622061850338827,0.0,0.0,5.0,2.0,0.15715419778518158,1.0,1.2505149512031964e-35,0.08203303382105634,0.87294275926634,1.0,1.0,6.0,3.0,6.0,3.0,0.9192830107586721,1.0
62.0,0.55,-0.056175480681266654,0.06774797334321786,0.06757166129900855,-0.001598160714813094,-0.0003668584307769159,-0.03696319035691137,0.02632294730558349,1.4281503232762283e-29,0.17529619335334118,0.2765926003096114,1.0,1.0,6.0,3.0,0.16577674630122619,1.0,1.8904588831064766e-35,0.0834578202840116,0.8881044199828093,1.0,1.0,6.0,3.0,6.0,3.0,0.9352495297126198,1.0
62.0,0.6,-0.056175480681266654,0.06774797334321786,0.06757166129900855,-0.001598160714813094,-0.0003668584307769159,-0.03696319035691137,0.02632294730558349,9.185695722873377e-29,0.18943195476051153,0.29889683253606075,1.0,1.0,6.0,3.0,0.1791448662115521,1.0,3.3513836751146247e-35,0.0854727628660304,0.9095461423644001,1.0,1.0,6.0,3.0,6.0,3.0,0.9578294880175225,1.0
62.0,0.65,-0.056175480681266654,0.06774797334321786,0.06757166129900855,-0.001598160714813094,-0.0003668584307769159,-0.03696319035691137,0.02632294730558349,9.630283841925352e-28,0.2089176829188219,0.32964255562982786,1.0,1.0,6.0,3.0,0.19757242331704877,1.0,5.76666254704111e-35,0.08742760713631259,0.9303483371845814,1.0,1.0,6.0,3.0,6.0,3.0,0.9797359693780603,1.0
62.0,0.7,-0.056175480681266654,0.06774797334321786,0.06757166129900855,-0.001598160714813094,-0.0003668584307769159,-0.03696319035691137,0.02632294730558349,4.5701644369396215e-27,0.2229225819865564,0.35174030559300173,1.0,1.0,6.0,3.0,0.21081678735778014,1.0,8.627622648855312e-35,0.08890759596579219,0.9460974259639561,1.0,1.0,6.0,3.0,6.0,3.0,0.99632110007091,1.0
62.0,0.75,-0.056175480681266654,0.06774797334321786,0.06757166129900855,-0.001598160714813094,-0.0003668584307769159,-0.03696319035691137,0.02632294730558349,3.936555694539505e-26,0.24384850004112973,0.38475844465158143,1.0,1.0,6.0,3.0,0.23060632495179278,1.0,1.4597941186899913e-34,0.09087732884963946,0.9670580558291648,1.0,1.0,6.0,3.0,6.0,3.0,1.018394427016289,1.0
62.0,0.8,-0.056175480681266654,0.06774797334321786,0.06757166129900855,-0.001598160714813094,-0.0003668584307769159,-0.03696319035691137,0.02632294730558349,6.322649923068367e-25,0.2737543543657835,0.4319456530780829,1.0,1.0,6.0,3.0,0.258888144028756,1.0,2.9360002149860966e-34,0.09356208824807102,0.9956275377569621,1.0,1.0,6.0,3.0,6.0,3.0,1.048480522677904,1.0
62.0,0.85,-0.056175480681266654,0.06774797334321786,0.06757166129900855,-0.001598160714813094,-0.0003668584307769159,-0.03696319035691137,0.02632294730558349,5.541008235784853e-24,0.29966758757798034,0.47283307008059433,1.0,1.0,6.0,3.0,0.28339416099287734,1.0,4.573929419982342e-34,0.09530641429226483,1.014189533079484,1.0,1.0,6.0,3.0,6.0,3.0,1.068027883332017,1.0
62.0,0.9,-0.056175480681266654,0.06774797334321786,0.06757166129900855,-0.001598160714813094,-0.0003668584307769159,-0.03696319035691137,0.02632294730558349,1.298070504406928e-22,0.34175194917424295,0.5392362405294656,1.0,1.0,6.0,3.0,0.323193134388324,1.0,9.438939816603062e-34,0.0982272239373718,1.045270909838671,1.0,1.0,6.0,3.0,6.0,3.0,1.1007592180070702,1.0
62.0,0.95,-0.056175480681266654,0.06774797334321786,0.06757166129900855,-0.001598160714813094,-0.0003668584307769159,-0.03696319035691137,0.02632294730558349,1.6305975739182858e-20,0.41799525793163733,0.6595373983698354,1.0,1.0,6.0,3.0,0.3952960557995362,1.0,3.915714144084861e-33,0.10422626953794754,1.1091088928511559,1.0,1.0,6.0,3.0,6.0,3.0,1.1679860465723242,1.0
63.0,0.4,3.0200434076230978,1.0453423480792763,1.0576466979204153,0.004560565091976347,0.008335474399460474,0.1309617405645193,1.7117792678213095,2.1113982422206643e-30,0.25271490819556713,0.4501603531112579,0.0,0.0,2.0,0.0,0.7802616507099788,0.0,5.790267559551347e-31,0.3006673945484884,2.2252864975136952,0.0,1.0,4.0,2.0,6.0,3.0,6.191599909582745,1.0
63.0,0.45,3.0200434076230978,1.0453423480792763,1.0576466979204153,0.004560565091976347,0.008335474399460474,0.1309617405645193,1.7117792678213095,3.65723536461793e-29,0.2846023471429592,0.5069613581602489,0.0,0.0,2.0,0.0,0.8787146700734096,0.0,1.0442730364383915e-30,0.30814690533314953,2.280643528767812,1.0,1.0,4.0,2.0,6.0,3.0,6.345624386921152,1.0
63.0,0.5,3.0200434076230978,1.0453423480792763,1.0576466979204153,0.004560565091976347,0.008335474399460474,0.1309617405645193,1.7117792678213095,2.5121697404896592e-28,0.30839629151705067,0.5493454441559266,0.0,0.0,2.0,0.0,0.9521788849343031,0.0,1.4896612054224243e-30,0.31274175624720374,2.314650740332897,1.0,1.0,4.0,2.0,6.0,3.0,6.44024548325495,1.0
63.0,0.55,3.0200434076230978,1.0453423480792763,1.0576466979204153,0.004560565091976347,0.008335474399460474,0.1309617405645193,1.7117792678213095,5.616134833216905e-27,0.35102146120189376,0.625273538678578,0.0,0.0,2.0,0.0,1.0837848336991096,0.0,2.3436153986959974e-30,0.31870275825040967,2.3587690501659475,1.0,1.0,4.0,2.0,6.0,3.0,6.56299953019608,1.0
63.0,0.6,3.0200434076230978,1.0453423480792763,1.0576466979204153,0.004560565091976347,0.008335474399460474,0.1309617405645193,1.7117792678213095,2.3805532831303276e-26,0.37279380401948037,0.6640565515241814,0.0,0.0,2.0,0.0,1.1510073187830807,0.0,3.6855268917166614e-30,0.32477159675148104,2.4036854748162018,1.0,1.0,4.0,2.0,6.0,3.0,6.687974238447811,1.0
63.0,0.65,3.0200434076230978,1.0453423480792763,1.0576466979204153,0.004560565091976347,0.008335474399460474,0.1309617405645193,1.7117792678213095,2.8069970496383978e-24,0.4547616717530695,0.8100656831032917,0.0,0.0,2.0,0.0,1.4040845283535344,0.0,6.455229919817202e-30,0.3324453116686875,2.4604798412844127,1.0,1.0,4.0,2.0,6.0,3.0,6.845997933231506,1.0
63.0,0.7,3.0200434076230978,1.0453423480792763,1.0576466979204153,0.004560565091976347,0.008335474399460474,0.1309617405645193,1.7117792678213095,9.043559879362302e-24,0.47747933674336523,0.8505325956685799,0.0,0.0,2.0,0.0,1.4742257119986526,0.0,9.806258070067222e-30,0.3382879509305624,2.5037221299230525,1.0,1.0,4.0,2.0,6.0,3.0,6.9663145534618875,1.0
63.0,0.75,3.0200434076230978,1.0453423480792763,1.0576466979204153,0.004560565091976347,0.008335474399460474,0.1309617405645193,1.7117792678213095,1.7436550569499981e-22,0.5401337275031607,0.9621386851936734,0.0,0.0,2.0,0.0,1.6676722273131914,0.0,1.7020920936832305e-29,0.34615041114679035,2.5619134299231234,1.0,1.0,4.0,2.0,6.0,3.0,7.128225052726367,1.0
63.0,0.8,3.0200434076230978,1.0453423480792763,1.0576466979204153,0.004560565091976347,0.008335474399460474,0.1309617405645193,1.7117792678213095,1.0266201920343165e-21,0.5815439133029168,1.0359025323490427,0.0,0.0,3.0,1.0,1.7955268923150696,0.0,2.702333585057945e-29,0.35288214215039077,2.611736025850765,1.0,1.0,4.0,2.0,6.0,3.0,7.266850609833476,1.0
63.0,0.85,3.0200434076230978,1.0453423480792763,1.0576466979204153,0.004560565091976347,0.008335474399460474,0.1309617405645193,1.7117792678213095,4.4397396405173816e-21,0.6181307308655832,1.101074527269428,0.0,0.0,3.0,1.0,1.9084893244466135,0.0,4.509546020042118e-29,0.3604923825047842,2.668060607134003,1.0,1.0,4.0,2.0,6.0,3.0,7.423567182180551,1.0
63.0,0.9,3.0200434076230978,1.0453423480792763,1.0576466979204153,0.004560565091976347,0.008335474399460474,0.1309617405645193,1.7117792678213095,1.154050727547836e-18,0.7792912685581102,1.3881493384599324,0.0,0.0,3.0,1.0,2.4060752724507863,0.0,7.962441783396001e-29,0.36913408808712184,2.7320192241857213,1.0,1.0,4.0,2.0,6.0,3.0,7.601524567891074,1.0
63.0,0.95,3.0200434076230978,1.0453423480792763,1.0576466979204153,0.004560565091976347,0.008335474399460474,0.1309617405645193,1.7117792678213095,2.135276337819123e-15,1.0661893983316375,1.899200167744075,0.0,0.0,4.0,2.0,3.2918782111102827,0.0,2.3292072302567765e-28,0.3860180062048132,2.856979747653344,1.0,1.0,4.0,2.0,6.0,3.0,7.94921263712081,1.0
64.0,0.4,-0.26966906532839063,0.04681630223362737,0.04450484766222479,-0.004041494520080556,-0.002409799279597475,0.11196590102557313,-0.06021945666798023,6.697660227785984e-31,0.13060602280002934,0.17917190065563585,0.0,0.0,4.0,1.0,0.1302917588050394,1.0,5.3716955247545304e-34,0.08970338108879114,0.7396490410833229,0.0,1.0,6.0,3.0,6.0,3.0,1.006582826851978,1.0
64.0,0.45,-0.26966906532839063,0.04681630223362737,0.04450484766222479,-0.004041494520080556,-0.002409799279597475,0.11196590102557313,-0.06021945666798023,5.5764843706215576e-30,0.1426641200304478,0.1957138039518753,0.0,0.0,4.0,1.0,0.14232084186194296,1.0,1.278889948454102e-33,0.09300484082248645,0.7668712204099402,0.0,1.0,6.0,3.0,6.0,3.0,1.0436292863181116,1.0
64.0,0.5,-0.26966906532839063,0.04681630223362737,0.04450484766222479,-0.004041494520080556,-0.002409799279597475,0.11196590102557313,-0.06021945666798023,5.578095708708147e-29,0.1570314556883314,0.2154236364848043,0.0,0.0,4.0,1.0,0.15665360686064556,1.0,2.184964758572388e-33,0.09510376050334324,0.7841778582469239,0.0,1.0,6.0,3.0,6.0,3.0,1.0671817598151903,1.0
64.0,0.55,-0.26966906532839063,0.04681630223362737,0.04450484766222479,-0.004041494520080556,-0.002409799279597475,0.11196590102557313,-0.06021945666798023,4.6642128652472416e-27,0.18883486118322343,0.25905314519870426,0.0,0.0,4.0,1.0,0.18838048705409402,1.0,3.319939102637665e-33,0.09677605767116401,0.7979667810452814,0.0,1.0,6.0,3.0,6.0,3.0,1.085947001326604,1.0
64.0,0.6,-0.26966906532839063,0.04681630223362737,0.04450484766222479,-0.004041494520080556,-0.002409799279597475,0.11196590102557313,-0.06021945666798023,1.134949401299004e-26,0.19596285694092566,0.2688316877221854,0.0,0.0,4.0,1.0,0.19549133144025113,1.0,4.26266822253128e-33,0.09778920197787408,0.8063206603064808,0.0,1.0,6.0,3.0,6.0,3.0,1.0973157328936758,1.0
64.0,0.65,-0.26966906532839063,0.04681630223362737,0.04450484766222479,-0.004041494520080556,-0.002409799279597475,0.11196590102557313,-0.06021945666798023,9.465394576028545e-26,0.21406985834654307,0.2936717815208154,1.0,1.0,6.0,3.0,0.21355476380918076,1.0,6.030034873504656e-33,0.09921275225565052,0.8180585411434254,0.0,1.0,6.0,3.0,6.0,3.0,1.1132897267986748,1.0
64.0,0.7,-0.26966906532839063,0.04681630223362737,0.04450484766222479,-0.004041494520080556,-0.002409799279597475,0.11196590102557313,-0.06021945666798023,2.1064204768525637e-24,0.2436113131238302,0.33419823265303567,1.0,1.0,6.0,3.0,0.24302513598708161,1.0,7.240780617616717e-33,0.09997204195382985,0.8243192627611188,0.0,1.0,6.0,3.0,6.0,3.0,1.1218098958437681,1.0
64.0,0.75,-0.26966906532839063,0.04681630223362737,0.04450484766222479,-0.004041494520080556,-0.002409799279597475,0.11196590102557313,-0.06021945666798023,1.0725769321729491e-23,0.26070594042756373,0.3576495008208079,1.0,1.0,6.0,3.0,0.2600786302270087,1.0,1.120490664891171e-32,0.1018074395231603,0.8394530295788732,0.0,1.0,6.0,3.0,6.0,3.0,1.1424053254843205,1.0
64.0,0.8,-0.26966906532839063,0.04681630223362737,0.04450484766222479,-0.004041494520080556,-0.002409799279597475,0.11196590102557313,-0.06021945666798023,1.2829477423639078e-21,0.31821827353796983,0.43654780745027216,1.0,1.0,6.0,3.0,0.31745257725707193,1.0,1.8242090923115398e-32,0.10389602863378238,0.8566744867206008,0.0,1.0,6.0,3.0,6.0,3.0,1.1658418772127477,1.0
64.0,0.85,-0.26966906532839063,0.04681630223362737,0.04450484766222479,-0.004041494520080556,-0.002409799279597475,0.11196590102557313,-0.06021945666798023,2.6141529695788872e-20,0.360804434342558,0.49496964137034527,1.0,1.0,6.0,3.0,0.35993626731231165,1.0,3.290426285165774e-32,0.10648121838232003,0.8779906633832355,1.0,1.0,6.0,3.0,6.0,3.0,1.1948509019947229,1.0
64.0,0.9,-0.26966906532839063,0.04681630223362737,0.04450484766222479,-0.004041494520080556,-0.002409799279597475,0.11196590102557313,-0.06021945666798023,1.4877914345502093e-19,0.3879171619993563,0.532164242676481,1.0,1.0,6.0,3.0,0.3869837563688844,1.0,4.489430489724104e-32,0.10786870718345819,0.8894311993900097,1.0,1.0,6.0,3.0,6.0,3.0,1.2104202415527576,1.0
64.0,0.95,-0.26966906532839063,0.04681630223362737,0.04450484766222479,-0.004041494520080556,-0.002409799279597475,0.11196590102557313,-0.06021945666798023,4.4368605406106604e-17,0.4918634658505528,0.6747630021200841,1.0,1.0,6.0,3.0,0.4906799447965164,1.0,7.046268411670561e-32,0.1099138627733864,0.9062945255277308,1.0,1.0,6.0,3.0,6.0,3.0,1.2333694154866184,1.0
65.0,0.4,0.004270062079684833,0.9071205838887156,1.419293799571241,0.008641927395926414,0.0011967840113045883,-0.6636343786073886,0.9476195537407222,1.534870780165083e-30,0.23943064846219708,0.276138529381729,0.0,0.0,3.0,1.0,0.6597309612186761,0.0,2.1175533868346112e-27,0.3875492923542441,1.558001671689326,0.0,1.0,5.0,2.0,6.0,3.0,6.824848123445028,1.0
65.0,0.45,0.004270062079684833,0.9071205838887156,1.419293799571241,0.008641927395926414,0.0011967840113045883,-0.6636343786073886,0.9476195537407222,3.0695181127547743e-29,0.27126140550990663,0.3128493619201515,0.0,0.0,3.0,1.0,0.7474379280513669,0.0,3.530345830784639e-27,0.39589155257029873,1.591538709735057,0.0,1.0,5.0,2.0,6.0,3.0,6.9717575878772005,1.0
65.0,0.5,0.004270062079684833,0.9071205838887156,1.419293799571241,0.008641927395926414,0.0011967840113045883,-0.6636343786073886,0.9476195537407222,3.8089077437883305e-28,0.3012729233354336,0.34746204183428137,0.0,0.0,3.0,1.0,0.8301321346194639,0.0,6.392510799243482e-27,0.405807585545022,1.6314025315918748,0.0,1.0,5.0,2.0,6.0,3.0,7.146381617322468,1.0
65.0,0.55,0.004270062079684833,0.9071205838887156,1.419293799571241,0.008641927395926414,0.0011967840113045883,-0.6636343786073886,0.9476195537407222,1.6629141551405935e-26,0.3526113809643003,0.40667136311964597,0.0,0.0,3.0,1.0,0.9715909253653948,0.0,1.6688752714354404e-26,0.4223620066215405,1.6979535903085283,0.0,1.0,5.0,2.0,6.0,3.0,7.437909461258055,1.0
65.0,0.6,0.004270062079684833,0.9071205838887156,1.419293799571241,0.008641927395926414,0.0011967840113045883,-0.6636343786073886,0.9476195537407222,7.037760364032995e-24,0.453666299621572,0.523219335586985,0.0,0.0,3.0,1.0,1.2500392320038125,0.0,2.765083435275696e-26,0.4313419455798768,1.734054184954867,0.0,1.0,5.0,2.0,6.0,3.0,7.596048621250205,1.0
65.0,0.65,0.004270062079684833,0.9071205838887156,1.419293799571241,0.008641927395926414,0.0011967840113045883,-0.6636343786073886,0.9476195537407222,1.0430128527909679e-22,0.50760062928259,0.5854225103745031,0.0,0.0,3.0,1.0,1.3986507292306023,0.0,4.842249210295375e-26,0.4415306062245047,1.775014007691676,1.0,1.0,5.0,2.0,6.0,3.0,7.775473697886254,1.0
65.0,0.7,0.004270062079684833,0.9071205838887156,1.419293799571241,0.008641927395926414,0.0011967840113045883,-0.6636343786073886,0.9476195537407222,5.93467589670545e-21,0.6006916908952151,0.6927856613219595,0.0,0.0,4.0,1.0,1.655155299355679,0.0,8.583284138278118e-26,0.45218839419042084,1.8178597870415447,1.0,1.0,5.0,2.0,6.0,3.0,7.963160233855389,1.0
65.0,0.75,0.004270062079684833,0.9071205838887156,1.419293799571241,0.008641927395926414,0.0011967840113045883,-0.6636343786073886,0.9476195537407222,1.3214403137975735e-20,0.6210650123413161,0.7162824820459606,0.0,0.0,4.0,1.0,1.7112922685665168,0.0,1.605083894761726e-25,0.46413706886534256,1.865895109219307,1.0,1.0,6.0,3.0,6.0,3.0,8.1735796347977,1.0
65.0,0.8,0.004270062079684833,0.9071205838887156,1.419293799571241,0.008641927395926414,0.0011967840113045883,-0.6636343786073886,0.9476195537407222,2.1666551295980642e-19,0.697832712088264,0.80481968414725,0.0,0.0,4.0,1.0,1.922819191581124,1.0,2.9882461127831454e-25,0.4763134713999112,1.9148459288396396,1.0,1.0,6.0,3.0,6.0,3.0,8.388009385097444,1.0
65.0,0.85,0.004270062079684833,0.9071205838887156,1.419293799571241,0.008641927395926414,0.0011967840113045883,-0.6636343786073886,0.9476195537407222,8.779927542924671e-18,0.8142145734973841,0.9390444221356146,0.0,0.0,4.0,1.0,2.243499596487517,1.0,7.327019247576822e-25,0.4944501220093168,1.987757768767528,1.0,1.0,6.0,3.0,6.0,3.0,8.707400720133176,1.0
65.0,0.9,0.004270062079684833,0.9071205838887156,1.419293799571241,0.008641927395926414,0.0011967840113045883,-0.6636343786073886,0.9476195537407222,1.0236644589908639e-16,0.9019517738758651,1.0402328942054675,0.0,0.0,4.0,1.0,2.485252053460333,1.0,1.0832208411088598e-24,0.5025705757867758,2.0204031143010006,1.0,1.0,6.0,3.0,6.0,3.0,8.850404113038246,1.0
65.0,0.95,0.004270062079684833,0.9071205838887156,1.419293799571241,0.008641927395926414,0.0011967840113045883,-0.6636343786073886,0.9476195537407222,7.102477067655581e-14,1.1845920835571988,1.3662056966043328,0.0,0.0,5.0,2.0,3.2640435924000575,1.0,2.8410199667198665e-24,0.5231729462394632,2.103227488488503,1.0,1.0,6.0,3.0,6.0,3.0,9.21321744310109,1.0
66.0,0.4,-0.5385625773094407,0.9582697956611705,0.12165622111193905,-0.001257965734472011,-0.22697319339907046,0.4725900738166185,-0.09841637836185413,1.038402419642165e-30,0.18639538505368944,0.2812254381022478,0.0,0.0,1.0,0.0,0.1388037067558044,0.0,2.861737703768211e-27,0.4399127466921474,1.6497623364724112,0.0,1.0,5.0,2.0,6.0,3.0,1.4342894875554812,1.0
66.0,0.45,-0.5385625773094407,0.9582697956611705,0.12165622111193905,-0.001257965734472011,-0.22697319339907046,0.4725900738166185,-0.09841637836185413,4.11301777002225e-28,0.23915342747357252,0.360824531119894,0.0,0.0,1.0,0.0,0.17809122370237696,0.0,3.871710258309746e-27,0.4454882516576724,1.6706716148875125,0.0,1.0,5.0,2.0,6.0,3.0,1.4524678381943221,1.0
66.0,0.5,-0.5385625773094407,0.9582697956611705,0.12165622111193905,-0.001257965734472011,-0.22697319339907046,0.4725900738166185,-0.09841637836185413,2.20436864274221e-27,0.2564819229109093,0.3869690288477435,0.0,0.0,1.0,0.0,0.19099529532684648,0.0,6.513560612906776e-27,0.45524942484537356,1.707278001053729,0.0,1.0,5.0,2.0,6.0,3.0,1.484293122173024,1.0
66.0,0.55,-0.5385625773094407,0.9582697956611705,0.12165622111193905,-0.001257965734472011,-0.22697319339907046,0.4725900738166185,-0.09841637836185413,7.504192338029127e-25,0.3270074019558674,0.4933748754092149,0.0,0.0,2.0,0.0,0.24351375177548285,1.0,1.0321380310223841e-26,0.46406560113326106,1.7403404565084155,0.0,1.0,5.0,2.0,6.0,3.0,1.5130373426240904,1.0
66.0,0.6,-0.5385625773094407,0.9582697956611705,0.12165622111193905,-0.001257965734472011,-0.22697319339907046,0.4725900738166185,-0.09841637836185413,1.647708232668651e-23,0.3719260502077166,0.5611462235568552,0.0,0.0,2.0,0.0,0.2769634795035642,1.0,1.5191428457872462e-26,0.4715997637516621,1.7685950997715594,0.0,1.0,5.0,2.0,6.0,3.0,1.537601691628207,1.0
66.0,0.65,-0.5385625773094407,0.9582697956611705,0.12165622111193905,-0.001257965734472011,-0.22697319339907046,0.4725900738166185,-0.09841637836185413,1.0243498999316637e-21,0.44176224743102027,0.6665121109894304,0.0,0.0,2.0,0.0,0.328968646034548,1.0,2.264998973964517e-26,0.4795141975802653,1.7982758374703696,0.0,1.0,5.0,2.0,6.0,3.0,1.5634058751297675,1.0
66.0,0.7,-0.5385625773094407,0.9582697956611705,0.12165622111193905,-0.001257965734472011,-0.22697319339907046,0.4725900738166185,-0.09841637836185413,4.2312692783348097e-20,0.5158493203923651,0.778291539140326,0.0,0.0,2.0,0.0,0.38413932714749677,1.0,3.1268795971687695e-26,0.48600037191985274,1.822600311388679,0.0,1.0,5.0,2.0,6.0,3.0,1.5845533679898292,1.0
66.0,0.75,-0.5385625773094407,0.9582697956611705,0.12165622111193905,-0.001257965734472011,-0.22697319339907046,0.4725900738166185,-0.09841637836185413,1.9857917312230092e-19,0.5501745401133021,0.8300799723743139,0.0,0.0,3.0,0.0,0.4097004092048726,1.0,4.6361643963847696e-26,0.49404167765038587,1.8527568445422347,0.0,1.0,5.0,2.0,6.0,3.0,1.6107712040544755,1.0
66.0,0.8,-0.5385625773094407,0.9582697956611705,0.12165622111193905,-0.001257965734472011,-0.22697319339907046,0.4725900738166185,-0.09841637836185413,1.9423526008492275e-18,0.6050160854714852,0.9128225661092227,0.0,0.0,3.0,0.0,0.4505394556101243,1.0,5.796976375472966e-26,0.4986628717613202,1.870087263019703,0.0,1.0,5.0,2.0,6.0,3.0,1.6258381239905448,1.0
66.0,0.85,-0.5385625773094407,0.9582697956611705,0.12165622111193905,-0.001257965734472011,-0.22697319339907046,0.4725900738166185,-0.09841637836185413,5.091068364093495e-18,0.629801402923815,0.9502176000958582,0.0,0.0,3.0,0.0,0.46899642510275286,1.0,8.527952140601565e-26,0.5067481455929945,1.9004086855014592,0.0,1.0,5.0,2.0,6.0,3.0,1.6521993134490836,1.0
66.0,0.9,-0.5385625773094407,0.9582697956611705,0.12165622111193905,-0.001257965734472011,-0.22697319339907046,0.4725900738166185,-0.09841637836185413,2.540340542335487e-16,0.7412369877396231,1.1183468762095294,0.0,0.0,4.0,1.0,0.551979553856073,1.0,1.4569334568968614e-25,0.5181835534420876,1.9432937924084361,0.0,1.0,5.0,2.0,6.0,3.0,1.6894832643852475,1.0
66.0,0.95,-0.5385625773094407,0.9582697956611705,0.12165622111193905,-0.001257965734472011,-0.22697319339907046,0.4725900738166185,-0.09841637836185413,2.833164470536361e-14,0.9021205502553344,1.3610811603169337,0.0,0.0,5.0,2.0,0.6717852820227206,1.0,3.3758437408050546e-25,0.5366480644776704,2.01253946691307,0.0,1.0,5.0,2.0,6.0,3.0,1.7496848708863701,1.0
67.0,0.4,-0.37780523970382185,0.9482323909115888,0.7633577309928019,-0.002893018525537758,0.00048589341976433125,-0.16999669929382216,0.38297040742726074,2.0321275954262366e-30,0.22000646047225772,0.35715586004695116,0.0,0.0,2.0,0.0,0.28951454496060913,0.0,4.205123335334972e-30,0.251773944748541,1.5672565411800063,1.0,1.0,4.0,2.0,6.0,3.0,2.677953573670381,1.0
67.0,0.45,-0.37780523970382185,0.9482323909115888,0.7633577309928019,-0.002893018525537758,0.00048589341976433125,-0.16999669929382216,0.38297040742726074,8.404393302345531e-30,0.23341310835503598,0.37892005208313945,0.0,0.0,2.0,0.0,0.307156843068119,0.0,5.6802555816156916e-30,0.25494822843808146,1.5870159999316338,1.0,1.0,4.0,2.0,6.0,3.0,2.7117163379577596,1.0
67.0,0.5,-0.37780523970382185,0.9482323909115888,0.7633577309928019,-0.002893018525537758,0.00048589341976433125,-0.16999669929382216,0.38297040742726074,3.4085567859062297e-29,0.2474350671662656,0.4016831325309481,0.0,0.0,2.0,0.0,0.32560885132267414,0.0,9.503004282303165e-30,0.2604738977233925,1.621412495329323,1.0,1.0,4.0,2.0,6.0,3.0,2.7704892416603184,1.0
67.0,0.55,-0.37780523970382185,0.9482323909115888,0.7633577309928019,-0.002893018525537758,0.00048589341976433125,-0.16999669929382216,0.38297040742726074,1.1366773917649675e-27,0.28636659858114494,0.4648841156092584,0.0,0.0,2.0,0.0,0.37684027688174176,0.0,1.3162966066019648e-29,0.2640339322631798,1.6435731975611634,1.0,1.0,4.0,2.0,6.0,3.0,2.8083549835969386,1.0
67.0,0.6,-0.37780523970382185,0.9482323909115888,0.7633577309928019,-0.002893018525537758,0.00048589341976433125,-0.16999669929382216,0.38297040742726074,1.079272780416776e-25,0.34619273077294344,0.5620051440116892,0.0,0.0,3.0,1.0,0.45556767152770894,0.0,2.580534061212203e-29,0.2715446413130166,1.6903262795729388,1.0,1.0,4.0,2.0,6.0,3.0,2.8882414474679226,1.0
67.0,0.65,-0.37780523970382185,0.9482323909115888,0.7633577309928019,-0.002893018525537758,0.00048589341976433125,-0.16999669929382216,0.38297040742726074,2.188292639879456e-24,0.3924417482960776,0.6370852466338774,0.0,0.0,3.0,1.0,0.5164284445902066,0.0,3.693677656678347e-29,0.2756327353385913,1.7157740760434588,1.0,1.0,4.0,2.0,6.0,3.0,2.931723810252612,1.0
67.0,0.7,-0.37780523970382185,0.9482323909115888,0.7633577309928019,-0.002893018525537758,0.00048589341976433125,-0.16999669929382216,0.38297040742726074,1.5669088563366822e-21,0.5160965617234964,0.837824993747731,0.0,0.0,4.0,2.0,0.6791503345055369,0.0,5.423058809909993e-29,0.2800787654198862,1.7434499729046364,1.0,1.0,4.0,2.0,6.0,3.0,2.9790133030424277,1.0
67.0,0.75,-0.37780523970382185,0.9482323909115888,0.7633577309928019,-0.002893018525537758,0.00048589341976433125,-0.16999669929382216,0.38297040742726074,1.2250416260063244e-20,0.5622685108340966,0.9127799844295609,0.0,0.0,4.0,2.0,0.7399096904262935,0.0,8.181547428319218e-29,0.2849190455464985,1.7735800195111397,1.0,1.0,4.0,2.0,6.0,3.0,3.0304961738199134,1.0
67.0,0.8,-0.37780523970382185,0.9482323909115888,0.7633577309928019,-0.002893018525537758,0.00048589341976433125,-0.16999669929382216,0.38297040742726074,9.15669057779971e-20,0.6114250802922238,0.992580172133544,0.0,0.0,4.0,2.0,0.8045966173826447,1.0,1.3758036824790384e-28,0.29115652215979415,1.812407412998613,1.0,1.0,4.0,2.0,6.0,3.0,3.0968401031091166,1.0
67.0,0.85,-0.37780523970382185,0.9482323909115888,0.7633577309928019,-0.002893018525537758,0.00048589341976433125,-0.16999669929382216,0.38297040742726074,1.427516332084433e-17,0.7545911175252239,1.2249942069200983,0.0,1.0,5.0,3.0,0.9929940400508405,1.0,2.236264726655891e-28,0.29710968179273445,1.8494649742356697,1.0,1.0,4.0,2.0,6.0,3.0,3.1601599399952756,1.0
67.0,0.9,-0.37780523970382185,0.9482323909115888,0.7633577309928019,-0.002893018525537758,0.00048589341976433125,-0.16999669929382216,0.38297040742726074,2.359386480675521e-15,0.9335496893066135,1.5155134147658875,1.0,1.0,6.0,3.0,1.2284921675370686,1.0,4.18933824607902e-28,0.3049833026652735,1.8984771300708687,1.0,1.0,4.0,2.0,6.0,3.0,3.24390645782658,1.0
67.0,0.95,-0.37780523970382185,0.9482323909115888,0.7633577309928019,-0.002893018525537758,0.00048589341976433125,-0.16999669929382216,0.38297040742726074,2.9681248685461665e-14,1.0374270487444703,1.6841466793063726,1.0,1.0,6.0,3.0,1.3651881826668288,1.0,1.8748027566032346e-27,0.32463336460960773,2.020795935329325,1.0,1.0,4.0,2.0,6.0,3.0,3.452911220647571,1.0
68.0,0.4,-0.08742665044366849,0.8360780162822423,1.3532152712972003,0.003316692257964857,-0.0009391285781469401,0.010143819666501519,0.8730016307169106,1.291073884363272e-31,0.20890480933480124,0.24980276210480246,0.0,0.0,4.0,2.0,0.6762488095642579,0.0,5.74500669846587e-31,0.28567222999478903,1.3181302207552872,1.0,1.0,6.0,3.0,6.0,3.0,5.653733371591596,1.0
68.0,0.45,-0.08742665044366849,0.8360780162822423,1.3532152712972003,0.003316692257964857,-0.0009391285781469401,0.010143819666501519,0.8730016307169106,2.9385351578894906e-30,0.23795651311784027,0.2845420094776236,0.0,0.0,4.0,2.0,0.7702925042099262,0.0,7.550592965401153e-31,0.28894385537825734,1.3332259417815082,1.0,1.0,6.0,3.0,6.0,3.0,5.718482043908115,1.0
68.0,0.5,-0.08742665044366849,0.8360780162822423,1.3532152712972003,0.003316692257964857,-0.0009391285781469401,0.010143819666501519,0.8730016307169106,5.341317714530624e-30,0.24395561944606112,0.29171557975454443,0.0,0.0,4.0,2.0,0.7897122989280407,0.0,1.0322949356883636e-30,0.2927337148205989,1.3507128646912228,1.0,1.0,6.0,3.0,6.0,3.0,5.793487076085021,1.0
68.0,0.55,-0.08742665044366849,0.8360780162822423,1.3532152712972003,0.003316692257964857,-0.0009391285781469401,0.010143819666501519,0.8730016307169106,6.7689687619414335e-28,0.29849054606644715,0.3569269807956871,0.0,0.0,4.0,2.0,0.9662481064287951,0.0,1.7151131667644434e-30,0.2989921492409865,1.3795901256846295,1.0,1.0,6.0,3.0,6.0,3.0,5.917347626118564,1.0
68.0,0.6,-0.08742665044366849,0.8360780162822423,1.3532152712972003,0.003316692257964857,-0.0009391285781469401,0.010143819666501519,0.8730016307169106,1.7902604345362726e-26,0.3421345907932944,0.4091153576784769,0.0,0.0,4.0,2.0,1.1075288810796011,0.0,2.6952056523999574e-30,0.30467647011425447,1.4058183492948182,1.0,1.0,6.0,3.0,6.0,3.0,6.0298459064610945,1.0
68.0,0.65,-0.08742665044366849,0.8360780162822423,1.3532152712972003,0.003316692257964857,-0.0009391285781469401,0.010143819666501519,0.8730016307169106,7.829289053088387e-26,0.3638289386832318,0.43505687641241675,0.0,0.0,4.0,2.0,1.177755971502067,0.0,4.204631066437097e-30,0.310374653773936,1.4321105376723067,1.0,1.0,6.0,3.0,6.0,3.0,6.1426185449313655,1.0
68.0,0.7,-0.08742665044366849,0.8360780162822423,1.3532152712972003,0.003316692257964857,-0.0009391285781469401,0.010143819666501519,0.8730016307169106,1.4636055042370123e-24,0.4110406850029649,0.4915114150705456,0.0,0.0,4.0,2.0,1.3305858050891033,0.0,5.7785205781857416e-30,0.3145139745174167,1.4512099221853925,1.0,1.0,6.0,3.0,6.0,3.0,6.224539758706906,1.0
68.0,0.75,-0.08742665044366849,0.8360780162822423,1.3532152712972003,0.003316692257964857,-0.0009391285781469401,0.010143819666501519,0.8730016307169106,2.0244623857900098e-23,0.4585869733013999,0.5483659900446685,0.0,0.0,4.0,2.0,1.4844985894017204,0.0,8.478716540007467e-30,0.3195788335992746,1.4745798654934468,1.0,1.0,6.0,3.0,6.0,3.0,6.324778283165622,1.0
68.0,0.8,-0.08742665044366849,0.8360780162822423,1.3532152712972003,0.003316692257964857,-0.0009391285781469401,0.010143819666501519,0.8730016307169106,3.353973141432049e-22,0.5154942101187506,0.6164141359250428,0.0,0.0,4.0,2.0,1.6687138368910652,0.0,1.1962320916150247e-29,0.3241951868807316,1.49588034251245,1.0,1.0,6.0,3.0,6.0,3.0,6.416140438328226,1.0
68.0,0.85,-0.08742665044366849,0.8360780162822423,1.3532152712972003,0.003316692257964857,-0.0009391285781469401,0.010143819666501519,0.8730016307169106,1.2018958528641908e-21,0.5436506698188069,0.6500828744598951,0.0,0.0,5.0,2.0,1.7598595238397623,1.0,2.8167857315571105e-29,0.3359727039675402,1.5502233957307041,1.0,1.0,6.0,3.0,6.0,3.0,6.649229042668225,1.0
68.0,0.9,-0.08742665044366849,0.8360780162822423,1.3532152712972003,0.003316692257964857,-0.0009391285781469401,0.010143819666501519,0.8730016307169106,8.733633166279394e-20,0.6499429920337655,0.7771843795156095,0.0,0.0,5.0,2.0,2.103939952588952,1.0,6.426464454338209e-29,0.3477200689402915,1.6044273230256607,1.0,1.0,6.0,3.0,6.0,3.0,6.881720907123941,1.0
68.0,0.95,-0.08742665044366849,0.8360780162822423,1.3532152712972003,0.003316692257964857,-0.0009391285781469401,0.010143819666501519,0.8730016307169106,8.492539279242479e-18,0.7865060018775273,0.9404827600983394,1.0,1.0,6.0,3.0,2.5460100663954295,1.0,3.04785203529616e-28,0.37102000829369824,1.7119363875365898,1.0,1.0,6.0,3.0,6.0,3.0,7.34284953933582,1.0
69.0,0.4,-0.15508368753860924,0.9425002853127863,0.002355063159524551,-0.0005780368310800701,7.402159946256553e-5,0.09007067035439142,-0.050124187073186666,9.759538673728907e-33,0.13131661998677874,0.2288179830969385,0.0,0.0,3.0,0.0,0.10925770977333278,1.0,1.8518961133600247e-33,0.1655998533420569,1.1341964859534994,1.0,1.0,6.0,3.0,6.0,3.0,0.8223265353127154,1.0
69.0,0.45,-0.15508368753860924,0.9425002853127863,0.002355063159524551,-0.0005780368310800701,7.402159946256553e-5,0.09007067035439142,-0.050124187073186666,3.2026960151758408e-31,0.1518762843643889,0.2646430061329288,0.0,0.0,4.0,1.0,0.12636370780947037,1.0,2.8240771801031326e-33,0.16853720164653843,1.1543144393074976,1.0,1.0,6.0,3.0,6.0,3.0,0.8369126560458159,1.0
69.0,0.5,-0.15508368753860924,0.9425002853127863,0.002355063159524551,-0.0005780368310800701,7.402159946256553e-5,0.09007067035439142,-0.050124187073186666,2.2877347207133915e-30,0.16484231738930402,0.28723619750373997,0.0,0.0,4.0,1.0,0.13715167260242847,1.0,4.229727427388668e-33,0.17139794261798647,1.1739077076079083,1.0,1.0,6.0,3.0,6.0,3.0,0.8511183643480983,1.0
69.0,0.55,-0.15508368753860924,0.9425002853127863,0.002355063159524551,-0.0005780368310800701,7.402159946256553e-5,0.09007067035439142,-0.050124187073186666,1.0822585692092174e-29,0.17586952949091844,0.3064510115351064,0.0,0.0,4.0,1.0,0.14632650469549083,1.0,6.879606128152441e-33,0.1749072202002529,1.1979428152587621,1.0,1.0,6.0,3.0,6.0,3.0,0.8685445396582598,1.0
69.0,0.6,-0.15508368753860924,0.9425002853127863,0.002355063159524551,-0.0005780368310800701,7.402159946256553e-5,0.09007067035439142,-0.050124187073186666,3.1033632970643313e-28,0.20226457881691534,0.35244413830860155,0.0,0.0,5.0,2.0,0.16828764441263344,1.0,1.0140173322437823e-32,0.17775745050481034,1.2174640958054899,1.0,1.0,6.0,3.0,6.0,3.0,0.8826980546758655,1.0
69.0,0.65,-0.15508368753860924,0.9425002853127863,0.002355063159524551,-0.0005780368310800701,7.402159946256553e-5,0.09007067035439142,-0.050124187073186666,6.1637216502327794e-27,0.22908866482216306,0.39918485748609467,0.0,0.0,5.0,2.0,0.19060575010246425,1.0,2.8920871989682655e-32,0.18569194404222575,1.2718075901162529,1.0,1.0,6.0,3.0,6.0,3.0,0.9220987210919559,1.0
69.0,0.7,-0.15508368753860924,0.9425002853127863,0.002355063159524551,-0.0005780368310800701,7.402159946256553e-5,0.09007067035439142,-0.050124187073186666,3.5284881151146333e-26,0.24636348342548256,0.42928606745917364,0.0,0.0,5.0,2.0,0.20497869937224047,1.0,3.610396064939585e-32,0.1874163061412271,1.283617778312247,1.0,1.0,6.0,3.0,6.0,3.0,0.9306614624342888,1.0
69.0,0.75,-0.15508368753860924,0.9425002853127863,0.002355063159524551,-0.0005780368310800701,7.402159946256553e-5,0.09007067035439142,-0.050124187073186666,3.812713727796429e-25,0.27204760083079754,0.47404040200495196,0.0,0.0,5.0,2.0,0.22634833137721164,1.0,5.82636717436748e-32,0.19119102392700096,1.3094708908705515,1.0,1.0,6.0,3.0,6.0,3.0,0.9494057459340284,1.0
69.0,0.8,-0.15508368753860924,0.9425002853127863,0.002355063159524551,-0.0005780368310800701,7.402159946256553e-5,0.09007067035439142,-0.050124187073186666,1.0968660856241786e-23,0.3129199188987515,0.5452600342628292,0.0,0.0,5.0,2.0,0.26035481026527224,1.0,9.767518598564208e-32,0.1953515818589897,1.3379666297908055,1.0,1.0,6.0,3.0,6.0,3.0,0.9700660129580159,1.0
69.0,0.85,-0.15508368753860924,0.9425002853127863,0.002355063159524551,-0.0005780368310800701,7.402159946256553e-5,0.09007067035439142,-0.050124187073186666,6.800025282391038e-22,0.3716334074037893,0.6475677392712332,0.0,0.0,5.0,2.0,0.30920545299053587,1.0,1.7636130062682142e-31,0.20022089230913195,1.3713166279345863,1.0,1.0,6.0,3.0,6.0,3.0,0.9942457637912281,1.0
69.0,0.9,-0.15508368753860924,0.9425002853127863,0.002355063159524551,-0.0005780368310800701,7.402159946256553e-5,0.09007067035439142,-0.050124187073186666,4.9668981434172095e-21,0.40373558317213815,0.703505480534118,0.0,0.0,5.0,2.0,0.33591502108286037,1.0,2.905185466816189e-31,0.20442852711797518,1.4001347972629623,1.0,1.0,6.0,3.0,6.0,3.0,1.01513980255025,1.0
69.0,0.95,-0.15508368753860924,0.9425002853127863,0.002355063159524551,-0.0005780368310800701,7.402159946256553e-5,0.09007067035439142,-0.050124187073186666,3.2992813945546514e-20,0.4368787778131219,0.7612571874536436,0.0,0.0,5.0,2.0,0.36349073496744155,1.0,7.590283795004735e-31,0.2127747093346692,1.4572979550210123,1.0,1.0,6.0,3.0,6.0,3.0,1.0565848096974848,1.0
70.0,0.4,0.14177925464847962,0.1935738734807033,0.1819601397033584,-0.0028817480613431024,-0.36021064562441635,0.24005651194634794,0.16856684468506555,5.78169038054563e-35,0.10491249861744587,0.12082340526562273,0.0,0.0,1.0,0.0,0.09442716890102437,0.0,4.606514704949093e-31,0.20562761123844964,0.7537400686091719,0.0,0.0,4.0,2.0,6.0,3.0,1.0839669132475078,1.0
70.0,0.45,0.14177925464847962,0.1935738734807033,0.1819601397033584,-0.0028817480613431024,-0.36021064562441635,0.24005651194634794,0.16856684468506555,1.4806433487590933e-33,0.12009097798945113,0.13830383503945637,0.0,0.0,1.0,0.0,0.10808865684773045,0.0,7.457938218056984e-31,0.20979736391602502,0.7690245415958,0.0,0.0,4.0,2.0,6.0,3.0,1.1059477839666436,1.0
70.0,0.5,0.14177925464847962,0.1935738734807033,0.1819601397033584,-0.0028817480613431024,-0.36021064562441635,0.24005651194634794,0.16856684468506555,4.9195698185503566e-32,0.13896493953823888,0.1600401994881985,0.0,0.0,2.0,1.0,0.1250762872872409,0.0,1.0072169427089145e-30,0.21244069020467474,0.778713809132215,0.0,0.0,4.0,2.0,6.0,3.0,1.1198820908457476,1.0
70.0,0.55,0.14177925464847962,0.1935738734807033,0.1819601397033584,-0.0028817480613431024,-0.36021064562441635,0.24005651194634794,0.16856684468506555,2.735981018310738e-31,0.14926385623982472,0.17190103783282715,0.0,0.0,2.0,1.0,0.13434589347996306,0.0,1.5715549136672762e-30,0.21641530755300586,0.7932830021252332,0.0,0.0,4.0,2.0,6.0,3.0,1.1408343047651823,1.0
70.0,0.6,0.14177925464847962,0.1935738734807033,0.1819601397033584,-0.0028817480613431024,-0.36021064562441635,0.24005651194634794,0.16856684468506555,5.510561599240663e-30,0.16915757088198702,0.1948118099345692,0.0,0.0,2.0,1.0,0.15225135924752664,0.0,2.4160268998968705e-30,0.22032823293446846,0.8076260595955944,0.0,1.0,4.0,2.0,6.0,3.0,1.161461309193071,1.0
70.0,0.65,0.14177925464847962,0.1935738734807033,0.1819601397033584,-0.0028817480613431024,-0.36021064562441635,0.24005651194634794,0.16856684468506555,1.784985631735799e-27,0.21522516989219334,0.24786596704811237,0.0,0.0,2.0,1.0,0.19371479792191587,0.0,5.715871948770054e-30,0.22837716716851217,0.837129900083065,0.0,1.0,4.0,2.0,6.0,3.0,1.203891303609002,1.0
70.0,0.7,0.14177925464847962,0.1935738734807033,0.1819601397033584,-0.0028817480613431024,-0.36021064562441635,0.24005651194634794,0.16856684468506555,1.7783689763140297e-26,0.23686043571357926,0.2727824119409051,0.0,0.0,2.0,1.0,0.213187758025402,0.0,1.0206031918493796e-29,0.2339608997610426,0.8575973993748243,0.0,1.0,4.0,2.0,6.0,3.0,1.2333259760553306,1.0
70.0,0.75,0.14177925464847962,0.1935738734807033,0.1819601397033584,-0.0028817480613431024,-0.36021064562441635,0.24005651194634794,0.16856684468506555,2.3986957957777314e-25,0.26398175473118834,0.3040169184314207,0.0,0.0,2.0,1.0,0.23759847557996866,0.0,2.3117555839908602e-29,0.24206861810481306,0.8873167164640592,0.0,1.0,4.0,2.0,6.0,3.0,1.2760658511802998,1.0
70.0,0.8,0.14177925464847962,0.1935738734807033,0.1819601397033584,-0.0028817480613431024,-0.36021064562441635,0.24005651194634794,0.16856684468506555,6.083381137293593e-24,0.3020514942783258,0.347860270084239,0.0,0.0,2.0,1.0,0.2718633894234921,0.0,3.798614991227732e-29,0.2471299024323706,0.9058691510000998,0.0,1.0,4.0,2.0,6.0,3.0,1.3027464351571691,1.0
70.0,0.85,0.14177925464847962,0.1935738734807033,0.1819601397033584,-0.0028817480613431024,-0.36021064562441635,0.24005651194634794,0.16856684468506555,1.0580554528107524e-21,0.3744807204888121,0.43127402789983843,0.0,0.0,2.0,1.0,0.33705378014792753,0.0,5.732595465508922e-29,0.2514040184176513,0.9215361738118042,0.0,1.0,4.0,2.0,6.0,3.0,1.3252774575404145,1.0
70.0,0.9,0.14177925464847962,0.1935738734807033,0.1819601397033584,-0.0028817480613431024,-0.36021064562441635,0.24005651194634794,0.16856684468506555,1.3725942951254182e-19,0.45864064234411966,0.5281975449206794,0.0,0.0,3.0,1.0,0.4128024589083688,1.0,2.048645625806954e-28,0.2651054745250679,0.9717596647343045,1.0,1.0,4.0,2.0,6.0,3.0,1.3975047474179882,1.0
70.0,0.95,0.14177925464847962,0.1935738734807033,0.1819601397033584,-0.0028817480613431024,-0.36021064562441635,0.24005651194634794,0.16856684468506555,4.768820492313519e-17,0.5852508723961317,0.6740093341539991,1.0,1.0,6.0,3.0,0.5267588104896362,1.0,3.416973612599567e-28,0.27081703491987125,0.9926957243321196,1.0,1.0,4.0,2.0,6.0,3.0,1.4276132647211546,1.0
71.0,0.4,-0.7046942537847436,0.13483229155921064,0.06317524432618987,-0.0029831072541380114,-0.001987028729428753,0.04227448335387507,-0.19278092171078787,7.5728217713759415e-31,0.15150408644587163,0.2348971704464822,0.0,0.0,4.0,1.0,0.12398541286013395,0.0,1.9189275761847681e-32,0.1601987351749899,1.0363732612579313,0.0,1.0,6.0,3.0,6.0,3.0,1.0969684061503286,1.0
71.0,0.45,-0.7046942537847436,0.13483229155921064,0.06317524432618987,-0.0029831072541380114,-0.001987028729428753,0.04227448335387507,-0.19278092171078787,5.542630771170506e-29,0.18117993765443013,0.28090763553035103,0.0,0.0,5.0,2.0,0.14827104600959737,0.0,3.0579358054275614e-32,0.16333947562694115,1.056691645303835,0.0,1.0,6.0,3.0,6.0,3.0,1.118474774748966,1.0
71.0,0.5,-0.7046942537847436,0.13483229155921064,0.06317524432618987,-0.0029831072541380114,-0.001987028729428753,0.04227448335387507,-0.19278092171078787,1.1596271218261663e-27,0.20565307448355127,0.3188516324743806,0.0,0.0,5.0,2.0,0.1682989676645371,0.0,4.139515949454298e-32,0.16541359744569994,1.0701097561971904,0.0,1.0,6.0,3.0,6.0,3.0,1.1326774218747384,1.0
71.0,0.55,-0.7046942537847436,0.13483229155921064,0.06317524432618987,-0.0029831072541380114,-0.001987028729428753,0.04227448335387507,-0.19278092171078787,1.0057909619922622e-26,0.22502275112140321,0.3488830484013716,0.0,0.0,5.0,2.0,0.1841504038287318,0.0,6.744184143469838e-32,0.16881214996416377,1.092096003175166,0.0,1.0,6.0,3.0,6.0,3.0,1.1559491707766578,1.0
71.0,0.6,-0.7046942537847436,0.13483229155921064,0.06317524432618987,-0.0029831072541380114,-0.001987028729428753,0.04227448335387507,-0.19278092171078787,4.573822772707334e-25,0.26381546278294027,0.40902860894040616,0.0,0.0,5.0,2.0,0.21589694271194662,0.0,9.208877323290633e-32,0.17101738201346584,1.10636230514234,0.0,1.0,6.0,3.0,6.0,3.0,1.1710496013991099,1.0
71.0,0.65,-0.7046942537847436,0.13483229155921064,0.06317524432618987,-0.0029831072541380114,-0.001987028729428753,0.04227448335387507,-0.19278092171078787,4.6187161090035905e-24,0.2904983439204753,0.45039866981203874,0.0,0.0,5.0,2.0,0.2377332384300633,0.0,1.4550009847350975e-31,0.17430811732148482,1.1276510505209032,0.0,1.0,6.0,3.0,6.0,3.0,1.1935830668597271,1.0
71.0,0.7,-0.7046942537847436,0.13483229155921064,0.06317524432618987,-0.0029831072541380114,-0.001987028729428753,0.04227448335387507,-0.19278092171078787,1.2565313719034936e-23,0.3028685397799815,0.46957784889183823,0.0,0.0,5.0,2.0,0.2478565550796743,0.0,2.6423731890629543e-31,0.1786959590228854,1.1560373034397966,0.0,1.0,6.0,3.0,6.0,3.0,1.2236290201712032,1.0
71.0,0.75,-0.7046942537847436,0.13483229155921064,0.06317524432618987,-0.0029831072541380114,-0.001987028729428753,0.04227448335387507,-0.19278092171078787,5.673711370885141e-23,0.32250249311434326,0.5000190085404764,0.0,0.0,5.0,2.0,0.26392426564342314,0.0,5.077292567777544e-31,0.18362549650137694,1.1879279474420539,0.0,1.0,6.0,3.0,6.0,3.0,1.2573842609034875,1.0
71.0,0.8,-0.7046942537847436,0.13483229155921064,0.06317524432618987,-0.0029831072541380114,-0.001987028729428753,0.04227448335387507,-0.19278092171078787,1.5129556318800087e-21,0.3697839291116605,0.5733257805949996,0.0,0.0,5.0,2.0,0.3026176665956265,0.0,7.186821038662256e-31,0.18630335525866906,1.205251812143304,0.0,1.0,6.0,3.0,6.0,3.0,1.2757210252335784,1.0
71.0,0.85,-0.7046942537847436,0.13483229155921064,0.06317524432618987,-0.0029831072541380114,-0.001987028729428753,0.04227448335387507,-0.19278092171078787,4.277427421283724e-20,0.4250315985175321,0.6589836761781556,0.0,0.0,5.0,2.0,0.347830342118372,0.0,1.9401455977241213e-30,0.19417414669130056,1.2561703027094568,0.0,1.0,6.0,3.0,6.0,3.0,1.3296166413479273,1.0
71.0,0.9,-0.7046942537847436,0.13483229155921064,0.06317524432618987,-0.0029831072541380114,-0.001987028729428753,0.04227448335387507,-0.19278092171078787,2.369559321710372e-18,0.5024194272538738,0.7789684397815996,0.0,0.0,5.0,2.0,0.4111617156892934,1.0,3.9711360737105464e-30,0.20005669532539044,1.294226259304624,0.0,1.0,6.0,3.0,6.0,3.0,1.3698976709839643,1.0
71.0,0.95,-0.7046942537847436,0.13483229155921064,0.06317524432618987,-0.0029831072541380114,-0.001987028729428753,0.04227448335387507,-0.19278092171078787,5.119087686226246e-14,0.7615030229849599,1.1806605985477288,1.0,1.0,6.0,3.0,0.6231862711687477,1.0,7.967755208957704e-30,0.20594629079257273,1.3323278039588076,1.0,1.0,6.0,3.0,6.0,3.0,1.4102269541424595,1.0
72.0,0.4,0.02565248895903649,1.3863923588856966,0.12063708673893547,-0.00015122627362371984,-0.0017951009453883388,0.012277356413398,0.08897588747896917,3.8104556515668967e-32,0.15403339694769796,0.2873808834172625,0.0,0.0,4.0,2.0,0.12284214946555895,0.0,9.300761469293229e-32,0.2148592559544932,1.5605628533908908,1.0,1.0,6.0,3.0,6.0,3.0,1.0096615334630412,1.0
72.0,0.45,0.02565248895903649,1.3863923588856966,0.12063708673893547,-0.00015122627362371984,-0.0017951009453883388,0.012277356413398,0.08897588747896917,1.0347357650040333e-31,0.16058023261800364,0.2995953476555531,0.0,0.0,4.0,2.0,0.12806327281851085,0.0,1.690928915874001e-31,0.22027794655771873,1.5999198139828192,1.0,1.0,6.0,3.0,6.0,3.0,1.0351249161761098,1.0
72.0,0.5,0.02565248895903649,1.3863923588856966,0.12063708673893547,-0.00015122627362371984,-0.0017951009453883388,0.012277356413398,0.08897588747896917,1.8018975440466784e-30,0.18088238501411905,0.3374731754934254,0.0,0.0,4.0,2.0,0.14425430728594518,0.0,3.1143190695407686e-31,0.22595533112243776,1.641155717070894,1.0,1.0,6.0,3.0,6.0,3.0,1.061803947434078,1.0
72.0,0.55,0.02565248895903649,1.3863923588856966,0.12063708673893547,-0.00015122627362371984,-0.0017951009453883388,0.012277356413398,0.08897588747896917,2.435088180231825e-29,0.20161010727594406,0.3761449911702135,0.0,0.0,4.0,2.0,0.1607847351452507,0.0,5.072135054981013e-31,0.2305943949631376,1.6748501030639198,1.0,1.0,6.0,3.0,6.0,3.0,1.083603726505387,1.0
72.0,0.6,0.02565248895903649,1.3863923588856966,0.12063708673893547,-0.00015122627362371984,-0.0017951009453883388,0.012277356413398,0.08897588747896917,1.8939759904178502e-28,0.2195995561884475,0.40970799648665385,0.0,0.0,4.0,2.0,0.1751313808461382,0.0,9.52107420372035e-31,0.23672513756762603,1.7193788301590742,1.0,1.0,6.0,3.0,6.0,3.0,1.112413167140451,1.0
72.0,0.65,0.02565248895903649,1.3863923588856966,0.12063708673893547,-0.00015122627362371984,-0.0017951009453883388,0.012277356413398,0.08897588747896917,2.5573095971903656e-27,0.24475514302234813,0.45664090136611135,0.0,0.0,4.0,2.0,0.1951930455174246,1.0,1.4217704957634798e-30,0.24071345075211936,1.7483466927524718,1.0,1.0,6.0,3.0,6.0,3.0,1.1311549541204793,1.0
72.0,0.7,0.02565248895903649,1.3863923588856966,0.12063708673893547,-0.00015122627362371984,-0.0017951009453883388,0.012277356413398,0.08897588747896917,4.8154045167172586e-26,0.2765989672135813,0.5160520843225446,0.0,0.0,4.0,2.0,0.22058860186020066,1.0,2.215232541306246e-30,0.24520252315433233,1.7809516629500768,1.0,1.0,6.0,3.0,6.0,3.0,1.1522498969718347,1.0
72.0,0.75,0.02565248895903649,1.3863923588856966,0.12063708673893547,-0.00015122627362371984,-0.0017951009453883388,0.012277356413398,0.08897588747896917,1.3606142985669142e-25,0.2888327807517167,0.5388767717722748,0.0,0.0,4.0,2.0,0.23034510909152334,1.0,4.0921000511432836e-30,0.25155341827013633,1.8270793987996532,1.0,1.0,6.0,3.0,6.0,3.0,1.1820938730807524,1.0
72.0,0.8,0.02565248895903649,1.3863923588856966,0.12063708673893547,-0.00015122627362371984,-0.0017951009453883388,0.012277356413398,0.08897588747896917,4.348934109342755e-24,0.33368765479825246,0.6225627358845927,0.0,0.0,4.0,2.0,0.2661170212292158,1.0,7.158857620216672e-30,0.2574844175744797,1.8701573530480184,1.0,1.0,6.0,3.0,6.0,3.0,1.2099646847243528,1.0
72.0,0.85,0.02565248895903649,1.3863923588856966,0.12063708673893547,-0.00015122627362371984,-0.0017951009453883388,0.012277356413398,0.08897588747896917,1.1343007439051901e-21,0.42074716420437874,0.7849901004612587,0.0,0.0,5.0,2.0,0.3355472712839942,1.0,1.611141853875456e-29,0.26633589629619925,1.9344472940576856,1.0,1.0,6.0,3.0,6.0,3.0,1.2515593441672737,1.0
72.0,0.9,0.02565248895903649,1.3863923588856966,0.12063708673893547,-0.00015122627362371984,-0.0017951009453883388,0.012277356413398,0.08897588747896917,2.3494625780878475e-19,0.5254497753366831,0.9803342886668375,0.0,0.0,5.0,2.0,0.4190479539996788,1.0,4.1572099424420017e-29,0.27706555963188073,2.012378840253681,1.0,1.0,6.0,3.0,6.0,3.0,1.3019799243229684,1.0
72.0,0.95,0.02565248895903649,1.3863923588856966,0.12063708673893547,-0.00015122627362371984,-0.0017951009453883388,0.012277356413398,0.08897588747896917,5.1841727198004557e-17,0.6579393065944218,1.227520673508537,0.0,0.0,5.0,2.0,0.5247087984911578,1.0,1.9249937153358719e-28,0.29533642795623627,2.145083564932726,1.0,1.0,6.0,3.0,6.0,3.0,1.3878379565874823,1.0
73.0,0.4,-0.0211398305130579,0.039960449345400384,0.03335604656409208,-0.003702796799804423,-0.0004927690168468306,0.2417525292758151,0.015191087538375503,1.6349923447969057e-36,0.09566545654897088,0.13097494609679086,0.0,0.0,5.0,2.0,0.11113301853809775,1.0,3.3610582120194697e-37,0.07227474164238892,0.6667604933681589,0.0,0.0,5.0,2.0,5.0,2.0,1.0339401919960276,1.0
73.0,0.45,-0.0211398305130579,0.039960449345400384,0.03335604656409208,-0.003702796799804423,-0.0004927690168468306,0.2417525292758151,0.015191087538375503,2.0072791679026164e-34,0.11689626920701295,0.16004191178941454,0.0,0.0,5.0,2.0,0.13579651131615475,1.0,4.565805588992387e-37,0.07320317852143572,0.6753256575938221,0.0,0.0,5.0,2.0,5.0,2.0,1.0472221240121617,1.0
73.0,0.5,-0.0211398305130579,0.039960449345400384,0.03335604656409208,-0.003702796799804423,-0.0004927690168468306,0.2417525292758151,0.015191087538375503,2.165147164675163e-33,0.12907356413832416,0.17671376602780184,0.0,0.0,5.0,2.0,0.14994267851342877,1.0,8.736546577367965e-37,0.07520947169093181,0.6938344338707865,0.0,0.0,5.0,2.0,5.0,2.0,1.0759235361200463,1.0
73.0,0.55,-0.0211398305130579,0.039960449345400384,0.03335604656409208,-0.003702796799804423,-0.0004927690168468306,0.2417525292758151,0.015191087538375503,3.0318567335214403e-32,0.14407761855032078,0.19725571804199227,0.0,0.0,5.0,2.0,0.16737264662591558,1.0,1.4311927789036904e-36,0.07677222642014055,0.7082514084677531,0.0,0.0,5.0,2.0,5.0,2.0,1.098279823919118,1.0
73.0,0.6,-0.0211398305130579,0.039960449345400384,0.03335604656409208,-0.003702796799804423,-0.0004927690168468306,0.2417525292758151,0.015191087538375503,2.8971678731143197e-30,0.17422383232614655,0.23852870064977347,0.0,0.0,5.0,2.0,0.2023930171468813,1.0,2.02590327814186e-36,0.07789193496917961,0.7185811226614037,0.0,0.0,5.0,2.0,6.0,3.0,1.1142980295309939,1.0
73.0,0.65,-0.0211398305130579,0.039960449345400384,0.03335604656409208,-0.003702796799804423,-0.0004927690168468306,0.2417525292758151,0.015191087538375503,2.334488333623756e-29,0.19004946343447357,0.26019546790446985,0.0,0.0,5.0,2.0,0.22077739766189508,1.0,2.813336649038616e-36,0.07896493534514808,0.7284799371546452,0.0,0.0,6.0,3.0,6.0,3.0,1.1296480424058928,1.0
73.0,0.7,-0.0211398305130579,0.039960449345400384,0.03335604656409208,-0.003702796799804423,-0.0004927690168468306,0.2417525292758151,0.015191087538375503,1.0361027533478276e-28,0.20222450349129345,0.27686423500905133,0.0,0.0,5.0,2.0,0.234920945407826,1.0,3.824450849292569e-36,0.07998166209710536,0.7378596072212632,0.0,0.0,6.0,3.0,6.0,3.0,1.1441930221489915,1.0
73.0,0.75,-0.0211398305130579,0.039960449345400384,0.03335604656409208,-0.003702796799804423,-0.0004927690168468306,0.2417525292758151,0.015191087538375503,4.314584033326442e-28,0.2146089264856345,0.29381966691349587,0.0,0.0,5.0,2.0,0.24930772993656775,1.0,6.157264709766832e-36,0.08158454062267981,0.752646738274727,0.0,1.0,6.0,3.0,6.0,3.0,1.1671233086200097,1.0
73.0,0.8,-0.0211398305130579,0.039960449345400384,0.03335604656409208,-0.003702796799804423,-0.0004927690168468306,0.2417525292758151,0.015191087538375503,6.470787627409192e-27,0.24024178226345727,0.32891344083061064,0.0,0.0,5.0,2.0,0.2790850052363824,1.0,9.541174526858287e-36,0.08308707234837706,0.7665081339983424,0.0,1.0,6.0,3.0,6.0,3.0,1.1886180646806301,1.0
73.0,0.85,-0.0211398305130579,0.039960449345400384,0.03335604656409208,-0.003702796799804423,-0.0004927690168468306,0.2417525292758151,0.015191087538375503,6.624851511049159e-26,0.2646921121570946,0.36238822635289175,0.0,0.0,5.0,2.0,0.30748855928142327,1.0,1.5415849276154662e-35,0.08476476398097474,0.7819854428790204,0.0,1.0,6.0,3.0,6.0,3.0,1.212618604416919,1.0
73.0,0.9,-0.0211398305130579,0.039960449345400384,0.03335604656409208,-0.003702796799804423,-0.0004927690168468306,0.2417525292758151,0.015191087538375503,1.5798575035085521e-22,0.36598875326865465,0.5010727901231075,0.0,0.0,5.0,2.0,0.4251632341389609,1.0,4.5923579091454964e-35,0.0887091058543084,0.8183734156854731,0.0,1.0,6.0,3.0,6.0,3.0,1.2690451443275192,1.0
73.0,0.95,-0.0211398305130579,0.039960449345400384,0.03335604656409208,-0.003702796799804423,-0.0004927690168468306,0.2417525292758151,0.015191087538375503,2.893452441286411e-21,0.41312772471215914,0.5656104452662751,0.0,0.0,5.0,2.0,0.4799238172823255,1.0,1.7211144876086626e-34,0.09372931716856718,0.8646866711415732,0.0,1.0,6.0,3.0,6.0,3.0,1.3408627410725638,1.0
74.0,0.4,-0.3062835531150496,1.0545825882543918,0.04285721900412459,0.0003962932331554142,1.0888865222898594e-6,-0.5954415205536918,-0.0735227050356001,1.2296776015026813e-34,0.12672865825571308,0.267189261446329,0.0,0.0,2.0,0.0,0.09216613284921561,0.0,4.704633037287155e-33,0.18000491592816134,1.4897635663663904,0.0,1.0,5.0,2.0,6.0,3.0,0.8859871360529686,1.0
74.0,0.45,-0.3062835531150496,1.0545825882543918,0.04285721900412459,0.0003962932331554142,1.0888865222898594e-6,-0.5954415205536918,-0.0735227050356001,1.1059035944099015e-33,0.1388742587078509,0.2927965239179381,0.0,0.0,3.0,0.0,0.1009992810906061,0.0,7.630347997436324e-33,0.18366869508816502,1.5200858755080155,0.0,1.0,5.0,2.0,6.0,3.0,0.9040203169156386,1.0
74.0,0.5,-0.3062835531150496,1.0545825882543918,0.04285721900412459,0.0003962932331554142,1.0888865222898594e-6,-0.5954415205536918,-0.0735227050356001,6.755063061091163e-33,0.14975043507577473,0.3157273871583732,0.0,0.0,3.0,0.0,0.10890921345961213,0.0,1.8843856396614278e-32,0.19071925159096845,1.578437960762599,0.0,1.0,5.0,2.0,6.0,3.0,0.9387232711726853,1.0
74.0,0.55,-0.3062835531150496,1.0545825882543918,0.04285721900412459,0.0003962932331554142,1.0888865222898594e-6,-0.5954415205536918,-0.0735227050356001,2.996928535350926e-32,0.15934131011273228,0.3359483762623369,0.0,0.0,3.0,0.0,0.11588438288824139,0.0,3.314227089760737e-32,0.19525929654935223,1.616012454402344,1.0,1.0,5.0,2.0,6.0,3.0,0.9610694466062238,1.0
74.0,0.6,-0.3062835531150496,1.0545825882543918,0.04285721900412459,0.0003962932331554142,1.0888865222898594e-6,-0.5954415205536918,-0.0735227050356001,1.4641304127367343e-30,0.18736969834183978,0.3950422264896087,0.0,0.0,3.0,0.0,0.13626862895088648,0.0,5.6491795659885e-32,0.1996465686077951,1.6523225631274518,1.0,1.0,5.0,2.0,6.0,3.0,0.9826636713311548,1.0
74.0,0.65,-0.3062835531150496,1.0545825882543918,0.04285721900412459,0.0003962932331554142,1.0888865222898594e-6,-0.5954415205536918,-0.0735227050356001,8.047489308184228e-28,0.24370777491270523,0.5138230080228784,0.0,0.0,3.0,0.0,0.17724170261211245,1.0,1.0844629215999252e-31,0.2051460089112488,1.6978372411974774,1.0,1.0,5.0,2.0,6.0,3.0,1.009732006322049,1.0
74.0,0.7,-0.3062835531150496,1.0545825882543918,0.04285721900412459,0.0003962932331554142,1.0888865222898594e-6,-0.5954415205536918,-0.0735227050356001,1.134589611887063e-25,0.2995149359636074,0.6314844300709154,0.0,0.0,3.0,0.0,0.21782865658251122,1.0,2.788523451878621e-31,0.213379677942263,1.7659810475856297,1.0,1.0,5.0,2.0,6.0,3.0,1.0502582597656367,1.0
74.0,0.75,-0.3062835531150496,1.0545825882543918,0.04285721900412459,0.0003962932331554142,1.0888865222898594e-6,-0.5954415205536918,-0.0735227050356001,4.31391833913971e-25,0.316655131891382,0.6676220831797063,0.0,0.0,3.0,0.0,0.23029423143104508,1.0,4.000962146797845e-31,0.21661372853389568,1.7927468207221966,1.0,1.0,5.0,2.0,6.0,3.0,1.0661763095964232,1.0
74.0,0.8,-0.3062835531150496,1.0545825882543918,0.04285721900412459,0.0003962932331554142,1.0888865222898594e-6,-0.5954415205536918,-0.0735227050356001,8.589829703916567e-24,0.3586874849989475,0.7562412916384639,0.0,0.0,4.0,1.0,0.2608631610938222,1.0,6.637646043502291e-31,0.2212312024351797,1.830962134739098,1.0,1.0,5.0,2.0,6.0,3.0,1.0889035915514929,1.0
74.0,0.85,-0.3062835531150496,1.0545825882543918,0.04285721900412459,0.0003962932331554142,1.0888865222898594e-6,-0.5954415205536918,-0.0735227050356001,5.289898497445155e-22,0.4258701231689397,0.8978862811911484,0.0,0.0,4.0,1.0,0.3097231746058579,1.0,1.3902777636446519e-30,0.22815239133697737,1.8882435429088205,1.0,1.0,5.0,2.0,6.0,3.0,1.1229697963635468,1.0
74.0,0.9,-0.3062835531150496,1.0545825882543918,0.04285721900412459,0.0003962932331554142,1.0888865222898594e-6,-0.5954415205536918,-0.0735227050356001,1.5792371929506735e-19,0.540010462668779,1.1385348719042159,0.0,0.0,5.0,2.0,0.3927341828386584,1.0,2.881305279687503e-30,0.2351862960958049,1.9464578143633537,1.0,1.0,5.0,2.0,6.0,3.0,1.1575907904647864,1.0
74.0,0.95,-0.3062835531150496,1.0545825882543918,0.04285721900412459,0.0003962932331554142,1.0888865222898594e-6,-0.5954415205536918,-0.0735227050356001,1.1886622659816227e-16,0.7116410154267003,1.5003933596701187,0.0,0.0,5.0,2.0,0.5175561808318218,1.0,5.957005565585772e-30,0.24241265770041912,2.0062649045221566,1.0,1.0,5.0,2.0,6.0,3.0,1.1931590603042086,1.0
75.0,0.4,-0.29467925119418936,1.095231854851853,0.10185752698228603,-0.002663533980511332,-0.004276357326803671,0.19665254383552372,-0.0303210657432057,3.2680392420313005e-36,0.0987981250392282,0.16971848804309922,0.0,0.0,2.0,0.0,0.08800765219724865,1.0,2.810039174820059e-34,0.15285368186556536,1.0667351513577212,0.0,0.0,6.0,3.0,6.0,3.0,0.8418023054661258,1.0
75.0,0.45,-0.29467925119418936,1.095231854851853,0.10185752698228603,-0.002663533980511332,-0.004276357326803671,0.19665254383552372,-0.0303210657432057,1.4436695722369664e-34,0.11569055164991719,0.19873682318464983,0.0,0.0,2.0,0.0,0.10305513215024142,1.0,4.323871334351352e-34,0.15562316864748604,1.0860628434711088,0.0,0.0,6.0,3.0,6.0,3.0,0.8570545409996418,1.0
75.0,0.5,-0.29467925119418936,1.095231854851853,0.10185752698228603,-0.002663533980511332,-0.004276357326803671,0.19665254383552372,-0.0303210657432057,1.0823112050777844e-33,0.1258204999660931,0.2161383630569246,0.0,0.0,2.0,0.0,0.1120787140029551,1.0,6.61086126253817e-34,0.15840065525019112,1.1054463647273154,0.0,0.0,6.0,3.0,6.0,3.0,0.8723508334868241,1.0
75.0,0.55,-0.29467925119418936,1.095231854851853,0.10185752698228603,-0.002663533980511332,-0.004276357326803671,0.19665254383552372,-0.0303210657432057,4.025566337661783e-32,0.1462809789092207,0.25128600932537865,0.0,0.0,2.0,0.0,0.13030455294373397,1.0,9.972273584996484e-34,0.16113726190015967,1.1245445930024331,0.0,0.0,6.0,3.0,6.0,3.0,0.8874219901575782,1.0
75.0,0.6,-0.29467925119418936,1.095231854851853,0.10185752698228603,-0.002663533980511332,-0.004276357326803671,0.19665254383552372,-0.0303210657432057,6.921070580392005e-31,0.1646874936179987,0.28290529203217596,0.0,0.0,2.0,0.0,0.14670075625235424,1.0,1.6167941433311047e-33,0.16441452002280565,1.1474159193377305,0.0,0.0,6.0,3.0,6.0,3.0,0.9054706456402591,1.0
75.0,0.65,-0.29467925119418936,1.095231854851853,0.10185752698228603,-0.002663533980511332,-0.004276357326803671,0.19665254383552372,-0.0303210657432057,6.732395201467233e-30,0.18106192507913882,0.3110337990159535,0.0,0.0,2.0,0.0,0.16128681513138177,1.0,2.8970458677564677e-33,0.16845905591197916,1.1756419231294075,0.0,0.0,6.0,3.0,6.0,3.0,0.927744885910384,1.0
75.0,0.7,-0.29467925119418936,1.095231854851853,0.10185752698228603,-0.002663533980511332,-0.004276357326803671,0.19665254383552372,-0.0303210657432057,7.45369116815589e-29,0.20014075860199437,0.343808011865027,0.0,0.0,2.0,0.0,0.17828190835144028,1.0,4.976023774265578e-33,0.17229909273065774,1.202440768973337,0.0,1.0,6.0,3.0,6.0,3.0,0.9488929001916583,1.0
75.0,0.75,-0.29467925119418936,1.095231854851853,0.10185752698228603,-0.002663533980511332,-0.004276357326803671,0.19665254383552372,-0.0303210657432057,2.04257879161899e-28,0.208726464819168,0.35855680469264767,0.0,0.0,2.0,0.0,0.1859299061887348,1.0,1.0975105406710079e-32,0.1780723887154264,1.2427314423217328,0.0,1.0,6.0,3.0,6.0,3.0,0.9806878416729568,1.0
75.0,0.8,-0.29467925119418936,1.095231854851853,0.10185752698228603,-0.002663533980511332,-0.004276357326803671,0.19665254383552372,-0.0303210657432057,2.298445312713669e-26,0.2541244728540264,0.4365429130402038,0.0,0.0,2.0,0.0,0.22636966250995388,1.0,2.1584511430808483e-32,0.18316204394820962,1.2782511241431804,0.0,1.0,6.0,3.0,6.0,3.0,1.0087178076946635,1.0
75.0,0.85,-0.29467925119418936,1.095231854851853,0.10185752698228603,-0.002663533980511332,-0.004276357326803671,0.19665254383552372,-0.0303210657432057,2.832944828131119e-25,0.28216078505758274,0.48470456100267856,0.0,0.0,3.0,0.0,0.25134392201461925,1.0,5.061577288023888e-32,0.18978336090383094,1.3244599655569858,0.0,1.0,6.0,3.0,6.0,3.0,1.0451830063764078,1.0
75.0,0.9,-0.29467925119418936,1.095231854851853,0.10185752698228603,-0.002663533980511332,-0.004276357326803671,0.19665254383552372,-0.0303210657432057,3.9211965100737524e-22,0.38139867104796116,0.6551784840674442,0.0,0.0,4.0,1.0,0.3397433056219872,1.0,1.218489787772848e-31,0.19685908744279143,1.3738400402034194,0.0,1.0,6.0,3.0,6.0,3.0,1.0841507488648314,1.0
75.0,0.95,-0.29467925119418936,1.095231854851853,0.10185752698228603,-0.002663533980511332,-0.004276357326803671,0.19665254383552372,-0.0303210657432057,1.5883024417366122e-19,0.489807709930458,0.8414068984430968,0.0,0.0,5.0,2.0,0.436312192786805,1.0,3.3817085790677666e-31,0.20541251318336418,1.433532680842731,0.0,1.0,6.0,3.0,6.0,3.0,1.131256539318608,1.0
76.0,0.4,0.015770486323633537,0.7412652277406686,0.11605590399949775,0.000651954478665506,0.0010323827683319956,-0.1517807007787148,0.08262776477420974,4.087831676328751e-31,0.15398835574075664,0.29835242435996767,0.0,0.0,3.0,1.0,0.1152391793959758,0.0,8.61451380305466e-32,0.1815493723614975,1.4119180093412318,0.0,1.0,6.0,3.0,6.0,3.0,0.9934745259801249,1.0
76.0,0.45,0.015770486323633537,0.7412652277406686,0.11605590399949775,0.000651954478665506,0.0010323827683319956,-0.1517807007787148,0.08262776477420974,1.277612309301813e-29,0.17773609540389293,0.3443636676613389,0.0,0.0,4.0,2.0,0.1330111077870832,0.0,1.317365787575619e-31,0.18479117866543504,1.4371296894687253,0.0,1.0,6.0,3.0,6.0,3.0,1.0112143393390538,1.0
76.0,0.5,0.015770486323633537,0.7412652277406686,0.11605590399949775,0.000651954478665506,0.0010323827683319956,-0.1517807007787148,0.08262776477420974,8.157755537421574e-28,0.21134458182780602,0.4094801068583684,0.0,0.0,4.0,2.0,0.158162453663864,0.0,2.363185033632821e-31,0.18934588668318686,1.4725518679863665,0.0,1.0,6.0,3.0,6.0,3.0,1.0361386138218311,1.0
76.0,0.55,0.015770486323633537,0.7412652277406686,0.11605590399949775,0.000651954478665506,0.0010323827683319956,-0.1517807007787148,0.08262776477420974,1.6515877397840374e-26,0.2395640106852507,0.464155247541385,0.0,0.0,4.0,2.0,0.17928082854949398,1.0,4.285610292436454e-31,0.19410080261774473,1.5095310728912337,0.0,1.0,6.0,3.0,6.0,3.0,1.0621584661226926,1.0
76.0,0.6,0.015770486323633537,0.7412652277406686,0.11605590399949775,0.000651954478665506,0.0010323827683319956,-0.1517807007787148,0.08262776477420974,4.5985683769118975e-25,0.275180897973369,0.5331629632186377,0.0,0.0,4.0,2.0,0.2059351872117273,1.0,5.627062591086115e-31,0.1963157796494323,1.526757053464109,1.0,1.0,6.0,3.0,6.0,3.0,1.0742792640521444,1.0
76.0,0.65,0.015770486323633537,0.7412652277406686,0.11605590399949775,0.000651954478665506,0.0010323827683319956,-0.1517807007787148,0.08262776477420974,3.662800728083689e-24,0.30003221876516606,0.5813123948500939,0.0,0.0,4.0,2.0,0.22453299482631214,1.0,7.446525053888642e-31,0.19862086640709725,1.5446838216148722,1.0,1.0,6.0,3.0,6.0,3.0,1.0868931604491778,1.0
76.0,0.7,0.015770486323633537,0.7412652277406686,0.11605590399949775,0.000651954478665506,0.0010323827683319956,-0.1517807007787148,0.08262776477420974,2.2176127467351694e-23,0.3234105957423486,0.6266079979831402,0.0,0.0,4.0,2.0,0.24202850586999058,1.0,9.88817860366358e-31,0.20098176182236865,1.5630446163212042,1.0,1.0,6.0,3.0,6.0,3.0,1.099812452997901,1.0
76.0,0.75,0.015770486323633537,0.7412652277406686,0.11605590399949775,0.000651954478665506,0.0010323827683319956,-0.1517807007787148,0.08262776477420974,1.1036336790149257e-22,0.3457748321777446,0.669938703914523,0.0,0.0,5.0,2.0,0.2587650717111861,1.0,1.266785258111033e-30,0.20306703517861072,1.5792618853085905,1.0,1.0,6.0,3.0,6.0,3.0,1.1112234864384718,1.0
76.0,0.8,0.015770486323633537,0.7412652277406686,0.11605590399949775,0.000651954478665506,0.0010323827683319956,-0.1517807007787148,0.08262776477420974,1.134074993632618e-21,0.3810240717775949,0.7382341022313014,0.0,0.0,5.0,2.0,0.28514429646670936,1.0,1.899399967714667e-30,0.20652334669309055,1.6061417825492734,1.0,1.0,6.0,3.0,6.0,3.0,1.1301371152702486,1.0
76.0,0.85,0.015770486323633537,0.7412652277406686,0.11605590399949775,0.000651954478665506,0.0010323827683319956,-0.1517807007787148,0.08262776477420974,1.246240786426003e-20,0.42104232466734354,0.8157694633361847,0.0,0.0,5.0,2.0,0.3150924740525467,1.0,4.0366549231937764e-30,0.2131135371876274,1.6573940040424904,1.0,1.0,6.0,3.0,6.0,3.0,1.1661999575291695,1.0
76.0,0.9,0.015770486323633537,0.7412652277406686,0.11605590399949775,0.000651954478665506,0.0010323827683319956,-0.1517807007787148,0.08262776477420974,6.654163530934865e-19,0.4969407003759109,0.9628225589336028,0.0,0.0,5.0,2.0,0.37189200601759775,1.0,6.245417125533148e-30,0.2170243829602188,1.6878088355908087,1.0,1.0,6.0,3.0,6.0,3.0,1.1876008888547278,1.0
76.0,0.95,0.015770486323633537,0.7412652277406686,0.11605590399949775,0.000651954478665506,0.0010323827683319956,-0.1517807007787148,0.08262776477420974,9.92230586848906e-18,0.5561618545399011,1.0775635394007734,0.0,0.0,5.0,2.0,0.4162109233533357,1.0,1.4179494472801733e-29,0.2245670328801819,1.7464683788413728,1.0,1.0,6.0,3.0,6.0,3.0,1.228875779846631,1.0
77.0,0.4,-0.44176966316977073,-0.018081463839421552,-0.01952608872799866,-0.0019979460289846415,-0.0009552107928705555,0.05910291590692779,-0.1602736135419226,3.1412622874256857e-35,0.09827274239198999,0.14680638173653726,0.0,0.0,5.0,2.0,0.09919043487990462,0.0,1.0992351045870716e-35,0.07780574402610589,0.7274322948081806,1.0,1.0,6.0,3.0,6.0,3.0,0.8844754150310343,1.0
77.0,0.45,-0.44176966316977073,-0.018081463839421552,-0.01952608872799866,-0.0019979460289846415,-0.0009552107928705555,0.05910291590692779,-0.1602736135419226,4.576799934863165e-34,0.10987793299516363,0.16414299004058777,0.0,0.0,5.0,2.0,0.11090399730600826,0.0,1.6735848092817528e-35,0.07918049407989128,0.7402852994151056,1.0,1.0,6.0,3.0,6.0,3.0,0.9001032152610243,1.0
77.0,0.5,-0.44176966316977073,-0.018081463839421552,-0.01952608872799866,-0.0019979460289846415,-0.0009552107928705555,0.05910291590692779,-0.1602736135419226,1.1818837558685848e-32,0.12581845533575747,0.18795600625294245,0.0,0.0,5.0,2.0,0.12699337575104502,0.0,3.0909059866195063e-35,0.08123062479176742,0.7594526669027348,1.0,1.0,6.0,3.0,6.0,3.0,0.9234085667482631,1.0
77.0,0.55,-0.44176966316977073,-0.018081463839421552,-0.01952608872799866,-0.0019979460289846415,-0.0009552107928705555,0.05910291590692779,-0.1602736135419226,1.4767777555054415e-31,0.13977897930628078,0.20881116874636013,0.0,0.0,5.0,2.0,0.14108426616564296,0.0,5.369560209015934e-35,0.08312155617698158,0.7771316258804889,1.0,1.0,6.0,3.0,6.0,3.0,0.9449041817914323,1.0
77.0,0.6,-0.44176966316977073,-0.018081463839421552,-0.01952608872799866,-0.0019979460289846415,-0.0009552107928705555,0.05910291590692779,-0.1602736135419226,1.1361968446668953e-30,0.15218235473822805,0.22734015882196892,0.0,0.0,5.0,2.0,0.15360346704604755,0.0,1.0138720572586166e-34,0.0853523566626233,0.7979881363713478,1.0,1.0,6.0,3.0,6.0,3.0,0.9702633401683172,1.0
77.0,0.65,-0.44176966316977073,-0.018081463839421552,-0.01952608872799866,-0.0019979460289846415,-0.0009552107928705555,0.05910291590692779,-0.1602736135419226,1.1857702091431365e-29,0.16780455916849424,0.2506776504939508,0.0,0.0,5.0,2.0,0.1693715550580819,0.0,1.345765695933376e-34,0.08636543127859629,0.807459714619631,1.0,1.0,6.0,3.0,6.0,3.0,0.9817797083058608,1.0
77.0,0.7,-0.44176966316977073,-0.018081463839421552,-0.01952608872799866,-0.0019979460289846415,-0.0009552107928705555,0.05910291590692779,-0.1602736135419226,8.047386035055583e-28,0.200042689750714,0.2988371216710923,0.0,0.0,5.0,2.0,0.20191073239588833,0.0,1.9146646788212559e-34,0.08764357463470777,0.8194095104382795,1.0,1.0,6.0,3.0,6.0,3.0,0.9963093087809435,1.0
77.0,0.75,-0.44176966316977073,-0.018081463839421552,-0.01952608872799866,-0.0019979460289846415,-0.0009552107928705555,0.05910291590692779,-0.1602736135419226,1.2108195398678392e-26,0.22396597395608425,0.3345753203613886,0.0,0.0,5.0,2.0,0.22605741749215816,0.0,2.9366869386545022e-34,0.0892196032511932,0.8341443366072664,1.0,1.0,6.0,3.0,6.0,3.0,1.0142251912407139,1.0
77.0,0.8,-0.44176966316977073,-0.018081463839421552,-0.01952608872799866,-0.0019979460289846415,-0.0009552107928705555,0.05910291590692779,-0.1602736135419226,1.7570336822443064e-25,0.25037227615066643,0.3740228170514187,0.0,0.0,5.0,2.0,0.2527103075458734,0.0,3.9955006827650535e-34,0.09037154058969457,0.8449141895546287,1.0,1.0,6.0,3.0,6.0,3.0,1.0273201146080544,1.0
77.0,0.85,-0.44176966316977073,-0.018081463839421552,-0.01952608872799866,-0.0019979460289846415,-0.0009552107928705555,0.05910291590692779,-0.1602736135419226,2.4570218757950674e-24,0.2794607218846912,0.4174770787786241,0.0,0.0,5.0,2.0,0.28207038758545905,0.0,8.181221936271743e-34,0.09311085388635876,0.870524958817659,1.0,1.0,6.0,3.0,6.0,3.0,1.058459914057233,1.0
77.0,0.9,-0.44176966316977073,-0.018081463839421552,-0.01952608872799866,-0.0019979460289846415,-0.0009552107928705555,0.05910291590692779,-0.1602736135419226,8.344873920932731e-23,0.32367778346855963,0.4835314766121222,0.0,0.0,5.0,2.0,0.326700357817906,1.0,2.2414369115256974e-33,0.09710423186414656,0.907860404198709,1.0,1.0,6.0,3.0,6.0,3.0,1.1038555938812646,1.0
77.0,0.95,-0.44176966316977073,-0.018081463839421552,-0.01952608872799866,-0.0019979460289846415,-0.0009552107928705555,0.05910291590692779,-0.1602736135419226,2.2799707368797645e-20,0.40891601544906236,0.6108660367159131,1.0,1.0,6.0,3.0,0.412734563160581,1.0,1.514450527300562e-32,0.10515021885664658,0.9830850660178574,1.0,1.0,6.0,3.0,6.0,3.0,1.1953202765162383,1.0
78.0,0.4,0.014594009284784715,0.06997734922866544,0.06907883294305434,-0.001567280999500984,-0.0012684389119965419,-0.010282761405382534,0.05091755839029788,3.101801153374116e-33,0.1168051196780761,0.1810158525298456,0.0,0.0,4.0,2.0,0.10544233172131129,1.0,3.128910785926981e-35,0.08222402848939267,0.8295994845224917,1.0,1.0,5.0,2.0,6.0,3.0,0.8883952668172573,1.0
78.0,0.45,0.014594009284784715,0.06997734922866544,0.06907883294305434,-0.001567280999500984,-0.0012684389119965419,-0.010282761405382534,0.05091755839029788,1.3972035464280744e-31,0.13688749748352863,0.21213802208285332,0.0,0.0,4.0,2.0,0.12357109823558142,1.0,4.529785068316183e-35,0.0835014341835597,0.8424878715898287,1.0,1.0,6.0,3.0,6.0,3.0,0.9021970859856014,1.0
78.0,0.5,0.014594009284784715,0.06997734922866544,0.06907883294305434,-0.001567280999500984,-0.0012684389119965419,-0.010282761405382534,0.05091755839029788,2.616280314210955e-30,0.1546612355792407,0.23968243420198568,0.0,0.0,4.0,2.0,0.13961580923267602,1.0,6.884670567175748e-35,0.08497069427899262,0.8573119739865858,1.0,1.0,6.0,3.0,6.0,3.0,0.9180718094513155,1.0
78.0,0.55,0.014594009284784715,0.06997734922866544,0.06907883294305434,-0.001567280999500984,-0.0012684389119965419,-0.010282761405382534,0.05091755839029788,5.560839439477862e-29,0.17566779317138242,0.27223682857903764,1.0,1.0,6.0,3.0,0.15857885143543302,1.0,8.987628337888626e-35,0.08591966617873792,0.8668866276896283,1.0,1.0,6.0,3.0,6.0,3.0,0.9283250427161517,1.0
78.0,0.6,0.014594009284784715,0.06997734922866544,0.06907883294305434,-0.001567280999500984,-0.0012684389119965419,-0.010282761405382534,0.05091755839029788,5.288171754933643e-28,0.19295188634134125,0.29902242555448105,1.0,1.0,6.0,3.0,0.17418155010610545,1.0,1.3516014049707605e-34,0.08739288197439606,0.8817506411309793,1.0,1.0,6.0,3.0,6.0,3.0,0.9442425058216231,1.0
78.0,0.65,0.014594009284784715,0.06997734922866544,0.06907883294305434,-0.001567280999500984,-0.0012684389119965419,-0.010282761405382534,0.05091755839029788,1.086497873280505e-26,0.21884963873409158,0.3391568284034381,1.0,1.0,6.0,3.0,0.19755997226909652,1.0,1.9892340115036806e-34,0.08881151525089903,0.8960639441463524,1.0,1.0,6.0,3.0,6.0,3.0,0.9595702282812112,1.0
78.0,0.7,0.014594009284784715,0.06997734922866544,0.06907883294305434,-0.001567280999500984,-0.0012684389119965419,-0.010282761405382534,0.05091755839029788,9.796553436278734e-26,0.23984979521729888,0.37170130281984015,1.0,1.0,6.0,3.0,0.2165172360620243,1.0,3.616234124739092e-34,0.09105100087836672,0.9186592384450547,1.0,1.0,6.0,3.0,6.0,3.0,0.9837669073797575,1.0
78.0,0.75,0.014594009284784715,0.06997734922866544,0.06907883294305434,-0.001567280999500984,-0.0012684389119965419,-0.010282761405382534,0.05091755839029788,8.82580592977256e-25,0.26285590002780945,0.4073544461678642,1.0,1.0,6.0,3.0,0.23728530977087245,1.0,5.504061925815641e-34,0.09265862251996315,0.934879339912689,1.0,1.0,6.0,3.0,6.0,3.0,1.001136567848431,1.0
78.0,0.8,0.014594009284784715,0.06997734922866544,0.06907883294305434,-0.001567280999500984,-0.0012684389119965419,-0.010282761405382534,0.05091755839029788,5.268430974436505e-24,0.28317050671318356,0.43883650669822744,1.0,1.0,6.0,3.0,0.2556237139676299,1.0,1.0017268072151016e-33,0.09499963185568006,0.9584989578498427,1.0,1.0,6.0,3.0,6.0,3.0,1.026430166953639,1.0
78.0,0.85,0.014594009284784715,0.06997734922866544,0.06907883294305434,-0.001567280999500984,-0.0012684389119965419,-0.010282761405382534,0.05091755839029788,2.052076553608073e-23,0.29967650537381946,0.4644162709041648,1.0,1.0,6.0,3.0,0.27052401106901597,1.0,1.6718993606955944e-33,0.09704901319444313,0.9791761945829855,1.0,1.0,6.0,3.0,6.0,3.0,1.048572850968393,1.0
78.0,0.9,0.014594009284784715,0.06997734922866544,0.06907883294305434,-0.001567280999500984,-0.0012684389119965419,-0.010282761405382534,0.05091755839029788,2.8116997286901943e-22,0.3342091504691983,0.5179323856881631,1.0,1.0,6.0,3.0,0.3016973246138047,1.0,3.9226613656139154e-33,0.10055953020081056,1.0145955622835787,1.0,1.0,6.0,3.0,6.0,3.0,1.0865024775001382,1.0
78.0,0.95,0.014594009284784715,0.06997734922866544,0.06907883294305434,-0.001567280999500984,-0.0012684389119965419,-0.010282761405382534,0.05091755839029788,8.397357415692317e-19,0.46646304247806336,0.7228895920020256,1.0,1.0,6.0,3.0,0.42108557395653184,1.0,1.0553341249510387e-32,0.10479292216039224,1.057308378135258,1.0,1.0,6.0,3.0,6.0,3.0,1.1322424570240055,1.0
79.0,0.4,-0.29133899853351486,0.36826483747800004,0.13882452749309085,0.000545040045163629,-0.001534974196304746,0.023842124003533416,-0.004562981182444359,2.7543269960774014e-33,0.12426435851721274,0.22340795753559894,0.0,0.0,3.0,1.0,0.10204591518396171,1.0,1.0813623703645208e-32,0.17076598515407931,1.2212823253925837,1.0,1.0,6.0,3.0,6.0,3.0,0.902186066563744,1.0
79.0,0.45,-0.29133899853351486,0.36826483747800004,0.13882452749309085,0.000545040045163629,-0.001534974196304746,0.023842124003533416,-0.004562981182444359,4.381754319278092e-32,0.1394487430736047,0.2507071154007945,0.0,0.0,3.0,1.0,0.11451533471062032,1.0,1.4822799242744537e-32,0.17302465495247293,1.2374358556239542,1.0,1.0,6.0,3.0,6.0,3.0,0.9141190075369741,1.0
79.0,0.5,-0.29133899853351486,0.36826483747800004,0.13882452749309085,0.000545040045163629,-0.001534974196304746,0.023842124003533416,-0.004562981182444359,1.426921561279019e-30,0.16123003216623916,0.2898664798939032,0.0,0.0,3.0,1.0,0.1324021335149327,1.0,1.8714981858454691e-32,0.17471376573985478,1.2495160198814796,1.0,1.0,6.0,3.0,6.0,3.0,0.9230428703067375,1.0
79.0,0.55,-0.29133899853351486,0.36826483747800004,0.13882452749309085,0.000545040045163629,-0.001534974196304746,0.023842124003533416,-0.004562981182444359,9.215701231674337e-29,0.1918085457221131,0.34484188345699446,0.0,0.0,3.0,1.0,0.15751321474537341,1.0,2.9351103774987135e-32,0.17802059598094333,1.2731657726286159,1.0,1.0,6.0,3.0,6.0,3.0,0.9405134231531359,1.0
79.0,0.6,-0.29133899853351486,0.36826483747800004,0.13882452749309085,0.000545040045163629,-0.001534974196304746,0.023842124003533416,-0.004562981182444359,1.1034285541675926e-27,0.21271279404187446,0.3824244652741933,0.0,0.0,3.0,1.0,0.17467978749782812,1.0,4.0323212592455114e-32,0.18039203697821363,1.2901258187002287,1.0,1.0,6.0,3.0,6.0,3.0,0.9530421537635376,1.0
79.0,0.65,-0.29133899853351486,0.36826483747800004,0.13882452749309085,0.000545040045163629,-0.001534974196304746,0.023842124003533416,-0.004562981182444359,5.26609495343753e-27,0.22702549521410553,0.40815647221375817,0.0,0.0,3.0,1.0,0.18643338046127278,1.0,5.118848945087889e-32,0.18219428307277738,1.3030151028238357,1.0,1.0,6.0,3.0,6.0,3.0,0.9625637298172655,1.0
79.0,0.7,-0.29133899853351486,0.36826483747800004,0.13882452749309085,0.000545040045163629,-0.001534974196304746,0.023842124003533416,-0.004562981182444359,2.0372010009235955e-25,0.2643761952336599,0.475307212003218,0.0,0.0,3.0,1.0,0.21710578252198987,1.0,7.358439296134055e-32,0.18497028698398008,1.3228684975670189,1.0,1.0,6.0,3.0,6.0,3.0,0.977229835875528,1.0
79.0,0.75,-0.29133899853351486,0.36826483747800004,0.13882452749309085,0.000545040045163629,-0.001534974196304746,0.023842124003533416,-0.004562981182444359,4.809330622650908e-24,0.30160101322217486,0.5422316355119636,0.0,0.0,4.0,2.0,0.24767481023453572,1.0,1.2326609927721039e-31,0.1889895182369933,1.35161319216496,1.0,1.0,6.0,3.0,6.0,3.0,0.9984641257810644,1.0
79.0,0.8,-0.29133899853351486,0.36826483747800004,0.13882452749309085,0.000545040045163629,-0.001534974196304746,0.023842124003533416,-0.004562981182444359,5.324918608601364e-23,0.33338212490749425,0.5993691231596747,0.0,0.0,4.0,2.0,0.2737734652808489,1.0,2.073662614885018e-31,0.1931301093902075,1.381225827184368,1.0,1.0,6.0,3.0,6.0,3.0,1.0203395809098852,1.0
79.0,0.85,-0.29133899853351486,0.36826483747800004,0.13882452749309085,0.000545040045163629,-0.001534974196304746,0.023842124003533416,-0.004562981182444359,2.1609077595047253e-21,0.3890055337049337,0.6993713466361859,0.0,0.0,5.0,2.0,0.3194514193146284,1.0,4.069320732146989e-31,0.19863204434676712,1.4205745060904336,1.0,1.0,6.0,3.0,6.0,3.0,1.049407249465009,1.0
79.0,0.9,-0.29133899853351486,0.36826483747800004,0.13882452749309085,0.000545040045163629,-0.001534974196304746,0.023842124003533416,-0.004562981182444359,2.9165881376617486e-20,0.43355985845054656,0.7794730814342327,1.0,1.0,6.0,3.0,0.3560394393899078,1.0,6.049864026034364e-31,0.20194137064362624,1.4442421101022294,1.0,1.0,6.0,3.0,6.0,3.0,1.0668909894032956,1.0
79.0,0.95,-0.29133899853351486,0.36826483747800004,0.13882452749309085,0.000545040045163629,-0.001534974196304746,0.023842124003533416,-0.004562981182444359,1.9960680072584536e-18,0.5170349590617919,0.9295483077917062,1.0,1.0,6.0,3.0,0.424589208113559,1.0,1.6890152257790293e-30,0.2107676553191152,1.5073658373675396,1.0,1.0,6.0,3.0,6.0,3.0,1.1135217692191144,1.0
80.0,0.4,-0.13602214706321258,-1.0459383307503223,-1.0542116453696746,0.0017220104064681466,-0.003857058286689311,0.012624439880261906,-0.7481481459341872,1.1684041875836475e-31,0.17065591951310274,0.26873342093618685,0.0,0.0,4.0,2.0,0.2715839763799965,0.0,5.146062989889719e-33,0.12498141361411805,1.4704466304652135,0.0,0.0,4.0,2.0,4.0,2.0,2.4650354485152337,1.0
80.0,0.45,-0.13602214706321258,-1.0459383307503223,-1.0542116453696746,0.0017220104064681466,-0.003857058286689311,0.012624439880261906,-0.7481481459341872,8.277439400087237e-30,0.20380616245098412,0.32093540850848756,0.0,0.0,4.0,2.0,0.32433968986898265,0.0,7.39948495421001e-33,0.12688706898422283,1.4928672803584064,0.0,0.0,4.0,2.0,4.0,2.0,2.502621101486526,1.0
80.0,0.5,-0.13602214706321258,-1.0459383307503223,-1.0542116453696746,0.0017220104064681466,-0.003857058286689311,0.012624439880261906,-0.7481481459341872,1.35205021783126e-28,0.22896179019928456,0.36054820318848113,0.0,0.0,4.0,2.0,0.36437267220976727,0.0,1.0235270951317668e-32,0.12861395974100184,1.5131847069345485,0.0,0.0,4.0,2.0,4.0,2.0,2.536680941330528,1.0
80.0,0.55,-0.13602214706321258,-1.0459383307503223,-1.0542116453696746,0.0017220104064681466,-0.003857058286689311,0.012624439880261906,-0.7481481459341872,5.829175728220856e-28,0.24333538975951735,0.3831824405006633,0.0,0.0,4.0,2.0,0.3872469993037189,0.0,1.6509312429992367e-32,0.1312016644173001,1.5436298868366585,0.0,0.0,4.0,2.0,4.0,2.0,2.5877188002641627,1.0
80.0,0.6,-0.13602214706321258,-1.0459383307503223,-1.0542116453696746,0.0017220104064681466,-0.003857058286689311,0.012624439880261906,-0.7481481459341872,1.685364910497965e-26,0.27995220486738914,0.44084327064239603,0.0,0.0,4.0,2.0,0.4455194593375674,0.0,2.4548433783520077e-32,0.13338847107603072,1.569358372295604,0.0,0.0,4.0,2.0,4.0,2.0,2.6308496609012773,1.0
80.0,0.65,-0.13602214706321258,-1.0459383307503223,-1.0542116453696746,0.0017220104064681466,-0.003857058286689311,0.012624439880261906,-0.7481481459341872,1.348774091947822e-25,0.30529459236236933,0.4807501575857088,0.0,0.0,4.0,2.0,0.48584965348779724,0.0,4.26574645553008e-32,0.1364951112035357,1.6059089951079044,0.0,0.0,4.0,2.0,4.0,2.0,2.692122595961236,1.0
80.0,0.7,-0.13602214706321258,-1.0459383307503223,-1.0542116453696746,0.0017220104064681466,-0.003857058286689311,0.012624439880261906,-0.7481481459341872,1.0161465541015954e-23,0.36553431992320456,0.5756102017604099,0.0,0.0,4.0,2.0,0.5817159134669196,0.0,8.059762962521188e-32,0.14016214374573774,1.6490528153733377,0.0,0.0,4.0,2.0,4.0,2.0,2.764448271803697,1.0
80.0,0.75,-0.13602214706321258,-1.0459383307503223,-1.0542116453696746,0.0017220104064681466,-0.003857058286689311,0.012624439880261906,-0.7481481459341872,2.2122463311547418e-23,0.37757773156261,0.5945750710648796,0.0,0.0,4.0,2.0,0.600881950200616,0.0,1.2308453585217889e-31,0.14265679046992455,1.678403138463036,0.0,0.0,4.0,2.0,4.0,2.0,2.813650728623628,1.0
80.0,0.8,-0.13602214706321258,-1.0459383307503223,-1.0542116453696746,0.0017220104064681466,-0.003857058286689311,0.012624439880261906,-0.7481481459341872,6.214981320695009e-22,0.4338753436167889,0.6832274302741144,0.0,0.0,4.0,2.0,0.6904746779887573,0.0,2.3356425278345117e-31,0.1465157240679768,1.7238047365275657,0.0,0.0,4.0,2.0,4.0,2.0,2.8897613104901057,1.0
80.0,0.85,-0.13602214706321258,-1.0459383307503223,-1.0542116453696746,0.0017220104064681466,-0.003857058286689311,0.012624439880261906,-0.7481481459341872,1.1047848930778392e-19,0.538403923972584,0.8478295317702723,0.0,0.0,4.0,2.0,0.8568227752559205,0.0,5.184283525656777e-31,0.15146513203785647,1.7820361171917152,0.0,1.0,4.0,2.0,6.0,3.0,2.9873795542122163,1.0
80.0,0.9,-0.13602214706321258,-1.0459383307503223,-1.0542116453696746,0.0017220104064681466,-0.003857058286689311,0.012624439880261906,-0.7481481459341872,1.4701258256923651e-18,0.5997147755124334,0.9443762845686675,0.0,0.0,4.0,2.0,0.9543936354050608,0.0,7.58708525572603e-31,0.15388764738251515,1.810537791343057,0.0,1.0,4.0,2.0,6.0,3.0,3.035159348234979,1.0
80.0,0.95,-0.13602214706321258,-1.0459383307503223,-1.0542116453696746,0.0017220104064681466,-0.003857058286689311,0.012624439880261906,-0.7481481459341872,4.686642440260684e-16,0.7625310868415912,1.2007646035471748,0.0,0.0,4.0,2.0,1.2135015607349007,0.0,2.0745273771455837e-30,0.16047434147490713,1.8880323711688751,0.0,1.0,4.0,2.0,6.0,3.0,3.165070140222033,1.0
81.0,0.4,-0.059815207235142775,0.10108227470910147,0.09233624591198292,-0.002931419868083349,0.0026256132436574286,0.17597294892720006,0.0416194281962744,1.2583951545403924e-29,0.17129429716568667,0.23553240412192658,0.0,0.0,5.0,2.0,0.19432129720323346,1.0,8.921762086188477e-33,0.10818321337434579,1.0250652660840913,1.0,1.0,4.0,2.0,6.0,3.0,1.4704393589806102,1.0
81.0,0.45,-0.059815207235142775,0.10108227470910147,0.09233624591198292,-0.002931419868083349,0.0026256132436574286,0.17597294892720006,0.0416194281962744,1.1896106678305228e-28,0.18810155968179104,0.2586426594697584,0.0,0.0,5.0,2.0,0.21338795095998753,1.0,1.2327531133873293e-32,0.10965058131396366,1.038968974991894,1.0,1.0,4.0,2.0,6.0,3.0,1.4903840020099695,1.0
81.0,0.5,-0.059815207235142775,0.10108227470910147,0.09233624591198292,-0.002931419868083349,0.0026256132436574286,0.17597294892720006,0.0416194281962744,2.0056735243573537e-27,0.21159790877986973,0.2909505160810357,0.0,0.0,5.0,2.0,0.24004290160240327,1.0,1.8062643826872633e-32,0.11140986693739795,1.055638683068168,1.0,1.0,4.0,2.0,6.0,3.0,1.5142964256078433,1.0
81.0,0.55,-0.059815207235142775,0.10108227470910147,0.09233624591198292,-0.002931419868083349,0.0026256132436574286,0.17597294892720006,0.0416194281962744,1.2107181399412761e-26,0.22805730519651132,0.3135824499664797,0.0,0.0,5.0,2.0,0.25871492580744926,1.0,2.8908869922034296e-32,0.11361457905095174,1.0765289278559491,1.0,1.0,4.0,2.0,6.0,3.0,1.5442631400903655,1.0
81.0,0.6,-0.059815207235142775,0.10108227470910147,0.09233624591198292,-0.002931419868083349,0.0026256132436574286,0.17597294892720006,0.0416194281962744,2.428446654019382e-25,0.25840795839472636,0.3553150845767954,0.0,0.0,5.0,2.0,0.2931456009556003,1.0,3.9497569496105925e-32,0.11510164560368051,1.0906192864616135,1.0,1.0,5.0,2.0,6.0,3.0,1.5644755290586025,1.0
81.0,0.65,-0.059815207235142775,0.10108227470910147,0.09233624591198292,-0.002931419868083349,0.0026256132436574286,0.17597294892720006,0.0416194281962744,1.934241579720335e-24,0.2817443015744965,0.3874029304858104,0.0,0.0,5.0,2.0,0.3196190361703552,1.0,5.517310510470489e-32,0.11671582478502734,1.1059140716729674,1.0,1.0,5.0,2.0,6.0,3.0,1.5864156482939806,1.0
81.0,0.7,-0.059815207235142775,0.10108227470910147,0.09233624591198292,-0.002931419868083349,0.0026256132436574286,0.17597294892720006,0.0416194281962744,4.3478010542414113e-23,0.3207586895411565,0.44104833926579234,0.0,0.0,5.0,2.0,0.363878107281978,1.0,7.901908686791706e-32,0.11847587755460211,1.1225910486668313,1.0,1.0,5.0,2.0,6.0,3.0,1.610338499035252,1.0
81.0,0.75,-0.059815207235142775,0.10108227470910147,0.09233624591198292,-0.002931419868083349,0.0026256132436574286,0.17597294892720006,0.0416194281962744,3.5099890720649433e-22,0.34992228476759846,0.4811487501386571,0.0,0.0,5.0,2.0,0.39696214889505427,1.0,1.0925618210810716e-31,0.12008617673420315,1.1378490698101018,1.0,1.0,5.0,2.0,6.0,3.0,1.6322258808162502,1.0
81.0,0.8,-0.059815207235142775,0.10108227470910147,0.09233624591198292,-0.002931419868083349,0.0026256132436574286,0.17597294892720006,0.0416194281962744,2.594031890555432e-21,0.3803348887634559,0.5229665680886836,0.0,0.0,5.0,2.0,0.43146310285318235,1.0,2.178253833776935e-31,0.12358875412847593,1.1710369398747176,1.0,1.0,5.0,2.0,6.0,3.0,1.6798333376274364,1.0
81.0,0.85,-0.059815207235142775,0.10108227470910147,0.09233624591198292,-0.002931419868083349,0.0026256132436574286,0.17597294892720006,0.0416194281962744,1.5157781616587926e-19,0.45058529377209905,0.619562000954847,1.0,1.0,6.0,3.0,0.5111572319410165,1.0,3.0992502028746655e-31,0.12541807400323576,1.1883702414626907,1.0,1.0,5.0,2.0,6.0,3.0,1.7046976752645937,1.0
81.0,0.9,-0.059815207235142775,0.10108227470910147,0.09233624591198292,-0.002931419868083349,0.0026256132436574286,0.17597294892720006,0.0416194281962744,1.5761506363754745e-16,0.6018437658126443,0.8275448243938485,1.0,1.0,6.0,3.0,0.6827492988471744,1.0,5.929537413854611e-31,0.12885471098447365,1.2209333082429052,1.0,1.0,6.0,3.0,6.0,3.0,1.7514088619831312,1.0
81.0,0.95,-0.059815207235142775,0.10108227470910147,0.09233624591198292,-0.002931419868083349,0.0026256132436574286,0.17597294892720006,0.0416194281962744,7.258805893097684e-15,0.7059705379451721,0.9707208050285565,1.0,1.0,6.0,3.0,0.8008737768314392,1.0,1.3256359403821111e-30,0.13324741072161958,1.2625553287434799,1.0,1.0,6.0,3.0,6.0,3.0,1.8111149696519095,1.0
82.0,0.4,-0.4281173792737023,1.1143865206145338,1.7921401819528997,0.0038856304205541732,-0.0021808089637942816,-0.295913865602582,1.0520546615440323,4.979209874739587e-30,0.2693231349736946,0.33053979266838845,0.0,0.0,2.0,0.0,0.8596887025204479,0.0,4.6439811566394644e-29,0.3882005255011896,1.5224957972219215,0.0,0.0,5.0,2.0,6.0,3.0,8.153566906059693,1.0
82.0,0.45,-0.4281173792737023,1.1143865206145338,1.7921401819528997,0.0038856304205541732,-0.0021808089637942816,-0.295913865602582,1.0520546615440323,1.7798238469400745e-28,0.31260147218134593,0.3836552170415932,0.0,0.0,2.0,0.0,0.9978346422107838,0.0,6.145112542835554e-29,0.3927574457264291,1.5403677253504204,0.0,0.0,5.0,2.0,6.0,3.0,8.249278146775033,1.0
82.0,0.5,-0.4281173792737023,1.1143865206145338,1.7921401819528997,0.0038856304205541732,-0.0021808089637942816,-0.295913865602582,1.0520546615440323,3.0059387153182505e-26,0.38708631253805975,0.47507032585076003,0.0,0.0,2.0,0.0,1.235592812410163,0.0,1.2293222813301007e-28,0.40427022541315943,1.585520056519367,0.0,0.0,5.0,2.0,6.0,3.0,8.491086730957885,1.0
82.0,0.55,-0.4281173792737023,1.1143865206145338,1.7921401819528997,0.0038856304205541732,-0.0021808089637942816,-0.295913865602582,1.0520546615440323,7.0251849046991035e-25,0.4414037817997478,0.5417340568732865,0.0,0.0,2.0,0.0,1.4089760409929426,0.0,1.8723540712434945e-28,0.4114197943079389,1.6135601746521204,0.0,0.0,5.0,2.0,6.0,3.0,8.64125264909467,1.0
82.0,0.6,-0.4281173792737023,1.1143865206145338,1.7921401819528997,0.0038856304205541732,-0.0021808089637942816,-0.295913865602582,1.0520546615440323,1.5789900549523745e-24,0.45655291274481946,0.5603265576704396,0.0,0.0,2.0,0.0,1.4573325875917076,0.0,2.7005103189782464e-28,0.4177462823131296,1.638372226069728,0.0,0.0,5.0,2.0,6.0,3.0,8.774130993770035,1.0
82.0,0.65,-0.4281173792737023,1.1143865206145338,1.7921401819528997,0.0038856304205541732,-0.0021808089637942816,-0.295913865602582,1.0520546615440323,2.969675823191224e-23,0.5159269170355029,0.6331961649177017,0.0,0.0,2.0,0.0,1.6468564497622806,0.0,3.8244671123350826e-28,0.4238473501698849,1.6623001951482943,0.0,0.0,5.0,2.0,6.0,3.0,8.902274728001823,1.0
82.0,0.7,-0.4281173792737023,1.1143865206145338,1.7921401819528997,0.0038856304205541732,-0.0021808089637942816,-0.295913865602582,1.0520546615440323,2.4220087148675784e-21,0.6197729687247845,0.7606462348797886,0.0,0.0,3.0,1.0,1.9783366155762931,0.0,5.906650303320946e-28,0.4315935073067248,1.6926800913893756,0.0,0.0,5.0,2.0,6.0,3.0,9.064971082929555,1.0
82.0,0.75,-0.4281173792737023,1.1143865206145338,1.7921401819528997,0.0038856304205541732,-0.0021808089637942816,-0.295913865602582,1.0520546615440323,1.5862280379785077e-20,0.6702557432194389,0.8226036520040839,0.0,0.0,3.0,1.0,2.139479366677793,1.0,8.180270634905695e-28,0.437489536013088,1.7158039110033452,0.0,0.0,5.0,2.0,6.0,3.0,9.18880827886152,1.0
82.0,0.8,-0.4281173792737023,1.1143865206145338,1.7921401819528997,0.0038856304205541732,-0.0021808089637942816,-0.295913865602582,1.0520546615440323,9.062926673345893e-20,0.7207392317617108,0.8845619454777186,0.0,0.0,4.0,1.0,2.300624397043828,1.0,1.2960351238359003e-27,0.4459587769476894,1.749019692233788,0.0,0.0,5.0,2.0,6.0,3.0,9.366691919061791,1.0
82.0,0.85,-0.4281173792737023,1.1143865206145338,1.7921401819528997,0.0038856304205541732,-0.0021808089637942816,-0.295913865602582,1.0520546615440323,1.7565238095485566e-17,0.8976063055876697,1.101630582815566,0.0,0.0,5.0,2.0,2.865190174992603,1.0,2.438339344860708e-27,0.4578584914366705,1.7956895551203056,0.0,0.0,5.0,2.0,6.0,3.0,9.616627485541652,1.0
82.0,0.9,-0.4281173792737023,1.1143865206145338,1.7921401819528997,0.0038856304205541732,-0.0021808089637942816,-0.295913865602582,1.0520546615440323,4.584873412370837e-16,1.028286062358102,1.262013610114996,0.0,0.0,5.0,2.0,3.282324449605267,1.0,4.088376684984078e-27,0.46782522794446463,1.8347784111323986,0.0,0.0,5.0,2.0,6.0,3.0,9.825963763091636,1.0
82.0,0.95,-0.4281173792737023,1.1143865206145338,1.7921401819528997,0.0038856304205541732,-0.0021808089637942816,-0.295913865602582,1.0520546615440323,3.6096996530378155e-13,1.3576461870665235,1.6662366908577233,1.0,1.0,6.0,3.0,4.333653286618142,1.0,1.4960046288485012e-26,0.49380773598602284,1.936680023046718,0.0,0.0,5.0,2.0,6.0,3.0,10.37168718124149,1.0
83.0,0.4,-0.33605922885365347,0.11451367283740713,0.1049374464496608,-0.0012841999051175453,-0.0014384787780250207,-0.5792925047631272,-0.042061111984777244,2.787227809441983e-32,0.13452251667424628,0.23754860887204907,0.0,0.0,2.0,0.0,0.12534586061940975,1.0,3.4651707374953067e-34,0.10646699797365991,1.093595819186067,0.0,1.0,4.0,2.0,6.0,3.0,0.9344719722357218,1.0
83.0,0.45,-0.33605922885365347,0.11451367283740713,0.1049374464496608,-0.0012841999051175453,-0.0014384787780250207,-0.5792925047631272,-0.042061111984777244,3.55155478403784e-31,0.14957082957107026,0.2641218984810162,0.0,0.0,2.0,0.0,0.139367630190449,1.0,4.366406157426582e-34,0.10749748922307797,1.1041807041130398,0.0,1.0,4.0,2.0,6.0,3.0,0.9435167016687208,1.0
83.0,0.5,-0.33605922885365347,0.11451367283740713,0.1049374464496608,-0.0012841999051175453,-0.0014384787780250207,-0.5792925047631272,-0.042061111984777244,4.157767032020815e-30,0.16571632887826274,0.2926326712110246,0.0,0.0,2.0,0.0,0.15441173994860044,1.0,5.667724376345275e-34,0.10867221322837725,1.116247102953464,0.0,1.0,4.0,2.0,6.0,3.0,0.9538273770794826,1.0
83.0,0.55,-0.33605922885365347,0.11451367283740713,0.1049374464496608,-0.0012841999051175453,-0.0014384787780250207,-0.5792925047631272,-0.042061111984777244,1.2426960361066103e-29,0.173451476931967,0.30629189871437507,0.0,0.0,2.0,0.0,0.16161922322932126,1.0,8.70703787538923e-34,0.11063377972508093,1.1363957026198255,0.0,1.0,4.0,2.0,6.0,3.0,0.9710442513009168,1.0
83.0,0.6,-0.33605922885365347,0.11451367283740713,0.1049374464496608,-0.0012841999051175453,-0.0014384787780250207,-0.5792925047631272,-0.042061111984777244,5.18151844436672e-28,0.20261978079079995,0.3577991866846237,0.0,0.0,2.0,0.0,0.18879776731534495,1.0,1.2910474690617626e-33,0.11246457352744721,1.1552010459296354,0.0,1.0,4.0,2.0,6.0,3.0,0.987113319911994,1.0
83.0,0.65,-0.33605922885365347,0.11451367283740713,0.1049374464496608,-0.0012841999051175453,-0.0014384787780250207,-0.5792925047631272,-0.042061111984777244,1.2683350889859622e-26,0.23149816229242698,0.4087945109008643,0.0,0.0,2.0,0.0,0.21570616653435895,1.0,1.8893369366597657e-33,0.11426311011675805,1.1736750532009785,0.0,1.0,4.0,2.0,6.0,3.0,1.0028992635916232,1.0
83.0,0.7,-0.33605922885365347,0.11451367283740713,0.1049374464496608,-0.0012841999051175453,-0.0014384787780250207,-0.5792925047631272,-0.042061111984777244,1.6812795659578173e-25,0.25781872801893174,0.4552730776689624,0.0,0.0,2.0,0.0,0.2402312352332119,1.0,3.220030090820152e-33,0.11682989302448153,1.2000402472054077,0.0,1.0,4.0,2.0,6.0,3.0,1.0254281855273644,1.0
83.0,0.75,-0.33605922885365347,0.11451367283740713,0.1049374464496608,-0.0012841999051175453,-0.0014384787780250207,-0.5792925047631272,-0.042061111984777244,5.668028908348613e-25,0.271210063155619,0.4789203681843683,0.0,0.0,3.0,0.0,0.252709060277295,1.0,4.130561620941107e-33,0.11804842433835792,1.2125566210655234,0.0,1.0,4.0,2.0,6.0,3.0,1.0361233622655193,1.0
83.0,0.8,-0.33605922885365347,0.11451367283740713,0.1049374464496608,-0.0012841999051175453,-0.0014384787780250207,-0.5792925047631272,-0.042061111984777244,3.506568458534915e-24,0.29260577562478324,0.5167023087734218,0.0,0.0,5.0,2.0,0.272645232000183,1.0,7.069309790081226e-33,0.12072128720559333,1.2400114353506926,0.0,1.0,4.0,2.0,6.0,3.0,1.0595833590964532,1.0
83.0,0.85,-0.33605922885365347,0.11451367283740713,0.1049374464496608,-0.0012841999051175453,-0.0014384787780250207,-0.5792925047631272,-0.042061111984777244,1.5741736286804188e-23,0.31149900027654204,0.5500651936204284,0.0,0.0,5.0,2.0,0.2902496268806717,1.0,1.6560834843896005e-32,0.125080106214785,1.2847838656414394,0.0,1.0,4.0,2.0,6.0,3.0,1.0978411692504084,1.0
83.0,0.9,-0.33605922885365347,0.11451367283740713,0.1049374464496608,-0.0012841999051175453,-0.0014384787780250207,-0.5792925047631272,-0.042061111984777244,3.80584469804136e-22,0.35571178867630526,0.6281390108398228,0.0,0.0,5.0,2.0,0.3314463733389034,1.0,3.985451007362314e-32,0.1297417376065841,1.3326666903447273,1.0,1.0,4.0,2.0,6.0,3.0,1.1387567953452502,1.0
83.0,0.95,-0.33605922885365347,0.11451367283740713,0.1049374464496608,-0.0012841999051175453,-0.0014384787780250207,-0.5792925047631272,-0.042061111984777244,1.971325021932059e-18,0.5079968943815596,0.8970539546467107,1.0,1.0,6.0,3.0,0.4733431212295653,1.0,6.625220545207798e-32,0.13251849533873375,1.3611886802999873,1.0,1.0,4.0,2.0,6.0,3.0,1.1631286882676433,1.0
84.0,0.4,-0.1213820632720064,0.13287854200385266,0.1289381353073774,0.004321901017623834,0.0006511699022125747,0.19252765179164882,0.04549840244758285,7.024539614398786e-35,0.10083639169168286,0.13991878775356972,0.0,0.0,3.0,1.0,0.11692717479432804,1.0,2.431954629636858e-36,0.07359363423502874,0.586503612288276,0.0,0.0,4.0,2.0,6.0,3.0,0.9147918191607843,1.0
84.0,0.45,-0.1213820632720064,0.13287854200385266,0.1289381353073774,0.004321901017623834,0.0006511699022125747,0.19252765179164882,0.04549840244758285,1.334924953360967e-33,0.11399931829340121,0.15818343112788788,0.0,0.0,3.0,1.0,0.13219055137636593,1.0,4.451351351103982e-36,0.07547085445084553,0.6014640969698858,0.0,0.0,4.0,2.0,6.0,3.0,0.9381262517383119,1.0
84.0,0.5,-0.1213820632720064,0.13287854200385266,0.1289381353073774,0.004321901017623834,0.0006511699022125747,0.19252765179164882,0.04549840244758285,2.698044745651936e-33,0.117391125547198,0.16288984268509712,0.0,0.0,3.0,1.0,0.13612360008011162,1.0,6.713920787941266e-36,0.07677434400899916,0.6118522418465964,0.0,0.0,4.0,2.0,6.0,3.0,0.9543290333586937,1.0
84.0,0.55,-0.1213820632720064,0.13287854200385266,0.1289381353073774,0.004321901017623834,0.0006511699022125747,0.19252765179164882,0.04549840244758285,9.58860126411945e-32,0.13622224121459284,0.18901956462403144,0.0,0.0,3.0,1.0,0.15795965664931252,1.0,1.2268648756158327e-35,0.07872729009674756,0.6274162229840236,0.0,0.0,4.0,2.0,6.0,3.0,0.978604762134756,1.0
84.0,0.6,-0.1213820632720064,0.13287854200385266,0.1289381353073774,0.004321901017623834,0.0006511699022125747,0.19252765179164882,0.04549840244758285,5.916050922087121e-31,0.14695224148132538,0.2039083225885881,0.0,0.0,3.0,1.0,0.17040187711836274,1.0,2.0645175271340728e-35,0.08045311787715645,0.6411701874120432,0.0,0.0,4.0,2.0,6.0,3.0,1.000057339537803,1.0
84.0,0.65,-0.1213820632720064,0.13287854200385266,0.1289381353073774,0.004321901017623834,0.0006511699022125747,0.19252765179164882,0.04549840244758285,6.459009452764244e-30,0.1623423389699044,0.22526334876401244,0.0,0.0,3.0,1.0,0.18824782131528559,1.0,3.148308982428849e-35,0.08188015604384725,0.6525429514878663,0.0,0.0,4.0,2.0,6.0,3.0,1.0177958688832882,1.0
84.0,0.7,-0.1213820632720064,0.13287854200385266,0.1289381353073774,0.004321901017623834,0.0006511699022125747,0.19252765179164882,0.04549840244758285,1.615063682995743e-29,0.1686615631259998,0.2340317920673728,0.0,0.0,3.0,1.0,0.19557542412879697,1.0,4.726968813789405e-35,0.08327853043514666,0.6636872799390103,0.0,0.0,4.0,2.0,6.0,3.0,1.0351780985636332,1.0
84.0,0.75,-0.1213820632720064,0.13287854200385266,0.1289381353073774,0.004321901017623834,0.0006511699022125747,0.19252765179164882,0.04549840244758285,2.488110190397589e-28,0.18901783562552807,0.2622777945624248,0.0,0.0,3.0,1.0,0.21918001164707124,1.0,6.319006606106188e-35,0.08429189274118264,0.6717632590535731,0.0,0.0,4.0,2.0,6.0,3.0,1.0477745079819691,1.0
84.0,0.8,-0.1213820632720064,0.13287854200385266,0.1289381353073774,0.004321901017623834,0.0006511699022125747,0.19252765179164882,0.04549840244758285,6.724651165626146e-27,0.21685084835834714,0.3008983891292465,0.0,0.0,3.0,1.0,0.2514544265707413,1.0,9.700516186690099e-35,0.08581078810817612,0.6838680780190917,0.0,0.0,4.0,2.0,6.0,3.0,1.066654850967198,1.0
84.0,0.85,-0.1213820632720064,0.13287854200385266,0.1289381353073774,0.004321901017623834,0.0006511699022125747,0.19252765179164882,0.04549840244758285,1.455093703996738e-25,0.24648775098588124,0.34202202930366177,0.0,0.0,3.0,1.0,0.28582058382563236,1.0,1.5043067819150171e-34,0.08739390046036674,0.6964846735014228,0.0,0.0,4.0,2.0,6.0,3.0,1.0863334311005202,1.0
84.0,0.9,-0.1213820632720064,0.13287854200385266,0.1289381353073774,0.004321901017623834,0.0006511699022125747,0.19252765179164882,0.04549840244758285,8.107768582291955e-24,0.29143772953001,0.4043938218869759,0.0,0.0,5.0,2.0,0.3379433731287343,1.0,2.7994753641881038e-34,0.08968510051541818,0.7147443656980497,0.0,1.0,4.0,2.0,6.0,3.0,1.1148137621537204,1.0
84.0,0.95,-0.1213820632720064,0.13287854200385266,0.1289381353073774,0.004321901017623834,0.0006511699022125747,0.19252765179164882,0.04549840244758285,1.1856708960740914e-19,0.4346003370665617,0.6030437156614532,1.0,1.0,6.0,3.0,0.503950892384492,1.0,1.532516117683955e-33,0.09626845070979481,0.767210298520848,0.0,1.0,4.0,2.0,6.0,3.0,1.1966468576800702,1.0
85.0,0.4,-0.15159563467182968,-1.0212615787122226,-0.8603428806682439,0.0006116467471996188,-0.001746353929070345,-0.0166938802187947,-0.6240934653361057,1.5362600662388667e-34,0.1301867714236108,0.1963331823188478,0.0,0.0,4.0,2.0,0.22454137619905204,0.0,4.2231413719568856e-32,0.21831588983826583,1.3691597667312196,0.0,0.0,4.0,2.0,5.0,2.0,2.602027161109937,1.0
85.0,0.45,-0.15159563467182968,-1.0212615787122226,-0.8603428806682439,0.0006116467471996188,-0.001746353929070345,-0.0166938802187947,-0.6240934653361057,6.364400248882227e-32,0.16734807501512444,0.2523757196170382,0.0,0.0,4.0,2.0,0.28863583186873093,0.0,7.098082745023992e-32,0.22309066924963303,1.3991046134847183,0.0,0.0,4.0,2.0,5.0,2.0,2.6589360087705,1.0
85.0,0.5,-0.15159563467182968,-1.0212615787122226,-0.8603428806682439,0.0006116467471996188,-0.001746353929070345,-0.0166938802187947,-0.6240934653361057,3.994869395863963e-31,0.18065920730734591,0.27245008611849564,0.0,0.0,4.0,2.0,0.31159438542205287,0.0,1.6165547153668915e-31,0.23087405418254534,1.4479178148830234,0.0,0.0,4.0,2.0,5.0,2.0,2.751703324130895,1.0
85.0,0.55,-0.15159563467182968,-1.0212615787122226,-0.8603428806682439,0.0006116467471996188,-0.001746353929070345,-0.0166938802187947,-0.6240934653361057,1.1228198012465967e-29,0.20759987063069016,0.31307899262115396,0.0,0.0,4.0,2.0,0.3580606550144942,0.0,2.2979203074035715e-31,0.23428230365778874,1.4692925213230499,0.0,0.0,4.0,2.0,5.0,2.0,2.792325001797105,1.0
85.0,0.6,-0.15159563467182968,-1.0212615787122226,-0.8603428806682439,0.0006116467471996188,-0.001746353929070345,-0.0166938802187947,-0.6240934653361057,2.203568394439083e-27,0.2586789552150158,0.3901107763938904,0.0,0.0,4.0,2.0,0.44615998970213644,0.0,3.2708921722296115e-31,0.23775424969722536,1.4910666983331615,0.0,0.0,4.0,2.0,5.0,2.0,2.833705855491329,1.0
85.0,0.65,-0.15159563467182968,-1.0212615787122226,-0.8603428806682439,0.0006116467471996188,-0.001746353929070345,-0.0166938802187947,-0.6240934653361057,1.4515098722840172e-26,0.27981650361982763,0.4219880716010341,0.0,0.0,4.0,2.0,0.4826172591803603,0.0,4.784408877014002e-31,0.24155166806194361,1.51488206260312,0.0,0.0,4.0,2.0,5.0,2.0,2.878965894668573,1.0
85.0,0.7,-0.15159563467182968,-1.0212615787122226,-0.8603428806682439,0.0006116467471996188,-0.001746353929070345,-0.0166938802187947,-0.6240934653361057,7.291642240780024e-25,0.32941892750992136,0.49679292025483784,0.0,0.0,4.0,2.0,0.5681697035746488,0.0,8.714676125111892e-31,0.2476629249554007,1.5532085768521697,0.0,0.0,4.0,2.0,5.0,2.0,2.9518037281266687,1.0
85.0,0.75,-0.15159563467182968,-1.0212615787122226,-0.8603428806682439,0.0006116467471996188,-0.001746353929070345,-0.0166938802187947,-0.6240934653361057,4.619862098829827e-24,0.3557599330887172,0.5365174897653279,0.0,0.0,4.0,2.0,0.6136017054474366,0.0,1.4447602817152198e-30,0.2529348589371519,1.586271309509991,0.0,0.0,4.0,2.0,5.0,2.0,3.014637979093275,1.0
85.0,0.8,-0.15159563467182968,-1.0212615787122226,-0.8603428806682439,0.0006116467471996188,-0.001746353929070345,-0.0166938802187947,-0.6240934653361057,3.4832968544537073e-22,0.42597138852597566,0.6424025833927046,0.0,0.0,4.0,2.0,0.7346998527970008,0.0,2.768485768697747e-30,0.25988265278393863,1.6298441333186944,0.0,0.0,4.0,2.0,6.0,3.0,3.0974461902249715,1.0
85.0,0.85,-0.15159563467182968,-1.0212615787122226,-0.8603428806682439,0.0006116467471996188,-0.001746353929070345,-0.0166938802187947,-0.6240934653361057,4.432842188019175e-21,0.4735973393247314,0.7142267355629363,0.0,0.0,4.0,2.0,0.8168433487774339,0.0,5.093904482481876e-30,0.2665698200465003,1.6717824474564535,0.0,1.0,4.0,2.0,6.0,3.0,3.177148088519967,1.0
85.0,0.9,-0.15159563467182968,-1.0212615787122226,-0.8603428806682439,0.0006116467471996188,-0.001746353929070345,-0.0166938802187947,-0.6240934653361057,8.002489062052355e-18,0.6472894639244686,0.9761698438640578,0.0,0.0,4.0,2.0,1.1164211650646036,0.0,1.2050539016421777e-29,0.2763073675909189,1.732851105053146,1.0,1.0,4.0,2.0,6.0,3.0,3.2932063525883635,1.0
85.0,0.95,-0.15159563467182968,-1.0212615787122226,-0.8603428806682439,0.0006116467471996188,-0.001746353929070345,-0.0166938802187947,-0.6240934653361057,2.1232582850330804e-16,0.7420319587113994,1.1190499176145576,0.0,0.0,4.0,2.0,1.2798295508119342,1.0,3.906511201140991e-29,0.29018507628769774,1.8198846252248653,1.0,1.0,5.0,2.0,6.0,3.0,3.458609681634827,1.0
86.0,0.4,-0.21727351846068355,0.07478430903774425,0.09077235091587332,0.001067766702548349,0.00034627469913449925,0.26419775796706146,-0.01190927220964555,4.1418128517993697e-32,0.12076165601970004,0.16477680940606704,0.0,0.0,2.0,0.0,0.12548757296768032,1.0,1.691661493567521e-34,0.09163447156696672,0.654352704923093,0.0,0.0,5.0,3.0,6.0,3.0,0.9329693085980802,1.0
86.0,0.45,-0.21727351846068355,0.07478430903774425,0.09077235091587332,0.001067766702548349,0.00034627469913449925,0.26419775796706146,-0.01190927220964555,1.938291161464069e-31,0.12878202485142257,0.17572043861677866,0.0,0.0,2.0,0.0,0.13382181292572048,1.0,2.3238961263131592e-34,0.09285490465752566,0.6630676970033528,0.0,0.0,5.0,3.0,6.0,3.0,0.9453950540322844,1.0
86.0,0.5,-0.21727351846068355,0.07478430903774425,0.09077235091587332,0.001067766702548349,0.00034627469913449925,0.26419775796706146,-0.01190927220964555,1.0536720504895863e-30,0.13819495361910494,0.18856418737468134,0.0,0.0,2.0,0.0,0.14360310960967315,1.0,4.441339299977422e-34,0.0953949899891679,0.681206195311611,0.0,0.0,5.0,3.0,6.0,3.0,0.9712567370334302,1.0
86.0,0.55,-0.21727351846068355,0.07478430903774425,0.09077235091587332,0.001067766702548349,0.00034627469913449925,0.26419775796706146,-0.01190927220964555,3.042568954093346e-30,0.14443789200930177,0.197082549106053,0.0,0.0,2.0,0.0,0.15009036071729923,1.0,6.988748368327504e-34,0.09721407031052388,0.6941960681007148,0.0,0.0,5.0,3.0,6.0,3.0,0.9897775631011569,1.0
86.0,0.6,-0.21727351846068355,0.07478430903774425,0.09077235091587332,0.001067766702548349,0.00034627469913449925,0.26419775796706146,-0.01190927220964555,2.6325888050910117e-29,0.158026073727242,0.21562334510794615,0.0,0.0,3.0,1.0,0.16421030574811232,1.0,9.048026515961449e-34,0.09826576279966157,0.7017061002234147,0.0,0.0,5.0,3.0,6.0,3.0,1.0004852891093927,1.0
86.0,0.65,-0.21727351846068355,0.07478430903774425,0.09077235091587332,0.001067766702548349,0.00034627469913449925,0.26419775796706146,-0.01190927220964555,2.955837867227213e-27,0.19237906765620139,0.2624973026184037,0.0,0.0,5.0,2.0,0.19990767836128123,1.0,1.612117268725938e-33,0.10065932450676263,0.7187982878102369,0.0,0.0,5.0,3.0,6.0,3.0,1.0248551531220749,1.0
86.0,0.7,-0.21727351846068355,0.07478430903774425,0.09077235091587332,0.001067766702548349,0.00034627469913449925,0.26419775796706146,-0.01190927220964555,6.435109801407081e-26,0.21872711366556527,0.29844867243730533,0.0,0.0,5.0,2.0,0.22728683541438152,1.0,2.3313517128372703e-33,0.10221849371883562,0.729932161055822,0.0,0.0,5.0,3.0,6.0,3.0,1.0407297142659353,1.0
86.0,0.75,-0.21727351846068355,0.07478430903774425,0.09077235091587332,0.001067766702548349,0.00034627469913449925,0.26419775796706146,-0.01190927220964555,1.5213376867883663e-24,0.24953924568104596,0.34049119629671004,0.0,0.0,5.0,2.0,0.2593047771354829,1.0,3.6425965906617415e-33,0.10413689241505542,0.7436312565438661,0.0,0.0,5.0,3.0,6.0,3.0,1.0602617427113623,1.0
86.0,0.8,-0.21727351846068355,0.07478430903774425,0.09077235091587332,0.001067766702548349,0.00034627469913449925,0.26419775796706146,-0.01190927220964555,2.0166242100377317e-23,0.27791084687735546,0.3792036657754872,0.0,0.0,5.0,2.0,0.2887866796919617,1.0,4.846231116626636e-33,0.1053831050076169,0.7525303375000528,0.0,0.0,5.0,3.0,6.0,3.0,1.0729499601579873,1.0
86.0,0.85,-0.21727351846068355,0.07478430903774425,0.09077235091587332,0.001067766702548349,0.00034627469913449925,0.26419775796706146,-0.01190927220964555,5.0999332405426654e-23,0.28886481366134265,0.394150129384027,0.0,0.0,5.0,2.0,0.3001693217606238,1.0,9.61354483826514e-33,0.10843412190344343,0.7743173476111022,0.0,1.0,6.0,3.0,6.0,3.0,1.104013653494617,1.0
86.0,0.9,-0.21727351846068355,0.07478430903774425,0.09077235091587332,0.001067766702548349,0.00034627469913449925,0.26419775796706146,-0.01190927220964555,7.607626259544228e-21,0.35584825377278934,0.4855476632403531,0.0,0.0,5.0,2.0,0.36977410862476046,1.0,1.6570249642350853e-32,0.11092204365939805,0.7920833509808731,0.0,1.0,6.0,3.0,6.0,3.0,1.129344237070939,1.0
86.0,0.95,-0.21727351846068355,0.07478430903774425,0.09077235091587332,0.001067766702548349,0.00034627469913449925,0.26419775796706146,-0.01190927220964555,3.423181395318568e-19,0.41701086458070574,0.5690027945796372,0.0,0.0,5.0,2.0,0.4333302723908502,1.0,3.256673053415495e-32,0.11408925444581623,0.8147000901808124,0.0,1.0,6.0,3.0,6.0,3.0,1.1615909495477983,1.0
87.0,0.4,-0.1212483471601884,1.5502158761670324,1.4310815881126162,-0.0018996616723748,0.01822396731128171,-0.738560666669412,0.913638609688348,1.8978823251846745e-28,0.2973796086501819,0.49082307526366725,0.0,0.0,3.0,1.0,0.394099526681915,0.0,1.892904583877963e-28,0.40760685551076026,1.9373296033561431,1.0,1.0,3.0,1.0,6.0,3.0,2.763350416456379,1.0
87.0,0.45,-0.1212483471601884,1.5502158761670324,1.4310815881126162,-0.0018996616723748,0.01822396731128171,-0.738560666669412,0.913638609688348,3.0723264367404188e-27,0.3339599895429389,0.5511987517453045,0.0,0.0,3.0,1.0,0.4425773320738715,0.0,3.4751379049336377e-28,0.41805647224113657,1.9869959707436986,1.0,1.0,3.0,1.0,6.0,3.0,2.8341930736720222,1.0
87.0,0.5,-0.1212483471601884,1.5502158761670324,1.4310815881126162,-0.0018996616723748,0.01822396731128171,-0.738560666669412,0.913638609688348,2.708933956184872e-26,0.365664864887384,0.6035274385979301,0.0,0.0,3.0,1.0,0.48459391963839765,0.0,5.667080495242351e-28,0.42666245099350186,2.027899643430752,1.0,1.0,3.0,1.0,6.0,3.0,2.892536878855484,1.0
87.0,0.55,-0.1212483471601884,1.5502158761670324,1.4310815881126162,-0.0018996616723748,0.01822396731128171,-0.738560666669412,0.913638609688348,1.3343302967848853e-25,0.3907832481031692,0.6449851637983344,0.0,0.0,3.0,1.0,0.5178818205179789,0.0,1.1810158873619892e-27,0.4399180404101898,2.0909026215202755,1.0,1.0,3.0,1.0,6.0,3.0,2.982402488424489,1.0
87.0,0.6,-0.1212483471601884,1.5502158761670324,1.4310815881126162,-0.0018996616723748,0.01822396731128171,-0.738560666669412,0.913638609688348,5.909276711620776e-24,0.4576469396260241,0.7553432439830926,0.0,0.0,3.0,1.0,0.6064922982201009,0.0,1.6979605674144023e-27,0.4466233584555417,2.1227725740825316,1.0,1.0,3.0,1.0,6.0,3.0,3.0278608588188667,1.0
87.0,0.65,-0.1212483471601884,1.5502158761670324,1.4310815881126162,-0.0018996616723748,0.01822396731128171,-0.738560666669412,0.913638609688348,4.002470192961286e-23,0.4956178849022913,0.8180140377734271,0.0,0.0,3.0,1.0,0.6568129359698293,0.0,2.6278165762523866e-27,0.4548249111017637,2.1617540350667923,1.0,1.0,4.0,2.0,6.0,3.0,3.083462877318107,1.0
87.0,0.7,-0.1212483471601884,1.5502158761670324,1.4310815881126162,-0.0018996616723748,0.01822396731128171,-0.738560666669412,0.913638609688348,1.284324171687644e-22,0.5202891183460111,0.85873374523541,0.0,0.0,3.0,1.0,0.6895082558236745,0.0,3.681626623198907e-27,0.4612603301935404,2.192341174973651,1.0,1.0,4.0,2.0,6.0,3.0,3.1270914811722967,1.0
87.0,0.75,-0.1212483471601884,1.5502158761670324,1.4310815881126162,-0.0018996616723748,0.01822396731128171,-0.738560666669412,0.913638609688348,3.3778720862509743e-22,0.5416807875219172,0.8940405535858513,0.0,0.0,3.0,1.0,0.7178573640070728,0.0,5.432087756786941e-27,0.4687969009325527,2.228162019012646,1.0,1.0,4.0,2.0,6.0,3.0,3.178185287885156,1.0
87.0,0.8,-0.1212483471601884,1.5502158761670324,1.4310815881126162,-0.0018996616723748,0.01822396731128171,-0.738560666669412,0.913638609688348,3.0464889386585884e-21,0.5936652327564759,0.9798405362804152,0.0,0.0,3.0,1.0,0.7867492606463651,0.0,8.892457853635085e-27,0.4785239642920375,2.2743941359294166,1.0,1.0,4.0,2.0,6.0,3.0,3.244129430438028,1.0
87.0,0.85,-0.1212483471601884,1.5502158761670324,1.4310815881126162,-0.0018996616723748,0.01822396731128171,-0.738560666669412,0.913638609688348,2.825163966798139e-20,0.6513935460619964,1.075120735198596,0.0,0.0,3.0,1.0,0.8632531643710264,0.0,1.313200478875175e-26,0.4863604399701958,2.3116404091753675,1.0,1.0,4.0,2.0,6.0,3.0,3.2972564277787737,1.0
87.0,0.9,-0.1212483471601884,1.5502158761670324,1.4310815881126162,-0.0018996616723748,0.01822396731128171,-0.738560666669412,0.913638609688348,8.439030866663626e-19,0.7504334016682543,1.2385853611794444,0.0,0.0,3.0,1.0,0.9945048006020285,0.0,2.671900040236834e-26,0.5009702754798326,2.3810800332894324,1.0,1.0,4.0,2.0,6.0,3.0,3.396303081420859,1.0
87.0,0.95,-0.1212483471601884,1.5502158761670324,1.4310815881126162,-0.0018996616723748,0.01822396731128171,-0.738560666669412,0.913638609688348,1.0748640294680807e-15,1.0108569373428193,1.6684126826659982,0.0,0.0,4.0,2.0,1.3396286394961316,0.0,1.5385977683138221e-25,0.5388790858276107,2.5612582111631492,1.0,1.0,4.0,2.0,6.0,3.0,3.6533039768808546,1.0
88.0,0.4,2.136631517466305,1.052470892681825,1.110563379609298,0.00037338677766744397,0.0009281944979893313,0.12060114613776318,1.4525864255616336,4.2864118257640336e-32,0.20662298944411442,0.3410056293158588,0.0,0.0,2.0,0.0,0.5520458215432866,0.0,3.379752325211714e-33,0.23764704600489248,1.5482069734660704,1.0,1.0,4.0,2.0,6.0,3.0,4.463084833663081,1.0
88.0,0.45,2.136631517466305,1.052470892681825,1.110563379609298,0.00037338677766744397,0.0009281944979893313,0.12060114613776318,1.4525864255616336,1.0686667175371922e-30,0.23625254209014654,0.38990553282412915,0.0,0.0,2.0,0.0,0.631208700642289,0.0,4.6006143354995984e-33,0.24072038907228988,1.5682289819395117,1.0,1.0,4.0,2.0,6.0,3.0,4.520803164537947,1.0
88.0,0.5,2.136631517466305,1.052470892681825,1.110563379609298,0.00037338677766744397,0.0009281944979893313,0.12060114613776318,1.4525864255616336,8.698423743233706e-30,0.2578208792159151,0.42550139945376486,0.0,0.0,2.0,0.0,0.6888339940326834,0.0,6.255324653445856e-33,0.24382185315168162,1.5884341912883793,1.0,1.0,4.0,2.0,6.0,3.0,4.579049616692873,1.0
88.0,0.55,2.136631517466305,1.052470892681825,1.110563379609298,0.00037338677766744397,0.0009281944979893313,0.12060114613776318,1.4525864255616336,2.4647315233020244e-28,0.29636833199984897,0.4891191916000934,0.0,0.0,2.0,0.0,0.7918233094895845,0.0,8.065623441855187e-33,0.24641783150121507,1.6053462962409983,1.0,1.0,4.0,2.0,6.0,3.0,4.627802890908125,1.0
88.0,0.6,2.136631517466305,1.052470892681825,1.110563379609298,0.00037338677766744397,0.0009281944979893313,0.12060114613776318,1.4525864255616336,2.620155252841063e-27,0.3270431228727571,0.5397441312251084,0.0,0.0,2.0,0.0,0.8737788081185656,0.0,1.3002506592859413e-32,0.2513699423885765,1.6376079748020371,1.0,1.0,4.0,2.0,6.0,3.0,4.720805061006826,1.0
88.0,0.65,2.136631517466305,1.052470892681825,1.110563379609298,0.00037338677766744397,0.0009281944979893313,0.12060114613776318,1.4525864255616336,3.9169852230704594e-26,0.36605616510349787,0.6041303210349224,0.0,0.0,2.0,0.0,0.9780120640941663,0.0,2.1275606388390356e-32,0.2565806877797678,1.6715545880135996,1.0,1.0,4.0,2.0,6.0,3.0,4.818664466871381,1.0
88.0,0.7,2.136631517466305,1.052470892681825,1.110563379609298,0.00037338677766744397,0.0009281944979893313,0.12060114613776318,1.4525864255616336,2.7059320493006616e-25,0.39675395561828086,0.6547932187176186,0.0,0.0,2.0,0.0,1.060029012110886,0.0,2.9032880699472343e-32,0.2599257500684105,1.6933467745735304,1.0,1.0,4.0,2.0,6.0,3.0,4.881485768541558,1.0
88.0,0.75,2.136631517466305,1.052470892681825,1.110563379609298,0.00037338677766744397,0.0009281944979893313,0.12060114613776318,1.4525864255616336,6.358687955961211e-24,0.45253104115026027,0.7468463837812359,0.0,0.0,2.0,0.0,1.20905166969914,0.0,4.819162154605066e-32,0.2654723930142119,1.7294816705563707,1.0,1.0,4.0,2.0,6.0,3.0,4.985653434099836,1.0
88.0,0.8,2.136631517466305,1.052470892681825,1.110563379609298,0.00037338677766744397,0.0009281944979893313,0.12060114613776318,1.4525864255616336,2.4984363621395193e-23,0.47908316195134204,0.790667367534317,0.0,0.0,2.0,0.0,1.2799924076140483,0.0,6.777169062182706e-32,0.2692707813060076,1.7542271548371597,1.0,1.0,4.0,2.0,6.0,3.0,5.056988337951862,1.0
88.0,0.85,2.136631517466305,1.052470892681825,1.110563379609298,0.00037338677766744397,0.0009281944979893313,0.12060114613776318,1.4525864255616336,9.785954718580033e-22,0.558191469507007,0.9212258222092184,0.0,0.0,3.0,1.0,1.4913503535665142,0.0,1.433029797954813e-31,0.277804654598983,1.8098230579420878,1.0,1.0,4.0,2.0,6.0,3.0,5.217257110935038,1.0
88.0,0.9,2.136631517466305,1.052470892681825,1.110563379609298,0.00037338677766744397,0.0009281944979893313,0.12060114613776318,1.4525864255616336,1.4462025733007054e-19,0.6873600318767755,1.134402521555354,0.0,0.0,3.0,1.0,1.8364569911329534,0.0,4.388716039759501e-31,0.29106698384494817,1.896223587501305,1.0,1.0,4.0,2.0,6.0,3.0,5.4663277453560335,1.0
88.0,0.95,2.136631517466305,1.052470892681825,1.110563379609298,0.00037338677766744397,0.0009281944979893313,0.12060114613776318,1.4525864255616336,6.811674885811729e-18,0.8070373627780937,1.3319151199774397,0.0,0.0,3.0,1.0,2.1562053920019437,0.0,1.377804703321218e-30,0.30527766867885003,1.9888024001877558,1.0,1.0,4.0,2.0,6.0,3.0,5.733208790268526,1.0
89.0,0.4,-0.32642834490567374,0.9915208054594284,-0.007212448264061477,-0.004171589268182059,0.0020124456683478596,0.3232244736507597,-0.11361741381126544,5.927055941264524e-32,0.14989867847742125,0.25438423649574426,0.0,0.0,3.0,0.0,0.13011780230761558,0.0,5.286465751026015e-33,0.17856144673363009,1.2427871717743357,0.0,0.0,5.0,2.0,5.0,2.0,0.9928926950009926,1.0
89.0,0.45,-0.32642834490567374,0.9915208054594284,-0.007212448264061477,-0.004171589268182059,0.0020124456683478596,0.3232244736507597,-0.11361741381126544,2.2296797846562435e-31,0.15840648189076623,0.2688223295966495,0.0,0.0,3.0,0.0,0.13750290198864068,0.0,9.019265009786418e-33,0.18258058792114792,1.2707603832416925,0.0,0.0,5.0,2.0,5.0,2.0,1.0152411694240129,1.0
89.0,0.5,-0.32642834490567374,0.9915208054594284,-0.007212448264061477,-0.004171589268182059,0.0020124456683478596,0.3232244736507597,-0.11361741381126544,2.1259968551896926e-30,0.17401150121030073,0.295304690651614,0.0,0.0,3.0,0.0,0.15104865729115693,0.0,1.7282940499772737e-32,0.18759584056069864,1.3056665276399229,0.0,0.0,5.0,2.0,5.0,2.0,1.0431285314525183,1.0
89.0,0.55,-0.32642834490567374,0.9915208054594284,-0.007212448264061477,-0.004171589268182059,0.0020124456683478596,0.3232244736507597,-0.11361741381126544,3.13914016983712e-29,0.1946689221052807,0.3303611854500805,0.0,0.0,3.0,0.0,0.16898009094687844,0.0,2.818849688486785e-32,0.19145885910199695,1.3325531259245667,0.0,0.0,5.0,2.0,6.0,3.0,1.0646088843532775,1.0
89.0,0.6,-0.32642834490567374,0.9915208054594284,-0.007212448264061477,-0.004171589268182059,0.0020124456683478596,0.3232244736507597,-0.11361741381126544,5.583929031632192e-28,0.21947514269986304,0.3724583643604892,0.0,0.0,3.0,0.0,0.19051284186977033,0.0,4.698529606722576e-32,0.19557839840683378,1.3612251080087439,0.0,0.0,5.0,2.0,6.0,3.0,1.087515623503099,1.0
89.0,0.65,-0.32642834490567374,0.9915208054594284,-0.007212448264061477,-0.004171589268182059,0.0020124456683478596,0.3232244736507597,-0.11361741381126544,1.557739475064756e-26,0.25212551348633433,0.4278673894978957,0.0,0.0,3.0,0.0,0.21885461602293166,0.0,9.194294972442461e-32,0.20112639594809611,1.3998391554386014,0.0,0.0,5.0,2.0,6.0,3.0,1.1183653188397429,1.0
89.0,0.7,-0.32642834490567374,0.9915208054594284,-0.007212448264061477,-0.004171589268182059,0.0020124456683478596,0.3232244736507597,-0.11361741381126544,9.024212157694519e-26,0.2712719558881715,0.46035969150798145,0.0,0.0,3.0,0.0,0.23547446239276915,1.0,1.5434712640210666e-31,0.20551486631848923,1.430382896989779,0.0,0.0,5.0,2.0,6.0,3.0,1.1427674518460438,1.0
89.0,0.75,-0.32642834490567374,0.9915208054594284,-0.007212448264061477,-0.004171589268182059,0.0020124456683478596,0.3232244736507597,-0.11361741381126544,3.0592474958692437e-25,0.28542813962881897,0.48438331886171093,0.0,0.0,3.0,0.0,0.24776257284247735,1.0,2.438773435575461e-31,0.20946973375359565,1.457908763319426,0.0,0.0,6.0,3.0,6.0,3.0,1.1647585314315048,1.0
89.0,0.8,-0.32642834490567374,0.9915208054594284,-0.007212448264061477,-0.004171589268182059,0.0020124456683478596,0.3232244736507597,-0.11361741381126544,1.7719142536688388e-24,0.307101042382714,0.521163128234924,0.0,0.0,3.0,0.0,0.26657548370071593,1.0,3.313997803218032e-31,0.21216340612233928,1.4766567155010157,0.0,0.0,6.0,3.0,6.0,3.0,1.1797367233456943,1.0
89.0,0.85,-0.32642834490567374,0.9915208054594284,-0.007212448264061477,-0.004171589268182059,0.0020124456683478596,0.3232244736507597,-0.11361741381126544,5.012756202931934e-22,0.38853728604593457,0.6593637906942007,0.0,0.0,4.0,1.0,0.33726526670131673,1.0,4.658734366604245e-31,0.2151957225289294,1.4977616292425178,0.0,0.0,6.0,3.0,6.0,3.0,1.1965979487899878,1.0
89.0,0.9,-0.32642834490567374,0.9915208054594284,-0.007212448264061477,-0.004171589268182059,0.0020124456683478596,0.3232244736507597,-0.11361741381126544,1.3090873921230118e-20,0.44511258268150516,0.7553744012302214,0.0,0.0,4.0,1.0,0.38637479413608145,1.0,1.0692711237769192e-30,0.22277568957626914,1.5505181787733848,0.0,1.0,6.0,3.0,6.0,3.0,1.2387464307121747,1.0
89.0,0.95,-0.32642834490567374,0.9915208054594284,-0.007212448264061477,-0.004171589268182059,0.0020124456683478596,0.3232244736507597,-0.11361741381126544,1.9570009479425326e-18,0.5483768819098737,0.9306181737791127,0.0,0.0,4.0,1.0,0.47601216658600076,1.0,2.5042137816650815e-30,0.23081663843429104,1.6064831604222536,0.0,1.0,6.0,3.0,6.0,3.0,1.2834582065632993,1.0
90.0,0.4,-0.06341476554758163,0.10524387664916793,0.120596259556638,-0.0014130481647599733,-0.0019450049721821845,0.25794918258859667,0.05925958452189822,1.1333888932832334e-34,0.09823758420684402,0.13451039152077277,0.0,0.0,3.0,1.0,0.11067862199267431,0.0,9.835214203049674e-35,0.09553200187565017,0.6430564601453822,0.0,0.0,4.0,2.0,6.0,3.0,0.9695473464022141,1.0
90.0,0.45,-0.06341476554758163,0.10524387664916793,0.120596259556638,-0.0014130481647599733,-0.0019450049721821845,0.25794918258859667,0.05925958452189822,1.3631044093725046e-32,0.11993628645630787,0.16422102578191858,0.0,0.0,3.0,1.0,0.1351252987242942,1.0,1.3458004026426429e-34,0.09678849712708218,0.6515143315676422,0.0,0.0,4.0,2.0,6.0,3.0,0.9822994254215416,1.0
90.0,0.5,-0.06341476554758163,0.10524387664916793,0.120596259556638,-0.0014130481647599733,-0.0019450049721821845,0.25794918258859667,0.05925958452189822,8.878282911871294e-32,0.12967579679271107,0.1775567094629403,0.0,0.0,3.0,1.0,0.1460982434645356,1.0,1.996527795486459e-34,0.09839228034120406,0.6623099093454032,0.0,0.0,4.0,2.0,6.0,3.0,0.9985761047428892,1.0
90.0,0.55,-0.06341476554758163,0.10524387664916793,0.120596259556638,-0.0014130481647599733,-0.0019450049721821845,0.25794918258859667,0.05925958452189822,1.422217226535984e-30,0.14556338008017533,0.1993105531223696,0.0,0.0,3.0,1.0,0.16399786751624226,1.0,3.1380837775252225e-34,0.10026374176486753,0.6749073147673701,0.0,0.0,4.0,2.0,6.0,3.0,1.0175694307653964,1.0
90.0,0.6,-0.06341476554758163,0.10524387664916793,0.120596259556638,-0.0014130481647599733,-0.0019450049721821845,0.25794918258859667,0.05925958452189822,9.064409920282106e-29,0.17307500988567792,0.23698045437646514,0.0,0.0,3.0,1.0,0.19499363456640026,1.0,4.338867863992936e-34,0.10162648473014756,0.6840803735344382,0.0,0.0,4.0,2.0,6.0,3.0,1.0313998101134114,1.0
90.0,0.65,-0.06341476554758163,0.10524387664916793,0.120596259556638,-0.0014130481647599733,-0.0019450049721821845,0.25794918258859667,0.05925958452189822,1.1726598841969695e-27,0.19255762492336206,0.26365674327063776,0.0,0.0,3.0,1.0,0.21694357361054875,1.0,7.083869541396315e-34,0.1037235786528457,0.6981965834750402,0.0,0.0,4.0,2.0,6.0,3.0,1.052683063975869,1.0
90.0,0.7,-0.06341476554758163,0.10524387664916793,0.120596259556638,-0.0014130481647599733,-0.0019450049721821845,0.25794918258859667,0.05925958452189822,1.0105784203405545e-26,0.21063747264558555,0.28841231330411604,0.0,0.0,3.0,1.0,0.2373130956004195,1.0,9.856089030434724e-34,0.10516080734090122,0.7078710294660641,0.0,0.0,4.0,2.0,6.0,3.0,1.0672693935127626,1.0
90.0,0.75,-0.06341476554758163,0.10524387664916793,0.120596259556638,-0.0014130481647599733,-0.0019450049721821845,0.25794918258859667,0.05925958452189822,2.289263942380625e-26,0.21793779145932674,0.29840816926689306,0.0,0.0,3.0,1.0,0.24553794388975458,1.0,1.5111420229314218e-33,0.10705014814875029,0.7205887867416323,0.0,0.0,4.0,2.0,6.0,3.0,1.0864441761063883,1.0
90.0,0.8,-0.06341476554758163,0.10524387664916793,0.120596259556638,-0.0014130481647599733,-0.0019450049721821845,0.25794918258859667,0.05925958452189822,5.078775524752899e-25,0.2479810588831006,0.339544478718745,0.0,0.0,5.0,2.0,0.2793859610765314,1.0,1.9306677553048693e-33,0.1081485497907513,0.7279824795132173,0.0,0.0,4.0,2.0,6.0,3.0,1.0975917745694892,1.0
90.0,0.85,-0.06341476554758163,0.10524387664916793,0.120596259556638,-0.0014130481647599733,-0.0019450049721821845,0.25794918258859667,0.05925958452189822,1.509191226058933e-22,0.3143833680728551,0.43046488030548336,0.0,0.0,5.0,2.0,0.35419761424971186,1.0,3.316489250640924e-33,0.11061427078180439,0.7445800361547777,0.0,0.0,4.0,2.0,6.0,3.0,1.1226161977670217,1.0
90.0,0.9,-0.06341476554758163,0.10524387664916793,0.120596259556638,-0.0014130481647599733,-0.0019450049721821845,0.25794918258859667,0.05925958452189822,1.0437301561109764e-21,0.3407634924844721,0.4665854841621698,0.0,0.0,5.0,2.0,0.3839185794123472,1.0,5.7687829038701836e-33,0.11319521291094968,0.7619531831298468,0.0,0.0,4.0,2.0,6.0,3.0,1.1488099919239543,1.0
90.0,0.95,-0.06341476554758163,0.10524387664916793,0.120596259556638,-0.0014130481647599733,-0.0019450049721821845,0.25794918258859667,0.05925958452189822,1.1853853804305242e-19,0.41503943797919857,0.5682867483955709,0.0,0.0,5.0,2.0,0.46760100463618115,1.0,1.3878468260460012e-32,0.11741235073363336,0.7903400866486286,0.0,1.0,4.0,2.0,6.0,3.0,1.1916094173009855,1.0
91.0,0.4,0.011991866414619468,0.033221601914595944,0.028819885462146644,-0.0023621120511728663,0.0002638421855621016,0.22614744488413185,0.02321087911297104,8.60685404090076e-34,0.10376859600565937,0.14179053016313076,0.0,0.0,5.0,2.0,0.11130038749573633,1.0,5.9341554845393904e-36,0.07357384203757476,0.6169774606057088,1.0,1.0,6.0,3.0,6.0,3.0,0.8874915125822214,1.0
91.0,0.45,0.011991866414619468,0.033221601914595944,0.028819885462146644,-0.0023621120511728663,0.0002638421855621016,0.22614744488413185,0.02321087911297104,1.0072274186317234e-32,0.11496820126089251,0.15709379172668403,0.0,0.0,5.0,2.0,0.12331288889489515,1.0,8.36288330068263e-36,0.0746331288037378,0.6258604554438296,1.0,1.0,6.0,3.0,6.0,3.0,0.9002692606014185,1.0
91.0,0.5,0.011991866414619468,0.033221601914595944,0.028819885462146644,-0.0023621120511728663,0.0002638421855621016,0.22614744488413185,0.02321087911297104,7.143777834363454e-32,0.12474632300721938,0.17045472287328756,0.0,0.0,5.0,2.0,0.13380073185739721,1.0,1.2147513325247843e-35,0.07580312702926839,0.6356718573512141,1.0,1.0,6.0,3.0,6.0,3.0,0.914382476197314,1.0
91.0,0.55,0.011991866414619468,0.033221601914595944,0.028819885462146644,-0.0023621120511728663,0.0002638421855621016,0.22614744488413185,0.02321087911297104,3.539154587323996e-31,0.13334750769986375,0.18220747452017824,0.0,0.0,5.0,2.0,0.14302621264892204,1.0,1.7250439601817727e-35,0.07691897484697907,0.6450291633437699,1.0,1.0,6.0,3.0,6.0,3.0,0.9278424973152253,1.0
91.0,0.6,0.011991866414619468,0.033221601914595944,0.028819885462146644,-0.0023621120511728663,0.0002638421855621016,0.22614744488413185,0.02321087911297104,5.730934041994154e-30,0.14975229308351543,0.2046231504211367,0.0,0.0,5.0,2.0,0.160621699532885,1.0,2.3989129071787034e-35,0.07798314582341735,0.6539531163209418,1.0,1.0,6.0,3.0,6.0,3.0,0.9406791615884184,1.0
91.0,0.65,0.011991866414619468,0.033221601914595944,0.028819885462146644,-0.0023621120511728663,0.0002638421855621016,0.22614744488413185,0.02321087911297104,1.7244876816901862e-28,0.17257382556298692,0.23580673884728143,0.0,0.0,5.0,2.0,0.18509967751451997,1.0,3.424444519795928e-35,0.07914826565456926,0.6637236088603734,1.0,1.0,6.0,3.0,6.0,3.0,0.9547335310851274,1.0
91.0,0.7,0.011991866414619468,0.033221601914595944,0.028819885462146644,-0.0023621120511728663,0.0002638421855621016,0.22614744488413185,0.02321087911297104,4.554412772100508e-27,0.19779505906621592,0.27026930466628823,0.0,0.0,5.0,2.0,0.21215153298991585,1.0,5.38052610792515e-35,0.08065250203557417,0.6763378738871902,1.0,1.0,6.0,3.0,6.0,3.0,0.9728785264270512,1.0
91.0,0.75,0.011991866414619468,0.033221601914595944,0.028819885462146644,-0.0023621120511728663,0.0002638421855621016,0.22614744488413185,0.02321087911297104,7.306445449940181e-26,0.22204202458499767,0.3034006201903772,0.0,0.0,5.0,2.0,0.2381584056056828,1.0,9.00148516410038e-35,0.08240051086884206,0.6909963723589052,1.0,1.0,6.0,3.0,6.0,3.0,0.9939640503100059,1.0
91.0,0.8,0.011991866414619468,0.033221601914595944,0.028819885462146644,-0.0023621120511728663,0.0002638421855621016,0.22614744488413185,0.02321087911297104,8.7840826745012e-24,0.27108247353310155,0.37041001921327976,0.0,0.0,5.0,2.0,0.29075833642281707,1.0,1.8114369836617703e-34,0.08483683313922245,0.7114269477640711,1.0,1.0,6.0,3.0,6.0,3.0,1.0233524209183176,1.0
91.0,0.85,0.011991866414619468,0.033221601914595944,0.028819885462146644,-0.0023621120511728663,0.0002638421855621016,0.22614744488413185,0.02321087911297104,3.5712960076554427e-23,0.2873967368930965,0.3927020048435803,0.0,0.0,5.0,2.0,0.30825673096191153,1.0,3.4638760170077957e-34,0.08715960324010767,0.7309052943982339,1.0,1.0,6.0,3.0,6.0,3.0,1.0513710576120845,1.0
91.0,0.9,0.011991866414619468,0.033221601914595944,0.028819885462146644,-0.0023621120511728663,0.0002638421855621016,0.22614744488413185,0.02321087911297104,1.293769482621227e-21,0.33376551285447953,0.45606080104644464,0.0,0.0,5.0,2.0,0.35799107189800217,1.0,6.858882560442205e-34,0.08967623590810692,0.7520093388490666,1.0,1.0,6.0,3.0,6.0,3.0,1.0817281800795477,1.0
91.0,0.95,0.011991866414619468,0.033221601914595944,0.028819885462146644,-0.0023621120511728663,0.0002638421855621016,0.22614744488413185,0.02321087911297104,1.2486319941236622e-19,0.4037682742361269,0.5517133301473066,0.0,0.0,5.0,2.0,0.43307481367980294,1.0,1.9452133885501404e-33,0.09365704459967636,0.7853917091271788,1.0,1.0,6.0,3.0,6.0,3.0,1.1297470659925215,1.0
92.0,0.4,-1.1741457644649338,-1.2199971571606651,-1.2213126859325083,-0.0007688995920086247,-0.003128757417609341,-0.09443653883816644,-1.2055900454433168,3.3892218562683267e-32,0.16326766511048513,0.22912417528905576,0.0,0.0,2.0,0.0,0.21898595688252015,0.0,1.256939847909446e-34,0.09856832170112667,1.229542891761408,0.0,0.0,4.0,2.0,4.0,2.0,2.1338409684421165,0.0
92.0,0.45,-1.1741457644649338,-1.2199971571606651,-1.2213126859325083,-0.0007688995920086247,-0.003128757417609341,-0.09443653883816644,-1.2055900454433168,2.774783123511806e-31,0.1782162190052883,0.2501024570608505,0.0,0.0,2.0,0.0,0.2390359978777666,0.0,2.804860365284934e-34,0.10192065983267891,1.271360013624645,0.0,0.0,4.0,2.0,4.0,2.0,2.2064135386322303,0.0
92.0,0.5,-1.1741457644649338,-1.2199971571606651,-1.2213126859325083,-0.0007688995920086247,-0.003128757417609341,-0.09443653883816644,-1.2055900454433168,2.3961654078336396e-30,0.19496614971286994,0.2736087285379761,0.0,0.0,2.0,0.0,0.26150217084124655,0.0,1.0765688747203644e-33,0.10779559164685959,1.3446440112320248,0.0,0.0,4.0,2.0,4.0,2.0,2.3335960854743507,0.0
92.0,0.55,-1.1741457644649338,-1.2199971571606651,-1.2213126859325083,-0.0007688995920086247,-0.003128757417609341,-0.09443653883816644,-1.2055900454433168,7.341976653212439e-29,0.2248475830891362,0.315543295153838,0.0,0.0,2.0,0.0,0.30158122921753194,0.0,2.24296461917162e-33,0.11114336096549926,1.3864041416466555,0.0,0.0,4.0,2.0,4.0,2.0,2.406069748429343,0.0
92.0,0.6,-1.1741457644649338,-1.2199971571606651,-1.2213126859325083,-0.0007688995920086247,-0.003128757417609341,-0.09443653883816644,-1.2055900454433168,2.9967544210885137e-28,0.23841842432981042,0.33458814279800564,0.0,0.0,2.0,0.0,0.3197833861037637,0.0,3.694894085148214e-33,0.11347913267014022,1.4155405969159949,0.0,0.0,4.0,2.0,4.0,2.0,2.4566353385730375,1.0
92.0,0.65,-1.1741457644649338,-1.2199971571606651,-1.2213126859325083,-0.0007688995920086247,-0.003128757417609341,-0.09443653883816644,-1.2055900454433168,2.642004628888534e-27,0.26105173318630975,0.3663509429966767,0.0,0.0,2.0,0.0,0.350140755359973,0.0,4.637348537563914e-33,0.11455845920570167,1.429004134153779,0.0,0.0,4.0,2.0,4.0,2.0,2.4800009710618482,1.0
92.0,0.7,-1.1741457644649338,-1.2199971571606651,-1.2213126859325083,-0.0007688995920086247,-0.003128757417609341,-0.09443653883816644,-1.2055900454433168,7.81296193728409e-26,0.30061686162096235,0.4218752712012894,0.0,0.0,3.0,1.0,0.4032082595934601,0.0,6.911862569819228e-33,0.11647938089827072,1.4529657434412948,0.0,0.0,4.0,2.0,4.0,2.0,2.5215857452979518,1.0
92.0,0.75,-1.1741457644649338,-1.2199971571606651,-1.2213126859325083,-0.0007688995920086247,-0.003128757417609341,-0.09443653883816644,-1.2055900454433168,1.7260720208005754e-25,0.31071112496828257,0.43604121007865465,0.0,0.0,3.0,1.0,0.4167473882178646,0.0,1.0470417690965878e-32,0.11851257243136097,1.4783278085952567,0.0,0.0,4.0,2.0,4.0,2.0,2.5656009756997933,1.0
92.0,0.8,-1.1741457644649338,-1.2199971571606651,-1.2213126859325083,-0.0007688995920086247,-0.003128757417609341,-0.09443653883816644,-1.2055900454433168,1.3701079681476974e-24,0.3387225667751986,0.47535149542097166,0.0,0.0,3.0,1.0,0.45431828373839234,0.0,1.7262126034789305e-32,0.12100728581347224,1.509446905004929,0.0,0.0,4.0,2.0,4.0,2.0,2.6196073900061143,1.0
92.0,0.85,-1.1741457644649338,-1.2199971571606651,-1.2213126859325083,-0.0007688995920086247,-0.003128757417609341,-0.09443653883816644,-1.2055900454433168,4.216245423722325e-20,0.5210162400770657,0.7311761103405153,0.0,0.0,3.0,1.0,0.6988232471346946,0.0,5.0643754898838e-32,0.12655748540055026,1.5786801873858631,0.0,0.0,4.0,2.0,4.0,2.0,2.7397600217801226,1.0
92.0,0.9,-1.1741457644649338,-1.2199971571606651,-1.2213126859325083,-0.0007688995920086247,-0.003128757417609341,-0.09443653883816644,-1.2055900454433168,2.56529432572608e-17,0.6805500423925015,0.955060312160365,0.0,0.0,3.0,1.0,0.912801087336618,0.0,1.35350038968498e-31,0.13184895461259416,1.6446860627458022,0.0,1.0,4.0,2.0,6.0,3.0,2.8543115693061707,1.0
92.0,0.95,-1.1741457644649338,-1.2199971571606651,-1.2213126859325083,-0.0007688995920086247,-0.003128757417609341,-0.09443653883816644,-1.2055900454433168,7.908524521231296e-14,0.9511156470336457,1.3347626921940072,0.0,0.0,4.0,2.0,1.2757025093159386,0.0,2.410109155333566e-31,0.13505711065518985,1.6847046548224272,0.0,1.0,4.0,2.0,6.0,3.0,2.9237628359880046,1.0
93.0,0.4,0.07071254656990089,0.6966946000958625,0.006906693653181306,-0.005046249115448142,-0.004044502632714965,-0.06133771813709604,0.028175644625421215,6.679487716580895e-32,0.13926044197390994,0.23848307292125692,0.0,0.0,4.0,1.0,0.1176034607924345,1.0,5.339304634556269e-33,0.15783597011905914,1.1162382475165025,0.0,1.0,6.0,3.0,6.0,3.0,0.8717904931280048,1.0
93.0,0.45,0.07071254656990089,0.6966946000958625,0.006906693653181306,-0.005046249115448142,-0.004044502632714965,-0.06133771813709604,0.028175644625421215,1.6713750015647854e-30,0.1592544403721954,0.27272273287364407,0.0,0.0,5.0,2.0,0.1344881078134262,1.0,7.33629166944583e-33,0.15993946758645103,1.1311144783584695,0.0,1.0,6.0,3.0,6.0,3.0,0.8834089416540778,1.0
93.0,0.5,0.07071254656990089,0.6966946000958625,0.006906693653181306,-0.005046249115448142,-0.004044502632714965,-0.06133771813709604,0.028175644625421215,5.1828087801309816e-30,0.1669438226847535,0.28589077612248553,0.0,0.0,5.0,2.0,0.14098168171348885,1.0,1.1025432218563077e-32,0.16267741864052912,1.1504776544715236,0.0,1.0,6.0,3.0,6.0,3.0,0.898531728290068,1.0
93.0,0.55,0.07071254656990089,0.6966946000958625,0.006906693653181306,-0.005046249115448142,-0.004044502632714965,-0.06133771813709604,0.028175644625421215,4.98843156849919e-29,0.18346165424158836,0.31417751119121146,0.0,0.0,5.0,2.0,0.15493075532216077,1.0,1.6914039674696295e-32,0.1656041035702259,1.171175583178734,0.0,1.0,6.0,3.0,6.0,3.0,0.9146969667725636,1.0
93.0,0.6,0.07071254656990089,0.6966946000958625,0.006906693653181306,-0.005046249115448142,-0.004044502632714965,-0.06133771813709604,0.028175644625421215,1.4298227987657207e-27,0.21099244109125065,0.3613238978806753,0.0,0.0,5.0,2.0,0.17818011289971109,1.0,2.548948689615408e-32,0.16845833360214277,1.191361100627213,0.0,1.0,6.0,3.0,6.0,3.0,0.9304620081959394,1.0
93.0,0.65,0.07071254656990089,0.6966946000958625,0.006906693653181306,-0.005046249115448142,-0.004044502632714965,-0.06133771813709604,0.028175644625421215,8.160819034300192e-27,0.22687451318934412,0.3885218968574407,0.0,0.0,5.0,2.0,0.19159229669588698,1.0,3.730906162028154e-32,0.17115373659721902,1.2104233708645047,0.0,1.0,6.0,3.0,6.0,3.0,0.9453497850726779,1.0
93.0,0.7,0.07071254656990089,0.6966946000958625,0.006906693653181306,-0.005046249115448142,-0.004044502632714965,-0.06133771813709604,0.028175644625421215,5.0345422306127653e-26,0.2447438592078536,0.4191230962302371,0.0,0.0,5.0,2.0,0.20668270502783762,1.0,5.849785708628616e-32,0.174391355350999,1.2333202674408672,0.0,1.0,6.0,3.0,6.0,3.0,0.9632324340518003,1.0
93.0,0.75,0.07071254656990089,0.6966946000958625,0.006906693653181306,-0.005046249115448142,-0.004044502632714965,-0.06133771813709604,0.028175644625421215,1.1691980111815069e-25,0.253488818507076,0.434098811779385,0.0,0.0,5.0,2.0,0.21406769866637726,1.0,1.2118560491272622e-31,0.17976476908810038,1.271321807448248,0.0,1.0,6.0,3.0,6.0,3.0,0.9929119235123758,1.0
93.0,0.8,0.07071254656990089,0.6966946000958625,0.006906693653181306,-0.005046249115448142,-0.004044502632714965,-0.06133771813709604,0.028175644625421215,1.396190151228243e-24,0.28108402346694694,0.4813555142818433,0.0,0.0,5.0,2.0,0.23737145642096896,1.0,2.1812079763833984e-31,0.18422129588663996,1.3028389936755682,0.0,1.0,6.0,3.0,6.0,3.0,1.0175270837474382,1.0
93.0,0.85,0.07071254656990089,0.6966946000958625,0.006906693653181306,-0.005046249115448142,-0.004044502632714965,-0.06133771813709604,0.028175644625421215,1.9938640844359425e-23,0.31401528307133597,0.5377501937349912,0.0,0.0,5.0,2.0,0.26518143636097097,1.0,4.843902657962154e-31,0.19044837149008462,1.3468777508327525,0.0,1.0,6.0,3.0,6.0,3.0,1.0519216853517326,1.0
93.0,0.9,0.07071254656990089,0.6966946000958625,0.006906693653181306,-0.005046249115448142,-0.004044502632714965,-0.06133771813709604,0.028175644625421215,4.764522674894612e-22,0.3584106829397602,0.6137771776661015,0.0,0.0,5.0,2.0,0.302672719555152,1.0,8.218421093736463e-31,0.19468999666208303,1.3768751224397562,0.0,1.0,6.0,3.0,6.0,3.0,1.075349858901597,1.0
93.0,0.95,0.07071254656990089,0.6966946000958625,0.006906693653181306,-0.005046249115448142,-0.004044502632714965,-0.06133771813709604,0.028175644625421215,2.9744142653986825e-18,0.5158481353164056,0.8833883242594079,0.0,0.0,5.0,2.0,0.4356264068722322,1.0,1.673390313706982e-30,0.20054446201373538,1.4182787273299788,0.0,1.0,6.0,3.0,6.0,3.0,1.1076863867036428,1.0
94.0,0.4,0.0966800317948665,0.14981783402757068,0.14780844429643808,-0.00048527285132921163,-0.00046846948368640295,0.05110058709817139,0.13076597346258095,1.0938892687531414e-32,0.12851832867060287,0.19823665085773,0.0,0.0,4.0,2.0,0.12301573078830823,0.0,2.7035904546858983e-35,0.08152029198698961,0.796505590167322,1.0,1.0,4.0,2.0,6.0,3.0,0.9314915013279311,1.0
94.0,0.45,0.0966800317948665,0.14981783402757068,0.14780844429643808,-0.00048527285132921163,-0.00046846948368640295,0.05110058709817139,0.13076597346258095,3.5182032809323455e-32,0.13492876679427274,0.20812460845344463,0.0,0.0,4.0,2.0,0.12915170173201426,0.0,6.203393451845702e-35,0.08439066532683935,0.8245509805275826,1.0,1.0,4.0,2.0,6.0,3.0,0.96428981824435,1.0
94.0,0.5,0.0966800317948665,0.14981783402757068,0.14780844429643808,-0.00048527285132921163,-0.00046846948368640295,0.05110058709817139,0.13076597346258095,3.288800531093502e-31,0.14809864200377093,0.22843884674731962,0.0,0.0,4.0,2.0,0.1417576999584589,0.0,1.2719812207178872e-34,0.08695373032183114,0.8495937710612446,1.0,1.0,4.0,2.0,6.0,3.0,0.9935766767919982,1.0
94.0,0.55,0.0966800317948665,0.14981783402757068,0.14780844429643808,-0.00048527285132921163,-0.00046846948368640295,0.05110058709817139,0.13076597346258095,1.1635599546521883e-29,0.17182342733856118,0.2650337981113517,0.0,0.0,4.0,2.0,0.16446669279974643,0.0,2.0477208183478198e-34,0.08869608892290251,0.8666177332184333,1.0,1.0,4.0,2.0,6.0,3.0,1.0134857348878976,1.0
94.0,0.6,0.0966800317948665,0.14981783402757068,0.14780844429643808,-0.00048527285132921163,-0.00046846948368640295,0.05110058709817139,0.13076597346258095,1.3440306994049983e-28,0.19026470344805002,0.2934790545296601,0.0,0.0,4.0,2.0,0.1821183933839655,0.0,3.3290901204379907e-34,0.09051038665713187,0.8843445868927577,1.0,1.0,4.0,2.0,6.0,3.0,1.0342168053872878,1.0
94.0,0.65,0.0966800317948665,0.14981783402757068,0.14780844429643808,-0.00048527285132921163,-0.00046846948368640295,0.05110058709817139,0.13076597346258095,8.890051006482388e-27,0.22657510480021903,0.34948703743615167,0.0,0.0,4.0,2.0,0.2168741407062194,0.0,7.863123935223727e-34,0.0938104715267838,0.9165885347815103,1.0,1.0,4.0,2.0,6.0,3.0,1.0719252204924772,1.0
94.0,0.7,0.0966800317948665,0.14981783402757068,0.14780844429643808,-0.00048527285132921163,-0.00046846948368640295,0.05110058709817139,0.13076597346258095,1.3709724684985514e-25,0.2539319666735675,0.3916843857198335,0.0,0.0,4.0,2.0,0.24305970030877394,0.0,1.3399527270525712e-33,0.09591729378606963,0.937173540871502,1.0,1.0,4.0,2.0,6.0,3.0,1.0959988220645431,1.0
94.0,0.75,0.0966800317948665,0.14981783402757068,0.14780844429643808,-0.00048527285132921163,-0.00046846948368640295,0.05110058709817139,0.13076597346258095,1.4108117602448023e-24,0.27983523063714827,0.4316395917012707,0.0,0.0,4.0,2.0,0.26785389876469595,1.0,2.3657202159607073e-33,0.09821624580426987,0.9596357780567563,1.0,1.0,4.0,2.0,6.0,3.0,1.1222677940556645,1.0
94.0,0.8,0.0966800317948665,0.14981783402757068,0.14780844429643808,-0.00048527285132921163,-0.00046846948368640295,0.05110058709817139,0.13076597346258095,1.391990527288914e-23,0.3078406901503474,0.4748373873546642,0.0,0.0,4.0,2.0,0.29466028586694754,1.0,4.362184295802181e-33,0.10075250573522522,0.9844166659054618,1.0,1.0,4.0,2.0,6.0,3.0,1.1512483645769338,1.0
94.0,0.85,0.0966800317948665,0.14981783402757068,0.14780844429643808,-0.00048527285132921163,-0.00046846948368640295,0.05110058709817139,0.13076597346258095,1.711261562645866e-22,0.34176639871827164,0.5271670349158142,0.0,0.0,4.0,2.0,0.3271334426155926,1.0,6.750246843387912e-33,0.10260216096201656,1.0024889849822465,1.0,1.0,4.0,2.0,6.0,3.0,1.1723834474151789,1.0
94.0,0.9,0.0966800317948665,0.14981783402757068,0.14780844429643808,-0.00048527285132921163,-0.00046846948368640295,0.05110058709817139,0.13076597346258095,6.197510755270281e-22,0.3605926742359232,0.5562061443202754,1.0,1.0,6.0,3.0,0.34515365860176334,1.0,1.6542633397601348e-32,0.1065066477695442,1.0406383278406681,1.0,1.0,4.0,2.0,6.0,3.0,1.2169980604104242,1.0
94.0,0.95,0.0966800317948665,0.14981783402757068,0.14780844429643808,-0.00048527285132921163,-0.00046846948368640295,0.05110058709817139,0.13076597346258095,1.893110487603778e-18,0.5037598033254724,0.777038242568067,1.0,1.0,6.0,3.0,0.48219099165761625,1.0,1.4677670689710903e-31,0.1166484313740118,1.1397300648589181,1.0,1.0,4.0,2.0,6.0,3.0,1.3328831364523046,1.0
95.0,0.4,1.6409348140099387,0.41673699162639716,0.57409547087435,-0.0028780394238336147,-0.00026152639310661723,0.22040325207506822,0.9297089185862129,9.181398782629401e-32,0.20197131583003605,0.3392301243105136,0.0,0.0,2.0,0.0,0.5579334833377593,0.0,1.1554710839155404e-32,0.219477991887415,1.6564147740947859,1.0,1.0,4.0,2.0,6.0,3.0,4.574442535928088,1.0
95.0,0.45,1.6409348140099387,0.41673699162639716,0.57409547087435,-0.0028780394238336147,-0.00026152639310661723,0.22040325207506822,0.9297089185862129,7.972462562855972e-31,0.22100470173528186,0.37119851467402437,0.0,0.0,2.0,0.0,0.6105120549739518,0.0,1.628174465665758e-32,0.2226367679799315,1.6802542640714655,1.0,1.0,4.0,2.0,6.0,3.0,4.640278930706533,1.0
95.0,0.5,1.6409348140099387,0.41673699162639716,0.57409547087435,-0.0028780394238336147,-0.00026152639310661723,0.22040325207506822,0.9297089185862129,1.3468692654461686e-29,0.24863201684568106,0.41760123033070334,0.0,0.0,2.0,0.0,0.6868308336652111,0.0,2.5199926603969103e-32,0.2267258224938063,1.7111146261998722,1.0,1.0,4.0,2.0,6.0,3.0,4.725504536878439,1.0
95.0,0.55,1.6409348140099387,0.41673699162639716,0.57409547087435,-0.0028780394238336147,-0.00026152639310661723,0.22040325207506822,0.9297089185862129,7.105433691387813e-29,0.26647190951584565,0.4475650347616202,0.0,0.0,2.0,0.0,0.7361124527848923,0.0,4.109560414239456e-32,0.23139332317881006,1.746340559452914,1.0,1.0,4.0,2.0,6.0,3.0,4.8227863348680415,1.0
95.0,0.6,1.6409348140099387,0.41673699162639716,0.57409547087435,-0.0028780394238336147,-0.00026152639310661723,0.22040325207506822,0.9297089185862129,3.237354354275843e-28,0.2838527369146825,0.4767577952033491,0.0,0.0,2.0,0.0,0.7841259319963957,0.0,5.439942985439964e-32,0.23411313505926717,1.7668671577820017,1.0,1.0,4.0,2.0,6.0,3.0,4.879473673077639,1.0
95.0,0.65,1.6409348140099387,0.41673699162639716,0.57409547087435,-0.0028780394238336147,-0.00026152639310661723,0.22040325207506822,0.9297089185862129,5.258904785291317e-27,0.31881528201652637,0.5354807305487383,0.0,0.0,2.0,0.0,0.8807078376737378,0.0,7.144896483658772e-32,0.23678772254556674,1.787052444647521,1.0,1.0,4.0,2.0,6.0,3.0,4.935218427520565,1.0
95.0,0.7,1.6409348140099387,0.41673699162639716,0.57409547087435,-0.0028780394238336147,-0.00026152639310661723,0.22040325207506822,0.9297089185862129,1.4486333330716418e-25,0.36605113898728037,0.6148178659545748,0.0,0.0,2.0,0.0,1.0111940213668464,0.0,1.0481679593949828e-31,0.24059908399463692,1.8158170390351607,1.0,1.0,4.0,2.0,6.0,3.0,5.014656250796102,1.0
95.0,0.75,1.6409348140099387,0.41673699162639716,0.57409547087435,-0.0028780394238336147,-0.00026152639310661723,0.22040325207506822,0.9297089185862129,7.858263499086777e-25,0.3927719219930493,0.65969797431783,0.0,0.0,2.0,0.0,1.085008560221794,0.0,2.09285838000963e-31,0.2476320443105196,1.8688952509901264,1.0,1.0,5.0,3.0,6.0,3.0,5.1612398446489705,1.0
95.0,0.8,1.6409348140099387,0.41673699162639716,0.57409547087435,-0.0028780394238336147,-0.00026152639310661723,0.22040325207506822,0.9297089185862129,2.2619898503294063e-23,0.45179241623099964,0.7588285340952217,0.0,0.0,2.0,0.0,1.248049088047076,0.0,3.921087861602964e-31,0.25419555782948744,1.9184305172338876,1.0,1.0,5.0,3.0,6.0,3.0,5.29803905247892,1.0
95.0,0.85,1.6409348140099387,0.41673699162639716,0.57409547087435,-0.0028780394238336147,-0.00026152639310661723,0.22040325207506822,0.9297089185862129,5.278286425505042e-21,0.5670295591294237,0.9523803270811011,0.0,0.0,3.0,1.0,1.5663846907190637,0.0,6.97531499792883e-31,0.26037013939494125,1.9650304885609327,1.0,1.0,5.0,3.0,6.0,3.0,5.426731994817566,1.0
95.0,0.9,1.6409348140099387,0.41673699162639716,0.57409547087435,-0.0028780394238336147,-0.00026152639310661723,0.22040325207506822,0.9297089185862129,1.3665941390495636e-19,0.649361905719617,1.0906653704487004,0.0,0.0,5.0,2.0,1.7938227936776767,0.0,1.4006236733381797e-30,0.2680439919259111,2.022945556022656,1.0,1.0,5.0,3.0,6.0,3.0,5.586673304332165,1.0
95.0,0.95,1.6409348140099387,0.41673699162639716,0.57409547087435,-0.0028780394238336147,-0.00026152639310661723,0.22040325207506822,0.9297089185862129,1.5277371637919328e-17,0.7903822640447767,1.3275225374595556,0.0,0.0,5.0,2.0,2.183382961756725,1.0,6.474134647202404e-30,0.28569891312528617,2.15618840218978,1.0,1.0,5.0,3.0,6.0,3.0,5.9546437865129365,1.0
96.0,0.4,2.549689092771362,0.1599795256475186,0.15625938239978818,-0.0014209441771511836,0.0011992023927117077,0.07263510349763014,0.9540696191903129,1.041128690276016e-35,0.10553465456100071,0.19131543963371578,0.0,0.0,2.0,0.0,0.360206663578505,0.0,4.87336474534083e-35,0.10190193731443294,1.0819478355139602,0.0,1.0,4.0,2.0,6.0,3.0,3.5787129638260766,1.0
96.0,0.45,2.549689092771362,0.1599795256475186,0.15625938239978818,-0.0014209441771511836,0.0011992023927117077,0.07263510349763014,0.9540696191903129,1.3340190037019722e-33,0.12918561578265206,0.23419039916906717,0.0,0.0,2.0,0.0,0.4409311788338365,0.0,8.434164565099706e-35,0.10425766372871989,1.1069598535596648,0.0,1.0,4.0,2.0,6.0,3.0,3.6614441550106256,1.0
96.0,0.5,2.549689092771362,0.1599795256475186,0.15625938239978818,-0.0014209441771511836,0.0011992023927117077,0.07263510349763014,0.9540696191903129,2.1888570706626346e-32,0.14515816433338088,0.2631457708501984,0.0,0.0,2.0,0.0,0.4954480429505249,0.0,1.381775079522129e-34,0.10642437923287495,1.1299650408178965,0.0,1.0,4.0,2.0,6.0,3.0,3.7375374371208205,1.0
96.0,0.55,2.549689092771362,0.1599795256475186,0.15625938239978818,-0.0014209441771511836,0.0011992023927117077,0.07263510349763014,0.9540696191903129,3.5604468453081587e-31,0.1630466061998499,0.2955743141972324,0.0,0.0,2.0,0.0,0.5565041575333831,0.0,2.0664085785134704e-34,0.10822399893779311,1.1490725739600427,0.0,1.0,4.0,2.0,6.0,3.0,3.8007386140334325,1.0
96.0,0.6,2.549689092771362,0.1599795256475186,0.15625938239978818,-0.0014209441771511836,0.0011992023927117077,0.07263510349763014,0.9540696191903129,6.547405382477477e-30,0.18407803102654763,0.3337005231053917,0.0,0.0,2.0,0.0,0.6282877758968478,0.0,3.041846304444064e-34,0.10998166461025427,1.1677346585091186,1.0,1.0,4.0,2.0,6.0,3.0,3.862466399528811,1.0
96.0,0.65,2.549689092771362,0.1599795256475186,0.15625938239978818,-0.0014209441771511836,0.0011992023927117077,0.07263510349763014,0.9540696191903129,3.58649756264153e-29,0.19759548407786925,0.35820524607055665,0.0,0.0,3.0,1.0,0.6744250062118552,0.0,3.651810679443336e-34,0.11082236477376417,1.1766608256281896,1.0,1.0,4.0,2.0,6.0,3.0,3.8919911038978756,1.0
96.0,0.7,2.549689092771362,0.1599795256475186,0.15625938239978818,-0.0014209441771511836,0.0011992023927117077,0.07263510349763014,0.9540696191903129,2.1493250115418866e-27,0.23433922871666,0.4248150785336553,0.0,0.0,3.0,1.0,0.7998372863654721,0.0,5.2762674589154045e-34,0.11253471599497114,1.1948417822051771,1.0,1.0,4.0,2.0,6.0,3.0,3.952127482807416,1.0
96.0,0.75,2.549689092771362,0.1599795256475186,0.15625938239978818,-0.0014209441771511836,0.0011992023927117077,0.07263510349763014,0.9540696191903129,5.805910207314052e-26,0.26883986715082525,0.4873585609293929,0.0,0.0,3.0,1.0,0.9175934861028369,0.0,9.600868060987811e-34,0.11537698167158895,1.225019650043777,1.0,1.0,4.0,2.0,6.0,3.0,4.0519455362381755,1.0
96.0,0.8,2.549689092771362,0.1599795256475186,0.15625938239978818,-0.0014209441771511836,0.0011992023927117077,0.07263510349763014,0.9540696191903129,2.5161025159506765e-25,0.28577841476270255,0.5180651160093624,0.0,0.0,3.0,1.0,0.9754074595935379,0.0,1.5031350254498006e-33,0.11755230579625592,1.24811623966957,1.0,1.0,4.0,2.0,6.0,3.0,4.12834114608265,1.0
96.0,0.85,2.549689092771362,0.1599795256475186,0.15625938239978818,-0.0014209441771511836,0.0011992023927117077,0.07263510349763014,0.9540696191903129,1.7803242307721507e-23,0.34127400171758626,0.6186686822992183,0.0,0.0,3.0,1.0,1.1648227782251537,0.0,2.199923005013072e-33,0.11943269002954372,1.2680812933747085,1.0,1.0,4.0,2.0,6.0,3.0,4.194378707389033,1.0
96.0,0.9,2.549689092771362,0.1599795256475186,0.15625938239978818,-0.0014209441771511836,0.0011992023927117077,0.07263510349763014,0.9540696191903129,5.898021470677385e-22,0.3948618478286137,0.7158138558955294,0.0,0.0,3.0,1.0,1.347726672081691,0.0,5.089963270274246e-33,0.1236809121443159,1.3131869591058474,1.0,1.0,4.0,2.0,6.0,3.0,4.343572804734168,1.0
96.0,0.95,2.549689092771362,0.1599795256475186,0.15625938239978818,-0.0014209441771511836,0.0011992023927117077,0.07263510349763014,0.9540696191903129,5.419482820168167e-18,0.5775381169172242,1.0469732355013397,1.0,1.0,6.0,3.0,1.9712300101756572,1.0,9.223999812332675e-33,0.1267830531311695,1.3461240632928748,1.0,1.0,4.0,2.0,6.0,3.0,4.452517467199354,1.0
97.0,0.4,-0.3223700147982633,0.8677716964915589,-0.0039107502646275605,-0.0050171598803684155,-0.0035489497967567418,0.028172610518518548,-0.11006350510917273,9.272079828259282e-32,0.13316047685555477,0.22431451267119648,0.0,0.0,4.0,1.0,0.11257618043360508,0.0,1.668406035833481e-33,0.15679835315427681,1.0704338106337643,0.0,1.0,6.0,3.0,6.0,3.0,0.8301443352631508,1.0
97.0,0.45,-0.3223700147982633,0.8677716964915589,-0.0039107502646275605,-0.0050171598803684155,-0.0035489497967567418,0.028172610518518548,-0.11006350510917273,3.7778736426278494e-31,0.14118707343436887,0.23783565755218117,0.0,0.0,4.0,1.0,0.11936200462154718,0.0,2.694430084927859e-33,0.15996134443355273,1.0920269762504042,0.0,1.0,6.0,3.0,6.0,3.0,0.8468902974506112,1.0
97.0,0.5,-0.3223700147982633,0.8677716964915589,-0.0039107502646275605,-0.0050171598803684155,-0.0035489497967567418,0.028172610518518548,-0.11006350510917273,1.1789789429256121e-30,0.14804339818476825,0.24938542953722456,0.0,0.0,4.0,1.0,0.12515846067546793,0.0,5.4315936595976134e-33,0.16470276636211342,1.124395800544228,0.0,1.0,6.0,3.0,6.0,3.0,0.8719930136201776,1.0
97.0,0.55,-0.3223700147982633,0.8677716964915589,-0.0039107502646275605,-0.0050171598803684155,-0.0035489497967567418,0.028172610518518548,-0.11006350510917273,4.976109699835816e-30,0.1571978883074144,0.2648065592831188,0.0,0.0,4.0,1.0,0.13289782565943822,0.0,7.229221286920748e-33,0.166676512164574,1.1378702038019681,0.0,1.0,6.0,3.0,6.0,3.0,0.8824427017973865,1.0
97.0,0.6,-0.3223700147982633,0.8677716964915589,-0.0039107502646275605,-0.0050171598803684155,-0.0035489497967567418,0.028172610518518548,-0.11006350510917273,3.5325330031173335e-29,0.1705741514435207,0.2873394460494536,0.0,0.0,4.0,1.0,0.14420635089077347,0.0,9.937825458449176e-33,0.1689011983344289,1.1530577312622785,0.0,1.0,6.0,3.0,6.0,3.0,0.8942209544670824,1.0
97.0,0.65,-0.3223700147982633,0.8677716964915589,-0.0039107502646275605,-0.0050171598803684155,-0.0035489497967567418,0.028172610518518548,-0.11006350510917273,9.00053509004849e-28,0.19521093444589674,0.32884115964694033,0.0,0.0,4.0,1.0,0.16503471523785837,0.0,1.4471084356797857e-32,0.17156675433515678,1.171254996794203,0.0,1.0,6.0,3.0,6.0,3.0,0.9083333234417345,1.0
97.0,0.7,-0.3223700147982633,0.8677716964915589,-0.0039107502646275605,-0.0050171598803684155,-0.0035489497967567418,0.028172610518518548,-0.11006350510917273,1.0008339835679433e-26,0.21581984607040278,0.36355775181376987,0.0,0.0,4.0,1.0,0.182457847148818,0.0,2.3261146886819074e-32,0.1749934879215731,1.1946486831253673,0.0,1.0,6.0,3.0,6.0,3.0,0.9264756279876281,1.0
97.0,0.75,-0.3223700147982633,0.8677716964915589,-0.0039107502646275605,-0.0050171598803684155,-0.0035489497967567418,0.028172610518518548,-0.11006350510917273,7.992718040178141e-26,0.23533610639286937,0.3964337261777478,0.0,0.0,4.0,1.0,0.19895723266719867,0.0,4.709117855184199e-32,0.18021242842297724,1.2302774397800513,0.0,1.0,6.0,3.0,6.0,3.0,0.9541064914894481,1.0
97.0,0.8,-0.3223700147982633,0.8677716964915589,-0.0039107502646275605,-0.0050171598803684155,-0.0035489497967567418,0.028172610518518548,-0.11006350510917273,8.063232288868677e-23,0.31394061794014727,0.5288463843316492,0.0,0.0,5.0,2.0,0.26541085226816075,1.0,7.394310191872998e-32,0.18363254787697128,1.253625972633323,0.0,1.0,6.0,3.0,6.0,3.0,0.9722137785466216,1.0
97.0,0.85,-0.3223700147982633,0.8677716964915589,-0.0039107502646275605,-0.0050171598803684155,-0.0035489497967567418,0.028172610518518548,-0.11006350510917273,1.8859888744890384e-22,0.32525483179603,0.547905660982431,0.0,0.0,5.0,2.0,0.2749760852155157,1.0,1.72538473585542e-31,0.19023153193733894,1.2986760354174687,0.0,1.0,6.0,3.0,6.0,3.0,1.0071510666367327,1.0
97.0,0.9,-0.3223700147982633,0.8677716964915589,-0.0039107502646275605,-0.0050171598803684155,-0.0035489497967567418,0.028172610518518548,-0.11006350510917273,1.9683331816979122e-21,0.3586441370181421,0.6041513722188989,0.0,0.0,5.0,2.0,0.30320398389835523,1.0,2.844559510676221e-31,0.19423592134886952,1.3260132728999865,0.0,1.0,6.0,3.0,6.0,3.0,1.0283516795213532,1.0
97.0,0.95,-0.3223700147982633,0.8677716964915589,-0.0039107502646275605,-0.0050171598803684155,-0.0035489497967567418,0.028172610518518548,-0.11006350510917273,1.3553230479270157e-18,0.47088126444941897,0.7932196088148962,0.0,0.0,5.0,2.0,0.39809120124257485,1.0,1.042866368920044e-30,0.20503993314829988,1.399770294500956,0.0,1.0,6.0,3.0,6.0,3.0,1.0855518287129002,1.0
98.0,0.4,-0.20367690545904082,1.365972063808334,1.1114630323382995,-0.005607029373967204,0.0003117055432324246,-0.6070201197254708,0.6730833864058527,6.53935677849278e-29,0.2723323508608475,0.4624828632600066,0.0,0.0,2.0,0.0,0.315970816403838,0.0,1.005805788470608e-30,0.27733604459263306,2.0723081391989417,0.0,1.0,4.0,2.0,6.0,3.0,2.2387970937223165,1.0
98.0,0.45,-0.20367690545904082,1.365972063808334,1.1114630323382995,-0.005607029373967204,0.0003117055432324246,-0.6070201197254708,0.6730833864058527,5.282190701520545e-28,0.29709991567430566,0.5045438753090629,0.0,0.0,2.0,0.0,0.34470712940413256,0.0,2.128741023154373e-30,0.28613655654065107,2.138067253077498,0.0,1.0,4.0,2.0,6.0,3.0,2.309839285881044,1.0
98.0,0.5,-0.20367690545904082,1.365972063808334,1.1114630323382995,-0.005607029373967204,0.0003117055432324246,-0.6070201197254708,0.6730833864058527,2.827161982634234e-27,0.318609133054019,0.5410714652513043,0.0,0.0,2.0,0.0,0.36966297821971555,0.0,3.397190070630906e-30,0.2917638999212674,2.180115842567002,0.0,1.0,4.0,2.0,6.0,3.0,2.3552660533407406,1.0
98.0,0.55,-0.20367690545904082,1.365972063808334,1.1114630323382995,-0.005607029373967204,0.0003117055432324246,-0.6070201197254708,0.6730833864058527,1.2204341228570662e-26,0.33862839558203267,0.5750687697398935,0.0,0.0,2.0,0.0,0.3928901222031029,0.0,4.9221439040530204e-30,0.29630659963062317,2.2140597664282593,0.0,1.0,4.0,2.0,6.0,3.0,2.391937027436074,1.0
98.0,0.6,-0.20367690545904082,1.365972063808334,1.1114630323382995,-0.005607029373967204,0.0003117055432324246,-0.6070201197254708,0.6730833864058527,2.8182134117949896e-25,0.3859527919373928,0.6554364611261503,0.0,0.0,3.0,1.0,0.4477977676038598,0.0,7.207162043261713e-30,0.3010521550853457,2.2495194673419525,1.0,1.0,4.0,2.0,6.0,3.0,2.4302455559064233,1.0
98.0,0.65,-0.20367690545904082,1.365972063808334,1.1114630323382995,-0.005607029373967204,0.0003117055432324246,-0.6070201197254708,0.6730833864058527,1.213191714615551e-23,0.4514562486456925,0.7666763711703362,0.0,0.0,3.0,1.0,0.5237974812918251,0.0,1.1581142451209224e-29,0.3070609130688106,2.294418059928074,1.0,1.0,4.0,2.0,6.0,3.0,2.4787512953245416,1.0
98.0,0.7,-0.20367690545904082,1.365972063808334,1.1114630323382995,-0.005607029373967204,0.0003117055432324246,-0.6070201197254708,0.6730833864058527,4.221926229299879e-23,0.4755339761592759,0.8075658810874528,0.0,0.0,3.0,1.0,0.5517334176415373,0.0,1.767238616962542e-29,0.3125159553110928,2.335179182251572,1.0,1.0,4.0,2.0,6.0,3.0,2.522787160680927,1.0
98.0,0.75,-0.20367690545904082,1.365972063808334,1.1114630323382995,-0.005607029373967204,0.0003117055432324246,-0.6070201197254708,0.6730833864058527,6.04413118949622e-22,0.531301269697723,0.9022715505034993,0.0,0.0,3.0,1.0,0.6164368478887179,0.0,2.546832328031243e-29,0.3173108408511284,2.3710074870279607,1.0,1.0,4.0,2.0,6.0,3.0,2.561493906598252,1.0
98.0,0.8,-0.20367690545904082,1.365972063808334,1.1114630323382995,-0.005607029373967204,0.0003117055432324246,-0.6070201197254708,0.6730833864058527,4.012079941505364e-21,0.5749000429603159,0.9763122784205832,0.0,0.0,3.0,1.0,0.6670218773148634,0.0,4.528726253014597e-29,0.3250128745286482,2.4285585604982454,1.0,1.0,4.0,2.0,6.0,3.0,2.623668625496802,1.0
98.0,0.85,-0.20367690545904082,1.365972063808334,1.1114630323382995,-0.005607029373967204,0.0003117055432324246,-0.6070201197254708,0.6730833864058527,1.4417034251052183e-19,0.6674290504404166,1.133447779137754,0.0,0.0,4.0,2.0,0.7743777090480646,0.0,1.0811540862065998e-28,0.33701317422454435,2.518227102389943,1.0,1.0,4.0,2.0,6.0,3.0,2.720541125868805,1.0
98.0,0.9,-0.20367690545904082,1.365972063808334,1.1114630323382995,-0.005607029373967204,0.0003117055432324246,-0.6070201197254708,0.6730833864058527,1.151262352525691e-18,0.7277812646659346,1.2359396966454206,0.0,0.0,4.0,2.0,0.8444007464886665,0.0,1.4186119190084756e-28,0.34084940904025035,2.5468921850125175,1.0,1.0,4.0,2.0,6.0,3.0,2.7515091573371047,1.0
98.0,0.95,-0.20367690545904082,1.365972063808334,1.1114630323382995,-0.005607029373967204,0.0003117055432324246,-0.6070201197254708,0.6730833864058527,5.685901887842233e-16,0.9423999377432363,1.6004114831228593,0.0,0.0,4.0,2.0,1.0934098602916522,0.0,2.5211365577828655e-28,0.34911465292282273,2.6086516732012157,1.0,1.0,4.0,2.0,6.0,3.0,2.8182303944211253,1.0
99.0,0.4,-0.3334407873403258,0.15033187134593073,0.1388215062354238,0.0001949092772122365,0.00044833786082451685,0.12780986921054616,-0.018598924956492624,1.2674332129348473e-37,0.08509949334646574,0.11988525924926771,0.0,0.0,2.0,0.0,0.1063353079804606,1.0,1.9827787369517968e-34,0.0952115680176363,0.8623263388779333,1.0,1.0,4.0,2.0,6.0,3.0,1.326815007176856,1.0
99.0,0.45,-0.3334407873403258,0.15033187134593073,0.1388215062354238,0.0001949092772122365,0.00044833786082451685,0.12780986921054616,-0.018598924956492624,8.613417334128823e-36,0.10145436603028136,0.14292544520790043,0.0,0.0,2.0,0.0,0.12677139232627865,1.0,2.5811440544704707e-34,0.09626360768860223,0.8718546087794475,1.0,1.0,4.0,2.0,6.0,3.0,1.3414756419363258,1.0
99.0,0.5,-0.3334407873403258,0.15033187134593073,0.1388215062354238,0.0001949092772122365,0.00044833786082451685,0.12780986921054616,-0.018598924956492624,1.1376076396709574e-33,0.12434780309155041,0.17517693730577935,0.0,0.0,2.0,0.0,0.15537768109383027,1.0,4.508895225928597e-34,0.09852721633718418,0.8923559974155694,1.0,1.0,4.0,2.0,6.0,3.0,1.3730200223918345,1.0
99.0,0.55,-0.3334407873403258,0.15033187134593073,0.1388215062354238,0.0001949092772122365,0.00044833786082451685,0.12780986921054616,-0.018598924956492624,4.0713141861489053e-32,0.14433689941789418,0.20333689338784247,0.0,0.0,2.0,0.0,0.18035487696806554,1.0,9.190307603890262e-34,0.10149439106792475,0.9192295483468665,1.0,1.0,4.0,2.0,6.0,3.0,1.4143689051340365,1.0
99.0,0.6,-0.3334407873403258,0.15033187134593073,0.1388215062354238,0.0001949092772122365,0.00044833786082451685,0.12780986921054616,-0.018598924956492624,3.405119487537183e-29,0.1910486372183924,0.2691427939400005,0.0,0.0,2.0,0.0,0.23872310960954454,1.0,1.4886635214874808e-33,0.10355469957828618,0.937889657950039,1.0,1.0,4.0,2.0,6.0,3.0,1.4430802088955228,1.0
99.0,0.65,-0.3334407873403258,0.15033187134593073,0.1388215062354238,0.0001949092772122365,0.00044833786082451685,0.12780986921054616,-0.018598924956492624,6.699622428199696e-28,0.21630033544617763,0.3047165238116604,0.0,0.0,3.0,0.0,0.27027614244781467,1.0,2.1378054784032797e-33,0.10512805545445124,0.9521394622615718,1.0,1.0,4.0,2.0,6.0,3.0,1.4650056138813847,1.0
99.0,0.7,-0.3334407873403258,0.15033187134593073,0.1388215062354238,0.0001949092772122365,0.00044833786082451685,0.12780986921054616,-0.018598924956492624,1.8147578883175252e-27,0.2254702301642708,0.31763475824921894,0.0,0.0,3.0,0.0,0.28173430207547523,1.0,3.136717086610319e-33,0.10682094849397651,0.967471908594305,1.0,1.0,4.0,2.0,6.0,3.0,1.488596821726753,1.0
99.0,0.75,-0.3334407873403258,0.15033187134593073,0.1388215062354238,0.0001949092772122365,0.00044833786082451685,0.12780986921054616,-0.018598924956492624,1.602875082081699e-26,0.24689326853659382,0.34781480290255906,0.0,0.0,4.0,1.0,0.3085032673608931,1.0,4.562946326339056e-33,0.10850219240077776,0.9826988493232319,1.0,1.0,4.0,2.0,6.0,3.0,1.512025693792544,1.0
99.0,0.8,-0.3334407873403258,0.15033187134593073,0.1388215062354238,0.0001949092772122365,0.00044833786082451685,0.12780986921054616,-0.018598924956492624,1.818209268072579e-24,0.3006931886015969,0.4236062924984326,0.0,0.0,5.0,2.0,0.37572847452099956,1.0,7.078662386938427e-33,0.1105056771802007,1.0008443092794992,1.0,1.0,4.0,2.0,6.0,3.0,1.5399451339124282,1.0
99.0,0.85,-0.3334407873403258,0.15033187134593073,0.1388215062354238,0.0001949092772122365,0.00044833786082451685,0.12780986921054616,-0.018598924956492624,6.344782741395165e-22,0.3837712712808196,0.5406438574505671,1.0,1.0,6.0,3.0,0.4795379469482313,1.0,1.38786066688611e-32,0.11364954502849492,1.0293181608080595,1.0,1.0,4.0,2.0,6.0,3.0,1.5837563128326713,1.0
99.0,0.9,-0.3334407873403258,0.15033187134593073,0.1388215062354238,0.0001949092772122365,0.00044833786082451685,0.12780986921054616,-0.018598924956492624,5.1949818501398104e-20,0.4610921877633484,0.6495709233281446,1.0,1.0,6.0,3.0,0.5761536040359552,1.0,3.571228988478271e-32,0.11821448495421981,1.0706625900124909,1.0,1.0,4.0,2.0,6.0,3.0,1.6473707551364765,1.0
99.0,0.95,-0.3334407873403258,0.15033187134593073,0.1388215062354238,0.0001949092772122365,0.00044833786082451685,0.12780986921054616,-0.018598924956492624,2.6869964368950844e-18,0.5434895833863151,0.7656495596075235,1.0,1.0,6.0,3.0,0.6791125300625094,1.0,1.2975074566641224e-31,0.12474300484188583,1.129791063266707,1.0,1.0,4.0,2.0,6.0,3.0,1.7383485464065807,1.0
100.0,0.4,-0.26099996436743367,1.338008238145874,-0.004468626129780162,0.0041359709190918114,0.0066333054054040705,0.21697865479387848,-0.08997873887566454,1.2464691645620553e-34,0.11510602834461495,0.21278300619277757,0.0,0.0,3.0,0.0,0.09105133922086504,0.0,8.76801797882867e-32,0.19928048795279388,1.4119689437976992,0.0,1.0,6.0,3.0,6.0,3.0,0.9175230596280891,1.0
100.0,0.45,-0.26099996436743367,1.338008238145874,-0.004468626129780162,0.0041359709190918114,0.0066333054054040705,0.21697865479387848,-0.08997873887566454,7.675532654123709e-33,0.1366650695852585,0.2526366756468574,0.0,0.0,3.0,0.0,0.10810500361628239,0.0,1.4504869501810005e-31,0.20350431756609494,1.4418961900581906,0.0,1.0,6.0,3.0,6.0,3.0,0.9369703276971119,1.0
100.0,0.5,-0.26099996436743367,1.338008238145874,-0.004468626129780162,0.0041359709190918114,0.0066333054054040705,0.21697865479387848,-0.08997873887566454,5.385832428745712e-31,0.16314741859539167,0.30159148639362277,0.0,0.0,3.0,0.0,0.12905311013827914,0.0,2.050180169964097e-31,0.20645966554519818,1.4628358194593263,0.0,1.0,6.0,3.0,6.0,3.0,0.9505772791247636,1.0
100.0,0.55,-0.26099996436743367,1.338008238145874,-0.004468626129780162,0.0041359709190918114,0.0066333054054040705,0.21697865479387848,-0.08997873887566454,3.320720896663052e-30,0.17599325377598218,0.32533807435337386,0.0,0.0,3.0,0.0,0.1392144415074888,0.0,3.0540599221183676e-31,0.20991676087481556,1.4873304967421528,0.0,1.0,6.0,3.0,6.0,3.0,0.9664943652220639,1.0
100.0,0.6,-0.26099996436743367,1.338008238145874,-0.004468626129780162,0.0041359709190918114,0.0066333054054040705,0.21697865479387848,-0.08997873887566454,2.1720595393220293e-29,0.19031849449360594,0.35181946571200257,0.0,0.0,3.0,0.0,0.15054601441256615,0.0,4.669974442995443e-31,0.21366431226894433,1.513883152439428,0.0,1.0,6.0,3.0,6.0,3.0,0.9837487630639088,1.0
100.0,0.65,-0.26099996436743367,1.338008238145874,-0.004468626129780162,0.0041359709190918114,0.0066333054054040705,0.21697865479387848,-0.08997873887566454,1.446548683612309e-26,0.24953140711471272,0.461279428271286,0.0,0.0,3.0,0.0,0.19738469932643118,1.0,8.541749689435735e-31,0.21910805144345916,1.552453866168163,0.0,1.0,6.0,3.0,6.0,3.0,1.0088127132505484,1.0
100.0,0.7,-0.26099996436743367,1.338008238145874,-0.004468626129780162,0.0041359709190918114,0.0066333054054040705,0.21697865479387848,-0.08997873887566454,5.017487171163691e-25,0.2892665835491365,0.5347331857756613,0.0,0.0,4.0,1.0,0.22881607681866745,1.0,1.2820186315538458e-30,0.2228466700902283,1.5789432303611668,0.0,1.0,6.0,3.0,6.0,3.0,1.0260259831236076,1.0
100.0,0.75,-0.26099996436743367,1.338008238145874,-0.004468626129780162,0.0041359709190918114,0.0066333054054040705,0.21697865479387848,-0.08997873887566454,4.044044167207302e-24,0.31554550679378063,0.5833119471830455,0.0,0.0,4.0,1.0,0.24960326919354112,1.0,1.866824466108786e-30,0.22636356765342178,1.6038616264809282,0.0,1.0,6.0,3.0,6.0,3.0,1.0422184094154592,1.0
100.0,0.8,-0.26099996436743367,1.338008238145874,-0.004468626129780162,0.0041359709190918114,0.0066333054054040705,0.21697865479387848,-0.08997873887566454,3.685953695245514e-22,0.380818101084106,0.7039737321029031,0.0,0.0,4.0,1.0,0.3012352923814245,1.0,3.289553287061331e-30,0.23177037504082842,1.6421706661392543,0.0,1.0,6.0,3.0,6.0,3.0,1.0671123190394078,1.0
100.0,0.85,-0.26099996436743367,1.338008238145874,-0.004468626129780162,0.0041359709190918114,0.0066333054054040705,0.21697865479387848,-0.08997873887566454,2.850690648306206e-20,0.45645810765244116,0.843800535420844,0.0,0.0,4.0,1.0,0.36106816122216534,1.0,5.563269339973083e-30,0.23690049701947366,1.6785192970872922,0.0,1.0,6.0,3.0,6.0,3.0,1.0907323194843423,1.0
100.0,0.9,-0.26099996436743367,1.338008238145874,-0.004468626129780162,0.0041359709190918114,0.0066333054054040705,0.21697865479387848,-0.08997873887566454,1.7432059374100472e-19,0.49222938212818534,0.9099266925627424,0.0,0.0,4.0,1.0,0.38936400717823016,1.0,1.1776437098383e-29,0.24441965765728638,1.7317950663965913,0.0,1.0,6.0,3.0,6.0,3.0,1.1253518818163817,1.0
100.0,0.95,-0.26099996436743367,1.338008238145874,-0.004468626129780162,0.0041359709190918114,0.0066333054054040705,0.21697865479387848,-0.08997873887566454,8.73901620033615e-19,0.5264279558689732,0.9731455824221339,0.0,0.0,4.0,1.0,0.4164158130942486,1.0,3.066027756026096e-29,0.25436140880497393,1.802235700157109,0.0,1.0,6.0,3.0,6.0,3.0,1.1711254847656494,1.0
101.0,0.4,-0.14035218517367243,0.048684398552373165,0.04691212403625339,-0.0031922784688912394,-0.0026630757165879136,0.054125810278364384,-0.015508979033721837,1.2295001060704122e-34,0.09618516698804025,0.13539932109097974,0.0,0.0,2.0,0.0,0.10450420084001306,1.0,1.7092654840320407e-35,0.07737655868929501,0.6445597566827234,1.0,1.0,6.0,3.0,6.0,3.0,0.8936694972461802,1.0
101.0,0.45,-0.14035218517367243,0.048684398552373165,0.04691212403625339,-0.0031922784688912394,-0.0026630757165879136,0.054125810278364384,-0.015508979033721837,3.313392042043663e-33,0.1103352069429197,0.15531825311860875,1.0,1.0,6.0,3.0,0.11987807462579964,1.0,2.0442909557862827e-35,0.07795577497588939,0.6493847258345965,1.0,1.0,6.0,3.0,6.0,3.0,0.9003592226152822,1.0
101.0,0.5,-0.14035218517367243,0.048684398552373165,0.04691212403625339,-0.0031922784688912394,-0.0026630757165879136,0.054125810278364384,-0.015508979033721837,1.2144516062585976e-32,0.11647121030233308,0.1639558706961698,1.0,1.0,6.0,3.0,0.12654477956073892,1.0,2.6454202523586673e-35,0.07879759429478089,0.6563972224427016,1.0,1.0,6.0,3.0,6.0,3.0,0.9100819120218605,1.0
101.0,0.55,-0.14035218517367243,0.048684398552373165,0.04691212403625339,-0.0031922784688912394,-0.0026630757165879136,0.054125810278364384,-0.015508979033721837,2.737012260105924e-31,0.13261397019400817,0.18667994342288532,1.0,1.0,6.0,3.0,0.14408372319059698,1.0,4.0519123221715077e-35,0.08020993827869724,0.668162285532169,1.0,1.0,6.0,3.0,6.0,3.0,0.9263939419108275,1.0
101.0,0.6,-0.14035218517367243,0.048684398552373165,0.04691212403625339,-0.0031922784688912394,-0.0026630757165879136,0.054125810278364384,-0.015508979033721837,1.9994302387413042e-30,0.1440700942211401,0.20280666508050435,1.0,1.0,6.0,3.0,0.15653068485494967,1.0,5.757797949467012e-35,0.08139287042570488,0.6780163094092079,1.0,1.0,6.0,3.0,6.0,3.0,0.9400563533051837,1.0
101.0,0.65,-0.14035218517367243,0.048684398552373165,0.04691212403625339,-0.0031922784688912394,-0.0026630757165879136,0.054125810278364384,-0.015508979033721837,1.5319577961020309e-28,0.17261877471881512,0.242994482791619,1.0,1.0,6.0,3.0,0.18754853442438857,1.0,7.837380424721743e-35,0.08244534426953275,0.6867835936640769,1.0,1.0,6.0,3.0,6.0,3.0,0.9522120214663277,1.0
101.0,0.7,-0.14035218517367243,0.048684398552373165,0.04691212403625339,-0.0031922784688912394,-0.0026630757165879136,0.054125810278364384,-0.015508979033721837,7.63470097407869e-27,0.203151054449688,0.2859746020384267,1.0,1.0,6.0,3.0,0.22072154428666124,1.0,2.163023356849079e-34,0.08600754755272236,0.7164573465468702,1.0,1.0,6.0,3.0,6.0,3.0,0.9933540995207397,1.0
101.0,0.75,-0.14035218517367243,0.048684398552373165,0.04691212403625339,-0.0031922784688912394,-0.0026630757165879136,0.054125810278364384,-0.015508979033721837,2.5398239707197032e-26,0.2135844169886626,0.3006615880749418,1.0,1.0,6.0,3.0,0.23205728604760492,1.0,3.5893778451103606e-34,0.0878418511933008,0.7317374045939212,1.0,1.0,6.0,3.0,6.0,3.0,1.0145396011770615,1.0
101.0,0.8,-0.14035218517367243,0.048684398552373165,0.04691212403625339,-0.0031922784688912394,-0.0026630757165879136,0.054125810278364384,-0.015508979033721837,7.614359570498665e-25,0.24609576329686036,0.34642762826314516,1.0,1.0,6.0,3.0,0.26738053151843283,1.0,6.45490877393246e-34,0.09001628836062031,0.7498508321646311,1.0,1.0,6.0,3.0,6.0,3.0,1.039653514266876,1.0
101.0,0.85,-0.14035218517367243,0.048684398552373165,0.04691212403625339,-0.0031922784688912394,-0.0026630757165879136,0.054125810278364384,-0.015508979033721837,2.7022327033791253e-23,0.28555593694454884,0.40197549379519254,1.0,1.0,6.0,3.0,0.3102536068708161,1.0,1.1451654553260604e-33,0.09219241476718339,0.767978331382546,1.0,1.0,6.0,3.0,6.0,3.0,1.0647869374203458,1.0
101.0,0.9,-0.14035218517367243,0.048684398552373165,0.04691212403625339,-0.0031922784688912394,-0.0026630757165879136,0.054125810278364384,-0.015508979033721837,2.13366126374136e-21,0.3425702470694867,0.48223421897209073,1.0,1.0,6.0,3.0,0.3721990720878403,1.0,2.0978287317736192e-33,0.09454736543743159,0.7875954668138353,1.0,1.0,6.0,3.0,6.0,3.0,1.0919857120514467,1.0
101.0,0.95,-0.14035218517367243,0.048684398552373165,0.04691212403625339,-0.0031922784688912394,-0.0026630757165879136,0.054125810278364384,-0.015508979033721837,5.074999310489019e-20,0.3909272211085827,0.5503060606077332,1.0,1.0,6.0,3.0,0.4247384301327802,1.0,6.871524521957245e-33,0.09933894873389294,0.8275101621170193,1.0,1.0,6.0,3.0,6.0,3.0,1.1473266564937619,1.0
102.0,0.4,-0.22157489258452556,1.2055244260275,0.18780878302206297,0.0009383276251793062,0.00011074847026524161,-0.26991426370477317,0.051347891153200265,3.3810107689650037e-32,0.17224123537935856,0.3148320029807108,0.0,0.0,2.0,0.0,0.11914979659316846,1.0,3.1191787560397995e-32,0.2009130849416824,1.309679891586017,0.0,0.0,5.0,2.0,6.0,3.0,1.0812507980320414,1.0
102.0,0.45,-0.22157489258452556,1.2055244260275,0.18780878302206297,0.0009383276251793062,0.00011074847026524161,-0.26991426370477317,0.051347891153200265,2.3625174337902075e-30,0.20558155715347212,0.3757732767764252,0.0,0.0,2.0,0.0,0.14221333622110405,1.0,6.37449060890281e-32,0.20698638181989035,1.3492695220938056,0.0,0.0,5.0,2.0,6.0,3.0,1.1139353645855532,1.0
102.0,0.5,-0.22157489258452556,1.2055244260275,0.18780878302206297,0.0009383276251793062,0.00011074847026524161,-0.26991426370477317,0.051347891153200265,5.0162970319104894e-29,0.23349423407104633,0.42679360279277284,0.0,0.0,2.0,0.0,0.16152224195308393,1.0,1.349117764692468e-31,0.21355444822974842,1.3920843766170414,0.0,0.0,5.0,2.0,6.0,3.0,1.1492826245673902,1.0
102.0,0.55,-0.22157489258452556,1.2055244260275,0.18780878302206297,0.0009383276251793062,0.00011074847026524161,-0.26991426370477317,0.051347891153200265,4.779757928602504e-28,0.25648901590243117,0.46882472969530864,0.0,0.0,2.0,0.0,0.17742913888098494,1.0,1.7708820899969637e-31,0.21598874102868862,1.4079526528417086,0.0,0.0,5.0,2.0,6.0,3.0,1.1623832199430564,1.0
102.0,0.6,-0.22157489258452556,1.2055244260275,0.18780878302206297,0.0009383276251793062,0.00011074847026524161,-0.26991426370477317,0.051347891153200265,1.0514447024817388e-26,0.2917435703598103,0.5332649432688079,0.0,0.0,3.0,1.0,0.20181687032826476,1.0,2.608749207339464e-31,0.21950338647048792,1.430863358047968,0.0,0.0,5.0,2.0,6.0,3.0,1.1812979321921278,1.0
102.0,0.65,-0.22157489258452556,1.2055244260275,0.18780878302206297,0.0009383276251793062,0.00011074847026524161,-0.26991426370477317,0.051347891153200265,7.938510055177353e-26,0.31738226144753184,0.5801287529202708,0.0,0.0,3.0,1.0,0.2195527209873062,1.0,3.3042283107848186e-31,0.22167555090773677,1.4450229140843944,0.0,0.0,5.0,2.0,6.0,3.0,1.1929878354750008,1.0
102.0,0.7,-0.22157489258452556,1.2055244260275,0.18780878302206297,0.0009383276251793062,0.00011074847026524161,-0.26991426370477317,0.051347891153200265,3.049181665872423e-24,0.369488701558179,0.6753717699138394,0.0,0.0,4.0,2.0,0.2555979323834255,1.0,6.293417066193573e-31,0.22770722769146817,1.4843412382169028,0.0,0.0,5.0,2.0,6.0,3.0,1.2254484158188548,1.0
102.0,0.75,-0.22157489258452556,1.2055244260275,0.18780878302206297,0.0009383276251793062,0.00011074847026524161,-0.26991426370477317,0.051347891153200265,3.878196073663751e-23,0.4107899078272064,0.7508643862235089,0.0,0.0,4.0,2.0,0.2841685026952827,1.0,1.2373838788244671e-30,0.23421294593313666,1.5267496675330456,0.0,0.0,5.0,2.0,6.0,3.0,1.2604601376418385,1.0
102.0,0.8,-0.22157489258452556,1.2055244260275,0.18780878302206297,0.0009383276251793062,0.00011074847026524161,-0.26991426370477317,0.051347891153200265,5.779400329969269e-21,0.5060250010315865,0.9249403273391917,0.0,0.0,5.0,2.0,0.35004844113651146,1.0,2.6241875426968418e-30,0.24166550487440908,1.5753302096569055,0.0,0.0,5.0,2.0,6.0,3.0,1.3005674572072639,1.0
102.0,0.85,-0.22157489258452556,1.2055244260275,0.18780878302206297,0.0009383276251793062,0.00011074847026524161,-0.26991426370477317,0.051347891153200265,2.7112687882536814e-20,0.5396875290263475,0.986470547385761,0.0,0.0,5.0,2.0,0.3733348705130409,1.0,3.848001754030219e-30,0.24555079638751534,1.600657022836555,0.0,0.0,5.0,2.0,6.0,3.0,1.3214768696049324,1.0
102.0,0.9,-0.22157489258452556,1.2055244260275,0.18780878302206297,0.0009383276251793062,0.00011074847026524161,-0.26991426370477317,0.051347891153200265,3.276119712847989e-18,0.6590224086806685,1.2045974036190183,0.0,0.0,5.0,2.0,0.45588610515767214,1.0,9.112536497456959e-30,0.2545314868677285,1.6591989029630145,0.0,0.0,5.0,2.0,6.0,3.0,1.369808110705669,1.0
102.0,0.95,-0.22157489258452556,1.2055244260275,0.18780878302206297,0.0009383276251793062,0.00011074847026524161,-0.26991426370477317,0.051347891153200265,1.7441437292900316e-15,0.8560374933129459,1.5647124107808132,0.0,0.0,5.0,2.0,0.5921734884199898,1.0,1.8171067652583024e-29,0.2619574352166523,1.7076059802390662,0.0,0.0,5.0,2.0,6.0,3.0,1.4097722204636234,1.0
103.0,0.4,-0.12632724942326456,0.059326738636473475,0.06044432922670406,-0.0038005124717483355,-0.002297929178782309,0.07235787222503692,-0.0018125303232854328,3.3996725422283356e-32,0.11477958234370277,0.1585377730929833,0.0,0.0,3.0,1.0,0.11848490263408565,1.0,1.6112227865946682e-35,0.07471634932644385,0.6515330177346246,0.0,1.0,6.0,3.0,6.0,3.0,0.8980580919852585,1.0
103.0,0.45,-0.12632724942326456,0.059326738636473475,0.06044432922670406,-0.0038005124717483355,-0.002297929178782309,0.07235787222503692,-0.0018125303232854328,8.527005085126924e-31,0.13127175250839165,0.18131736400969273,0.0,0.0,5.0,2.0,0.13550947387129872,1.0,2.3265698033573185e-35,0.07586893674556998,0.6615836795530338,0.0,1.0,6.0,3.0,6.0,3.0,0.9119116925398599,1.0
103.0,0.5,-0.12632724942326456,0.059326738636473475,0.06044432922670406,-0.0038005124717483355,-0.002297929178782309,0.07235787222503692,-0.0018125303232854328,2.6887695078072378e-30,0.13770598849349389,0.19020456697561994,1.0,1.0,6.0,3.0,0.1421514201883424,1.0,3.010625872910144e-35,0.07668813809301732,0.6687271860391804,0.0,1.0,6.0,3.0,6.0,3.0,0.9217581372025405,1.0
103.0,0.55,-0.12632724942326456,0.059326738636473475,0.06044432922670406,-0.0038005124717483355,-0.002297929178782309,0.07235787222503692,-0.0018125303232854328,4.503750085000927e-28,0.17045916495999922,0.23544445679480563,1.0,1.0,6.0,3.0,0.1759619363563673,1.0,4.061237174382009e-35,0.0776506196054692,0.6771201079361236,0.0,1.0,6.0,3.0,6.0,3.0,0.9333267472649397,1.0
103.0,0.6,-0.12632724942326456,0.059326738636473475,0.06044432922670406,-0.0038005124717483355,-0.002297929178782309,0.07235787222503692,-0.0018125303232854328,1.6667054710280995e-26,0.1981369837143824,0.2736740762078778,1.0,1.0,6.0,3.0,0.20453325185755922,1.0,6.068769805310552e-35,0.07896113005814431,0.6885478722434193,0.0,1.0,6.0,3.0,6.0,3.0,0.9490785141441545,1.0
103.0,0.65,-0.12632724942326456,0.059326738636473475,0.06044432922670406,-0.0038005124717483355,-0.002297929178782309,0.07235787222503692,-0.0018125303232854328,3.0593834240753486e-25,0.22367777861047444,0.3089519598102588,1.0,1.0,6.0,3.0,0.23089855598803413,1.0,1.0710191909914256e-34,0.08085230016545211,0.7050390388779176,0.0,1.0,6.0,3.0,6.0,3.0,0.9718095580655861,1.0
103.0,0.7,-0.12632724942326456,0.059326738636473475,0.06044432922670406,-0.0038005124717483355,-0.002297929178782309,0.07235787222503692,-0.0018125303232854328,1.6647000763382712e-24,0.24003639450713687,0.33154708066872585,1.0,1.0,6.0,3.0,0.2477852615515763,1.0,1.6061153618550996e-34,0.08222897147655549,0.7170437315835664,0.0,1.0,6.0,3.0,6.0,3.0,0.9883565497492756,1.0
103.0,0.75,-0.12632724942326456,0.059326738636473475,0.06044432922670406,-0.0038005124717483355,-0.002297929178782309,0.07235787222503692,-0.0018125303232854328,8.367018916167063e-24,0.2567409887555581,0.35462007952871744,1.0,1.0,6.0,3.0,0.2650291143575513,1.0,2.517797908350296e-34,0.08378379546263486,0.7306019309981345,0.0,1.0,6.0,3.0,6.0,3.0,1.007044859267862,1.0
103.0,0.8,-0.12632724942326456,0.059326738636473475,0.06044432922670406,-0.0038005124717483355,-0.002297929178782309,0.07235787222503692,-0.0018125303232854328,5.451630695894683e-23,0.2775939708492303,0.3834229839823946,1.0,1.0,6.0,3.0,0.28655527347529824,1.0,3.3536318823449586e-34,0.08479052064998693,0.7393806615605606,0.0,1.0,6.0,3.0,6.0,3.0,1.0191452591007923,1.0
103.0,0.85,-0.12632724942326456,0.059326738636473475,0.06044432922670406,-0.0038005124717483355,-0.002297929178782309,0.07235787222503692,-0.0018125303232854328,3.7988324942769556e-22,0.30098176465948595,0.4157270634408194,1.0,1.0,6.0,3.0,0.31069807322984216,1.0,6.48863518453598e-34,0.0871546474920502,0.759996051760999,0.0,1.0,6.0,3.0,6.0,3.0,1.0475610377106161,1.0
103.0,0.9,-0.12632724942326456,0.059326738636473475,0.06044432922670406,-0.0038005124717483355,-0.002297929178782309,0.07235787222503692,-0.0018125303232854328,7.249063640637086e-22,0.3091955070281726,0.4270721859556558,1.0,1.0,6.0,3.0,0.3191769720456706,1.0,1.0372085274381348e-33,0.08887478860363107,0.7749958307847452,0.0,1.0,6.0,3.0,6.0,3.0,1.0682363873300462,1.0
103.0,0.95,-0.12632724942326456,0.059326738636473475,0.06044432922670406,-0.0038005124717483355,-0.002297929178782309,0.07235787222503692,-0.0018125303232854328,1.1356097856166498e-19,0.38167112796454267,0.5271781744264677,1.0,1.0,6.0,3.0,0.3939922546477321,1.0,3.5801543317549945e-33,0.09358295051126456,0.8160514091597179,0.0,1.0,6.0,3.0,6.0,3.0,1.1248264501160843,1.0
104.0,0.4,1.558851192245518,0.1815767554473148,1.0925367540793396,-0.0024082932824276344,-0.00020061884578367284,-0.32902925225326535,1.2479752334680656,7.956371003037162e-32,0.20248914427350112,0.3716352047591478,0.0,0.0,3.0,1.0,0.34994668554169306,0.0,6.419710766912768e-28,0.2886866334598465,2.159125536277939,1.0,1.0,4.0,2.0,6.0,3.0,3.747318595070849,1.0
104.0,0.45,1.558851192245518,0.1815767554473148,1.0925367540793396,-0.0024082932824276344,-0.00020061884578367284,-0.32902925225326535,1.2479752334680656,1.973250103073091e-30,0.2314752390179301,0.42483436906083444,0.0,0.0,3.0,1.0,0.40004116255182604,0.0,1.0201702172035307e-27,0.29431217289447387,2.2011996901903395,1.0,1.0,4.0,2.0,6.0,3.0,3.820341333526162,1.0
104.0,0.5,1.558851192245518,0.1815767554473148,1.0925367540793396,-0.0024082932824276344,-0.00020061884578367284,-0.32902925225326535,1.2479752334680656,2.7080231162685813e-28,0.2841618692370999,0.521531931193468,0.0,0.0,3.0,1.0,0.49109548392648605,0.0,1.7252247323303114e-27,0.3008260456040852,2.249917806227888,1.0,1.0,4.0,2.0,6.0,3.0,3.904895148983803,1.0
104.0,0.55,1.558851192245518,0.1815767554473148,1.0925367540793396,-0.0024082932824276344,-0.00020061884578367284,-0.32902925225326535,1.2479752334680656,4.872405254104527e-27,0.3205245216685087,0.5882695423894514,0.0,0.0,3.0,1.0,0.553938308125933,0.0,2.644136492378716e-27,0.30622597517608696,2.290304594120625,1.0,1.0,4.0,2.0,6.0,3.0,3.9749893416200197,1.0
104.0,0.6,1.558851192245518,0.1815767554473148,1.0925367540793396,-0.0024082932824276344,-0.00020061884578367284,-0.32902925225326535,1.2479752334680656,4.907291625828893e-25,0.38843977758087417,0.7129167185519953,0.0,0.0,3.0,1.0,0.6713111124286989,0.0,3.247269594968286e-27,0.3088589064894027,2.3099966358536084,1.0,1.0,4.0,2.0,6.0,3.0,4.009166304895681,1.0
104.0,0.65,1.558851192245518,0.1815767554473148,1.0925367540793396,-0.0024082932824276344,-0.00020061884578367284,-0.32902925225326535,1.2479752334680656,1.6742017401506207e-23,0.4499842123173208,0.8258713102024601,0.0,0.0,3.0,1.0,0.7776737079487148,0.0,4.577453607493867e-27,0.3133089946662694,2.3432794342506384,1.0,1.0,4.0,2.0,6.0,3.0,4.066931009741972,1.0
104.0,0.7,1.558851192245518,0.1815767554473148,1.0925367540793396,-0.0024082932824276344,-0.00020061884578367284,-0.32902925225326535,1.2479752334680656,1.5915610787771273e-21,0.5440196543896935,0.9984577512907814,0.0,0.0,3.0,1.0,0.9401880560375527,0.0,6.651120441046965e-27,0.3182248928463238,2.380046087306552,1.0,1.0,4.0,2.0,6.0,3.0,4.1307421964284385,1.0
104.0,0.75,1.558851192245518,0.1815767554473148,1.0925367540793396,-0.0024082932824276344,-0.00020061884578367284,-0.32902925225326535,1.2479752334680656,7.054149077739396e-21,0.5788381480450697,1.062361315432191,0.0,0.0,3.0,1.0,1.0003622273195236,0.0,1.0134205082536155e-26,0.3238581038240043,2.422177617704695,1.0,1.0,4.0,2.0,6.0,3.0,4.203864515926319,1.0
104.0,0.8,1.558851192245518,0.1815767554473148,1.0925367540793396,-0.0024082932824276344,-0.00020061884578367284,-0.32902925225326535,1.2479752334680656,2.1076104278750633e-19,0.6668526526406451,1.2238973254464924,0.0,0.0,4.0,2.0,1.1524710441813983,0.0,1.5458612895295497e-26,0.3296064007440582,2.4651698910962603,1.0,1.0,4.0,2.0,6.0,3.0,4.278480717169676,1.0
104.0,0.85,1.558851192245518,0.1815767554473148,1.0925367540793396,-0.0024082932824276344,-0.00020061884578367284,-0.32902925225326535,1.2479752334680656,1.6083697805175394e-18,0.7257795019070992,1.33204777356815,0.0,0.0,4.0,2.0,1.254309864549751,0.0,4.230547783081735e-26,0.34372679632081077,2.570778198300248,1.0,1.0,4.0,2.0,6.0,3.0,4.461771575774255,1.0
104.0,0.9,1.558851192245518,0.1815767554473148,1.0925367540793396,-0.0024082932824276344,-0.00020061884578367284,-0.32902925225326535,1.2479752334680656,4.689262506213186e-17,0.8352849216076893,1.5330267900911156,0.0,0.0,4.0,2.0,1.4435598058765486,0.0,6.160532335200716e-26,0.34915180520909894,2.611352557718475,1.0,1.0,4.0,2.0,6.0,3.0,4.532191312364985,1.0
104.0,0.95,1.558851192245518,0.1815767554473148,1.0925367540793396,-0.0024082932824276344,-0.00020061884578367284,-0.32902925225326535,1.2479752334680656,5.434804949748278e-15,1.018211389650116,1.8687579506465284,0.0,0.0,4.0,2.0,1.7596977964783143,0.0,1.2782188119990576e-25,0.3599333445490155,2.6919891172647517,1.0,1.0,4.0,2.0,6.0,3.0,4.672141896040263,1.0
105.0,0.4,-0.5497999534247124,0.04679059031755595,1.3957392220163451,0.0013590058427502478,-0.0012541502080708645,-0.5477257966255964,0.7472264968693261,4.798472130072132e-32,0.16981945136990537,0.22149722016566586,0.0,0.0,2.0,0.0,0.3833723093132638,0.0,1.299869429251761e-32,0.21160263235094323,1.0262477035916013,0.0,1.0,5.0,3.0,6.0,3.0,2.886701181580535,1.0
105.0,0.45,-0.5497999534247124,0.04679059031755595,1.3957392220163451,0.0013590058427502478,-0.0012541502080708645,-0.5477257966255964,0.7472264968693261,5.169776694392917e-31,0.18750065986815068,0.24455899842450743,0.0,0.0,3.0,1.0,0.42328814745041876,0.0,1.7563653253564042e-32,0.2142730391917439,1.0391988604726832,0.0,1.0,5.0,3.0,6.0,3.0,2.9231310997578066,1.0
105.0,0.5,-0.5497999534247124,0.04679059031755595,1.3957392220163451,0.0013590058427502478,-0.0012541502080708645,-0.5477257966255964,0.7472264968693261,2.4190996658169696e-30,0.1999525971657906,0.2608001856080458,0.0,0.0,3.0,1.0,0.4513987550322435,0.0,2.7633846215404355e-32,0.2183577612514672,1.059009278646729,0.0,1.0,5.0,3.0,6.0,3.0,2.9788552269353694,1.0
105.0,0.55,-0.5497999534247124,0.04679059031755595,1.3957392220163451,0.0013590058427502478,-0.0012541502080708645,-0.5477257966255964,0.7472264968693261,1.6898830998270307e-28,0.23865406552479582,0.3112789004354584,0.0,0.0,3.0,1.0,0.5387684360606407,0.0,3.732828385279222e-32,0.22111090474145692,1.072361698476621,0.0,1.0,5.0,3.0,6.0,3.0,3.0164138455466616,1.0
105.0,0.6,-0.5497999534247124,0.04679059031755595,1.3957392220163451,0.0013590058427502478,-0.0012541502080708645,-0.5477257966255964,0.7472264968693261,6.1183230666206485e-27,0.2771518783819881,0.361491985341451,0.0,0.0,3.0,1.0,0.6256783589199676,0.0,4.843793271448101e-32,0.22352424876472735,1.0840661311405313,0.0,1.0,5.0,3.0,6.0,3.0,3.049336890813796,1.0
105.0,0.65,-0.5497999534247124,0.04679059031755595,1.3957392220163451,0.0013590058427502478,-0.0012541502080708645,-0.5477257966255964,0.7472264968693261,3.235753056303514e-26,0.2970688510498032,0.38746989331635784,0.0,0.0,3.0,1.0,0.670641499152692,0.0,7.46397156516529e-32,0.22758780800877773,1.1037739121651966,0.0,1.0,5.0,3.0,6.0,3.0,3.104772313052629,1.0
105.0,0.7,-0.5497999534247124,0.04679059031755595,1.3957392220163451,0.0013590058427502478,-0.0012541502080708645,-0.5477257966255964,0.7472264968693261,1.4937475199172023e-25,0.31661855268937245,0.41296876599143545,0.0,0.0,3.0,1.0,0.7147755144465087,0.0,1.4499399304866827e-31,0.23397250657075175,1.1347389439540425,0.0,1.0,5.0,3.0,6.0,3.0,3.191872916093891,1.0
105.0,0.75,-0.5497999534247124,0.04679059031755595,1.3957392220163451,0.0013590058427502478,-0.0012541502080708645,-0.5477257966255964,0.7472264968693261,4.791871119364679e-25,0.33237564247809287,0.43352089684539774,0.0,0.0,3.0,1.0,0.7503475991024643,0.0,2.340092723236737e-31,0.2386858215348794,1.1575979632606535,0.0,1.0,5.0,3.0,6.0,3.0,3.2561723613557203,1.0
105.0,0.8,-0.5497999534247124,0.04679059031755595,1.3957392220163451,0.0013590058427502478,-0.0012541502080708645,-0.5477257966255964,0.7472264968693261,2.6940288672362164e-23,0.39313487306790146,0.5127697730282132,0.0,0.0,3.0,1.0,0.8875133145455893,0.0,3.350812227772956e-31,0.24228312379159653,1.175044453122642,0.0,1.0,5.0,3.0,6.0,3.0,3.3052470659545974,1.0
105.0,0.85,-0.5497999534247124,0.04679059031755595,1.3957392220163451,0.0013590058427502478,-0.0012541502080708645,-0.5477257966255964,0.7472264968693261,1.0998546905493253e-21,0.45884265151816284,0.5984730900074458,0.0,0.0,3.0,1.0,1.035850519507171,0.0,5.580179389961207e-31,0.2474869198891773,1.2002822478313777,0.0,1.0,5.0,3.0,6.0,3.0,3.376237696726511,1.0
105.0,0.9,-0.5497999534247124,0.04679059031755595,1.3957392220163451,0.0013590058427502478,-0.0012541502080708645,-0.5477257966255964,0.7472264968693261,9.080521307649238e-21,0.5010288785853722,0.6534970107025538,0.0,0.0,4.0,2.0,1.1310871438249663,0.0,1.3139856270871464e-30,0.2564778432017615,1.2438871609659408,0.0,1.0,5.0,3.0,6.0,3.0,3.4988926403894602,1.0
105.0,0.95,-0.5497999534247124,0.04679059031755595,1.3957392220163451,0.0013590058427502478,-0.0012541502080708645,-0.5477257966255964,0.7472264968693261,8.252021522129496e-19,0.6045953798853456,0.7885798410566577,0.0,0.0,4.0,2.0,1.364891507521681,0.0,5.605115764074717e-30,0.2724580234756731,1.3213891425191893,1.0,1.0,5.0,3.0,6.0,3.0,3.716895624407468,1.0
106.0,0.4,1.0936132702994958,0.608220979965866,0.6114959490372887,-0.0010434223136681104,-0.0009919069754767377,-0.03692726836034527,0.7722020561246912,5.373542824112854e-32,0.17345818913247693,0.32510816269329146,0.0,0.0,3.0,1.0,0.28836739973757164,0.0,4.6453069179948995e-32,0.1973222453698483,1.430089176158372,0.0,0.0,4.0,2.0,6.0,3.0,2.397666729264178,1.0
106.0,0.45,1.0936132702994958,0.608220979965866,0.6114959490372887,-0.0010434223136681104,-0.0009919069754767377,-0.03692726836034527,0.7722020561246912,1.4147066322793625e-30,0.19878260513903376,0.3725730555320161,0.0,0.0,3.0,1.0,0.33046824277188885,0.0,8.173687232462157e-32,0.20202317807966033,1.4641590955105985,0.0,0.0,4.0,2.0,6.0,3.0,2.454787860912056,1.0
106.0,0.5,1.0936132702994958,0.608220979965866,0.6114959490372887,-0.0010434223136681104,-0.0009919069754767377,-0.03692726836034527,0.7722020561246912,1.4827842756396822e-29,0.21922775030826458,0.4108928582188168,0.0,0.0,3.0,1.0,0.3644574904355174,0.0,1.6758716339498602e-31,0.2081583385190543,1.5086235527334892,0.0,0.0,4.0,2.0,6.0,3.0,2.529336323690092,1.0
106.0,0.55,1.0936132702994958,0.608220979965866,0.6114959490372887,-0.0010434223136681104,-0.0009919069754767377,-0.03692726836034527,0.7722020561246912,8.718031747322126e-29,0.2360213990058185,0.4423687562452196,0.0,0.0,3.0,1.0,0.39237626919851537,0.0,2.738293875880059e-31,0.21246078599867882,1.5398054580481602,0.0,0.0,4.0,2.0,6.0,3.0,2.581615452974105,1.0
106.0,0.6,1.0936132702994958,0.608220979965866,0.6114959490372887,-0.0010434223136681104,-0.0009919069754767377,-0.03692726836034527,0.7722020561246912,6.454465010833605e-28,0.2565536053373202,0.48085173539921033,0.0,0.0,3.0,1.0,0.4265102526114777,0.0,4.141128886789415e-31,0.21615422527931308,1.5665735881600644,0.0,0.0,4.0,2.0,6.0,3.0,2.6264945108985467,1.0
106.0,0.65,1.0936132702994958,0.608220979965866,0.6114959490372887,-0.0010434223136681104,-0.0009919069754767377,-0.03692726836034527,0.7722020561246912,2.712076328052113e-27,0.2723672324130094,0.5104908044440721,0.0,0.0,3.0,1.0,0.45279978407172716,0.0,5.930564709559518e-31,0.2194132162563765,1.5901930625521208,0.0,0.0,4.0,2.0,6.0,3.0,2.6660945784024968,1.0
106.0,0.7,1.0936132702994958,0.608220979965866,0.6114959490372887,-0.0010434223136681104,-0.0009919069754767377,-0.03692726836034527,0.7722020561246912,1.471121378158631e-25,0.3216764738536284,0.6029098304280006,0.0,0.0,3.0,1.0,0.5347744536354896,0.0,1.1006109429347431e-30,0.22513958313711482,1.631694796325251,0.0,0.0,4.0,2.0,6.0,3.0,2.7356757821019175,1.0
106.0,0.75,1.0936132702994958,0.608220979965866,0.6114959490372887,-0.0010434223136681104,-0.0009919069754767377,-0.03692726836034527,0.7722020561246912,9.490889478526182e-25,0.3476602727421913,0.6516105874156165,0.0,0.0,3.0,1.0,0.5779714947107674,0.0,1.988129899968647e-30,0.2307556338600828,1.672397015867803,0.0,0.0,4.0,2.0,6.0,3.0,2.8039165318616908,1.0
106.0,0.8,1.0936132702994958,0.608220979965866,0.6114959490372887,-0.0010434223136681104,-0.0009919069754767377,-0.03692726836034527,0.7722020561246912,1.0052250280489503e-23,0.3835849703245159,0.7189433117148517,0.0,0.0,3.0,1.0,0.6376948878811042,0.0,2.8706516407687063e-30,0.23431475394874746,1.6981916702206714,0.0,0.0,4.0,2.0,6.0,3.0,2.8471634744760546,1.0
106.0,0.85,1.0936132702994958,0.608220979965866,0.6114959490372887,-0.0010434223136681104,-0.0009919069754767377,-0.03692726836034527,0.7722020561246912,6.729911944313719e-22,0.4570190844455003,0.8565789577473903,0.0,0.0,3.0,1.0,0.7597762069990354,0.0,5.0135479076226955e-30,0.23982244716584755,1.7381085708246178,0.0,1.0,4.0,2.0,6.0,3.0,2.914087569916399,1.0
106.0,0.9,1.0936132702994958,0.608220979965866,0.6114959490372887,-0.0010434223136681104,-0.0009919069754767377,-0.03692726836034527,0.7722020561246912,9.364836821911823e-20,0.5613664505882302,1.0521545062885886,0.0,0.0,3.0,1.0,0.9332495886510375,0.0,1.4694983896241423e-29,0.2508124908822717,1.8177587011731093,0.0,1.0,4.0,2.0,6.0,3.0,3.0476278209035055,1.0
106.0,0.95,1.0936132702994958,0.608220979965866,0.6114959490372887,-0.0010434223136681104,-0.0009919069754767377,-0.03692726836034527,0.7722020561246912,7.241150806874259e-15,0.8972757448231496,1.6817405409779582,1.0,1.0,6.0,3.0,1.4916855449507236,0.0,5.640951265666612e-29,0.26527121670097514,1.92254803830848,0.0,1.0,4.0,2.0,6.0,3.0,3.2233161006414566,1.0
107.0,0.4,2.8128308566097537,1.1743450607602042,1.7149474806720288,-0.0014314612586482508,0.000624246421848804,-0.6154956997701568,2.080908939317937,2.95828374810442e-29,0.3256616374275023,0.6447181000228146,0.0,0.0,2.0,0.0,0.7585667726363207,0.0,4.187493881510355e-29,0.36154016302298075,3.035426975929967,1.0,1.0,4.0,2.0,6.0,3.0,6.036484135581032,1.0
107.0,0.45,2.8128308566097537,1.1743450607602042,1.7149474806720288,-0.0014314612586482508,0.000624246421848804,-0.6154956997701568,2.080908939317937,1.3654639050197547e-28,0.347090946235897,0.6871420814560776,0.0,0.0,2.0,0.0,0.8084822669850518,0.0,5.45370770417406e-29,0.365542001843164,3.0690257036799897,1.0,1.0,4.0,2.0,6.0,3.0,6.103301156266094,1.0
107.0,0.5,2.8128308566097537,1.1743450607602042,1.7149474806720288,-0.0014314612586482508,0.000624246421848804,-0.6154956997701568,2.080908939317937,4.054453717432176e-27,0.3997640999001215,0.7914200548178265,0.0,0.0,2.0,0.0,0.9311743485433003,0.0,7.89699169051691e-29,0.3712239850183529,3.116730624932825,1.0,1.0,4.0,2.0,6.0,3.0,6.198170841030517,1.0
107.0,0.55,2.8128308566097537,1.1743450607602042,1.7149474806720288,-0.0014314612586482508,0.000624246421848804,-0.6154956997701568,2.080908939317937,5.413176249297204e-26,0.4453489673950407,0.8816652227573836,0.0,0.0,2.0,0.0,1.037355617205542,0.0,1.2213562461500162e-28,0.3780305429344489,3.1738772759134357,1.0,1.0,4.0,2.0,6.0,3.0,6.311817077550615,1.0
107.0,0.6,2.8128308566097537,1.1743450607602042,1.7149474806720288,-0.0014314612586482508,0.000624246421848804,-0.6154956997701568,2.080908939317937,1.5834713141977874e-24,0.512613887485808,1.0148307740383817,0.0,0.0,2.0,0.0,1.1940364401233237,0.0,1.597538183596865e-28,0.3822835353979644,3.2095846450318186,1.0,1.0,4.0,2.0,6.0,3.0,6.382827505050826,1.0
107.0,0.65,2.8128308566097537,1.1743450607602042,1.7149474806720288,-0.0014314612586482508,0.000624246421848804,-0.6154956997701568,2.080908939317937,3.5119378182434596e-23,0.583271907998609,1.1547137062014534,0.0,0.0,2.0,0.0,1.3586208443677397,0.0,2.0803151462282012e-28,0.3865127626691676,3.245092485817776,1.0,1.0,4.0,2.0,6.0,3.0,6.453441135124238,1.0
107.0,0.7,2.8128308566097537,1.1743450607602042,1.7149474806720288,-0.0014314612586482508,0.000624246421848804,-0.6154956997701568,2.080908939317937,1.1394031277183707e-22,0.612587552645454,1.212750406093271,0.0,0.0,2.0,0.0,1.4269060563539406,0.0,2.4097730531628317e-28,0.38888763185400754,3.2650314655640167,1.0,1.0,4.0,2.0,6.0,3.0,6.49309332767319,1.0
107.0,0.75,2.8128308566097537,1.1743450607602042,1.7149474806720288,-0.0014314612586482508,0.000624246421848804,-0.6154956997701568,2.080908939317937,3.546272106727402e-22,0.6422642937333451,1.2715019749921825,0.0,0.0,2.0,0.0,1.4960323737403936,0.0,4.219363237477179e-28,0.39807088397967155,3.342132418874244,1.0,1.0,4.0,2.0,6.0,3.0,6.646422228413018,1.0
107.0,0.8,2.8128308566097537,1.1743450607602042,1.7149474806720288,-0.0014314612586482508,0.000624246421848804,-0.6154956997701568,2.080908939317937,1.8998026738804173e-20,0.7581459103927656,1.5009148598207358,0.0,0.0,2.0,0.0,1.765956533833658,0.0,6.040571507458517e-28,0.40406699361620085,3.392474690087408,1.0,1.0,4.0,2.0,6.0,3.0,6.746536750665454,1.0
107.0,0.85,2.8128308566097537,1.1743450607602042,1.7149474806720288,-0.0014314612586482508,0.000624246421848804,-0.6154956997701568,2.080908939317937,2.821226588190571e-19,0.8483495973172548,1.6794926932689753,0.0,0.0,2.0,0.0,1.976068846142594,0.0,8.929771174414995e-28,0.4107019884618016,3.448180928008789,1.0,1.0,4.0,2.0,6.0,3.0,6.8573184707107195,1.0
107.0,0.9,2.8128308566097537,1.1743450607602042,1.7149474806720288,-0.0014314612586482508,0.000624246421848804,-0.6154956997701568,2.080908939317937,1.5895343279666214e-17,1.0035203620234068,1.9866869989621305,0.0,0.0,3.0,1.0,2.3375095952601788,0.0,1.7981625797522373e-27,0.42285648780263807,3.550227945052793,1.0,1.0,4.0,2.0,6.0,3.0,7.060257037295992,1.0
107.0,0.95,2.8128308566097537,1.1743450607602042,1.7149474806720288,-0.0014314612586482508,0.000624246421848804,-0.6154956997701568,2.080908939317937,1.821580206365299e-16,1.1108581913031026,2.1991855968947296,0.0,0.0,3.0,1.0,2.5875326295410077,0.0,2.9698579877416226e-27,0.43178986590161034,3.6252310004286312,1.0,1.0,4.0,2.0,6.0,3.0,7.209413896441856,1.0
108.0,0.4,0.050913207280843586,0.959041127586331,0.02275991688573875,-0.004718327852068879,0.0029859837768811664,0.14220354846614974,0.03214468035077378,8.257406706420438e-32,0.16948396777137248,0.2624937988516425,0.0,0.0,4.0,1.0,0.14497097793085764,1.0,6.43169764593334e-32,0.22895757542334683,1.3506151985040173,1.0,1.0,6.0,3.0,6.0,3.0,1.1573093495412439,1.0
108.0,0.45,0.050913207280843586,0.959041127586331,0.02275991688573875,-0.004718327852068879,0.0029859837768811664,0.14220354846614974,0.03214468035077378,5.104607857119191e-31,0.1828487106225282,0.28319287834456286,0.0,0.0,4.0,1.0,0.15640273673615124,1.0,8.510217549863312e-32,0.23164466948738158,1.3664663013818528,1.0,1.0,6.0,3.0,6.0,3.0,1.1708917744846161,1.0
108.0,0.5,0.050913207280843586,0.959041127586331,0.02275991688573875,-0.004718327852068879,0.0029859837768811664,0.14220354846614974,0.03214468035077378,2.4309507581694918e-30,0.1951345372873775,0.30222095135757765,0.0,0.0,4.0,1.0,0.1669116263362274,1.0,1.2527998675240143e-31,0.23540726087041902,1.3886617369261638,1.0,1.0,6.0,3.0,6.0,3.0,1.189910503950287,1.0
108.0,0.55,0.050913207280843586,0.959041127586331,0.02275991688573875,-0.004718327852068879,0.0029859837768811664,0.14220354846614974,0.03214468035077378,8.165945665834936e-29,0.22590563967195684,0.3498786954261902,0.0,0.0,4.0,1.0,0.1932322091226808,1.0,1.6063338407717565e-31,0.23785809809163144,1.4031191664036917,1.0,1.0,6.0,3.0,6.0,3.0,1.20229872401712,1.0
108.0,0.6,0.050913207280843586,0.959041127586331,0.02275991688573875,-0.004718327852068879,0.0029859837768811664,0.14220354846614974,0.03214468035077378,5.440686911558823e-26,0.2961958994286626,0.45874301780679344,0.0,0.0,4.0,1.0,0.25335617146518175,1.0,2.931577739321249e-31,0.24389562437082113,1.4387343878654117,1.0,1.0,6.0,3.0,6.0,3.0,1.2328165419931678,1.0
108.0,0.65,0.050913207280843586,0.959041127586331,0.02275991688573875,-0.004718327852068879,0.0029859837768811664,0.14220354846614974,0.03214468035077378,1.5214681682474815e-24,0.34029410240691094,0.5270415416996617,0.0,0.0,5.0,2.0,0.2910763151154294,1.0,4.392012994220231e-31,0.2480385024507595,1.4631731254348845,1.0,1.0,6.0,3.0,6.0,3.0,1.2537575024617478,1.0
108.0,0.7,0.050913207280843586,0.959041127586331,0.02275991688573875,-0.004718327852068879,0.0029859837768811664,0.14220354846614974,0.03214468035077378,1.1647017056597651e-23,0.370412598198638,0.573688540115066,0.0,0.0,5.0,2.0,0.31683867981663283,1.0,7.33405718040764e-31,0.2533946621483645,1.494768981915387,1.0,1.0,6.0,3.0,6.0,3.0,1.2808312242384248,1.0
108.0,0.75,0.050913207280843586,0.959041127586331,0.02275991688573875,-0.004718327852068879,0.0029859837768811664,0.14220354846614974,0.03214468035077378,2.5865665549307385e-23,0.3829337298896211,0.5930810494285222,0.0,0.0,5.0,2.0,0.3275488415499922,1.0,1.0654013942179346e-30,0.2573679732043837,1.518207447712909,1.0,1.0,6.0,3.0,6.0,3.0,1.3009150761278598,1.0
108.0,0.8,0.050913207280843586,0.959041127586331,0.02275991688573875,-0.004718327852068879,0.0029859837768811664,0.14220354846614974,0.03214468035077378,1.2862030299095261e-22,0.40940018370106657,0.6340718292317744,0.0,0.0,5.0,2.0,0.35018737038466585,1.0,1.5482539052527144e-30,0.26140759865108015,1.5420371004967646,1.0,1.0,6.0,3.0,6.0,3.0,1.3213341266417469,1.0
108.0,0.85,0.050913207280843586,0.959041127586331,0.02275991688573875,-0.004718327852068879,0.0029859837768811664,0.14220354846614974,0.03214468035077378,4.243593755206473e-22,0.43027790419211587,0.6664068768184052,0.0,0.0,5.0,2.0,0.36804548166417866,1.0,3.2607103473435474e-30,0.2696473309203985,1.5906430818187112,1.0,1.0,6.0,3.0,6.0,3.0,1.3629834111232362,1.0
108.0,0.9,0.050913207280843586,0.959041127586331,0.02275991688573875,-0.004718327852068879,0.0029859837768811664,0.14220354846614974,0.03214468035077378,1.095339227417227e-20,0.4926910383782423,0.7630712451724302,0.0,0.0,5.0,2.0,0.421431611441941,1.0,6.92281627655715e-30,0.2782402149547289,1.641332296859052,1.0,1.0,6.0,3.0,6.0,3.0,1.4064177679645262,1.0
108.0,0.95,0.050913207280843586,0.959041127586331,0.02275991688573875,-0.004718327852068879,0.0029859837768811664,0.14220354846614974,0.03214468035077378,3.48906320491546e-17,0.6895085741269408,1.0678987950501082,0.0,0.0,5.0,2.0,0.5897828189727918,1.0,1.20974668491749e-29,0.2847871470645846,1.6799524909923775,1.0,1.0,6.0,3.0,6.0,3.0,1.4395104740151488,1.0
109.0,0.4,2.90078985729558,0.7790197169674208,0.02418775716908489,-0.0037480522567160755,0.003575840250608605,0.14279637575640075,0.9830554572112499,1.2627786606643756e-32,0.1552335741875838,0.34927668979051024,0.0,0.0,3.0,0.0,0.4257670202141082,0.0,2.1612848262329884e-33,0.19770944811809682,1.6858603561438925,0.0,1.0,6.0,3.0,6.0,3.0,3.311288184522963,1.0
109.0,0.45,2.90078985729558,0.7790197169674208,0.02418775716908489,-0.0037480522567160755,0.003575840250608605,0.14279637575640075,0.9830554572112499,4.0224519888422867e-32,0.1629111496620914,0.3665512913796766,0.0,0.0,3.0,0.0,0.4468246970044393,0.0,3.088103852726681e-33,0.20067114068489328,1.711114587203532,1.0,1.0,6.0,3.0,6.0,3.0,3.360891365837617,1.0
109.0,0.5,2.90078985729558,0.7790197169674208,0.02418775716908489,-0.0037480522567160755,0.003575840250608605,0.14279637575640075,0.9830554572112499,1.2538106448289885e-31,0.17081395706802197,0.38433266648001335,0.0,0.0,3.0,0.0,0.46850012886999115,0.0,3.7213699181110906e-33,0.2022368887665005,1.7244656568849022,1.0,1.0,6.0,3.0,6.0,3.0,3.387114913431906,1.0
109.0,0.55,2.90078985729558,0.7790197169674208,0.02418775716908489,-0.0037480522567160755,0.003575840250608605,0.14279637575640075,0.9830554572112499,3.41728747175502e-30,0.19603506095276177,0.4410803367171202,0.0,0.0,3.0,0.0,0.5376753334203931,0.0,7.304299258192389e-33,0.20800009351959747,1.773608267468604,1.0,1.0,6.0,3.0,6.0,3.0,3.4836385342581493,1.0
109.0,0.6,2.90078985729558,0.7790197169674208,0.02418775716908489,-0.0037480522567160755,0.003575840250608605,0.14279637575640075,0.9830554572112499,1.4737011605488682e-28,0.22932289462703842,0.5159782086297955,0.0,0.0,3.0,0.0,0.6289755680961289,0.0,1.1103227236984314e-32,0.21166130761688745,1.8048272899317568,1.0,1.0,6.0,3.0,6.0,3.0,3.5449574803012522,1.0
109.0,0.65,2.90078985729558,0.7790197169674208,0.02418775716908489,-0.0037480522567160755,0.003575840250608605,0.14279637575640075,0.9830554572112499,8.962524705706778e-28,0.24723784767707932,0.5562869854637903,0.0,0.0,3.0,0.0,0.6781118211091168,0.0,1.8391584565004898e-32,0.21615911561547446,1.8431799142829983,1.0,1.0,6.0,3.0,6.0,3.0,3.6202879140450026,1.0
109.0,0.7,2.90078985729558,0.7790197169674208,0.02418775716908489,-0.0037480522567160755,0.003575840250608605,0.14279637575640075,0.9830554572112499,1.9875035559972442e-26,0.28131519146371836,0.6329612609672819,0.0,0.0,3.0,0.0,0.7715774853301597,0.0,2.843661703228386e-32,0.22011991546929138,1.876953492206204,1.0,1.0,6.0,3.0,6.0,3.0,3.6866243986290383,1.0
109.0,0.75,2.90078985729558,0.7790197169674208,0.02418775716908489,-0.0037480522567160755,0.003575840250608605,0.14279637575640075,0.9830554572112499,1.113654497234907e-25,0.3022583394494937,0.6800834987985455,0.0,0.0,3.0,0.0,0.829019322629039,0.0,4.687492111634563e-32,0.2247520249155267,1.9164512994939125,1.0,1.0,6.0,3.0,6.0,3.0,3.764204147218365,1.0
109.0,0.8,2.90078985729558,0.7790197169674208,0.02418775716908489,-0.0037480522567160755,0.003575840250608605,0.14279637575640075,0.9830554572112499,1.8009305229331563e-24,0.3394241420311655,0.7637068294283454,0.0,0.0,3.0,0.0,0.9309558598883213,0.0,5.702310992669738e-32,0.22659476792305216,1.9321642935491732,1.0,1.0,6.0,3.0,6.0,3.0,3.795066876369714,1.0
109.0,0.85,2.90078985729558,0.7790197169674208,0.02418775716908489,-0.0037480522567160755,0.003575840250608605,0.14279637575640075,0.9830554572112499,4.05149818947471e-24,0.3510866703588232,0.789947604403674,0.0,0.0,3.0,0.0,0.9629432695721899,0.0,7.402889151754903e-32,0.2290724226512616,1.9532911538093145,1.0,1.0,6.0,3.0,6.0,3.0,3.8365632687016897,1.0
109.0,0.9,2.90078985729558,0.7790197169674208,0.02418775716908489,-0.0037480522567160755,0.003575840250608605,0.14279637575640075,0.9830554572112499,4.230249250630325e-22,0.42611707494411055,0.9587665695298921,0.0,0.0,3.0,0.0,1.1687329768112564,0.0,2.048749937628574e-31,0.23899737449525818,2.037920811166087,1.0,1.0,6.0,3.0,6.0,3.0,4.002788889610583,1.0
109.0,0.95,2.90078985729558,0.7790197169674208,0.02418775716908489,-0.0037480522567160755,0.003575840250608605,0.14279637575640075,0.9830554572112499,1.584389923446158e-19,0.5454537626360288,1.2272749992670653,0.0,0.0,4.0,1.0,1.496043780461319,0.0,6.021332274705229e-31,0.24997789982581467,2.131551300354249,1.0,1.0,6.0,3.0,6.0,3.0,4.186693524078065,1.0
110.0,0.4,-1.5014440447909783,-1.3238518873046954,-1.3268840876297845,-0.0004499960820767985,-0.0031988193721668432,-0.05455764504551136,-1.3850704066835158,7.964536867617528e-31,0.18162281256881127,0.25221342255774853,0.0,0.0,3.0,1.0,0.216029328828735,0.0,5.765707662168892e-32,0.11435922623314772,1.3871660578253369,0.0,0.0,4.0,2.0,4.0,2.0,2.0942797021825927,0.0
110.0,0.45,-1.5014440447909783,-1.3238518873046954,-1.3268840876297845,-0.0004499960820767985,-0.0031988193721668432,-0.05455764504551136,-1.3850704066835158,1.9798318412652221e-28,0.22855017290410568,0.31737985178745304,0.0,0.0,3.0,1.0,0.27184658005149637,0.0,1.6144247496914942e-31,0.11937217063745803,1.4479725756418165,0.0,0.0,4.0,2.0,4.0,2.0,2.1860825943490125,0.0
110.0,0.5,-1.5014440447909783,-1.3238518873046954,-1.3268840876297845,-0.0004499960820767985,-0.0031988193721668432,-0.05455764504551136,-1.3850704066835158,1.000634717314106e-27,0.2445120068121369,0.3395455076503013,0.0,0.0,3.0,1.0,0.2908322141646191,0.0,2.8553959140075054e-31,0.12224237517465285,1.4827878716538392,0.0,0.0,4.0,2.0,4.0,2.0,2.2386451317266673,0.0
110.0,0.55,-1.5014440447909783,-1.3238518873046954,-1.3268840876297845,-0.0004499960820767985,-0.0031988193721668432,-0.05455764504551136,-1.3850704066835158,5.782661225976196e-26,0.2895414185064529,0.4020763201542785,0.0,0.0,3.0,1.0,0.3443919704985893,0.0,5.566219204844458e-31,0.1256899910073286,1.5246071093405213,0.0,0.0,4.0,2.0,4.0,2.0,2.301781899061696,0.0
110.0,0.6,-1.5014440447909783,-1.3238518873046954,-1.3268840876297845,-0.0004499960820767985,-0.0031988193721668432,-0.05455764504551136,-1.3850704066835158,1.0704976346207084e-24,0.32698019323885064,0.4540662732778659,0.0,0.0,3.0,1.0,0.3889231241748151,0.0,9.979051833914824e-31,0.12878473906646298,1.562146095975495,0.0,0.0,4.0,2.0,4.0,2.0,2.3584565396403283,0.0
110.0,0.65,-1.5014440447909783,-1.3238518873046954,-1.3268840876297845,-0.0004499960820767985,-0.0031988193721668432,-0.05455764504551136,-1.3850704066835158,2.043187020127013e-23,0.36973016096732353,0.5134316994736883,0.0,0.0,3.0,1.0,0.4397716200504812,0.0,1.57404573290124e-30,0.13125365476544698,1.592093798229797,0.0,0.0,4.0,2.0,4.0,2.0,2.4036702071780955,0.0
110.0,0.7,-1.5014440447909783,-1.3238518873046954,-1.3268840876297845,-0.0004499960820767985,-0.0031988193721668432,-0.05455764504551136,-1.3850704066835158,1.7034814878407913e-22,0.4038881400894314,0.5608657233179064,0.0,0.0,3.0,1.0,0.480400466171335,0.0,2.396593140007053e-30,0.1335730303221678,1.620227593408452,0.0,0.0,4.0,2.0,4.0,2.0,2.4461453209942383,0.0
110.0,0.75,-1.5014440447909783,-1.3238518873046954,-1.3268840876297845,-0.0004499960820767985,-0.0031988193721668432,-0.05455764504551136,-1.3850704066835158,8.599080041839465e-22,0.4320734106797023,0.6000056499644845,0.0,0.0,3.0,1.0,0.5139251374521832,0.0,3.771142563585363e-30,0.13612003603110703,1.6511225197288246,0.0,0.0,4.0,2.0,4.0,2.0,2.492789063989664,0.0
110.0,0.8,-1.5014440447909783,-1.3238518873046954,-1.3268840876297845,-0.0004499960820767985,-0.0031988193721668432,-0.05455764504551136,-1.3850704066835158,4.039392735870299e-21,0.46084181474348945,0.6399553542325152,0.0,0.0,3.0,1.0,0.5481434106606723,0.0,6.80617654072222e-30,0.13951042107208006,1.692247553595426,0.0,0.0,4.0,2.0,4.0,2.0,2.5548777542315655,0.0
110.0,0.85,-1.5014440447909783,-1.3238518873046954,-1.3268840876297845,-0.0004499960820767985,-0.0031988193721668432,-0.05455764504551136,-1.3850704066835158,2.8484152459431166e-19,0.5502548076379149,0.7641201363988015,0.0,0.0,3.0,1.0,0.6544947470944312,0.0,1.0102637536533315e-29,0.14182532842030376,1.7203271498487243,0.0,0.0,4.0,2.0,4.0,2.0,2.5972710409956266,0.0
110.0,0.9,-1.5014440447909783,-1.3238518873046954,-1.3268840876297845,-0.0004499960820767985,-0.0031988193721668432,-0.05455764504551136,-1.3850704066835158,3.145950304338696e-16,0.7368205031034579,1.0231975723205902,0.0,0.0,3.0,1.0,0.876403335579799,0.0,1.3950529411656001e-29,0.14374529146887277,1.7436161109669468,0.0,0.0,4.0,2.0,4.0,2.0,2.6324316465191493,0.0
110.0,0.95,-1.5014440447909783,-1.3238518873046954,-1.3268840876297845,-0.0004499960820767985,-0.0031988193721668432,-0.05455764504551136,-1.3850704066835158,1.072804604072981e-12,1.0340949113264901,1.4360124322840317,0.0,0.0,3.0,1.0,1.2299932287109279,0.0,2.454649607656017e-29,0.1471697589542867,1.785154561500077,0.0,0.0,4.0,2.0,4.0,2.0,2.6951444942859317,0.0
111.0,0.4,-0.5165435503009312,0.9570258689863689,0.5325326427750928,-0.0019688888678585674,0.0029493051565808114,-0.23104745301675628,0.1828409117497516,6.416128858980849e-30,0.21646155072315099,0.3353516685549647,0.0,0.0,2.0,0.0,0.19138318508194757,0.0,2.4466352963042384e-29,0.2158822081699336,1.4175271508131768,0.0,0.0,4.0,2.0,6.0,3.0,1.630740466342099,1.0
111.0,0.45,-0.5165435503009312,0.9570258689863689,0.5325326427750928,-0.0019688888678585674,0.0029493051565808114,-0.23104745301675628,0.1828409117497516,2.1098016524851534e-28,0.25037317018343386,0.38788902741345227,0.0,0.0,2.0,0.0,0.22136594055013045,0.0,4.5356743986350416e-29,0.22150653559926664,1.454457645937014,0.0,0.0,4.0,2.0,6.0,3.0,1.6732257568749431,1.0
111.0,0.5,-0.5165435503009312,0.9570258689863689,0.5325326427750928,-0.0019688888678585674,0.0029493051565808114,-0.23104745301675628,0.1828409117497516,8.697077929845616e-27,0.2923377795065969,0.4529024291458405,0.0,0.0,2.0,0.0,0.2584686988282433,0.0,5.872665194765464e-29,0.22390369906399277,1.4701979161750867,0.0,0.0,4.0,2.0,6.0,3.0,1.69133355510206,1.0
111.0,0.55,-0.5165435503009312,0.9570258689863689,0.5325326427750928,-0.0019688888678585674,0.0029493051565808114,-0.23104745301675628,0.1828409117497516,1.9704427269989338e-25,0.332928683029633,0.5157876259816215,0.0,0.0,2.0,0.0,0.29435690334142406,0.0,7.161294017009681e-29,0.22576213983790347,1.4824008219982612,0.0,0.0,4.0,2.0,6.0,3.0,1.7053719263046119,1.0
111.0,0.6,-0.5165435503009312,0.9570258689863689,0.5325326427750928,-0.0019688888678585674,0.0029493051565808114,-0.23104745301675628,0.1828409117497516,3.8259971434522244e-24,0.3767258434458604,0.5836400957365675,0.0,0.0,3.0,1.0,0.3330799007051592,0.0,1.1524089803607903e-28,0.2302820444704743,1.5120794490146758,0.0,0.0,4.0,2.0,6.0,3.0,1.7395145796099658,1.0
111.0,0.65,-0.5165435503009312,0.9570258689863689,0.5325326427750928,-0.0019688888678585674,0.0029493051565808114,-0.23104745301675628,0.1828409117497516,1.0065848549817628e-22,0.43171435214542714,0.6688306900113624,0.0,0.0,3.0,1.0,0.38169766170091796,1.0,1.7018683417378905e-28,0.23405345070618355,1.5368432810190982,0.0,0.0,4.0,2.0,6.0,3.0,1.768003192987243,1.0
111.0,0.7,-0.5165435503009312,0.9570258689863689,0.5325326427750928,-0.0019688888678585674,0.0029493051565808114,-0.23104745301675628,0.1828409117497516,4.240814337422403e-22,0.45837554531965213,0.7101353724677758,0.0,0.0,3.0,1.0,0.4052699961442493,1.0,2.2297225189535883e-28,0.23670290298977467,1.5542401317304735,0.0,0.0,4.0,2.0,6.0,3.0,1.788016741528927,1.0
111.0,0.75,-0.5165435503009312,0.9570258689863689,0.5325326427750928,-0.0019688888678585674,0.0029493051565808114,-0.23104745301675628,0.1828409117497516,4.837492330390869e-21,0.5073062730219303,0.7859409884016388,0.0,0.0,3.0,1.0,0.44853180631217365,1.0,3.796877855775674e-28,0.24201144766232588,1.5890971320754144,0.0,0.0,4.0,2.0,6.0,3.0,1.8281166584618656,1.0
111.0,0.8,-0.5165435503009312,0.9570258689863689,0.5325326427750928,-0.0019688888678585674,0.0029493051565808114,-0.23104745301675628,0.1828409117497516,3.1811295573406686e-20,0.548721457860031,0.8501031977758691,0.0,0.0,4.0,1.0,0.4851487942187727,1.0,6.264080801232234e-28,0.2471129601189934,1.622594716146101,0.0,0.0,4.0,2.0,6.0,3.0,1.8666526863872759,1.0
111.0,0.85,-0.5165435503009312,0.9570258689863689,0.5325326427750928,-0.0019688888678585674,0.0029493051565808114,-0.23104745301675628,0.1828409117497516,3.3670104683600127e-19,0.6054053296711158,0.9379203224730636,0.0,0.0,4.0,1.0,0.5352655003670023,1.0,1.0838258900393144e-27,0.25282292225363623,1.6600875064255116,0.0,0.0,4.0,2.0,6.0,3.0,1.909784848102585,1.0
111.0,0.9,-0.5165435503009312,0.9570258689863689,0.5325326427750928,-0.0019688888678585674,0.0029493051565808114,-0.23104745301675628,0.1828409117497516,9.968964139700226e-18,0.6971958690881759,1.080126226700558,0.0,0.0,4.0,1.0,0.6164215566520049,1.0,1.9003526438374157e-27,0.25880811625773475,1.699387525985324,0.0,0.0,4.0,2.0,6.0,3.0,1.9549960683514918,1.0
111.0,0.95,-0.5165435503009312,0.9570258689863689,0.5325326427750928,-0.0019688888678585674,0.0029493051565808114,-0.23104745301675628,0.1828409117497516,1.557373772455571e-16,0.7817971619070467,1.2111942367648558,0.0,0.0,5.0,2.0,0.6912212835671754,1.0,2.6004031944595256e-27,0.2622123617434418,1.721740504699644,0.0,0.0,4.0,2.0,6.0,3.0,1.9807112067965047,1.0
