seed,cw_alpha,ec1,ec2,ec3,ec4,ec5,ec6,bm,cw_energy_volume,cw_ec_volume,cw_ec_volume_red,cw_fullcov,cw_redcov,cw_cwfullcov,cw_cwredcov,cw_Mvol,cw_Mcov,mv_energy_volume,mv_ec_volume,mv_ec_volume_red,mv_fullcov,mv_redcov,mv_cwfullcov,mv_cwredcov,mv_cwfullcov_upper,mv_cwredcov_upper,mv_Mvol,mv_Mcov
112.0,0.4,0.9953393905919187,0.5913307904602809,0.02831636870261256,-0.004742054610759122,-0.0017528976371732191,-0.17125868396709293,0.35065770933238133,6.077363424779571e-16,0.8401382249482754,2.0545901395337602,1.0,1.0,6.0,3.0,1.0496188348812534,1.0,2.2160070768951098e-33,0.1840558251753665,1.543899565234832,0.0,1.0,6.0,3.0,6.0,3.0,1.729552254339146,1.0
112.0,0.45,0.9953393905919187,0.5913307904602809,0.02831636870261256,-0.004742054610759122,-0.0017528976371732191,-0.17125868396709293,0.35065770933238133,6.077363424779571e-16,0.8401382249482754,2.0545901395337602,1.0,1.0,6.0,3.0,1.0496188348812534,1.0,3.341025917333377e-33,0.1872315774068396,1.5705384531091673,0.0,1.0,6.0,3.0,6.0,3.0,1.7593944471952185,1.0
112.0,0.5,0.9953393905919187,0.5913307904602809,0.02831636870261256,-0.004742054610759122,-0.0017528976371732191,-0.17125868396709293,0.35065770933238133,6.077363424779571e-16,0.8401382249482754,2.0545901395337602,1.0,1.0,6.0,3.0,1.0496188348812534,1.0,5.721106451863076e-33,0.1914751582833173,1.6061345156841518,0.0,1.0,6.0,3.0,6.0,3.0,1.799270907852682,1.0
112.0,0.55,0.9953393905919187,0.5913307904602809,0.02831636870261256,-0.004742054610759122,-0.0017528976371732191,-0.17125868396709293,0.35065770933238133,4.358249418027506e-15,0.9120121299491906,2.2303605212632167,1.0,1.0,6.0,3.0,1.1394138259734288,1.0,1.0029088003819477e-32,0.1960062844315594,1.6441425694017118,0.0,1.0,6.0,3.0,6.0,3.0,1.8418493996603724,1.0
112.0,0.6,0.9953393905919187,0.5913307904602809,0.02831636870261256,-0.004742054610759122,-0.0017528976371732191,-0.17125868396709293,0.35065770933238133,4.358249418027506e-15,0.9120121299491906,2.2303605212632167,1.0,1.0,6.0,3.0,1.1394138259734288,1.0,1.4819088983290648e-32,0.19922094633943924,1.6711078399506,0.0,1.0,6.0,3.0,6.0,3.0,1.872057222446826,1.0
112.0,0.65,0.9953393905919187,0.5913307904602809,0.02831636870261256,-0.004742054610759122,-0.0017528976371732191,-0.17125868396709293,0.35065770933238133,4.358249418027506e-15,0.9120121299491906,2.2303605212632167,1.0,1.0,6.0,3.0,1.1394138259734288,1.0,2.405738301620258e-32,0.20328380695931922,1.7051879824218634,1.0,1.0,6.0,3.0,6.0,3.0,1.9102354748193537,1.0
112.0,0.7,0.9953393905919187,0.5913307904602809,0.02831636870261256,-0.004742054610759122,-0.0017528976371732191,-0.17125868396709293,0.35065770933238133,4.358249418027506e-15,0.9120121299491906,2.2303605212632167,1.0,1.0,6.0,3.0,1.1394138259734288,1.0,3.4147301946934174e-32,0.20627216131115722,1.7302549368644866,1.0,1.0,6.0,3.0,6.0,3.0,1.9383167105045662,1.0
112.0,0.75,0.9953393905919187,0.5913307904602809,0.02831636870261256,-0.004742054610759122,-0.0017528976371732191,-0.17125868396709293,0.35065770933238133,4.358249418027506e-15,0.9120121299491906,2.2303605212632167,1.0,1.0,6.0,3.0,1.1394138259734288,1.0,6.093321208664775e-32,0.21130982435795176,1.7725119302540477,1.0,1.0,6.0,3.0,6.0,3.0,1.985655073584805,1.0
112.0,0.8,0.9953393905919187,0.5913307904602809,0.02831636870261256,-0.004742054610759122,-0.0017528976371732191,-0.17125868396709293,0.35065770933238133,4.358249418027506e-15,0.9120121299491906,2.2303605212632167,1.0,1.0,6.0,3.0,1.1394138259734288,1.0,9.557954069118759e-32,0.21531087959186912,1.8060736359498057,1.0,1.0,6.0,3.0,6.0,3.0,2.0232525475738186,1.0
112.0,0.85,0.9953393905919187,0.5913307904602809,0.02831636870261256,-0.004742054610759122,-0.0017528976371732191,-0.17125868396709293,0.35065770933238133,4.358249418027506e-15,0.9120121299491906,2.2303605212632167,1.0,1.0,6.0,3.0,1.1394138259734288,1.0,1.9144506347324104e-31,0.22163377474711551,1.8591114307161993,1.0,1.0,6.0,3.0,6.0,3.0,2.0826680947823197,1.0
112.0,0.9,0.9953393905919187,0.5913307904602809,0.02831636870261256,-0.004742054610759122,-0.0017528976371732191,-0.17125868396709293,0.35065770933238133,4.358249418027506e-15,0.9120121299491906,2.2303605212632167,1.0,1.0,6.0,3.0,1.1394138259734288,1.0,4.518627658782039e-31,0.22970795872760336,1.9268394101225776,1.0,1.0,6.0,3.0,6.0,3.0,2.1585403095959292,1.0
112.0,0.95,0.9953393905919187,0.5913307904602809,0.02831636870261256,-0.004742054610759122,-0.0017528976371732191,-0.17125868396709293,0.35065770933238133,4.358249418027506e-15,0.9120121299491906,2.2303605212632167,1.0,1.0,6.0,3.0,1.1394138259734288,1.0,9.460552501727557e-31,0.2368903066827221,1.98708647850364,1.0,1.0,6.0,3.0,6.0,3.0,2.2260320398108675,1.0
113.0,0.4,-0.5511624896524758,0.9447629170300226,1.3426890813125278,-0.0008150848058586693,-0.0031314775124639525,0.20162024210826765,0.7114055576575268,1.6281682546247805e-14,0.9805878259950835,1.2941432221021634,1.0,1.0,6.0,3.0,2.059956152874819,1.0,5.098225520441634e-31,0.24859044660831492,1.4501931906598478,0.0,0.0,4.0,2.0,6.0,3.0,3.8524018502434516,1.0
113.0,0.45,-0.5511624896524758,0.9447629170300226,1.3426890813125278,-0.0008150848058586693,-0.0031314775124639525,0.20162024210826765,0.7114055576575268,1.6281682546247805e-14,0.9805878259950835,1.2941432221021634,1.0,1.0,6.0,3.0,2.059956152874819,1.0,6.889191404008358e-31,0.2517284596132388,1.4684993048087673,0.0,0.0,4.0,2.0,6.0,3.0,3.901031583490216,1.0
113.0,0.5,-0.5511624896524758,0.9447629170300226,1.3426890813125278,-0.0008150848058586693,-0.0031314775124639525,0.20162024210826765,0.7114055576575268,1.6281682546247805e-14,0.9805878259950835,1.2941432221021634,1.0,1.0,6.0,3.0,2.059956152874819,1.0,1.0481033976456322e-30,0.25616835523878795,1.4944001650037562,0.0,0.0,4.0,2.0,6.0,3.0,3.969836569185033,1.0
113.0,0.55,-0.5511624896524758,0.9447629170300226,1.3426890813125278,-0.0008150848058586693,-0.0031314775124639525,0.20162024210826765,0.7114055576575268,4.899259704220276e-12,1.2438111994840149,1.6415356082496073,1.0,1.0,6.0,3.0,2.612918971119831,1.0,2.1043327566261922e-30,0.2637171711285662,1.5384374220675805,0.0,1.0,4.0,2.0,6.0,3.0,4.0868204384274005,1.0
113.0,0.6,-0.5511624896524758,0.9447629170300226,1.3426890813125278,-0.0008150848058586693,-0.0031314775124639525,0.20162024210826765,0.7114055576575268,4.899259704220276e-12,1.2438111994840149,1.6415356082496073,1.0,1.0,6.0,3.0,2.612918971119831,1.0,3.0680298853380724e-30,0.2678928508254968,1.562796935256784,0.0,1.0,4.0,2.0,6.0,3.0,4.151530874447597,1.0
113.0,0.65,-0.5511624896524758,0.9447629170300226,1.3426890813125278,-0.0008150848058586693,-0.0031314775124639525,0.20162024210826765,0.7114055576575268,4.899259704220276e-12,1.2438111994840149,1.6415356082496073,1.0,1.0,6.0,3.0,2.612918971119831,1.0,4.050998375635654e-30,0.27101316869315917,1.5809998219168178,0.0,1.0,4.0,2.0,6.0,3.0,4.199886386458366,1.0
113.0,0.7,-0.5511624896524758,0.9447629170300226,1.3426890813125278,-0.0008150848058586693,-0.0031314775124639525,0.20162024210826765,0.7114055576575268,4.899259704220276e-12,1.2438111994840149,1.6415356082496073,1.0,1.0,6.0,3.0,2.612918971119831,1.0,5.630075438753614e-30,0.2747557142107901,1.6028325757472754,0.0,1.0,4.0,2.0,6.0,3.0,4.257884549595577,1.0
113.0,0.75,-0.5511624896524758,0.9447629170300226,1.3426890813125278,-0.0008150848058586693,-0.0031314775124639525,0.20162024210826765,0.7114055576575268,4.899259704220276e-12,1.2438111994840149,1.6415356082496073,1.0,1.0,6.0,3.0,2.612918971119831,1.0,8.979893083962118e-30,0.2801527821440061,1.634317257773735,0.0,1.0,5.0,3.0,6.0,3.0,4.341522817982336,1.0
113.0,0.8,-0.5511624896524758,0.9447629170300226,1.3426890813125278,-0.0008150848058586693,-0.0031314775124639525,0.20162024210826765,0.7114055576575268,4.899259704220276e-12,1.2438111994840149,1.6415356082496073,1.0,1.0,6.0,3.0,2.612918971119831,1.0,1.7889244544339562e-29,0.2883146039422371,1.6819305854645745,0.0,1.0,5.0,3.0,6.0,3.0,4.468006429182428,1.0
113.0,0.85,-0.5511624896524758,0.9447629170300226,1.3426890813125278,-0.0008150848058586693,-0.0031314775124639525,0.20162024210826765,0.7114055576575268,4.899259704220276e-12,1.2438111994840149,1.6415356082496073,1.0,1.0,6.0,3.0,2.612918971119831,1.0,3.7019697792960777e-29,0.29718485775085524,1.7336766676177264,0.0,1.0,5.0,3.0,6.0,3.0,4.605468598990952,1.0
113.0,0.9,-0.5511624896524758,0.9447629170300226,1.3426890813125278,-0.0008150848058586693,-0.0031314775124639525,0.20162024210826765,0.7114055576575268,4.899259704220276e-12,1.2438111994840149,1.6415356082496073,1.0,1.0,6.0,3.0,2.612918971119831,1.0,5.88227841451822e-29,0.3029747065369107,1.7674527012467154,0.0,1.0,5.0,3.0,6.0,3.0,4.695193785458694,1.0
113.0,0.95,-0.5511624896524758,0.9447629170300226,1.3426890813125278,-0.0008150848058586693,-0.0031314775124639525,0.20162024210826765,0.7114055576575268,4.899259704220276e-12,1.2438111994840149,1.6415356082496073,1.0,1.0,6.0,3.0,2.612918971119831,1.0,1.292921566878328e-28,0.3130815548416306,1.8264126604507411,0.0,1.0,5.0,3.0,6.0,3.0,4.851819438779077,1.0
114.0,0.4,-0.24548231507827567,0.10213929499580507,0.10073495320125975,-0.0034890655722502133,-0.00021625445874460123,0.18496543902130114,-0.014670469558585308,6.871054577727015e-20,0.40302608226248166,0.5643375839731866,1.0,1.0,6.0,3.0,0.43866362414017945,1.0,1.3541011104082407e-35,0.07931961178708072,0.581447636163269,0.0,0.0,4.0,2.0,6.0,3.0,0.8055206305332087,1.0
114.0,0.45,-0.24548231507827567,0.10213929499580507,0.10073495320125975,-0.0034890655722502133,-0.00021625445874460123,0.18496543902130114,-0.014670469558585308,6.871054577727015e-20,0.40302608226248166,0.5643375839731866,1.0,1.0,6.0,3.0,0.43866362414017945,1.0,2.301110728107349e-35,0.08109159591649794,0.5944370590834689,0.0,0.0,4.0,2.0,6.0,3.0,0.8235157989545379,1.0
114.0,0.5,-0.24548231507827567,0.10213929499580507,0.10073495320125975,-0.0034890655722502133,-0.00021625445874460123,0.18496543902130114,-0.014670469558585308,6.871054577727015e-20,0.40302608226248166,0.5643375839731866,1.0,1.0,6.0,3.0,0.43866362414017945,1.0,3.433143166794885e-35,0.08245473763956265,0.6044294873716847,0.0,0.0,4.0,2.0,6.0,3.0,0.8373590182483583,1.0
114.0,0.55,-0.24548231507827567,0.10213929499580507,0.10073495320125975,-0.0034890655722502133,-0.00021625445874460123,0.18496543902130114,-0.014670469558585308,3.0478630271959217e-18,0.47201629123348904,0.6609411775419692,1.0,1.0,6.0,3.0,0.5137542855869999,1.0,6.019631177451042e-35,0.08440675343348962,0.618738621563855,0.0,0.0,4.0,2.0,6.0,3.0,0.8571824762521062,1.0
114.0,0.6,-0.24548231507827567,0.10213929499580507,0.10073495320125975,-0.0034890655722502133,-0.00021625445874460123,0.18496543902130114,-0.014670469558585308,3.0478630271959217e-18,0.47201629123348904,0.6609411775419692,1.0,1.0,6.0,3.0,0.5137542855869999,1.0,7.779475585083224e-35,0.0853135566704777,0.6253858880687294,0.0,0.0,4.0,2.0,6.0,3.0,0.8663914057812747,1.0
114.0,0.65,-0.24548231507827567,0.10213929499580507,0.10073495320125975,-0.0034890655722502133,-0.00021625445874460123,0.18496543902130114,-0.014670469558585308,3.0478630271959217e-18,0.47201629123348904,0.6609411775419692,1.0,1.0,6.0,3.0,0.5137542855869999,1.0,1.3991115773322195e-34,0.08742566926926945,0.6408686022450758,0.0,0.0,4.0,2.0,6.0,3.0,0.8878407073348783,1.0
114.0,0.7,-0.24548231507827567,0.10213929499580507,0.10073495320125975,-0.0034890655722502133,-0.00021625445874460123,0.18496543902130114,-0.014670469558585308,3.0478630271959217e-18,0.47201629123348904,0.6609411775419692,1.0,1.0,6.0,3.0,0.5137542855869999,1.0,2.32932830127183e-34,0.08930238622134978,0.6546257628129288,0.0,0.0,4.0,2.0,6.0,3.0,0.9068994771461837,1.0
114.0,0.75,-0.24548231507827567,0.10213929499580507,0.10073495320125975,-0.0034890655722502133,-0.00021625445874460123,0.18496543902130114,-0.014670469558585308,3.0478630271959217e-18,0.47201629123348904,0.6609411775419692,1.0,1.0,6.0,3.0,0.5137542855869999,1.0,3.846281152423389e-34,0.09118816866236382,0.668449377401325,0.0,0.0,4.0,2.0,6.0,3.0,0.9260503104232265,1.0
114.0,0.8,-0.24548231507827567,0.10213929499580507,0.10073495320125975,-0.0034890655722502133,-0.00021625445874460123,0.18496543902130114,-0.014670469558585308,3.0478630271959217e-18,0.47201629123348904,0.6609411775419692,1.0,1.0,6.0,3.0,0.5137542855869999,1.0,6.081221737076233e-34,0.09294543607483659,0.6813309203144671,0.0,0.0,4.0,2.0,6.0,3.0,0.943896025022917,1.0
114.0,0.85,-0.24548231507827567,0.10213929499580507,0.10073495320125975,-0.0034890655722502133,-0.00021625445874460123,0.18496543902130114,-0.014670469558585308,3.0478630271959217e-18,0.47201629123348904,0.6609411775419692,1.0,1.0,6.0,3.0,0.5137542855869999,1.0,1.2585909196775397e-33,0.09580547074340112,0.7022962321700742,0.0,0.0,4.0,2.0,6.0,3.0,0.9729407578155223,1.0
114.0,0.9,-0.24548231507827567,0.10213929499580507,0.10073495320125975,-0.0034890655722502133,-0.00021625445874460123,0.18496543902130114,-0.014670469558585308,3.0478630271959217e-18,0.47201629123348904,0.6609411775419692,1.0,1.0,6.0,3.0,0.5137542855869999,1.0,3.092615006756442e-33,0.09946234520590787,0.7291027301352684,0.0,1.0,4.0,2.0,6.0,3.0,1.0100776998208163,1.0
114.0,0.95,-0.24548231507827567,0.10213929499580507,0.10073495320125975,-0.0034890655722502133,-0.00021625445874460123,0.18496543902130114,-0.014670469558585308,3.0478630271959217e-18,0.47201629123348904,0.6609411775419692,1.0,1.0,6.0,3.0,0.5137542855869999,1.0,8.399682180615585e-33,0.1036906037704868,0.7600977248417599,0.0,1.0,4.0,2.0,6.0,3.0,1.0530172632939667,1.0
115.0,0.4,0.10526503873182114,0.868172779262117,0.10188375951445683,0.00022630518428963883,0.0017557678859297524,0.25934933794728576,0.103011185920245,5.413799093868823e-18,0.6062375368944347,0.9319051488401721,0.0,0.0,4.0,1.0,0.6098597486165669,1.0,1.2259734263444169e-32,0.18643179442767557,1.1959054810192045,0.0,1.0,6.0,3.0,6.0,3.0,1.2485418224875005,1.0
115.0,0.45,0.10526503873182114,0.868172779262117,0.10188375951445683,0.00022630518428963883,0.0017557678859297524,0.25934933794728576,0.103011185920245,5.413799093868823e-18,0.6062375368944347,0.9319051488401721,0.0,0.0,4.0,1.0,0.6098597486165669,1.0,2.0903967960160827e-32,0.1906233654906638,1.2227931845018514,0.0,1.0,6.0,3.0,6.0,3.0,1.2766129559019213,1.0
115.0,0.5,0.10526503873182114,0.868172779262117,0.10188375951445683,0.00022630518428963883,0.0017557678859297524,0.25934933794728576,0.103011185920245,5.413799093868823e-18,0.6062375368944347,0.9319051488401721,0.0,0.0,4.0,1.0,0.6098597486165669,1.0,2.708227896891804e-32,0.19269117248839407,1.2360575621251373,0.0,1.0,6.0,3.0,6.0,3.0,1.2904611491536369,1.0
115.0,0.55,0.10526503873182114,0.868172779262117,0.10188375951445683,0.00022630518428963883,0.0017557678859297524,0.25934933794728576,0.103011185920245,6.205207805782549e-17,0.6710863648266511,1.0315904255979622,0.0,0.0,5.0,2.0,0.6750960421384362,1.0,4.4359473763224825e-32,0.1966939650329569,1.2617343065780935,1.0,1.0,6.0,3.0,6.0,3.0,1.3172680246330588,1.0
115.0,0.6,0.10526503873182114,0.868172779262117,0.10188375951445683,0.00022630518428963883,0.0017557678859297524,0.25934933794728576,0.103011185920245,6.205207805782549e-17,0.6710863648266511,1.0315904255979622,0.0,0.0,5.0,2.0,0.6750960421384362,1.0,5.209465969291515e-32,0.19801571240710142,1.2702129297341633,1.0,1.0,6.0,3.0,6.0,3.0,1.3261198241903633,1.0
115.0,0.65,0.10526503873182114,0.868172779262117,0.10188375951445683,0.00022630518428963883,0.0017557678859297524,0.25934933794728576,0.103011185920245,6.205207805782549e-17,0.6710863648266511,1.0315904255979622,0.0,0.0,5.0,2.0,0.6750960421384362,1.0,8.433271195742921e-32,0.20203026731463009,1.295965126308276,1.0,1.0,6.0,3.0,6.0,3.0,1.3530054727253102,1.0
115.0,0.7,0.10526503873182114,0.868172779262117,0.10188375951445683,0.00022630518428963883,0.0017557678859297524,0.25934933794728576,0.103011185920245,6.205207805782549e-17,0.6710863648266511,1.0315904255979622,0.0,0.0,5.0,2.0,0.6750960421384362,1.0,1.5626287902365055e-31,0.2072894797682752,1.329701437319318,1.0,1.0,6.0,3.0,6.0,3.0,1.3882266468918796,1.0
115.0,0.75,0.10526503873182114,0.868172779262117,0.10188375951445683,0.00022630518428963883,0.0017557678859297524,0.25934933794728576,0.103011185920245,6.205207805782549e-17,0.6710863648266511,1.0315904255979622,0.0,0.0,5.0,2.0,0.6750960421384362,1.0,3.0453349638317326e-31,0.21313334299136732,1.3671881121661535,1.0,1.0,6.0,3.0,6.0,3.0,1.4273632526480262,1.0
115.0,0.8,0.10526503873182114,0.868172779262117,0.10188375951445683,0.00022630518428963883,0.0017557678859297524,0.25934933794728576,0.103011185920245,6.205207805782549e-17,0.6710863648266511,1.0315904255979622,0.0,0.0,5.0,2.0,0.6750960421384362,1.0,5.8253615145519725e-31,0.21897190121370622,1.4046407569834172,1.0,1.0,6.0,3.0,6.0,3.0,1.466464330583778,1.0
115.0,0.85,0.10526503873182114,0.868172779262117,0.10188375951445683,0.00022630518428963883,0.0017557678859297524,0.25934933794728576,0.103011185920245,6.205207805782549e-17,0.6710863648266511,1.0315904255979622,0.0,0.0,5.0,2.0,0.6750960421384362,1.0,1.1074427130483126e-30,0.22491235964354925,1.4427470618539207,1.0,1.0,6.0,3.0,6.0,3.0,1.5062478386338745,1.0
115.0,0.9,0.10526503873182114,0.868172779262117,0.10188375951445683,0.00022630518428963883,0.0017557678859297524,0.25934933794728576,0.103011185920245,6.205207805782549e-17,0.6710863648266511,1.0315904255979622,0.0,0.0,5.0,2.0,0.6750960421384362,1.0,1.9039897832951213e-30,0.23004844107025135,1.4756935233092214,1.0,1.0,6.0,3.0,6.0,3.0,1.5406443989664327,1.0
115.0,0.95,0.10526503873182114,0.868172779262117,0.10188375951445683,0.00022630518428963883,0.0017557678859297524,0.25934933794728576,0.103011185920245,6.205207805782549e-17,0.6710863648266511,1.0315904255979622,0.0,0.0,5.0,2.0,0.6750960421384362,1.0,5.372779232663608e-30,0.2402102639952262,1.5408786478231544,1.0,1.0,6.0,3.0,6.0,3.0,1.608698568339701,1.0
116.0,0.4,-0.5828084934673119,-0.9348597498932051,-1.5161504888513728,-0.0005464481566736494,-0.37961187387514017,-0.37291025367125935,-1.2050361570566857,5.642258333867668e-11,1.3733806970606712,1.5972142266914844,0.0,0.0,4.0,2.0,1.1771754377306607,0.0,8.263987292575548e-25,0.4778988083220841,1.5173512441420216,0.0,0.0,3.0,1.0,5.0,3.0,1.9473624402366128,0.0
116.0,0.45,-0.5828084934673119,-0.9348597498932051,-1.5161504888513728,-0.0005464481566736494,-0.37961187387514017,-0.37291025367125935,-1.2050361570566857,5.642258333867668e-11,1.3733806970606712,1.5972142266914844,0.0,0.0,4.0,2.0,1.1771754377306607,0.0,1.6901362833692324e-24,0.49236040217634514,1.5632674863358098,0.0,0.0,3.0,1.0,5.0,3.0,2.006291159470338,0.0
116.0,0.5,-0.5828084934673119,-0.9348597498932051,-1.5161504888513728,-0.0005464481566736494,-0.37961187387514017,-0.37291025367125935,-1.2050361570566857,5.642258333867668e-11,1.3733806970606712,1.5972142266914844,0.0,0.0,4.0,2.0,1.1771754377306607,0.0,2.4171593815428786e-24,0.49975532793370925,1.5867467242055808,0.0,0.0,3.0,1.0,5.0,3.0,2.036424318242569,0.0
116.0,0.55,-0.5828084934673119,-0.9348597498932051,-1.5161504888513728,-0.0005464481566736494,-0.37961187387514017,-0.37291025367125935,-1.2050361570566857,6.3134202813469796e-9,1.6716990461903298,1.9441524881165746,0.0,1.0,5.0,3.0,1.4328751384555793,0.0,3.810077177274454e-24,0.5093214338990164,1.6171195615830507,0.0,0.0,3.0,1.0,5.0,3.0,2.0754046946983467,0.0
116.0,0.6,-0.5828084934673119,-0.9348597498932051,-1.5161504888513728,-0.0005464481566736494,-0.37961187387514017,-0.37291025367125935,-1.2050361570566857,6.3134202813469796e-9,1.6716990461903298,1.9441524881165746,0.0,1.0,5.0,3.0,1.4328751384555793,0.0,5.2640885123690656e-24,0.5162279465511511,1.6390480648203642,0.0,0.0,3.0,1.0,5.0,3.0,2.103547646925006,0.0
116.0,0.65,-0.5828084934673119,-0.9348597498932051,-1.5161504888513728,-0.0005464481566736494,-0.37961187387514017,-0.37291025367125935,-1.2050361570566857,6.3134202813469796e-9,1.6716990461903298,1.9441524881165746,0.0,1.0,5.0,3.0,1.4328751384555793,0.0,1.0045501697857739e-23,0.5303165701387196,1.6837801088359212,0.0,0.0,3.0,1.0,5.0,3.0,2.1609565710137484,0.0
116.0,0.7,-0.5828084934673119,-0.9348597498932051,-1.5161504888513728,-0.0005464481566736494,-0.37961187387514017,-0.37291025367125935,-1.2050361570566857,6.3134202813469796e-9,1.6716990461903298,1.9441524881165746,0.0,1.0,5.0,3.0,1.4328751384555793,0.0,1.7457909978015843e-23,0.5426703033918872,1.7230037942585874,0.0,0.0,3.0,1.0,5.0,3.0,2.2112960899976666,0.0
116.0,0.75,-0.5828084934673119,-0.9348597498932051,-1.5161504888513728,-0.0005464481566736494,-0.37961187387514017,-0.37291025367125935,-1.2050361570566857,6.3134202813469796e-9,1.6716990461903298,1.9441524881165746,0.0,1.0,5.0,3.0,1.4328751384555793,0.0,3.2356619009060567e-23,0.5568029273088019,1.7678755413939546,0.0,0.0,3.0,1.0,5.0,3.0,2.268884308504461,0.0
116.0,0.8,-0.5828084934673119,-0.9348597498932051,-1.5161504888513728,-0.0005464481566736494,-0.37961187387514017,-0.37291025367125935,-1.2050361570566857,6.3134202813469796e-9,1.6716990461903298,1.9441524881165746,0.0,1.0,5.0,3.0,1.4328751384555793,0.0,4.858585410581381e-23,0.566314423206823,1.798074989233522,0.0,0.0,4.0,2.0,5.0,3.0,2.3076421575296626,0.0
116.0,0.85,-0.5828084934673119,-0.9348597498932051,-1.5161504888513728,-0.0005464481566736494,-0.37961187387514017,-0.37291025367125935,-1.2050361570566857,6.3134202813469796e-9,1.6716990461903298,1.9441524881165746,0.0,1.0,5.0,3.0,1.4328751384555793,0.0,9.237842907993279e-23,0.5816813680829178,1.8468657635990637,0.0,0.0,5.0,3.0,6.0,3.0,2.3702600397084446,0.0
116.0,0.9,-0.5828084934673119,-0.9348597498932051,-1.5161504888513728,-0.0005464481566736494,-0.37961187387514017,-0.37291025367125935,-1.2050361570566857,6.3134202813469796e-9,1.6716990461903298,1.9441524881165746,0.0,1.0,5.0,3.0,1.4328751384555793,0.0,1.758642471884677e-22,0.597496607961611,1.8970798957300787,0.0,0.0,5.0,3.0,6.0,3.0,2.4347046534776906,1.0
116.0,0.95,-0.5828084934673119,-0.9348597498932051,-1.5161504888513728,-0.0005464481566736494,-0.37961187387514017,-0.37291025367125935,-1.2050361570566857,6.3134202813469796e-9,1.6716990461903298,1.9441524881165746,0.0,1.0,5.0,3.0,1.4328751384555793,0.0,5.226826410662817e-22,0.6252393444745229,1.985164391926187,0.0,0.0,5.0,3.0,6.0,3.0,2.5477519390825853,1.0
117.0,0.4,-0.09051563778044613,0.8959973278329123,1.4762941340306837,-0.002647796489745728,-0.004954340094471386,0.1590738681952235,0.9540245434269738,2.1514474155883387e-15,0.8592927145846954,1.1324044335700303,0.0,1.0,5.0,3.0,1.7836032343960513,0.0,6.157472258773846e-32,0.21412735492359738,1.279377747248294,0.0,1.0,4.0,2.0,6.0,3.0,3.1158975090556504,1.0
117.0,0.45,-0.09051563778044613,0.8959973278329123,1.4762941340306837,-0.002647796489745728,-0.004954340094471386,0.1590738681952235,0.9540245434269738,2.1514474155883387e-15,0.8592927145846954,1.1324044335700303,0.0,1.0,5.0,3.0,1.7836032343960513,0.0,1.239030971979704e-31,0.22045780196720868,1.317201186857959,0.0,1.0,4.0,2.0,6.0,3.0,3.208015698165281,1.0
117.0,0.5,-0.09051563778044613,0.8959973278329123,1.4762941340306837,-0.002647796489745728,-0.004954340094471386,0.1590738681952235,0.9540245434269738,2.1514474155883387e-15,0.8592927145846954,1.1324044335700303,0.0,1.0,5.0,3.0,1.7836032343960513,0.0,2.078756742680896e-31,0.22526248420871842,1.3459084183304624,0.0,1.0,4.0,2.0,6.0,3.0,3.277931554705263,1.0
117.0,0.55,-0.09051563778044613,0.8959973278329123,1.4762941340306837,-0.002647796489745728,-0.004954340094471386,0.1590738681952235,0.9540245434269738,5.1805583186180756e-14,0.9810919357993438,1.2929154861692669,0.0,1.0,5.0,3.0,2.0364175329675946,1.0,2.9973246003462413e-31,0.22872358896171882,1.3665879826180989,0.0,1.0,4.0,2.0,6.0,3.0,3.3282961971971257,1.0
117.0,0.6,-0.09051563778044613,0.8959973278329123,1.4762941340306837,-0.002647796489745728,-0.004954340094471386,0.1590738681952235,0.9540245434269738,5.1805583186180756e-14,0.9810919357993438,1.2929154861692669,0.0,1.0,5.0,3.0,2.0364175329675946,1.0,4.418191964750385e-31,0.2324514397809485,1.3888613132950012,0.0,1.0,4.0,2.0,6.0,3.0,3.382542424102198,1.0
117.0,0.65,-0.09051563778044613,0.8959973278329123,1.4762941340306837,-0.002647796489745728,-0.004954340094471386,0.1590738681952235,0.9540245434269738,5.1805583186180756e-14,0.9810919357993438,1.2929154861692669,0.0,1.0,5.0,3.0,2.0364175329675946,1.0,8.996072907204364e-31,0.23944140739337014,1.4306252860508848,0.0,1.0,4.0,2.0,6.0,3.0,3.484257698545745,1.0
117.0,0.7,-0.09051563778044613,0.8959973278329123,1.4762941340306837,-0.002647796489745728,-0.004954340094471386,0.1590738681952235,0.9540245434269738,5.1805583186180756e-14,0.9810919357993438,1.2929154861692669,0.0,1.0,5.0,3.0,2.0364175329675946,1.0,1.2060898620874349e-30,0.24238432788247546,1.4482087797013148,0.0,1.0,4.0,2.0,6.0,3.0,3.527081926326564,1.0
117.0,0.75,-0.09051563778044613,0.8959973278329123,1.4762941340306837,-0.002647796489745728,-0.004954340094471386,0.1590738681952235,0.9540245434269738,5.1805583186180756e-14,0.9810919357993438,1.2929154861692669,0.0,1.0,5.0,3.0,2.0364175329675946,1.0,1.9299688241808735e-30,0.24717904227524373,1.4768564548230083,0.0,1.0,4.0,2.0,6.0,3.0,3.596852734630762,1.0
117.0,0.8,-0.09051563778044613,0.8959973278329123,1.4762941340306837,-0.002647796489745728,-0.004954340094471386,0.1590738681952235,0.9540245434269738,5.1805583186180756e-14,0.9810919357993438,1.2929154861692669,0.0,1.0,5.0,3.0,2.0364175329675946,1.0,3.500008249603312e-30,0.25338637635651706,1.5139443135702042,0.0,1.0,4.0,2.0,6.0,3.0,3.687179432070319,1.0
117.0,0.85,-0.09051563778044613,0.8959973278329123,1.4762941340306837,-0.002647796489745728,-0.004954340094471386,0.1590738681952235,0.9540245434269738,5.1805583186180756e-14,0.9810919357993438,1.2929154861692669,0.0,1.0,5.0,3.0,2.0364175329675946,1.0,6.372667188896667e-30,0.25979279431876096,1.5522216676401273,0.0,1.0,4.0,2.0,6.0,3.0,3.780403120270491,1.0
117.0,0.9,-0.09051563778044613,0.8959973278329123,1.4762941340306837,-0.002647796489745728,-0.004954340094471386,0.1590738681952235,0.9540245434269738,5.1805583186180756e-14,0.9810919357993438,1.2929154861692669,0.0,1.0,5.0,3.0,2.0364175329675946,1.0,1.3311370736679106e-29,0.2678898950365438,1.600600589050032,0.0,1.0,4.0,2.0,6.0,3.0,3.898228962588088,1.0
117.0,0.95,-0.09051563778044613,0.8959973278329123,1.4762941340306837,-0.002647796489745728,-0.004954340094471386,0.1590738681952235,0.9540245434269738,5.1805583186180756e-14,0.9810919357993438,1.2929154861692669,0.0,1.0,5.0,3.0,2.0364175329675946,1.0,4.5201242913034506e-29,0.2818891209528244,1.6842437934522985,0.0,1.0,4.0,2.0,6.0,3.0,4.101940222071075,1.0
118.0,0.4,0.008640696039901918,0.13272409788891198,-0.009369860852380285,-0.0013172409820674488,-0.0016738580102502313,-0.09693345973195239,-0.0033660085549528374,1.0686833252299695e-13,0.7805091672663046,1.4063022009847905,1.0,1.0,6.0,3.0,0.600944543590708,1.0,2.3385220300684352e-30,0.19649721094642456,1.359550745835409,1.0,1.0,6.0,3.0,6.0,3.0,1.0505726844040355,1.0
118.0,0.45,0.008640696039901918,0.13272409788891198,-0.009369860852380285,-0.0013172409820674488,-0.0016738580102502313,-0.09693345973195239,-0.0033660085549528374,1.0686833252299695e-13,0.7805091672663046,1.4063022009847905,1.0,1.0,6.0,3.0,0.600944543590708,1.0,3.572917742439831e-30,0.19999836952447844,1.383775022267399,1.0,1.0,6.0,3.0,6.0,3.0,1.0692916349079855,1.0
118.0,0.5,0.008640696039901918,0.13272409788891198,-0.009369860852380285,-0.0013172409820674488,-0.0016738580102502313,-0.09693345973195239,-0.0033660085549528374,1.0686833252299695e-13,0.7805091672663046,1.4063022009847905,1.0,1.0,6.0,3.0,0.600944543590708,1.0,5.255798819612794e-30,0.2032405882554156,1.4062077116301452,1.0,1.0,6.0,3.0,6.0,3.0,1.0866261630632699,1.0
118.0,0.55,0.008640696039901918,0.13272409788891198,-0.009369860852380285,-0.0013172409820674488,-0.0016738580102502313,-0.09693345973195239,-0.0033660085549528374,5.098256779181655e-13,0.8330131737919737,1.5009026272631607,1.0,1.0,6.0,3.0,0.6413694323191276,1.0,6.909434518440666e-30,0.20557040922847977,1.4223275833898315,1.0,1.0,6.0,3.0,6.0,3.0,1.099082554999134,1.0
118.0,0.6,0.008640696039901918,0.13272409788891198,-0.009369860852380285,-0.0013172409820674488,-0.0016738580102502313,-0.09693345973195239,-0.0033660085549528374,5.098256779181655e-13,0.8330131737919737,1.5009026272631607,1.0,1.0,6.0,3.0,0.6413694323191276,1.0,8.860096424263123e-30,0.20771144708641395,1.4371412777043522,1.0,1.0,6.0,3.0,6.0,3.0,1.1105296176774635,1.0
118.0,0.65,0.008640696039901918,0.13272409788891198,-0.009369860852380285,-0.0013172409820674488,-0.0016738580102502313,-0.09693345973195239,-0.0033660085549528374,5.098256779181655e-13,0.8330131737919737,1.5009026272631607,1.0,1.0,6.0,3.0,0.6413694323191276,1.0,1.2865436199419708e-29,0.2109647284091963,1.4596505083824767,1.0,1.0,6.0,3.0,6.0,3.0,1.127923291999532,1.0
118.0,0.7,0.008640696039901918,0.13272409788891198,-0.009369860852380285,-0.0013172409820674488,-0.0016738580102502313,-0.09693345973195239,-0.0033660085549528374,5.098256779181655e-13,0.8330131737919737,1.5009026272631607,1.0,1.0,6.0,3.0,0.6413694323191276,1.0,1.8806497766680728e-29,0.21432853379255143,1.4829244474666936,1.0,1.0,6.0,3.0,6.0,3.0,1.1459078834061125,1.0
118.0,0.75,0.008640696039901918,0.13272409788891198,-0.009369860852380285,-0.0013172409820674488,-0.0016738580102502313,-0.09693345973195239,-0.0033660085549528374,5.098256779181655e-13,0.8330131737919737,1.5009026272631607,1.0,1.0,6.0,3.0,0.6413694323191276,1.0,3.114502265889493e-29,0.21888114732014888,1.5144236686878696,1.0,1.0,6.0,3.0,6.0,3.0,1.170248439649663,1.0
118.0,0.8,0.008640696039901918,0.13272409788891198,-0.009369860852380285,-0.0013172409820674488,-0.0016738580102502313,-0.09693345973195239,-0.0033660085549528374,5.098256779181655e-13,0.8330131737919737,1.5009026272631607,1.0,1.0,6.0,3.0,0.6413694323191276,1.0,4.781823081497774e-29,0.22282652734701186,1.5417214829025871,1.0,1.0,6.0,3.0,6.0,3.0,1.1913424209120518,1.0
118.0,0.85,0.008640696039901918,0.13272409788891198,-0.009369860852380285,-0.0013172409820674488,-0.0016738580102502313,-0.09693345973195239,-0.0033660085549528374,5.098256779181655e-13,0.8330131737919737,1.5009026272631607,1.0,1.0,6.0,3.0,0.6413694323191276,1.0,6.527324441629327e-29,0.22573442554062859,1.5618410313628601,1.0,1.0,6.0,3.0,6.0,3.0,1.2068895037257332,1.0
118.0,0.9,0.008640696039901918,0.13272409788891198,-0.009369860852380285,-0.0013172409820674488,-0.0016738580102502313,-0.09693345973195239,-0.0033660085549528374,5.098256779181655e-13,0.8330131737919737,1.5009026272631607,1.0,1.0,6.0,3.0,0.6413694323191276,1.0,1.462742384613022e-28,0.23345283715401358,1.6152441927365013,1.0,1.0,6.0,3.0,6.0,3.0,1.2481560050106797,1.0
118.0,0.95,0.008640696039901918,0.13272409788891198,-0.009369860852380285,-0.0013172409820674488,-0.0016738580102502313,-0.09693345973195239,-0.0033660085549528374,5.098256779181655e-13,0.8330131737919737,1.5009026272631607,1.0,1.0,6.0,3.0,0.6413694323191276,1.0,2.763801301845708e-28,0.23972497393949385,1.6586406776209932,1.0,1.0,6.0,3.0,6.0,3.0,1.2816899953809961,1.0
119.0,0.4,-0.29865708943407876,0.48984927736457573,0.011791259207828308,-0.0035996481373238125,-0.0030438345904703133,-0.19272308558794643,-0.09169119033947404,3.161596766259626e-17,0.660887262043831,1.442926779467142,1.0,1.0,6.0,3.0,0.4627140709977558,1.0,1.1198754967409292e-32,0.19392105079496103,1.595045158679735,0.0,1.0,6.0,3.0,6.0,3.0,0.9039649668561026,1.0
119.0,0.45,-0.29865708943407876,0.48984927736457573,0.011791259207828308,-0.0035996481373238125,-0.0030438345904703133,-0.19272308558794643,-0.09169119033947404,3.161596766259626e-17,0.660887262043831,1.442926779467142,1.0,1.0,6.0,3.0,0.4627140709977558,1.0,1.6941569501236455e-32,0.1972949420493534,1.6227961887467108,0.0,1.0,6.0,3.0,6.0,3.0,0.9196923955362288,1.0
119.0,0.5,-0.29865708943407876,0.48984927736457573,0.011791259207828308,-0.0035996481373238125,-0.0030438345904703133,-0.19272308558794643,-0.09169119033947404,3.161596766259626e-17,0.660887262043831,1.442926779467142,1.0,1.0,6.0,3.0,0.4627140709977558,1.0,2.430515880349901e-32,0.20028433639557222,1.6473846434800878,0.0,1.0,6.0,3.0,6.0,3.0,0.9336274879360564,1.0
119.0,0.55,-0.29865708943407876,0.48984927736457573,0.011791259207828308,-0.0035996481373238125,-0.0030438345904703133,-0.19272308558794643,-0.09169119033947404,3.1000339083875605e-16,0.7268389850130171,1.5869203358415507,1.0,1.0,6.0,3.0,0.5088895565563871,1.0,4.0119596448303476e-32,0.20451071780216,1.6821476007437615,0.0,1.0,6.0,3.0,6.0,3.0,0.9533288082025555,1.0
119.0,0.6,-0.29865708943407876,0.48984927736457573,0.011791259207828308,-0.0035996481373238125,-0.0030438345904703133,-0.19272308558794643,-0.09169119033947404,3.1000339083875605e-16,0.7268389850130171,1.5869203358415507,1.0,1.0,6.0,3.0,0.5088895565563871,1.0,4.7716086892932376e-32,0.20599369006502952,1.6943453880321946,0.0,1.0,6.0,3.0,6.0,3.0,0.9602416986131519,1.0
119.0,0.65,-0.29865708943407876,0.48984927736457573,0.011791259207828308,-0.0035996481373238125,-0.0030438345904703133,-0.19272308558794643,-0.09169119033947404,3.1000339083875605e-16,0.7268389850130171,1.5869203358415507,1.0,1.0,6.0,3.0,0.5088895565563871,1.0,6.683942396824594e-32,0.20890680110519064,1.7183063950618978,1.0,1.0,6.0,3.0,6.0,3.0,0.97382119559954,1.0
119.0,0.7,-0.29865708943407876,0.48984927736457573,0.011791259207828308,-0.0035996481373238125,-0.0030438345904703133,-0.19272308558794643,-0.09169119033947404,3.1000339083875605e-16,0.7268389850130171,1.5869203358415507,1.0,1.0,6.0,3.0,0.5088895565563871,1.0,9.082539597666347e-32,0.2115931094236891,1.740401897641824,1.0,1.0,6.0,3.0,6.0,3.0,0.9863434493731352,1.0
119.0,0.75,-0.29865708943407876,0.48984927736457573,0.011791259207828308,-0.0035996481373238125,-0.0030438345904703133,-0.19272308558794643,-0.09169119033947404,3.1000339083875605e-16,0.7268389850130171,1.5869203358415507,1.0,1.0,6.0,3.0,0.5088895565563871,1.0,1.0997836525154922e-31,0.2132868199304237,1.754333055362439,1.0,1.0,6.0,3.0,6.0,3.0,0.9942386982685376,1.0
119.0,0.8,-0.29865708943407876,0.48984927736457573,0.011791259207828308,-0.0035996481373238125,-0.0030438345904703133,-0.19272308558794643,-0.09169119033947404,3.1000339083875605e-16,0.7268389850130171,1.5869203358415507,1.0,1.0,6.0,3.0,0.5088895565563871,1.0,1.563002659024007e-31,0.21643352765014412,1.780215448705218,1.0,1.0,6.0,3.0,6.0,3.0,1.008907108572123,1.0
119.0,0.85,-0.29865708943407876,0.48984927736457573,0.011791259207828308,-0.0035996481373238125,-0.0030438345904703133,-0.19272308558794643,-0.09169119033947404,3.1000339083875605e-16,0.7268389850130171,1.5869203358415507,1.0,1.0,6.0,3.0,0.5088895565563871,1.0,2.5160509073370144e-31,0.22076972967353334,1.8158817057521501,1.0,1.0,6.0,3.0,6.0,3.0,1.0291203587700037,1.0
119.0,0.9,-0.29865708943407876,0.48984927736457573,0.011791259207828308,-0.0035996481373238125,-0.0030438345904703133,-0.19272308558794643,-0.09169119033947404,3.1000339083875605e-16,0.7268389850130171,1.5869203358415507,1.0,1.0,6.0,3.0,0.5088895565563871,1.0,4.767011474312295e-31,0.22672694771219634,1.864881191639919,1.0,1.0,6.0,3.0,6.0,3.0,1.0568899917458912,1.0
119.0,0.95,-0.29865708943407876,0.48984927736457573,0.011791259207828308,-0.0035996481373238125,-0.0030438345904703133,-0.19272308558794643,-0.09169119033947404,3.1000339083875605e-16,0.7268389850130171,1.5869203358415507,1.0,1.0,6.0,3.0,0.5088895565563871,1.0,1.4285277228774073e-30,0.2373357955982344,1.9521414008354978,1.0,1.0,6.0,3.0,6.0,3.0,1.1063432449557435,1.0
120.0,0.4,0.03565643662547835,1.0433398181407307,1.9636771327137814,-0.004071157945665334,0.0005677120679963046,0.03242387139232189,1.321003900684347,1.8153165936464382e-16,0.8392260896025246,1.0478730388088648,0.0,0.0,4.0,2.0,2.2677077289698744,0.0,5.845614301196378e-32,0.2576607392169427,1.3274808217103435,0.0,1.0,4.0,2.0,6.0,3.0,4.411041949581479,1.0
120.0,0.45,0.03565643662547835,1.0433398181407307,1.9636771327137814,-0.004071157945665334,0.0005677120679963046,0.03242387139232189,1.321003900684347,1.8153165936464382e-16,0.8392260896025246,1.0478730388088648,0.0,0.0,4.0,2.0,2.2677077289698744,0.0,6.952761629142485e-32,0.2595295902506893,1.337109234302311,0.0,1.0,4.0,2.0,6.0,3.0,4.443035882116281,1.0
120.0,0.5,0.03565643662547835,1.0433398181407307,1.9636771327137814,-0.004071157945665334,0.0005677120679963046,0.03242387139232189,1.321003900684347,1.8153165936464382e-16,0.8392260896025246,1.0478730388088648,0.0,0.0,4.0,2.0,2.2677077289698744,0.0,8.993488397120628e-32,0.2623276080780256,1.351524759988843,1.0,1.0,4.0,2.0,6.0,3.0,4.490936753818997,1.0
120.0,0.55,0.03565643662547835,1.0433398181407307,1.9636771327137814,-0.004071157945665334,0.0005677120679963046,0.03242387139232189,1.321003900684347,5.3637347741538613e-14,1.063694951886195,1.3281489641564204,1.0,1.0,6.0,3.0,2.8742543797714966,1.0,1.225192156587826e-31,0.265728927011449,1.3690485226946472,1.0,1.0,4.0,2.0,6.0,3.0,4.549165883118373,1.0
120.0,0.6,0.03565643662547835,1.0433398181407307,1.9636771327137814,-0.004071157945665334,0.0005677120679963046,0.03242387139232189,1.321003900684347,5.3637347741538613e-14,1.063694951886195,1.3281489641564204,1.0,1.0,6.0,3.0,2.8742543797714966,1.0,1.524900521637264e-31,0.2681629173051638,1.381588560594698,1.0,1.0,4.0,2.0,6.0,3.0,4.590834758722314,1.0
120.0,0.65,0.03565643662547835,1.0433398181407307,1.9636771327137814,-0.004071157945665334,0.0005677120679963046,0.03242387139232189,1.321003900684347,5.3637347741538613e-14,1.063694951886195,1.3281489641564204,1.0,1.0,6.0,3.0,2.8742543797714966,1.0,2.6070211265407166e-31,0.2742224551614999,1.412807598144463,1.0,1.0,4.0,2.0,6.0,3.0,4.694571462112236,1.0
120.0,0.7,0.03565643662547835,1.0433398181407307,1.9636771327137814,-0.004071157945665334,0.0005677120679963046,0.03242387139232189,1.321003900684347,5.3637347741538613e-14,1.063694951886195,1.3281489641564204,1.0,1.0,6.0,3.0,2.8742543797714966,1.0,3.7961314439114244e-31,0.2785498166751438,1.4351023778436431,1.0,1.0,4.0,2.0,6.0,3.0,4.768654045379279,1.0
120.0,0.75,0.03565643662547835,1.0433398181407307,1.9636771327137814,-0.004071157945665334,0.0005677120679963046,0.03242387139232189,1.321003900684347,5.3637347741538613e-14,1.063694951886195,1.3281489641564204,1.0,1.0,6.0,3.0,2.8742543797714966,1.0,6.450622845835436e-31,0.2847718526516925,1.4671586137139672,1.0,1.0,4.0,2.0,6.0,3.0,4.875172647273276,1.0
120.0,0.8,0.03565643662547835,1.0433398181407307,1.9636771327137814,-0.004071157945665334,0.0005677120679963046,0.03242387139232189,1.321003900684347,5.3637347741538613e-14,1.063694951886195,1.3281489641564204,1.0,1.0,6.0,3.0,2.8742543797714966,1.0,1.057266691716613e-30,0.2906953031651823,1.4976765225692519,1.0,1.0,4.0,2.0,6.0,3.0,4.976579593402052,1.0
120.0,0.85,0.03565643662547835,1.0433398181407307,1.9636771327137814,-0.004071157945665334,0.0005677120679963046,0.03242387139232189,1.321003900684347,5.3637347741538613e-14,1.063694951886195,1.3281489641564204,1.0,1.0,6.0,3.0,2.8742543797714966,1.0,2.062375424509377e-30,0.2989021097425663,1.539958394351785,1.0,1.0,4.0,2.0,6.0,3.0,5.117076621373633,1.0
120.0,0.9,0.03565643662547835,1.0433398181407307,1.9636771327137814,-0.004071157945665334,0.0005677120679963046,0.03242387139232189,1.321003900684347,5.3637347741538613e-14,1.063694951886195,1.3281489641564204,1.0,1.0,6.0,3.0,2.8742543797714966,1.0,3.0230020690577896e-30,0.3037026586106783,1.5646910586120408,1.0,1.0,4.0,2.0,6.0,3.0,5.199259970309963,1.0
120.0,0.95,0.03565643662547835,1.0433398181407307,1.9636771327137814,-0.004071157945665334,0.0005677120679963046,0.03242387139232189,1.321003900684347,5.3637347741538613e-14,1.063694951886195,1.3281489641564204,1.0,1.0,6.0,3.0,2.8742543797714966,1.0,1.1585837969781435e-29,0.32118897959715664,1.6547814457714005,1.0,1.0,5.0,2.0,6.0,3.0,5.498618326765891,1.0
121.0,0.4,3.263538734882597,-0.07270156671377159,-0.07318485262444724,-0.008442296354903492,0.00291613896983975,0.07193584672938663,1.0390566765445675,2.3407694425277658e-18,0.6768834447558946,1.271958996173226,1.0,1.0,6.0,3.0,2.339772261880247,1.0,2.046554150798175e-34,0.1331733324896244,1.541188193747287,0.0,1.0,4.0,2.0,6.0,3.0,4.468593518987549,1.0
121.0,0.45,3.263538734882597,-0.07270156671377159,-0.07318485262444724,-0.008442296354903492,0.00291613896983975,0.07193584672938663,1.0390566765445675,2.3407694425277658e-18,0.6768834447558946,1.271958996173226,1.0,1.0,6.0,3.0,2.339772261880247,1.0,2.8425282642622408e-34,0.13500887928358182,1.5624306076377574,0.0,1.0,4.0,2.0,6.0,3.0,4.5301847726863,1.0
121.0,0.5,3.263538734882597,-0.07270156671377159,-0.07318485262444724,-0.008442296354903492,0.00291613896983975,0.07193584672938663,1.0390566765445675,2.3407694425277658e-18,0.6768834447558946,1.271958996173226,1.0,1.0,6.0,3.0,2.339772261880247,1.0,4.6509058474273525e-34,0.13780723859724206,1.5948154571827067,0.0,1.0,4.0,2.0,6.0,3.0,4.624082928263317,1.0
121.0,0.55,3.263538734882597,-0.07270156671377159,-0.07318485262444724,-0.008442296354903492,0.00291613896983975,0.07193584672938663,1.0390566765445675,1.8630041779226825e-17,0.7379883824453494,1.3867837504301952,1.0,1.0,6.0,3.0,2.5509927303041233,1.0,6.8839517574722234e-34,0.14007733639719147,1.6210868424707956,0.0,1.0,4.0,2.0,6.0,3.0,4.700255418105547,1.0
121.0,0.6,3.263538734882597,-0.07270156671377159,-0.07318485262444724,-0.008442296354903492,0.00291613896983975,0.07193584672938663,1.0390566765445675,1.8630041779226825e-17,0.7379883824453494,1.3867837504301952,1.0,1.0,6.0,3.0,2.5509927303041233,1.0,8.357792477507462e-34,0.14121422551614848,1.6342438315990269,0.0,1.0,4.0,2.0,6.0,3.0,4.738403411054319,1.0
121.0,0.65,3.263538734882597,-0.07270156671377159,-0.07318485262444724,-0.008442296354903492,0.00291613896983975,0.07193584672938663,1.0390566765445675,1.8630041779226825e-17,0.7379883824453494,1.3867837504301952,1.0,1.0,6.0,3.0,2.5509927303041233,1.0,1.1885152663273177e-33,0.14330120127471882,1.6583959823308254,0.0,1.0,4.0,2.0,6.0,3.0,4.808431292573002,1.0
121.0,0.7,3.263538734882597,-0.07270156671377159,-0.07318485262444724,-0.008442296354903492,0.00291613896983975,0.07193584672938663,1.0390566765445675,1.8630041779226825e-17,0.7379883824453494,1.3867837504301952,1.0,1.0,6.0,3.0,2.5509927303041233,1.0,1.883821795243353e-33,0.14607793634067182,1.6905305788060192,0.0,1.0,4.0,2.0,6.0,3.0,4.901603852632124,1.0
121.0,0.75,3.263538734882597,-0.07270156671377159,-0.07318485262444724,-0.008442296354903492,0.00291613896983975,0.07193584672938663,1.0390566765445675,1.8630041779226825e-17,0.7379883824453494,1.3867837504301952,1.0,1.0,6.0,3.0,2.5509927303041233,1.0,3.317537744701864e-33,0.14956338778962863,1.7308670074482189,0.0,1.0,6.0,3.0,6.0,3.0,5.018557190544336,1.0
121.0,0.8,3.263538734882597,-0.07270156671377159,-0.07318485262444724,-0.008442296354903492,0.00291613896983975,0.07193584672938663,1.0390566765445675,1.8630041779226825e-17,0.7379883824453494,1.3867837504301952,1.0,1.0,6.0,3.0,2.5509927303041233,1.0,5.372132888466358e-33,0.15259749824558186,1.7659801575498322,1.0,1.0,6.0,3.0,6.0,3.0,5.120365909046002,1.0
121.0,0.85,3.263538734882597,-0.07270156671377159,-0.07318485262444724,-0.008442296354903492,0.00291613896983975,0.07193584672938663,1.0390566765445675,1.8630041779226825e-17,0.7379883824453494,1.3867837504301952,1.0,1.0,6.0,3.0,2.5509927303041233,1.0,1.219881105752259e-32,0.1579020839995008,1.8273690616481573,1.0,1.0,6.0,3.0,6.0,3.0,5.298359784229103,1.0
121.0,0.9,3.263538734882597,-0.07270156671377159,-0.07318485262444724,-0.008442296354903492,0.00291613896983975,0.07193584672938663,1.0390566765445675,1.8630041779226825e-17,0.7379883824453494,1.3867837504301952,1.0,1.0,6.0,3.0,2.5509927303041233,1.0,2.015360282860919e-32,0.1612399524861172,1.8659975423483388,1.0,1.0,6.0,3.0,6.0,3.0,5.410361017566782,1.0
121.0,0.95,3.263538734882597,-0.07270156671377159,-0.07318485262444724,-0.008442296354903492,0.00291613896983975,0.07193584672938663,1.0390566765445675,1.8630041779226825e-17,0.7379883824453494,1.3867837504301952,1.0,1.0,6.0,3.0,2.5509927303041233,1.0,8.25929708599405e-32,0.17100045311610695,1.978953853156099,1.0,1.0,6.0,3.0,6.0,3.0,5.737871856575369,1.0
122.0,0.4,-0.7058955114346677,0.074608195162639,0.12207649894781925,0.0029557719722336155,-0.00023361840194104417,0.02304986356647043,-0.15391383784634305,3.2413328791857275e-15,0.6346809899224419,0.931311666781941,1.0,1.0,6.0,3.0,0.6599457928508018,1.0,2.0970767446294033e-31,0.1414558524699747,0.8758707527984853,0.0,1.0,6.0,3.0,6.0,3.0,1.3290481224137134,1.0
122.0,0.45,-0.7058955114346677,0.074608195162639,0.12207649894781925,0.0029557719722336155,-0.00023361840194104417,0.02304986356647043,-0.15391383784634305,3.2413328791857275e-15,0.6346809899224419,0.931311666781941,1.0,1.0,6.0,3.0,0.6599457928508018,1.0,2.835570033122421e-31,0.14324528611010803,0.8869506237412531,0.0,1.0,6.0,3.0,6.0,3.0,1.3458607418852762,1.0
122.0,0.5,-0.7058955114346677,0.074608195162639,0.12207649894781925,0.0029557719722336155,-0.00023361840194104417,0.02304986356647043,-0.15391383784634305,3.2413328791857275e-15,0.6346809899224419,0.931311666781941,1.0,1.0,6.0,3.0,0.6599457928508018,1.0,4.073925442880896e-31,0.14542448516350323,0.9004438563086375,0.0,1.0,6.0,3.0,6.0,3.0,1.366335401361775,1.0
122.0,0.55,-0.7058955114346677,0.074608195162639,0.12207649894781925,0.0029557719722336155,-0.00023361840194104417,0.02304986356647043,-0.15391383784634305,1.1285782465371725e-14,0.6685452776442796,0.9810030971908804,1.0,1.0,6.0,3.0,0.6951581193026257,1.0,6.541046234034156e-31,0.14832201751457405,0.9183848873602093,0.0,1.0,6.0,3.0,6.0,3.0,1.3935591596127186,1.0
122.0,0.6,-0.7058955114346677,0.074608195162639,0.12207649894781925,0.0029557719722336155,-0.00023361840194104417,0.02304986356647043,-0.15391383784634305,1.1285782465371725e-14,0.6685452776442796,0.9810030971908804,1.0,1.0,6.0,3.0,0.6951581193026257,1.0,7.850661656366704e-31,0.14945418627101556,0.925395085126398,0.0,1.0,6.0,3.0,6.0,3.0,1.4041964484468688,1.0
122.0,0.65,-0.7058955114346677,0.074608195162639,0.12207649894781925,0.0029557719722336155,-0.00023361840194104417,0.02304986356647043,-0.15391383784634305,1.1285782465371725e-14,0.6685452776442796,0.9810030971908804,1.0,1.0,6.0,3.0,0.6951581193026257,1.0,1.0752511937757513e-30,0.15142580949415588,0.9376030432033072,0.0,1.0,6.0,3.0,6.0,3.0,1.4227208297083507,1.0
122.0,0.7,-0.7058955114346677,0.074608195162639,0.12207649894781925,0.0029557719722336155,-0.00023361840194104417,0.02304986356647043,-0.15391383784634305,1.1285782465371725e-14,0.6685452776442796,0.9810030971908804,1.0,1.0,6.0,3.0,0.6951581193026257,1.0,1.6268285097184444e-30,0.1540610655821278,0.9539201039207396,0.0,1.0,6.0,3.0,6.0,3.0,1.4474803719587628,1.0
122.0,0.75,-0.7058955114346677,0.074608195162639,0.12207649894781925,0.0029557719722336155,-0.00023361840194104417,0.02304986356647043,-0.15391383784634305,1.1285782465371725e-14,0.6685452776442796,0.9810030971908804,1.0,1.0,6.0,3.0,0.6951581193026257,1.0,2.4933194893449272e-30,0.15682648331719704,0.9710431035783996,0.0,1.0,6.0,3.0,6.0,3.0,1.4734628476521145,1.0
122.0,0.8,-0.7058955114346677,0.074608195162639,0.12207649894781925,0.0029557719722336155,-0.00023361840194104417,0.02304986356647043,-0.15391383784634305,1.1285782465371725e-14,0.6685452776442796,0.9810030971908804,1.0,1.0,6.0,3.0,0.6951581193026257,1.0,4.1561840662149235e-30,0.16020126422377173,0.991939177099281,0.0,1.0,6.0,3.0,6.0,3.0,1.5051705935609851,1.0
122.0,0.85,-0.7058955114346677,0.074608195162639,0.12207649894781925,0.0029557719722336155,-0.00023361840194104417,0.02304986356647043,-0.15391383784634305,1.1285782465371725e-14,0.6685452776442796,0.9810030971908804,1.0,1.0,6.0,3.0,0.6951581193026257,1.0,8.11623170572216e-30,0.16473153994140077,1.0199898793777653,0.0,1.0,6.0,3.0,6.0,3.0,1.5477347881941437,1.0
122.0,0.9,-0.7058955114346677,0.074608195162639,0.12207649894781925,0.0029557719722336155,-0.00023361840194104417,0.02304986356647043,-0.15391383784634305,1.1285782465371725e-14,0.6685452776442796,0.9810030971908804,1.0,1.0,6.0,3.0,0.6951581193026257,1.0,1.0811622132771389e-29,0.1667115832083271,1.0322499729440209,0.0,1.0,6.0,3.0,6.0,3.0,1.5663382799568124,1.0
122.0,0.95,-0.7058955114346677,0.074608195162639,0.12207649894781925,0.0029557719722336155,-0.00023361840194104417,0.02304986356647043,-0.15391383784634305,1.1285782465371725e-14,0.6685452776442796,0.9810030971908804,1.0,1.0,6.0,3.0,0.6951581193026257,1.0,2.4364846008312253e-29,0.17245222804434174,1.0677950764252369,0.0,1.0,6.0,3.0,6.0,3.0,1.6202744947370986,1.0
123.0,0.4,-0.5876991656961303,0.5379815812537129,1.1624974124553433,-0.004128683176132789,-0.0010878184666302027,-0.011071322180727983,0.5790988864048523,3.2643906383764313e-12,1.2976431577291738,1.5756381990764392,1.0,1.0,6.0,3.0,3.915551722585503,1.0,2.5191185072689996e-30,0.30915387727620836,1.289627857020158,0.0,1.0,5.0,2.0,6.0,3.0,5.369404359137922,1.0
123.0,0.45,-0.5876991656961303,0.5379815812537129,1.1624974124553433,-0.004128683176132789,-0.0010878184666302027,-0.011071322180727983,0.5790988864048523,3.2643906383764313e-12,1.2976431577291738,1.5756381990764392,1.0,1.0,6.0,3.0,3.915551722585503,1.0,4.4751061942891736e-30,0.3166451293411344,1.3208774322543613,0.0,1.0,6.0,3.0,6.0,3.0,5.49951290523543,1.0
123.0,0.5,-0.5876991656961303,0.5379815812537129,1.1624974124553433,-0.004128683176132789,-0.0010878184666302027,-0.011071322180727983,0.5790988864048523,3.2643906383764313e-12,1.2976431577291738,1.5756381990764392,1.0,1.0,6.0,3.0,3.915551722585503,1.0,9.087515375817547e-30,0.3261303533044465,1.3604448126182618,0.0,1.0,6.0,3.0,6.0,3.0,5.664252883089577,1.0
123.0,0.55,-0.5876991656961303,0.5379815812537129,1.1624974124553433,-0.004128683176132789,-0.0010878184666302027,-0.011071322180727983,0.5790988864048523,3.812384201484632e-12,1.3060607761421308,1.5858591300293785,1.0,1.0,6.0,3.0,3.9409513249959214,1.0,2.0134034966840028e-29,0.3371215047639833,1.4062941327944485,0.0,1.0,6.0,3.0,6.0,3.0,5.855147906237083,1.0
123.0,0.6,-0.5876991656961303,0.5379815812537129,1.1624974124553433,-0.004128683176132789,-0.0010878184666302027,-0.011071322180727983,0.5790988864048523,3.812384201484632e-12,1.3060607761421308,1.5858591300293785,1.0,1.0,6.0,3.0,3.9409513249959214,1.0,2.4503775438625512e-29,0.3398918213468416,1.4178504408359194,0.0,1.0,6.0,3.0,6.0,3.0,5.903262942241959,1.0
123.0,0.65,-0.5876991656961303,0.5379815812537129,1.1624974124553433,-0.004128683176132789,-0.0010878184666302027,-0.011071322180727983,0.5790988864048523,3.812384201484632e-12,1.3060607761421308,1.5858591300293785,1.0,1.0,6.0,3.0,3.9409513249959214,1.0,4.656447886765211e-29,0.349106783048191,1.4562904287672906,0.0,1.0,6.0,3.0,6.0,3.0,6.063308987804921,1.0
123.0,0.7,-0.5876991656961303,0.5379815812537129,1.1624974124553433,-0.004128683176132789,-0.0010878184666302027,-0.011071322180727983,0.5790988864048523,3.812384201484632e-12,1.3060607761421308,1.5858591300293785,1.0,1.0,6.0,3.0,3.9409513249959214,1.0,6.546006278618956e-29,0.3540965456465664,1.4771051017174637,0.0,1.0,6.0,3.0,6.0,3.0,6.149971504487001,1.0
123.0,0.75,-0.5876991656961303,0.5379815812537129,1.1624974124553433,-0.004128683176132789,-0.0010878184666302027,-0.011071322180727983,0.5790988864048523,3.812384201484632e-12,1.3060607761421308,1.5858591300293785,1.0,1.0,6.0,3.0,3.9409513249959214,1.0,9.418352573850522e-29,0.35950502240831417,1.4996664305853027,0.0,1.0,6.0,3.0,6.0,3.0,6.24390627560061,1.0
123.0,0.8,-0.5876991656961303,0.5379815812537129,1.1624974124553433,-0.004128683176132789,-0.0010878184666302027,-0.011071322180727983,0.5790988864048523,3.812384201484632e-12,1.3060607761421308,1.5858591300293785,1.0,1.0,6.0,3.0,3.9409513249959214,1.0,1.4499647469472e-28,0.3660265312369271,1.5268707455668291,0.0,1.0,6.0,3.0,6.0,3.0,6.357172259003513,1.0
123.0,0.85,-0.5876991656961303,0.5379815812537129,1.1624974124553433,-0.004128683176132789,-0.0010878184666302027,-0.011071322180727983,0.5790988864048523,3.812384201484632e-12,1.3060607761421308,1.5858591300293785,1.0,1.0,6.0,3.0,3.9409513249959214,1.0,2.876027339585885e-28,0.37662202554127217,1.5710695915724826,1.0,1.0,6.0,3.0,6.0,3.0,6.541195483315665,1.0
123.0,0.9,-0.5876991656961303,0.5379815812537129,1.1624974124553433,-0.004128683176132789,-0.0010878184666302027,-0.011071322180727983,0.5790988864048523,3.812384201484632e-12,1.3060607761421308,1.5858591300293785,1.0,1.0,6.0,3.0,3.9409513249959214,1.0,5.45824796240214e-28,0.3868119583403587,1.6135766476529232,1.0,1.0,6.0,3.0,6.0,3.0,6.718174889405581,1.0
123.0,0.95,-0.5876991656961303,0.5379815812537129,1.1624974124553433,-0.004128683176132789,-0.0010878184666302027,-0.011071322180727983,0.5790988864048523,3.812384201484632e-12,1.3060607761421308,1.5858591300293785,1.0,1.0,6.0,3.0,3.9409513249959214,1.0,2.77228967332207e-27,0.41391161603606025,1.7266222086143446,1.0,1.0,6.0,3.0,6.0,3.0,7.188843481513983,1.0
124.0,0.4,-0.4133425552706258,0.19406588542692052,0.18738948563483457,-0.005050779814463925,-0.0013205563776137405,0.0023557944332914804,-0.012854194666985452,4.804058832915401e-18,0.4645263455693191,0.6447413195265533,1.0,1.0,6.0,3.0,0.5384861847696281,1.0,3.3389930278384486e-35,0.0821188370762498,0.6957261759045662,0.0,1.0,4.0,2.0,6.0,3.0,1.0132844222787327,1.0
124.0,0.45,-0.4133425552706258,0.19406588542692052,0.18738948563483457,-0.005050779814463925,-0.0013205563776137405,0.0023557944332914804,-0.012854194666985452,4.804058832915401e-18,0.4645263455693191,0.6447413195265533,1.0,1.0,6.0,3.0,0.5384861847696281,1.0,4.116454638734016e-35,0.08283819292536368,0.7018206934578757,0.0,1.0,4.0,2.0,6.0,3.0,1.022160730102057,1.0
124.0,0.5,-0.4133425552706258,0.19406588542692052,0.18738948563483457,-0.005050779814463925,-0.0013205563776137405,0.0023557944332914804,-0.012854194666985452,4.804058832915401e-18,0.4645263455693191,0.6447413195265533,1.0,1.0,6.0,3.0,0.5384861847696281,1.0,5.631769450442088e-35,0.08392712514561512,0.7110463312821348,0.0,1.0,4.0,2.0,6.0,3.0,1.035597331191204,1.0
124.0,0.55,-0.4133425552706258,0.19406588542692052,0.18738948563483457,-0.005050779814463925,-0.0013205563776137405,0.0023557944332914804,-0.012854194666985452,1.0915712253234837e-16,0.5290891311028587,0.7343515126495879,1.0,1.0,6.0,3.0,0.6133283727136646,1.0,8.695609657112986e-35,0.08546001781053857,0.7240332851871089,0.0,1.0,4.0,2.0,6.0,3.0,1.0545120688286844,1.0
124.0,0.6,-0.4133425552706258,0.19406588542692052,0.18738948563483457,-0.005050779814463925,-0.0013205563776137405,0.0023557944332914804,-0.012854194666985452,1.0915712253234837e-16,0.5290891311028587,0.7343515126495879,1.0,1.0,6.0,3.0,0.6133283727136646,1.0,1.1974444844848061e-34,0.08660695813799046,0.7337503785656712,0.0,1.0,4.0,2.0,6.0,3.0,1.0686644461451231,1.0
124.0,0.65,-0.4133425552706258,0.19406588542692052,0.18738948563483457,-0.005050779814463925,-0.0013205563776137405,0.0023557944332914804,-0.012854194666985452,1.0915712253234837e-16,0.5290891311028587,0.7343515126495879,1.0,1.0,6.0,3.0,0.6133283727136646,1.0,1.9627585016690324e-34,0.08840868487920286,0.7490149451416053,0.0,1.0,4.0,2.0,6.0,3.0,1.0908963932241884,1.0
124.0,0.7,-0.4133425552706258,0.19406588542692052,0.18738948563483457,-0.005050779814463925,-0.0013205563776137405,0.0023557944332914804,-0.012854194666985452,1.0915712253234837e-16,0.5290891311028587,0.7343515126495879,1.0,1.0,6.0,3.0,0.6133283727136646,1.0,2.929960423455422e-34,0.08989690029736373,0.7616233850399672,0.0,1.0,4.0,2.0,6.0,3.0,1.1092598473829123,1.0
124.0,0.75,-0.4133425552706258,0.19406588542692052,0.18738948563483457,-0.005050779814463925,-0.0013205563776137405,0.0023557944332914804,-0.012854194666985452,1.0915712253234837e-16,0.5290891311028587,0.7343515126495879,1.0,1.0,6.0,3.0,0.6133283727136646,1.0,5.319834221107316e-34,0.09215903068721931,0.7807885776019413,0.0,1.0,4.0,2.0,6.0,3.0,1.137172827727186,1.0
124.0,0.8,-0.4133425552706258,0.19406588542692052,0.18738948563483457,-0.005050779814463925,-0.0013205563776137405,0.0023557944332914804,-0.012854194666985452,1.0915712253234837e-16,0.5290891311028587,0.7343515126495879,1.0,1.0,6.0,3.0,0.6133283727136646,1.0,7.205047938090576e-34,0.09333123527662145,0.7907197145419993,0.0,1.0,4.0,2.0,6.0,3.0,1.1516369469531065,1.0
124.0,0.85,-0.4133425552706258,0.19406588542692052,0.18738948563483457,-0.005050779814463925,-0.0013205563776137405,0.0023557944332914804,-0.012854194666985452,1.0915712253234837e-16,0.5290891311028587,0.7343515126495879,1.0,1.0,6.0,3.0,0.6133283727136646,1.0,1.0747246160332794e-33,0.09489926759085175,0.8040043781406968,0.0,1.0,4.0,2.0,6.0,3.0,1.1709852813208215,1.0
124.0,0.9,-0.4133425552706258,0.19406588542692052,0.18738948563483457,-0.005050779814463925,-0.0013205563776137405,0.0023557944332914804,-0.012854194666985452,1.0915712253234837e-16,0.5290891311028587,0.7343515126495879,1.0,1.0,6.0,3.0,0.6133283727136646,1.0,3.5318720636583887e-33,0.09972231479428953,0.8448661378358477,0.0,1.0,4.0,2.0,6.0,3.0,1.2304980407942752,1.0
124.0,0.95,-0.4133425552706258,0.19406588542692052,0.18738948563483457,-0.005050779814463925,-0.0013205563776137405,0.0023557944332914804,-0.012854194666985452,1.0915712253234837e-16,0.5290891311028587,0.7343515126495879,1.0,1.0,6.0,3.0,0.6133283727136646,1.0,6.476696390832296e-33,0.1022739921033625,0.8664844261554374,0.0,1.0,4.0,2.0,6.0,3.0,1.2619838114167325,1.0
125.0,0.4,-0.2448065682091347,0.510039241276765,1.9619578417782777,-0.0028597511344212474,0.018199735227133012,0.5046440971261857,1.2263700384491403,2.680190594405685e-10,1.5804116387554044,1.7766434263600952,1.0,1.0,6.0,3.0,6.402738723063656,1.0,6.686008727716184e-27,0.526740871757315,1.582775867727323,1.0,1.0,6.0,3.0,6.0,3.0,9.115408170849761,1.0
125.0,0.45,-0.2448065682091347,0.510039241276765,1.9619578417782777,-0.0028597511344212474,0.018199735227133012,0.5046440971261857,1.2263700384491403,2.680190594405685e-10,1.5804116387554044,1.7766434263600952,1.0,1.0,6.0,3.0,6.402738723063656,1.0,1.1278800386037465e-26,0.5383433470239468,1.6176395337964882,1.0,1.0,6.0,3.0,6.0,3.0,9.31619247204647,1.0
125.0,0.5,-0.2448065682091347,0.510039241276765,1.9619578417782777,-0.0028597511344212474,0.018199735227133012,0.5046440971261857,1.2263700384491403,2.680190594405685e-10,1.5804116387554044,1.7766434263600952,1.0,1.0,6.0,3.0,6.402738723063656,1.0,1.3955841676723166e-26,0.5431418040277334,1.6320581641992942,1.0,1.0,6.0,3.0,6.0,3.0,9.399231204229649,1.0
125.0,0.55,-0.2448065682091347,0.510039241276765,1.9619578417782777,-0.0028597511344212474,0.018199735227133012,0.5046440971261857,1.2263700384491403,1.7421594626780686e-9,1.708606203042404,1.9207552668138623,1.0,1.0,6.0,3.0,6.922094744443654,1.0,2.3067049774884263e-26,0.5546338836033715,1.6665901080783376,1.0,1.0,6.0,3.0,6.0,3.0,9.598105075008544,1.0
125.0,0.6,-0.2448065682091347,0.510039241276765,1.9619578417782777,-0.0028597511344212474,0.018199735227133012,0.5046440971261857,1.2263700384491403,1.7421594626780686e-9,1.708606203042404,1.9207552668138623,1.0,1.0,6.0,3.0,6.922094744443654,1.0,3.059474878073823e-26,0.5611991650048317,1.686317775939771,1.0,1.0,6.0,3.0,6.0,3.0,9.711719231303537,1.0
125.0,0.65,-0.2448065682091347,0.510039241276765,1.9619578417782777,-0.0028597511344212474,0.018199735227133012,0.5046440971261857,1.2263700384491403,1.7421594626780686e-9,1.708606203042404,1.9207552668138623,1.0,1.0,6.0,3.0,6.922094744443654,1.0,6.09717082639523e-26,0.5775577433298928,1.7354728052748845,1.0,1.0,6.0,3.0,6.0,3.0,9.99480931700406,1.0
125.0,0.7,-0.2448065682091347,0.510039241276765,1.9619578417782777,-0.0028597511344212474,0.018199735227133012,0.5046440971261857,1.2263700384491403,1.7421594626780686e-9,1.708606203042404,1.9207552668138623,1.0,1.0,6.0,3.0,6.922094744443654,1.0,7.902622871296143e-26,0.583833303505002,1.7543299051017796,1.0,1.0,6.0,3.0,6.0,3.0,10.103409760911147,1.0
125.0,0.75,-0.2448065682091347,0.510039241276765,1.9619578417782777,-0.0028597511344212474,0.018199735227133012,0.5046440971261857,1.2263700384491403,1.7421594626780686e-9,1.708606203042404,1.9207552668138623,1.0,1.0,6.0,3.0,6.922094744443654,1.0,1.1913551663038488e-25,0.5939047260416856,1.7845929915631853,1.0,1.0,6.0,3.0,6.0,3.0,10.277698737152324,1.0
125.0,0.8,-0.2448065682091347,0.510039241276765,1.9619578417782777,-0.0028597511344212474,0.018199735227133012,0.5046440971261857,1.2263700384491403,1.7421594626780686e-9,1.708606203042404,1.9207552668138623,1.0,1.0,6.0,3.0,6.922094744443654,1.0,1.862958687887431e-25,0.6050717313449403,1.8181481369040196,1.0,1.0,6.0,3.0,6.0,3.0,10.470947100518568,1.0
125.0,0.85,-0.2448065682091347,0.510039241276765,1.9619578417782777,-0.0028597511344212474,0.018199735227133012,0.5046440971261857,1.2263700384491403,1.7421594626780686e-9,1.708606203042404,1.9207552668138623,1.0,1.0,6.0,3.0,6.922094744443654,1.0,4.568981642423069e-25,0.628117467870448,1.8873970552666361,1.0,1.0,6.0,3.0,6.0,3.0,10.869760456936161,1.0
125.0,0.9,-0.2448065682091347,0.510039241276765,1.9619578417782777,-0.0028597511344212474,0.018199735227133012,0.5046440971261857,1.2263700384491403,1.7421594626780686e-9,1.708606203042404,1.9207552668138623,1.0,1.0,6.0,3.0,6.922094744443654,1.0,9.338978448402405e-25,0.6471091433611811,1.9444641394178166,1.0,1.0,6.0,3.0,6.0,3.0,11.19841707583267,1.0
125.0,0.95,-0.2448065682091347,0.510039241276765,1.9619578417782777,-0.0028597511344212474,0.018199735227133012,0.5046440971261857,1.2263700384491403,1.7421594626780686e-9,1.708606203042404,1.9207552668138623,1.0,1.0,6.0,3.0,6.922094744443654,1.0,2.908164890112436e-24,0.6784729255459443,2.0387075145276388,1.0,1.0,6.0,3.0,6.0,3.0,11.741176697735456,1.0
126.0,0.4,4.432565534779291,1.1427220409391083,-0.014627652435354854,-0.0031771414360191484,0.003010008360598101,0.18844235076226834,1.4677704099695275,2.0856132723075087e-17,0.8897120507482452,2.0531069312090695,0.0,0.0,4.0,1.0,2.7906831091889703,0.0,2.464952416607059e-31,0.3014733245916217,2.600843444586229,1.0,1.0,6.0,3.0,6.0,3.0,5.51681285564662,1.0
126.0,0.45,4.432565534779291,1.1427220409391083,-0.014627652435354854,-0.0031771414360191484,0.003010008360598101,0.18844235076226834,1.4677704099695275,2.0856132723075087e-17,0.8897120507482452,2.0531069312090695,0.0,0.0,4.0,1.0,2.7906831091889703,0.0,3.300682532321128e-31,0.305163104364144,2.6326755794735557,1.0,1.0,6.0,3.0,6.0,3.0,5.58433400204035,1.0
126.0,0.5,4.432565534779291,1.1427220409391083,-0.014627652435354854,-0.0031771414360191484,0.003010008360598101,0.18844235076226834,1.4677704099695275,2.0856132723075087e-17,0.8897120507482452,2.0531069312090695,0.0,0.0,4.0,1.0,2.7906831091889703,0.0,4.556809233814534e-31,0.3092913231144929,2.6682901755218373,1.0,1.0,6.0,3.0,6.0,3.0,5.659878365057204,1.0
126.0,0.55,4.432565534779291,1.1427220409391083,-0.014627652435354854,-0.0031771414360191484,0.003010008360598101,0.18844235076226834,1.4677704099695275,7.905518172620471e-16,1.0352100897795087,2.3888594167027626,1.0,1.0,6.0,3.0,3.2470542683782693,1.0,8.551945490779835e-31,0.31751158280494857,2.739207257680529,1.0,1.0,6.0,3.0,6.0,3.0,5.810305055042096,1.0
126.0,0.6,4.432565534779291,1.1427220409391083,-0.014627652435354854,-0.0031771414360191484,0.003010008360598101,0.18844235076226834,1.4677704099695275,7.905518172620471e-16,1.0352100897795087,2.3888594167027626,1.0,1.0,6.0,3.0,3.2470542683782693,1.0,1.1898184127491358e-30,0.3219105645237639,2.777157755562003,1.0,1.0,6.0,3.0,6.0,3.0,5.890804246574183,1.0
126.0,0.65,4.432565534779291,1.1427220409391083,-0.014627652435354854,-0.0031771414360191484,0.003010008360598101,0.18844235076226834,1.4677704099695275,7.905518172620471e-16,1.0352100897795087,2.3888594167027626,1.0,1.0,6.0,3.0,3.2470542683782693,1.0,1.662213604646633e-30,0.32642655813282145,2.8161177278574665,1.0,1.0,6.0,3.0,6.0,3.0,5.973444697871869,1.0
126.0,0.7,4.432565534779291,1.1427220409391083,-0.014627652435354854,-0.0031771414360191484,0.003010008360598101,0.18844235076226834,1.4677704099695275,7.905518172620471e-16,1.0352100897795087,2.3888594167027626,1.0,1.0,6.0,3.0,3.2470542683782693,1.0,2.5730777200702255e-30,0.3324240263951342,2.867858544512737,1.0,1.0,6.0,3.0,6.0,3.0,6.08319540319772,1.0
126.0,0.75,4.432565534779291,1.1427220409391083,-0.014627652435354854,-0.0031771414360191484,0.003010008360598101,0.18844235076226834,1.4677704099695275,7.905518172620471e-16,1.0352100897795087,2.3888594167027626,1.0,1.0,6.0,3.0,3.2470542683782693,1.0,5.310717245095127e-30,0.34261385141173384,2.955767282812565,1.0,1.0,6.0,3.0,6.0,3.0,6.269664165316285,1.0
126.0,0.8,4.432565534779291,1.1427220409391083,-0.014627652435354854,-0.0031771414360191484,0.003010008360598101,0.18844235076226834,1.4677704099695275,7.905518172620471e-16,1.0352100897795087,2.3888594167027626,1.0,1.0,6.0,3.0,3.2470542683782693,1.0,7.301628758945951e-30,0.34718905356179625,2.9952380536867897,1.0,1.0,6.0,3.0,6.0,3.0,6.353388103654235,1.0
126.0,0.85,4.432565534779291,1.1427220409391083,-0.014627652435354854,-0.0031771414360191484,0.003010008360598101,0.18844235076226834,1.4677704099695275,7.905518172620471e-16,1.0352100897795087,2.3888594167027626,1.0,1.0,6.0,3.0,3.2470542683782693,1.0,1.1669954638652075e-29,0.3540392535759498,3.0543354807147027,1.0,1.0,6.0,3.0,6.0,3.0,6.478743378629312,1.0
126.0,0.9,4.432565534779291,1.1427220409391083,-0.014627652435354854,-0.0031771414360191484,0.003010008360598101,0.18844235076226834,1.4677704099695275,7.905518172620471e-16,1.0352100897795087,2.3888594167027626,1.0,1.0,6.0,3.0,3.2470542683782693,1.0,3.171246871756594e-29,0.3690977971777486,3.1842471883750987,1.0,1.0,6.0,3.0,6.0,3.0,6.754307284796638,1.0
126.0,0.95,4.432565534779291,1.1427220409391083,-0.014627652435354854,-0.0031771414360191484,0.003010008360598101,0.18844235076226834,1.4677704099695275,7.905518172620471e-16,1.0352100897795087,2.3888594167027626,1.0,1.0,6.0,3.0,3.2470542683782693,1.0,8.495861601861447e-29,0.38456862015768123,3.317715675460042,1.0,1.0,6.0,3.0,6.0,3.0,7.037415699840462,1.0
127.0,0.4,1.1796084568071232,0.9376948852428683,0.8949260122982894,-0.0033040410044865355,-0.0023852391709841348,-0.14192938300268804,0.989820493801234,2.4921138395931587e-16,0.9245913489587858,1.630374587563127,0.0,0.0,5.0,2.0,1.7188620149961402,0.0,2.91119864805365e-32,0.21505920193146555,1.5620417970786984,0.0,1.0,4.0,2.0,6.0,3.0,3.5825484238804917,1.0
127.0,0.45,1.1796084568071232,0.9376948852428683,0.8949260122982894,-0.0033040410044865355,-0.0023852391709841348,-0.14192938300268804,0.989820493801234,2.4921138395931587e-16,0.9245913489587858,1.630374587563127,0.0,0.0,5.0,2.0,1.7188620149961402,0.0,3.716814669457299e-32,0.21725952427204434,1.5780234218227789,0.0,1.0,4.0,2.0,6.0,3.0,3.6192023371400692,1.0
127.0,0.5,1.1796084568071232,0.9376948852428683,0.8949260122982894,-0.0033040410044865355,-0.0023852391709841348,-0.14192938300268804,0.989820493801234,2.4921138395931587e-16,0.9245913489587858,1.630374587563127,0.0,0.0,5.0,2.0,1.7188620149961402,0.0,5.335904208193067e-32,0.22055760514896577,1.6019784078621067,0.0,1.0,4.0,2.0,6.0,3.0,3.674143182922667,1.0
127.0,0.55,1.1796084568071232,0.9376948852428683,0.8949260122982894,-0.0033040410044865355,-0.0023852391709841348,-0.14192938300268804,0.989820493801234,4.0914799802668083e-16,0.9438895587861725,1.6644040113982779,0.0,0.0,5.0,2.0,1.754738361737947,0.0,7.925370334723382e-32,0.2242233576574164,1.6286039071875005,0.0,1.0,4.0,2.0,6.0,3.0,3.7352088604362987,1.0
127.0,0.6,1.1796084568071232,0.9376948852428683,0.8949260122982894,-0.0033040410044865355,-0.0023852391709841348,-0.14192938300268804,0.989820493801234,4.0914799802668083e-16,0.9438895587861725,1.6644040113982779,0.0,0.0,5.0,2.0,1.754738361737947,0.0,1.530052120087004e-31,0.2304541124494321,1.6738598149797117,0.0,1.0,4.0,2.0,6.0,3.0,3.839003446109666,1.0
127.0,0.65,1.1796084568071232,0.9376948852428683,0.8949260122982894,-0.0033040410044865355,-0.0023852391709841348,-0.14192938300268804,0.989820493801234,4.0914799802668083e-16,0.9438895587861725,1.6644040113982779,0.0,0.0,5.0,2.0,1.754738361737947,0.0,2.0693544749460226e-31,0.23337168229889368,1.6950510312114537,0.0,1.0,4.0,2.0,6.0,3.0,3.887605575997051,1.0
127.0,0.7,1.1796084568071232,0.9376948852428683,0.8949260122982894,-0.0033040410044865355,-0.0023852391709841348,-0.14192938300268804,0.989820493801234,4.0914799802668083e-16,0.9438895587861725,1.6644040113982779,0.0,0.0,5.0,2.0,1.754738361737947,0.0,2.7455667469562967e-31,0.23613735991532833,1.7151390069656491,0.0,1.0,4.0,2.0,6.0,3.0,3.933677419920647,1.0
127.0,0.75,1.1796084568071232,0.9376948852428683,0.8949260122982894,-0.0033040410044865355,-0.0023852391709841348,-0.14192938300268804,0.989820493801234,4.0914799802668083e-16,0.9438895587861725,1.6644040113982779,0.0,0.0,5.0,2.0,1.754738361737947,0.0,5.192599181588194e-31,0.2424912486521645,1.7612892748536915,1.0,1.0,4.0,2.0,6.0,3.0,4.039523223658531,1.0
127.0,0.8,1.1796084568071232,0.9376948852428683,0.8949260122982894,-0.0033040410044865355,-0.0023852391709841348,-0.14192938300268804,0.989820493801234,4.0914799802668083e-16,0.9438895587861725,1.6644040113982779,0.0,0.0,5.0,2.0,1.754738361737947,0.0,6.884004722031123e-31,0.24535698037395604,1.7821039746593716,1.0,1.0,4.0,2.0,6.0,3.0,4.087261811781998,1.0
127.0,0.85,1.1796084568071232,0.9376948852428683,0.8949260122982894,-0.0033040410044865355,-0.0023852391709841348,-0.14192938300268804,0.989820493801234,4.0914799802668083e-16,0.9438895587861725,1.6644040113982779,0.0,0.0,5.0,2.0,1.754738361737947,0.0,9.782643995502107e-31,0.24897593969787074,1.8083896005480233,1.0,1.0,4.0,2.0,6.0,3.0,4.147547988358205,1.0
127.0,0.9,1.1796084568071232,0.9376948852428683,0.8949260122982894,-0.0033040410044865355,-0.0023852391709841348,-0.14192938300268804,0.989820493801234,4.0914799802668083e-16,0.9438895587861725,1.6644040113982779,0.0,0.0,5.0,2.0,1.754738361737947,0.0,1.4482949302810336e-30,0.25307975881278416,1.8381969137323624,1.0,1.0,4.0,2.0,6.0,3.0,4.215911167287462,1.0
127.0,0.95,1.1796084568071232,0.9376948852428683,0.8949260122982894,-0.0033040410044865355,-0.0023852391709841348,-0.14192938300268804,0.989820493801234,4.0914799802668083e-16,0.9438895587861725,1.6644040113982779,0.0,0.0,5.0,2.0,1.754738361737947,0.0,3.7595228003794766e-30,0.2633412543837026,1.912729344050878,1.0,1.0,4.0,2.0,6.0,3.0,4.386851561625789,1.0
128.0,0.4,2.551220675952441,-0.02782912247446312,-0.03394105393883867,-0.0028000013034769075,2.1667019005509254e-5,0.176631854319933,0.8277798560249212,1.984221977930676e-17,0.6720156820426683,1.1935880540471755,1.0,1.0,6.0,3.0,1.6468458871969505,0.0,2.079094392225485e-34,0.11450219516656925,1.3996223748561751,1.0,1.0,6.0,3.0,6.0,3.0,3.249468711347872,1.0
128.0,0.45,2.551220675952441,-0.02782912247446312,-0.03394105393883867,-0.0028000013034769075,2.1667019005509254e-5,0.176631854319933,0.8277798560249212,1.984221977930676e-17,0.6720156820426683,1.1935880540471755,1.0,1.0,6.0,3.0,1.6468458871969505,0.0,3.41637413079926e-34,0.11689634892260979,1.4288874134951783,1.0,1.0,6.0,3.0,6.0,3.0,3.3174126290089485,1.0
128.0,0.5,2.551220675952441,-0.02782912247446312,-0.03394105393883867,-0.0028000013034769075,2.1667019005509254e-5,0.176631854319933,0.8277798560249212,1.984221977930676e-17,0.6720156820426683,1.1935880540471755,1.0,1.0,6.0,3.0,1.6468458871969505,0.0,5.218582084068544e-34,0.11897811274681643,1.4543339407280156,1.0,1.0,6.0,3.0,6.0,3.0,3.3764912030164993,1.0
128.0,0.55,2.551220675952441,-0.02782912247446312,-0.03394105393883867,-0.0028000013034769075,2.1667019005509254e-5,0.176631854319933,0.8277798560249212,4.3813765010344904e-16,0.7645048667309141,1.357860985352734,1.0,1.0,6.0,3.0,1.8735004690529222,1.0,7.49436011060413e-34,0.12078592439646549,1.4764318020894827,1.0,1.0,6.0,3.0,6.0,3.0,3.4277952621482854,1.0
128.0,0.6,2.551220675952441,-0.02782912247446312,-0.03394105393883867,-0.0028000013034769075,2.1667019005509254e-5,0.176631854319933,0.8277798560249212,4.3813765010344904e-16,0.7645048667309141,1.357860985352734,1.0,1.0,6.0,3.0,1.8735004690529222,1.0,1.1109658910482764e-33,0.12278347419735136,1.5008489356836658,1.0,1.0,6.0,3.0,6.0,3.0,3.484483918360467,1.0
128.0,0.65,2.551220675952441,-0.02782912247446312,-0.03394105393883867,-0.0028000013034769075,2.1667019005509254e-5,0.176631854319933,0.8277798560249212,4.3813765010344904e-16,0.7645048667309141,1.357860985352734,1.0,1.0,6.0,3.0,1.8735004690529222,1.0,1.6048308863880477e-33,0.12467956371874396,1.5240258653050662,1.0,1.0,6.0,3.0,6.0,3.0,3.5382932236293896,1.0
128.0,0.7,2.551220675952441,-0.02782912247446312,-0.03394105393883867,-0.0028000013034769075,2.1667019005509254e-5,0.176631854319933,0.8277798560249212,4.3813765010344904e-16,0.7645048667309141,1.357860985352734,1.0,1.0,6.0,3.0,1.8735004690529222,1.0,2.5773638772510193e-33,0.12716513106625377,1.5544083018053085,1.0,1.0,6.0,3.0,6.0,3.0,3.608831376316606,1.0
128.0,0.75,2.551220675952441,-0.02782912247446312,-0.03394105393883867,-0.0028000013034769075,2.1667019005509254e-5,0.176631854319933,0.8277798560249212,4.3813765010344904e-16,0.7645048667309141,1.357860985352734,1.0,1.0,6.0,3.0,1.8735004690529222,1.0,3.536493903314903e-33,0.1288525226679546,1.575034203670764,1.0,1.0,6.0,3.0,6.0,3.0,3.656718023428847,1.0
128.0,0.8,2.551220675952441,-0.02782912247446312,-0.03394105393883867,-0.0028000013034769075,2.1667019005509254e-5,0.176631854319933,0.8277798560249212,4.3813765010344904e-16,0.7645048667309141,1.357860985352734,1.0,1.0,6.0,3.0,1.8735004690529222,1.0,6.300892459242707e-33,0.13199094562554195,1.6133968480446248,1.0,1.0,6.0,3.0,6.0,3.0,3.74578362770674,1.0
128.0,0.85,2.551220675952441,-0.02782912247446312,-0.03394105393883867,-0.0028000013034769075,2.1667019005509254e-5,0.176631854319933,0.8277798560249212,4.3813765010344904e-16,0.7645048667309141,1.357860985352734,1.0,1.0,6.0,3.0,1.8735004690529222,1.0,9.991210172394821e-33,0.13455085901309596,1.6446880564769375,1.0,1.0,6.0,3.0,6.0,3.0,3.8184316537512735,1.0
128.0,0.9,2.551220675952441,-0.02782912247446312,-0.03394105393883867,-0.0028000013034769075,2.1667019005509254e-5,0.176631854319933,0.8277798560249212,4.3813765010344904e-16,0.7645048667309141,1.357860985352734,1.0,1.0,6.0,3.0,1.8735004690529222,1.0,1.715951993458446e-32,0.13761742732933344,1.6821723826349406,1.0,1.0,6.0,3.0,6.0,3.0,3.9054580883128884,1.0
128.0,0.95,2.551220675952441,-0.02782912247446312,-0.03394105393883867,-0.0028000013034769075,2.1667019005509254e-5,0.176631854319933,0.8277798560249212,4.3813765010344904e-16,0.7645048667309141,1.357860985352734,1.0,1.0,6.0,3.0,1.8735004690529222,1.0,3.631607617403398e-32,0.1419841423418165,1.7355491063492832,1.0,1.0,6.0,3.0,6.0,3.0,4.029381509901397,1.0
129.0,0.4,0.13006076564973856,0.048581863387549495,0.05013350397303512,-0.003768257058677836,-0.0020090979267861154,-0.12879714437755313,0.0767762578652697,1.0968133760029712e-19,0.4212077415759958,0.6395237740481201,1.0,1.0,6.0,3.0,0.3608925205180691,1.0,3.605507211430272e-37,0.06353443937280027,0.6587202112497195,0.0,1.0,6.0,3.0,6.0,3.0,0.6826003041080766,1.0
129.0,0.45,0.13006076564973856,0.048581863387549495,0.05013350397303512,-0.003768257058677836,-0.0020090979267861154,-0.12879714437755313,0.0767762578652697,1.0968133760029712e-19,0.4212077415759958,0.6395237740481201,1.0,1.0,6.0,3.0,0.3608925205180691,1.0,5.534555793532756e-37,0.06467911250831436,0.6705880948272129,0.0,1.0,6.0,3.0,6.0,3.0,0.694898425223485,1.0
129.0,0.5,0.13006076564973856,0.048581863387549495,0.05013350397303512,-0.003768257058677836,-0.0020090979267861154,-0.12879714437755313,0.0767762578652697,1.0968133760029712e-19,0.4212077415759958,0.6395237740481201,1.0,1.0,6.0,3.0,0.3608925205180691,1.0,7.550764030838827e-37,0.0655217101398083,0.6793240826677513,0.0,1.0,6.0,3.0,6.0,3.0,0.7039511123200638,1.0
129.0,0.55,0.13006076564973856,0.048581863387549495,0.05013350397303512,-0.003768257058677836,-0.0020090979267861154,-0.12879714437755313,0.0767762578652697,7.278241814281912e-17,0.5521731065602903,0.8383697500763981,1.0,1.0,6.0,3.0,0.47310418237619595,1.0,1.157203484545417e-36,0.06669772317777285,0.6915168959584289,0.0,1.0,6.0,3.0,6.0,3.0,0.7165859425833702,1.0
129.0,0.6,0.13006076564973856,0.048581863387549495,0.05013350397303512,-0.003768257058677836,-0.0020090979267861154,-0.12879714437755313,0.0767762578652697,7.278241814281912e-17,0.5521731065602903,0.8383697500763981,1.0,1.0,6.0,3.0,0.47310418237619595,1.0,2.0511368714704548e-36,0.06830755074754788,0.7082074651569007,0.0,1.0,6.0,3.0,6.0,3.0,0.7338815825471099,1.0
129.0,0.65,0.13006076564973856,0.048581863387549495,0.05013350397303512,-0.003768257058677836,-0.0020090979267861154,-0.12879714437755313,0.0767762578652697,7.278241814281912e-17,0.5521731065602903,0.8383697500763981,1.0,1.0,6.0,3.0,0.47310418237619595,1.0,3.955885336845448e-36,0.07020274448875433,0.7278566890092025,0.0,1.0,6.0,3.0,6.0,3.0,0.7542431350666884,1.0
129.0,0.7,0.13006076564973856,0.048581863387549495,0.05013350397303512,-0.003768257058677836,-0.0020090979267861154,-0.12879714437755313,0.0767762578652697,7.278241814281912e-17,0.5521731065602903,0.8383697500763981,1.0,1.0,6.0,3.0,0.47310418237619595,1.0,5.2200517729232885e-36,0.07101859134447837,0.7363153268512171,0.0,1.0,6.0,3.0,6.0,3.0,0.7630084176019623,1.0
129.0,0.75,0.13006076564973856,0.048581863387549495,0.05013350397303512,-0.003768257058677836,-0.0020090979267861154,-0.12879714437755313,0.0767762578652697,7.278241814281912e-17,0.5521731065602903,0.8383697500763981,1.0,1.0,6.0,3.0,0.47310418237619595,1.0,9.525948812319947e-36,0.07282102375752206,0.7550028083432122,0.0,1.0,6.0,3.0,6.0,3.0,0.782373362432256,1.0
129.0,0.8,0.13006076564973856,0.048581863387549495,0.05013350397303512,-0.003768257058677836,-0.0020090979267861154,-0.12879714437755313,0.0767762578652697,7.278241814281912e-17,0.5521731065602903,0.8383697500763981,1.0,1.0,6.0,3.0,0.47310418237619595,1.0,1.385217265900778e-35,0.07396600838161257,0.7668739214104582,0.0,1.0,6.0,3.0,6.0,3.0,0.7946748301137012,1.0
129.0,0.85,0.13006076564973856,0.048581863387549495,0.05013350397303512,-0.003768257058677836,-0.0020090979267861154,-0.12879714437755313,0.0767762578652697,7.278241814281912e-17,0.5521731065602903,0.8383697500763981,1.0,1.0,6.0,3.0,0.47310418237619595,1.0,2.3021614762511549e-35,0.07554828227099374,0.7832788161566338,0.0,1.0,6.0,3.0,6.0,3.0,0.8116744392821459,1.0
129.0,0.9,0.13006076564973856,0.048581863387549495,0.05013350397303512,-0.003768257058677836,-0.0020090979267861154,-0.12879714437755313,0.0767762578652697,7.278241814281912e-17,0.5521731065602903,0.8383697500763981,1.0,1.0,6.0,3.0,0.47310418237619595,1.0,5.663772319640827e-35,0.07843592293645121,0.8132176538632552,0.0,1.0,6.0,3.0,6.0,3.0,0.8426986273580067,1.0
129.0,0.95,0.13006076564973856,0.048581863387549495,0.05013350397303512,-0.003768257058677836,-0.0020090979267861154,-0.12879714437755313,0.0767762578652697,7.278241814281912e-17,0.5521731065602903,0.8383697500763981,1.0,1.0,6.0,3.0,0.47310418237619595,1.0,4.0665372286589575e-34,0.08515038868714932,0.8828327215555399,1.0,1.0,6.0,3.0,6.0,3.0,0.914837398213549,1.0
130.0,0.4,-0.0968368707346412,0.09602590769758995,0.08597724721724054,-0.0009572737969337419,-0.0018773583616099035,0.14487995137025755,0.025039541233280005,1.3714637704793895e-18,0.46009214581193136,0.632388736192846,1.0,1.0,6.0,3.0,0.5183998952397906,1.0,9.562448298456282e-36,0.07658883111045932,0.6014495664338935,0.0,1.0,4.0,2.0,6.0,3.0,0.9063547814835088,1.0
130.0,0.45,-0.0968368707346412,0.09602590769758995,0.08597724721724054,-0.0009572737969337419,-0.0018773583616099035,0.14487995137025755,0.025039541233280005,1.3714637704793895e-18,0.46009214581193136,0.632388736192846,1.0,1.0,6.0,3.0,0.5183998952397906,1.0,1.6423273541579157e-35,0.07833440532956207,0.6151575032444626,0.0,1.0,4.0,2.0,6.0,3.0,0.9270119650046452,1.0
130.0,0.5,-0.0968368707346412,0.09602590769758995,0.08597724721724054,-0.0009572737969337419,-0.0018773583616099035,0.14487995137025755,0.025039541233280005,1.3714637704793895e-18,0.46009214581193136,0.632388736192846,1.0,1.0,6.0,3.0,0.5183998952397906,1.0,2.402863007011453e-35,0.0795863836409001,0.624989247659688,0.0,1.0,4.0,2.0,6.0,3.0,0.9418279180926135,1.0
130.0,0.55,-0.0968368707346412,0.09602590769758995,0.08597724721724054,-0.0009572737969337419,-0.0018773583616099035,0.14487995137025755,0.025039541233280005,3.694257251136301e-18,0.4794858212848505,0.6590450093635397,1.0,1.0,6.0,3.0,0.5402513426617714,1.0,3.8484728700554697e-35,0.08116374545081964,0.637376217965022,0.0,1.0,4.0,2.0,6.0,3.0,0.9604944703538454,1.0
130.0,0.6,-0.0968368707346412,0.09602590769758995,0.08597724721724054,-0.0009572737969337419,-0.0018773583616099035,0.14487995137025755,0.025039541233280005,3.694257251136301e-18,0.4794858212848505,0.6590450093635397,1.0,1.0,6.0,3.0,0.5402513426617714,1.0,7.456172638411713e-35,0.08343146963872204,0.6551845812711344,0.0,1.0,4.0,2.0,6.0,3.0,0.9873307940186731,1.0
130.0,0.65,-0.0968368707346412,0.09602590769758995,0.08597724721724054,-0.0009572737969337419,-0.0018773583616099035,0.14487995137025755,0.025039541233280005,3.694257251136301e-18,0.4794858212848505,0.6590450093635397,1.0,1.0,6.0,3.0,0.5402513426617714,1.0,1.2722949096480242e-34,0.08530992369201644,0.6699360190400496,0.0,1.0,4.0,2.0,6.0,3.0,1.0095604819289767,1.0
130.0,0.7,-0.0968368707346412,0.09602590769758995,0.08597724721724054,-0.0009572737969337419,-0.0018773583616099035,0.14487995137025755,0.025039541233280005,3.694257251136301e-18,0.4794858212848505,0.6590450093635397,1.0,1.0,6.0,3.0,0.5402513426617714,1.0,1.9037592488809129e-34,0.08675454372597616,0.6812805725537817,0.0,1.0,4.0,2.0,6.0,3.0,1.0266561635867615,1.0
130.0,0.75,-0.0968368707346412,0.09602590769758995,0.08597724721724054,-0.0009572737969337419,-0.0018773583616099035,0.14487995137025755,0.025039541233280005,3.694257251136301e-18,0.4794858212848505,0.6590450093635397,1.0,1.0,6.0,3.0,0.5402513426617714,1.0,3.6009289457714166e-34,0.08908932502860732,0.6996155331717365,0.0,1.0,4.0,2.0,6.0,3.0,1.0542860433835441,1.0
130.0,0.8,-0.0968368707346412,0.09602590769758995,0.08597724721724054,-0.0009572737969337419,-0.0018773583616099035,0.14487995137025755,0.025039541233280005,3.694257251136301e-18,0.4794858212848505,0.6590450093635397,1.0,1.0,6.0,3.0,0.5402513426617714,1.0,6.180680066805361e-34,0.09111745337811888,0.7155423582557592,1.0,1.0,4.0,2.0,6.0,3.0,1.0782869819066943,1.0
130.0,0.85,-0.0968368707346412,0.09602590769758995,0.08597724721724054,-0.0009572737969337419,-0.0018773583616099035,0.14487995137025755,0.025039541233280005,3.694257251136301e-18,0.4794858212848505,0.6590450093635397,1.0,1.0,6.0,3.0,0.5402513426617714,1.0,9.454645383341579e-34,0.09274566384300353,0.7283286413726229,1.0,1.0,4.0,2.0,6.0,3.0,1.0975552788465086,1.0
130.0,0.9,-0.0968368707346412,0.09602590769758995,0.08597724721724054,-0.0009572737969337419,-0.0018773583616099035,0.14487995137025755,0.025039541233280005,3.694257251136301e-18,0.4794858212848505,0.6590450093635397,1.0,1.0,6.0,3.0,0.5402513426617714,1.0,2.246818698646807e-33,0.09615172133071898,0.7550762985640591,1.0,1.0,4.0,2.0,6.0,3.0,1.1378626767430289,1.0
130.0,0.95,-0.0968368707346412,0.09602590769758995,0.08597724721724054,-0.0009572737969337419,-0.0018773583616099035,0.14487995137025755,0.025039541233280005,3.694257251136301e-18,0.4794858212848505,0.6590450093635397,1.0,1.0,6.0,3.0,0.5402513426617714,1.0,8.474251567826729e-33,0.10162002215802056,0.7980186847321841,1.0,1.0,5.0,2.0,6.0,3.0,1.202574731092924,1.0
131.0,0.4,0.11940558562259262,0.1557260881737071,1.462908660618258,-0.002052817716596544,0.0005249642832490776,0.20456029766571407,1.015074635619703,7.028218026929973e-19,0.5473954791337798,0.5914656728294156,0.0,1.0,5.0,3.0,1.3056543788689097,0.0,1.316090171822957e-33,0.16731357608677738,0.6311701790920201,0.0,0.0,6.0,3.0,6.0,3.0,2.487580547216784,1.0
131.0,0.45,0.11940558562259262,0.1557260881737071,1.462908660618258,-0.002052817716596544,0.0005249642832490776,0.20456029766571407,1.015074635619703,7.028218026929973e-19,0.5473954791337798,0.5914656728294156,0.0,1.0,5.0,3.0,1.3056543788689097,0.0,2.3906552995582585e-33,0.17152699788371464,0.6470648019454807,0.0,1.0,6.0,3.0,6.0,3.0,2.5502247530512485,1.0
131.0,0.5,0.11940558562259262,0.1557260881737071,1.462908660618258,-0.002052817716596544,0.0005249642832490776,0.20456029766571407,1.015074635619703,7.028218026929973e-19,0.5473954791337798,0.5914656728294156,0.0,1.0,5.0,3.0,1.3056543788689097,0.0,3.550418366620119e-33,0.17437702350935297,0.6578161780538845,0.0,1.0,6.0,3.0,6.0,3.0,2.592598291835275,1.0
131.0,0.55,0.11940558562259262,0.1557260881737071,1.462908660618258,-0.002052817716596544,0.0005249642832490776,0.20456029766571407,1.015074635619703,2.1568199188281837e-18,0.5735767873872597,0.619754808732042,0.0,1.0,5.0,3.0,1.368102354909498,0.0,5.844346898817116e-33,0.1780361848723438,0.6716199206241087,0.0,1.0,6.0,3.0,6.0,3.0,2.6470018784335436,1.0
131.0,0.6,0.11940558562259262,0.1557260881737071,1.462908660618258,-0.002052817716596544,0.0005249642832490776,0.20456029766571407,1.015074635619703,2.1568199188281837e-18,0.5735767873872597,0.619754808732042,0.0,1.0,5.0,3.0,1.368102354909498,0.0,9.184448208167218e-33,0.18142125116336733,0.6843896727692398,0.0,1.0,6.0,3.0,6.0,3.0,2.6973302812657325,1.0
131.0,0.65,0.11940558562259262,0.1557260881737071,1.462908660618258,-0.002052817716596544,0.0005249642832490776,0.20456029766571407,1.015074635619703,2.1568199188281837e-18,0.5735767873872597,0.619754808732042,0.0,1.0,5.0,3.0,1.368102354909498,0.0,1.741670746561255e-32,0.18632359949873964,0.7028831874569158,0.0,1.0,6.0,3.0,6.0,3.0,2.77021729163259,1.0
131.0,0.7,0.11940558562259262,0.1557260881737071,1.462908660618258,-0.002052817716596544,0.0005249642832490776,0.20456029766571407,1.015074635619703,2.1568199188281837e-18,0.5735767873872597,0.619754808732042,0.0,1.0,5.0,3.0,1.368102354909498,0.0,2.511515923662914e-32,0.18918713938635892,0.7136855444800447,0.0,1.0,6.0,3.0,6.0,3.0,2.812791757418478,1.0
131.0,0.75,0.11940558562259262,0.1557260881737071,1.462908660618258,-0.002052817716596544,0.0005249642832490776,0.20456029766571407,1.015074635619703,2.1568199188281837e-18,0.5735767873872597,0.619754808732042,0.0,1.0,5.0,3.0,1.368102354909498,0.0,3.6910097306988213e-32,0.19224659777006523,0.725226980274633,0.0,1.0,6.0,3.0,6.0,3.0,2.8582790952563792,1.0
131.0,0.8,0.11940558562259262,0.1557260881737071,1.462908660618258,-0.002052817716596544,0.0005249642832490776,0.20456029766571407,1.015074635619703,2.1568199188281837e-18,0.5735767873872597,0.619754808732042,0.0,1.0,5.0,3.0,1.368102354909498,0.0,6.713881252751883e-32,0.19709919421981598,0.7435328120061951,0.0,1.0,6.0,3.0,6.0,3.0,2.9304264057987863,1.0
131.0,0.85,0.11940558562259262,0.1557260881737071,1.462908660618258,-0.002052817716596544,0.0005249642832490776,0.20456029766571407,1.015074635619703,2.1568199188281837e-18,0.5735767873872597,0.619754808732042,0.0,1.0,5.0,3.0,1.368102354909498,0.0,1.1779951922062594e-31,0.20177092875338778,0.7611563640883977,0.0,1.0,6.0,3.0,6.0,3.0,2.9998847021264368,1.0
131.0,0.9,0.11940558562259262,0.1557260881737071,1.462908660618258,-0.002052817716596544,0.0005249642832490776,0.20456029766571407,1.015074635619703,2.1568199188281837e-18,0.5735767873872597,0.619754808732042,0.0,1.0,5.0,3.0,1.368102354909498,0.0,2.825113416966044e-31,0.20926058823876195,0.7894101963791502,0.0,1.0,6.0,3.0,6.0,3.0,3.111239271653009,1.0
131.0,0.95,0.11940558562259262,0.1557260881737071,1.462908660618258,-0.002052817716596544,0.0005249642832490776,0.20456029766571407,1.015074635619703,2.1568199188281837e-18,0.5735767873872597,0.619754808732042,0.0,1.0,5.0,3.0,1.368102354909498,0.0,9.620149436186035e-31,0.22022173958354135,0.8307598107926927,1.0,1.0,6.0,3.0,6.0,3.0,3.2742071998875386,1.0
132.0,0.4,-0.8008976556097211,0.12936595333039566,0.13018137140139333,0.006486289965507161,-0.0014568106074342338,0.12687984140252367,-0.1801779709356447,8.233981791646806e-19,0.49374435599034466,0.6806110755822337,0.0,0.0,5.0,2.0,0.5191703316970611,1.0,6.072014386953481e-35,0.09835603200930111,0.7160958727125483,0.0,0.0,4.0,2.0,6.0,3.0,1.0832619941474682,1.0
132.0,0.45,-0.8008976556097211,0.12936595333039566,0.13018137140139333,0.006486289965507161,-0.0014568106074342338,0.12687984140252367,-0.1801779709356447,8.233981791646806e-19,0.49374435599034466,0.6806110755822337,0.0,0.0,5.0,2.0,0.5191703316970611,1.0,8.173141795603095e-35,0.09958142645086596,0.7250175411056621,0.0,0.0,4.0,2.0,6.0,3.0,1.0967580980393092,1.0
132.0,0.5,-0.8008976556097211,0.12936595333039566,0.13018137140139333,0.006486289965507161,-0.0014568106074342338,0.12687984140252367,-0.1801779709356447,8.233981791646806e-19,0.49374435599034466,0.6806110755822337,0.0,0.0,5.0,2.0,0.5191703316970611,1.0,1.2337204662297559e-34,0.10130467758189667,0.7375639299480019,0.0,0.0,4.0,2.0,6.0,3.0,1.115737436860548,1.0
132.0,0.55,-0.8008976556097211,0.12936595333039566,0.13018137140139333,0.006486289965507161,-0.0014568106074342338,0.12687984140252367,-0.1801779709356447,4.101036643350111e-18,0.5279048277678514,0.7277002122109469,0.0,0.0,5.0,2.0,0.5550899391791223,1.0,1.7062057474721107e-34,0.10268258065525988,0.7475959603550444,0.0,0.0,4.0,2.0,6.0,3.0,1.1309132222241978,1.0
132.0,0.6,-0.8008976556097211,0.12936595333039566,0.13018137140139333,0.006486289965507161,-0.0014568106074342338,0.12687984140252367,-0.1801779709356447,4.101036643350111e-18,0.5279048277678514,0.7277002122109469,0.0,0.0,5.0,2.0,0.5550899391791223,1.0,2.416487221341093e-34,0.10418251108402239,0.7585164292622408,0.0,0.0,4.0,2.0,6.0,3.0,1.1474329779946433,1.0
132.0,0.65,-0.8008976556097211,0.12936595333039566,0.13018137140139333,0.006486289965507161,-0.0014568106074342338,0.12687984140252367,-0.1801779709356447,4.101036643350111e-18,0.5279048277678514,0.7277002122109469,0.0,0.0,5.0,2.0,0.5550899391791223,1.0,3.825216814236072e-34,0.10619550527698968,0.7731723360117312,0.0,0.0,4.0,2.0,6.0,3.0,1.1696034545697338,1.0
132.0,0.7,-0.8008976556097211,0.12936595333039566,0.13018137140139333,0.006486289965507161,-0.0014568106074342338,0.12687984140252367,-0.1801779709356447,4.101036643350111e-18,0.5279048277678514,0.7277002122109469,0.0,0.0,5.0,2.0,0.5550899391791223,1.0,5.1307303310326895e-34,0.10750275631874393,0.7826899736845367,0.0,0.0,4.0,2.0,6.0,3.0,1.1840011009714115,1.0
132.0,0.75,-0.8008976556097211,0.12936595333039566,0.13018137140139333,0.006486289965507161,-0.0014568106074342338,0.12687984140252367,-0.1801779709356447,4.101036643350111e-18,0.5279048277678514,0.7277002122109469,0.0,0.0,5.0,2.0,0.5550899391791223,1.0,6.595372070122927e-34,0.10863349969417109,0.7909225207657762,0.0,0.0,4.0,2.0,6.0,3.0,1.1964547481825816,1.0
132.0,0.8,-0.8008976556097211,0.12936595333039566,0.13018137140139333,0.006486289965507161,-0.0014568106074342338,0.12687984140252367,-0.1801779709356447,4.101036643350111e-18,0.5279048277678514,0.7277002122109469,0.0,0.0,5.0,2.0,0.5550899391791223,1.0,9.09829045440806e-34,0.11009952826096227,0.8015961620718689,0.0,0.0,4.0,2.0,6.0,3.0,1.2126011196485347,1.0
132.0,0.85,-0.8008976556097211,0.12936595333039566,0.13018137140139333,0.006486289965507161,-0.0014568106074342338,0.12687984140252367,-0.1801779709356447,4.101036643350111e-18,0.5279048277678514,0.7277002122109469,0.0,0.0,5.0,2.0,0.5550899391791223,1.0,1.3770793589121963e-33,0.11201738335636827,0.81555939432336,0.0,0.0,4.0,2.0,6.0,3.0,1.23372376452037,1.0
132.0,0.9,-0.8008976556097211,0.12936595333039566,0.13018137140139333,0.006486289965507161,-0.0014568106074342338,0.12687984140252367,-0.1801779709356447,4.101036643350111e-18,0.5279048277678514,0.7277002122109469,0.0,0.0,5.0,2.0,0.5550899391791223,1.0,2.5442675536266067e-33,0.11491954974850699,0.8366890529002644,0.0,0.0,4.0,2.0,6.0,3.0,1.2656873003510818,1.0
132.0,0.95,-0.8008976556097211,0.12936595333039566,0.13018137140139333,0.006486289965507161,-0.0014568106074342338,0.12687984140252367,-0.1801779709356447,4.101036643350111e-18,0.5279048277678514,0.7277002122109469,0.0,0.0,5.0,2.0,0.5550899391791223,1.0,4.935974776005863e-33,0.11813701832394399,0.8601143164086059,0.0,0.0,4.0,2.0,6.0,3.0,1.3011234739535833,1.0
133.0,0.4,-0.19752374379039295,0.051418005110505594,0.05171107580472323,-0.0020629093117142355,-0.0020787345304983415,0.0769151773163656,-0.031366864060315414,8.495832796794366e-20,0.4170688959057653,0.5703896491392538,1.0,1.0,6.0,3.0,0.4238037525938272,1.0,1.3581697824564608e-36,0.07037673294642582,0.6073507899441394,1.0,1.0,6.0,3.0,6.0,3.0,0.7967357048357093,1.0
133.0,0.45,-0.19752374379039295,0.051418005110505594,0.05171107580472323,-0.0020629093117142355,-0.0020787345304983415,0.0769151773163656,-0.031366864060315414,8.495832796794366e-20,0.4170688959057653,0.5703896491392538,1.0,1.0,6.0,3.0,0.4238037525938272,1.0,1.7663832865172557e-36,0.07115158113629329,0.614037725249321,1.0,1.0,6.0,3.0,6.0,3.0,0.8055077690229553,1.0
133.0,0.5,-0.19752374379039295,0.051418005110505594,0.05171107580472323,-0.0020629093117142355,-0.0020787345304983415,0.0769151773163656,-0.031366864060315414,8.495832796794366e-20,0.4170688959057653,0.5703896491392538,1.0,1.0,6.0,3.0,0.4238037525938272,1.0,2.605024466749616e-36,0.07231274392882522,0.624058553295358,1.0,1.0,6.0,3.0,6.0,3.0,0.8186533047306327,1.0
133.0,0.55,-0.19752374379039295,0.051418005110505594,0.05171107580472323,-0.0020629093117142355,-0.0020787345304983415,0.0769151773163656,-0.031366864060315414,2.107827312070808e-18,0.4767792508816428,0.6520504221170745,1.0,1.0,6.0,3.0,0.4844783144129948,1.0,3.319439608830744e-36,0.07304666311884421,0.6303922715734219,1.0,1.0,6.0,3.0,6.0,3.0,0.8269620112970114,1.0
133.0,0.6,-0.19752374379039295,0.051418005110505594,0.05171107580472323,-0.0020629093117142355,-0.0020787345304983415,0.0769151773163656,-0.031366864060315414,2.107827312070808e-18,0.4767792508816428,0.6520504221170745,1.0,1.0,6.0,3.0,0.4844783144129948,1.0,5.750308378964375e-36,0.07473828821424237,0.644990986162255,1.0,1.0,6.0,3.0,6.0,3.0,0.8461129160957008,1.0
133.0,0.65,-0.19752374379039295,0.051418005110505594,0.05171107580472323,-0.0020629093117142355,-0.0020787345304983415,0.0769151773163656,-0.031366864060315414,2.107827312070808e-18,0.4767792508816428,0.6520504221170745,1.0,1.0,6.0,3.0,0.4844783144129948,1.0,8.045310665453217e-36,0.07579146471112794,0.6540798931142299,1.0,1.0,6.0,3.0,6.0,3.0,0.8580359378591765,1.0
133.0,0.7,-0.19752374379039295,0.051418005110505594,0.05171107580472323,-0.0020629093117142355,-0.0020787345304983415,0.0769151773163656,-0.031366864060315414,2.107827312070808e-18,0.4767792508816428,0.6520504221170745,1.0,1.0,6.0,3.0,0.4844783144129948,1.0,1.1404089679932983e-35,0.07690127529530781,0.6636575519052842,1.0,1.0,6.0,3.0,6.0,3.0,0.8706001146971917,1.0
133.0,0.75,-0.19752374379039295,0.051418005110505594,0.05171107580472323,-0.0020629093117142355,-0.0020787345304983415,0.0769151773163656,-0.031366864060315414,2.107827312070808e-18,0.4767792508816428,0.6520504221170745,1.0,1.0,6.0,3.0,0.4844783144129948,1.0,2.6720721117120176e-35,0.07967853797566687,0.6876253124445878,1.0,1.0,6.0,3.0,6.0,3.0,0.9020415335654739,1.0
133.0,0.8,-0.19752374379039295,0.051418005110505594,0.05171107580472323,-0.0020629093117142355,-0.0020787345304983415,0.0769151773163656,-0.031366864060315414,2.107827312070808e-18,0.4767792508816428,0.6520504221170745,1.0,1.0,6.0,3.0,0.4844783144129948,1.0,6.88054486765445e-35,0.08288137879973662,0.7152658098522312,1.0,1.0,6.0,3.0,6.0,3.0,0.9383009268991249,1.0
133.0,0.85,-0.19752374379039295,0.051418005110505594,0.05171107580472323,-0.0020629093117142355,-0.0020787345304983415,0.0769151773163656,-0.031366864060315414,2.107827312070808e-18,0.4767792508816428,0.6520504221170745,1.0,1.0,6.0,3.0,0.4844783144129948,1.0,1.5747460299590797e-34,0.0857906163104366,0.740372512398424,1.0,1.0,6.0,3.0,6.0,3.0,0.9712364341552879,1.0
133.0,0.9,-0.19752374379039295,0.051418005110505594,0.05171107580472323,-0.0020629093117142355,-0.0020787345304983415,0.0769151773163656,-0.031366864060315414,2.107827312070808e-18,0.4767792508816428,0.6520504221170745,1.0,1.0,6.0,3.0,0.4844783144129948,1.0,4.221965624897314e-34,0.08938935320864123,0.77142959058916,1.0,1.0,6.0,3.0,6.0,3.0,1.011977770944707,1.0
133.0,0.95,-0.19752374379039295,0.051418005110505594,0.05171107580472323,-0.0020629093117142355,-0.0020787345304983415,0.0769151773163656,-0.031366864060315414,2.107827312070808e-18,0.4767792508816428,0.6520504221170745,1.0,1.0,6.0,3.0,0.4844783144129948,1.0,1.0119209816697221e-33,0.09270513507841342,0.8000447685546056,1.0,1.0,6.0,3.0,6.0,3.0,1.049515770998013,1.0
134.0,0.4,-0.20940713245306064,0.1515336243413478,0.14438589261666146,0.001388521921438686,-0.0008717928128149945,-0.1646210861104715,0.026455217593420843,3.598459679975057e-17,0.585933722324196,0.9127102501354927,1.0,1.0,6.0,3.0,0.5413447208733105,1.0,1.501408293412735e-34,0.08861676445359448,0.9044157014622447,0.0,1.0,4.0,2.0,6.0,3.0,0.954593749616339,1.0
134.0,0.45,-0.20940713245306064,0.1515336243413478,0.14438589261666146,0.001388521921438686,-0.0008717928128149945,-0.1646210861104715,0.026455217593420843,3.598459679975057e-17,0.585933722324196,0.9127102501354927,1.0,1.0,6.0,3.0,0.5413447208733105,1.0,2.3888282072181908e-34,0.09034819426538405,0.9220865374199525,0.0,1.0,4.0,2.0,6.0,3.0,0.9732449843620994,1.0
134.0,0.5,-0.20940713245306064,0.1515336243413478,0.14438589261666146,0.001388521921438686,-0.0008717928128149945,-0.1646210861104715,0.026455217593420843,3.598459679975057e-17,0.585933722324196,0.9127102501354927,1.0,1.0,6.0,3.0,0.5413447208733105,1.0,2.98353364264571e-34,0.09118895269595008,0.9306672515819874,0.0,1.0,4.0,2.0,6.0,3.0,0.982301766650464,1.0
134.0,0.55,-0.20940713245306064,0.1515336243413478,0.14438589261666146,0.001388521921438686,-0.0008717928128149945,-0.1646210861104715,0.026455217593420843,7.861275896607858e-17,0.6053257892696522,0.9429173155391092,1.0,1.0,6.0,3.0,0.5592610698864777,1.0,4.58350685932856e-34,0.09283498764801884,0.9474665543435572,0.0,1.0,4.0,2.0,6.0,3.0,1.0000331145120505,1.0
134.0,0.6,-0.20940713245306064,0.1515336243413478,0.14438589261666146,0.001388521921438686,-0.0008717928128149945,-0.1646210861104715,0.026455217593420843,7.861275896607858e-17,0.6053257892696522,0.9429173155391092,1.0,1.0,6.0,3.0,0.5592610698864777,1.0,6.269302989057765e-34,0.09405442683752895,0.9599120544334288,0.0,1.0,4.0,2.0,6.0,3.0,1.013169105602688,1.0
134.0,0.65,-0.20940713245306064,0.1515336243413478,0.14438589261666146,0.001388521921438686,-0.0008717928128149945,-0.1646210861104715,0.026455217593420843,7.861275896607858e-17,0.6053257892696522,0.9429173155391092,1.0,1.0,6.0,3.0,0.5592610698864777,1.0,8.993469361050132e-34,0.09547919334263466,0.9744531088950806,0.0,1.0,4.0,2.0,6.0,3.0,1.028516914889371,1.0
134.0,0.7,-0.20940713245306064,0.1515336243413478,0.14438589261666146,0.001388521921438686,-0.0008717928128149945,-0.1646210861104715,0.026455217593420843,7.861275896607858e-17,0.6053257892696522,0.9429173155391092,1.0,1.0,6.0,3.0,0.5592610698864777,1.0,1.4990287829224833e-33,0.09753351011153823,0.9954193036442299,0.0,1.0,4.0,2.0,6.0,3.0,1.050646338812925,1.0
134.0,0.75,-0.20940713245306064,0.1515336243413478,0.14438589261666146,0.001388521921438686,-0.0008717928128149945,-0.1646210861104715,0.026455217593420843,7.861275896607858e-17,0.6053257892696522,0.9429173155391092,1.0,1.0,6.0,3.0,0.5592610698864777,1.0,2.215946645801128e-33,0.09913493881315266,1.011763358535456,0.0,1.0,4.0,2.0,6.0,3.0,1.0678971811162221,1.0
134.0,0.8,-0.20940713245306064,0.1515336243413478,0.14438589261666146,0.001388521921438686,-0.0008717928128149945,-0.1646210861104715,0.026455217593420843,7.861275896607858e-17,0.6053257892696522,0.9429173155391092,1.0,1.0,6.0,3.0,0.5592610698864777,1.0,4.1330429483804095e-33,0.10174342470650577,1.0383853596154744,0.0,1.0,4.0,2.0,6.0,3.0,1.095996202166141,1.0
134.0,0.85,-0.20940713245306064,0.1515336243413478,0.14438589261666146,0.001388521921438686,-0.0008717928128149945,-0.1646210861104715,0.026455217593420843,7.861275896607858e-17,0.6053257892696522,0.9429173155391092,1.0,1.0,6.0,3.0,0.5592610698864777,1.0,6.843290195409811e-33,0.10390373164234339,1.060433281640121,0.0,1.0,4.0,2.0,6.0,3.0,1.1192673688682757,1.0
134.0,0.9,-0.20940713245306064,0.1515336243413478,0.14438589261666146,0.001388521921438686,-0.0008717928128149945,-0.1646210861104715,0.026455217593420843,7.861275896607858e-17,0.6053257892696522,0.9429173155391092,1.0,1.0,6.0,3.0,0.5592610698864777,1.0,1.1311372763871912e-32,0.10610232733522236,1.082871975696123,0.0,1.0,4.0,2.0,6.0,3.0,1.142950988094238,1.0
134.0,0.95,-0.20940713245306064,0.1515336243413478,0.14438589261666146,0.001388521921438686,-0.0008717928128149945,-0.1646210861104715,0.026455217593420843,7.861275896607858e-17,0.6053257892696522,0.9429173155391092,1.0,1.0,6.0,3.0,0.5592610698864777,1.0,8.940953760298082e-32,0.11564746011405776,1.1802888472209387,0.0,1.0,4.0,2.0,6.0,3.0,1.2457726623690386,1.0
135.0,0.4,1.1756572338303597,0.030656066389856518,0.02914110590932195,-0.0034367844072861016,0.00016780961035053687,-0.1191010043415986,0.41131348188300126,2.5318461904392117e-17,0.5833724443668047,1.0970302772645042,1.0,1.0,6.0,3.0,0.9691789234941572,1.0,1.6856092346069502e-34,0.1031562218313407,1.132681764266732,1.0,1.0,6.0,3.0,6.0,3.0,1.8598413650467036,1.0
135.0,0.45,1.1756572338303597,0.030656066389856518,0.02914110590932195,-0.0034367844072861016,0.00016780961035053687,-0.1191010043415986,0.41131348188300126,2.5318461904392117e-17,0.5833724443668047,1.0970302772645042,1.0,1.0,6.0,3.0,0.9691789234941572,1.0,3.473335525854575e-34,0.10631103279479887,1.1673223975177276,1.0,1.0,6.0,3.0,6.0,3.0,1.9167206092122728,1.0
135.0,0.5,1.1756572338303597,0.030656066389856518,0.02914110590932195,-0.0034367844072861016,0.00016780961035053687,-0.1191010043415986,0.41131348188300126,2.5318461904392117e-17,0.5833724443668047,1.0970302772645042,1.0,1.0,6.0,3.0,0.9691789234941572,1.0,5.55216420099527e-34,0.1084092864086542,1.190361760175915,1.0,1.0,6.0,3.0,6.0,3.0,1.954550793336186,1.0
135.0,0.55,1.1756572338303597,0.030656066389856518,0.02914110590932195,-0.0034367844072861016,0.00016780961035053687,-0.1191010043415986,0.41131348188300126,7.490876578971092e-16,0.6718023981114428,1.2633225620848185,1.0,1.0,6.0,3.0,1.1160909831953838,1.0,6.675749562241643e-34,0.10924495530729227,1.1995376189428228,1.0,1.0,6.0,3.0,6.0,3.0,1.969617374465061,1.0
135.0,0.6,1.1756572338303597,0.030656066389856518,0.02914110590932195,-0.0034367844072861016,0.00016780961035053687,-0.1191010043415986,0.41131348188300126,7.490876578971092e-16,0.6718023981114428,1.2633225620848185,1.0,1.0,6.0,3.0,1.1160909831953838,1.0,8.849443181429564e-34,0.1105355697726876,1.2137088966776963,1.0,1.0,6.0,3.0,6.0,3.0,1.9928863361084452,1.0
135.0,0.65,1.1756572338303597,0.030656066389856518,0.02914110590932195,-0.0034367844072861016,0.00016780961035053687,-0.1191010043415986,0.41131348188300126,7.490876578971092e-16,0.6718023981114428,1.2633225620848185,1.0,1.0,6.0,3.0,1.1160909831953838,1.0,1.4068793912414013e-33,0.11269152585843209,1.2373818472717515,1.0,1.0,6.0,3.0,6.0,3.0,2.0317568592655233,1.0
135.0,0.7,1.1756572338303597,0.030656066389856518,0.02914110590932195,-0.0034367844072861016,0.00016780961035053687,-0.1191010043415986,0.41131348188300126,7.490876578971092e-16,0.6718023981114428,1.2633225620848185,1.0,1.0,6.0,3.0,1.1160909831953838,1.0,2.3870886368496852e-33,0.11520157391236309,1.264942818463283,1.0,1.0,6.0,3.0,6.0,3.0,2.077011436411518,1.0
135.0,0.75,1.1756572338303597,0.030656066389856518,0.02914110590932195,-0.0034367844072861016,0.00016780961035053687,-0.1191010043415986,0.41131348188300126,7.490876578971092e-16,0.6718023981114428,1.2633225620848185,1.0,1.0,6.0,3.0,1.1160909831953838,1.0,3.196924132159159e-33,0.11661231137255514,1.280433077479749,1.0,1.0,6.0,3.0,6.0,3.0,2.102446139593802,1.0
135.0,0.8,1.1756572338303597,0.030656066389856518,0.02914110590932195,-0.0034367844072861016,0.00016780961035053687,-0.1191010043415986,0.41131348188300126,7.490876578971092e-16,0.6718023981114428,1.2633225620848185,1.0,1.0,6.0,3.0,1.1160909831953838,1.0,4.0141162117415954e-33,0.11772358274215056,1.292635122040381,1.0,1.0,6.0,3.0,6.0,3.0,2.1224816587731015,1.0
135.0,0.85,1.1756572338303597,0.030656066389856518,0.02914110590932195,-0.0034367844072861016,0.00016780961035053687,-0.1191010043415986,0.41131348188300126,7.490876578971092e-16,0.6718023981114428,1.2633225620848185,1.0,1.0,6.0,3.0,1.1160909831953838,1.0,6.835143441064283e-33,0.12036356465738492,1.321622800343188,1.0,1.0,6.0,3.0,6.0,3.0,2.1700788611692468,1.0
135.0,0.9,1.1756572338303597,0.030656066389856518,0.02914110590932195,-0.0034367844072861016,0.00016780961035053687,-0.1191010043415986,0.41131348188300126,7.490876578971092e-16,0.6718023981114428,1.2633225620848185,1.0,1.0,6.0,3.0,1.1160909831953838,1.0,1.1434223945461724e-32,0.12297188646022648,1.3502628424944838,1.0,1.0,6.0,3.0,6.0,3.0,2.2171052517849223,1.0
135.0,0.95,1.1756572338303597,0.030656066389856518,0.02914110590932195,-0.0034367844072861016,0.00016780961035053687,-0.1191010043415986,0.41131348188300126,7.490876578971092e-16,0.6718023981114428,1.2633225620848185,1.0,1.0,6.0,3.0,1.1160909831953838,1.0,2.5759137092842015e-32,0.1272045642066071,1.396738729379732,1.0,1.0,6.0,3.0,6.0,3.0,2.2934177515825818,1.0
136.0,0.4,-0.2517630607453707,1.3334860813781413,0.17243646780245886,-0.0004029577354038795,-0.006411603093899886,0.20193042832050698,0.03103695828651576,2.2890651282157213e-14,0.8721436041265659,1.369327741724757,0.0,0.0,5.0,2.0,0.870036880175302,1.0,7.394649181535366e-32,0.21638432371212735,1.338247049928486,0.0,0.0,6.0,3.0,6.0,3.0,1.3847903444234435,1.0
136.0,0.45,-0.2517630607453707,1.3334860813781413,0.17243646780245886,-0.0004029577354038795,-0.006411603093899886,0.20193042832050698,0.03103695828651576,2.2890651282157213e-14,0.8721436041265659,1.369327741724757,0.0,0.0,5.0,2.0,0.870036880175302,1.0,1.2161156775516541e-31,0.22091651446138877,1.3662767648166185,0.0,1.0,6.0,3.0,6.0,3.0,1.4137949131509469,1.0
136.0,0.5,-0.2517630607453707,1.3334860813781413,0.17243646780245886,-0.0004029577354038795,-0.006411603093899886,0.20193042832050698,0.03103695828651576,2.2890651282157213e-14,0.8721436041265659,1.369327741724757,0.0,0.0,5.0,2.0,0.870036880175302,1.0,1.801752743029337e-31,0.2245647203015422,1.3888394006830331,0.0,1.0,6.0,3.0,6.0,3.0,1.4371422616799214,1.0
136.0,0.55,-0.2517630607453707,1.3334860813781413,0.17243646780245886,-0.0004029577354038795,-0.006411603093899886,0.20193042832050698,0.03103695828651576,1.4539255702577696e-13,0.9419796080251208,1.4789752551124857,0.0,0.0,5.0,2.0,0.9397041903158825,1.0,3.31524412659804e-31,0.2303433658513628,1.4245779201236464,0.0,1.0,6.0,3.0,6.0,3.0,1.4741237417795756,1.0
136.0,0.6,-0.2517630607453707,1.3334860813781413,0.17243646780245886,-0.0004029577354038795,-0.006411603093899886,0.20193042832050698,0.03103695828651576,1.4539255702577696e-13,0.9419796080251208,1.4789752551124857,0.0,0.0,5.0,2.0,0.9397041903158825,1.0,5.76178359590093e-31,0.235709688965347,1.457766396779684,0.0,1.0,6.0,3.0,6.0,3.0,1.508466490393787,1.0
136.0,0.65,-0.2517630607453707,1.3334860813781413,0.17243646780245886,-0.0004029577354038795,-0.006411603093899886,0.20193042832050698,0.03103695828651576,1.4539255702577696e-13,0.9419796080251208,1.4789752551124857,0.0,0.0,5.0,2.0,0.9397041903158825,1.0,1.046540223991078e-30,0.24164476576642824,1.4944723784510394,0.0,1.0,6.0,3.0,6.0,3.0,1.5464490803825282,1.0
136.0,0.7,-0.2517630607453707,1.3334860813781413,0.17243646780245886,-0.0004029577354038795,-0.006411603093899886,0.20193042832050698,0.03103695828651576,1.4539255702577696e-13,0.9419796080251208,1.4789752551124857,0.0,0.0,5.0,2.0,0.9397041903158825,1.0,1.4088544624991928e-30,0.24465662720677284,1.5130994888543638,0.0,1.0,6.0,3.0,6.0,3.0,1.5657240286309948,1.0
136.0,0.75,-0.2517630607453707,1.3334860813781413,0.17243646780245886,-0.0004029577354038795,-0.006411603093899886,0.20193042832050698,0.03103695828651576,1.4539255702577696e-13,0.9419796080251208,1.4789752551124857,0.0,0.0,5.0,2.0,0.9397041903158825,1.0,2.0761502638501413e-30,0.24864134407817765,1.5377433054972554,0.0,1.0,6.0,3.0,6.0,3.0,1.5912249399452691,1.0
136.0,0.8,-0.2517630607453707,1.3334860813781413,0.17243646780245886,-0.0004029577354038795,-0.006411603093899886,0.20193042832050698,0.03103695828651576,1.4539255702577696e-13,0.9419796080251208,1.4789752551124857,0.0,0.0,5.0,2.0,0.9397041903158825,1.0,3.1081545769983936e-30,0.25285711056812177,1.5638160679394215,0.0,1.0,6.0,3.0,6.0,3.0,1.6182044947922518,1.0
136.0,0.85,-0.2517630607453707,1.3334860813781413,0.17243646780245886,-0.0004029577354038795,-0.006411603093899886,0.20193042832050698,0.03103695828651576,1.4539255702577696e-13,0.9419796080251208,1.4789752551124857,0.0,0.0,5.0,2.0,0.9397041903158825,1.0,6.055428106682415e-30,0.2599821899410546,1.6078817206066593,0.0,1.0,6.0,3.0,6.0,3.0,1.6638027199761376,1.0
136.0,0.9,-0.2517630607453707,1.3334860813781413,0.17243646780245886,-0.0004029577354038795,-0.006411603093899886,0.20193042832050698,0.03103695828651576,1.4539255702577696e-13,0.9419796080251208,1.4789752551124857,0.0,0.0,5.0,2.0,0.9397041903158825,1.0,9.926134321238225e-30,0.26539133249706315,1.6413350177034085,0.0,1.0,6.0,3.0,6.0,3.0,1.6984194993003894,1.0
136.0,0.95,-0.2517630607453707,1.3334860813781413,0.17243646780245886,-0.0004029577354038795,-0.006411603093899886,0.20193042832050698,0.03103695828651576,1.4539255702577696e-13,0.9419796080251208,1.4789752551124857,0.0,0.0,5.0,2.0,0.9397041903158825,1.0,2.2201541415663643e-29,0.27444386433650764,1.697321162266437,0.0,1.0,6.0,3.0,6.0,3.0,1.7563528027338033,1.0
137.0,0.4,-0.231553625895504,0.7425090786294067,1.0651490755127684,-0.001271979795353938,-0.0027790288701715384,0.18578759251761195,0.6329151750433443,1.0224023526187536e-17,0.6381274318310768,0.8344162217444843,0.0,0.0,4.0,2.0,1.1373899856415146,0.0,3.04916318057504e-33,0.19264146388773268,0.9656981445985694,0.0,0.0,5.0,2.0,6.0,3.0,2.102467058373991,1.0
137.0,0.45,-0.231553625895504,0.7425090786294067,1.0651490755127684,-0.001271979795353938,-0.0027790288701715384,0.18578759251761195,0.6329151750433443,1.0224023526187536e-17,0.6381274318310768,0.8344162217444843,0.0,0.0,4.0,2.0,1.1373899856415146,0.0,5.1998158202491085e-33,0.1969737744656091,0.987415713612259,0.0,0.0,5.0,2.0,6.0,3.0,2.1497494039957954,1.0
137.0,0.5,-0.231553625895504,0.7425090786294067,1.0651490755127684,-0.001271979795353938,-0.0027790288701715384,0.18578759251761195,0.6329151750433443,1.0224023526187536e-17,0.6381274318310768,0.8344162217444843,0.0,0.0,4.0,2.0,1.1373899856415146,0.0,9.063483230085535e-33,0.2015871628752525,1.0105423060788816,0.0,0.0,5.0,2.0,6.0,3.0,2.200099401151197,1.0
137.0,0.55,-0.231553625895504,0.7425090786294067,1.0651490755127684,-0.001271979795353938,-0.0027790288701715384,0.18578759251761195,0.6329151750433443,9.498751701777999e-17,0.7002330582566878,0.9156256159283892,0.0,0.0,4.0,2.0,1.248086241631936,0.0,1.6910181522713882e-32,0.20689424951633753,1.0371463591165309,0.0,0.0,5.0,2.0,6.0,3.0,2.258020342020504,1.0
137.0,0.6,-0.231553625895504,0.7425090786294067,1.0651490755127684,-0.001271979795353938,-0.0027790288701715384,0.18578759251761195,0.6329151750433443,9.498751701777999e-17,0.7002330582566878,0.9156256159283892,0.0,0.0,4.0,2.0,1.248086241631936,0.0,2.63292878034802e-32,0.21074658132379334,1.056457828224792,0.0,0.0,5.0,2.0,6.0,3.0,2.3000642538536398,1.0
137.0,0.65,-0.231553625895504,0.7425090786294067,1.0651490755127684,-0.001271979795353938,-0.0027790288701715384,0.18578759251761195,0.6329151750433443,9.498751701777999e-17,0.7002330582566878,0.9156256159283892,0.0,0.0,4.0,2.0,1.248086241631936,0.0,4.2664651270183957e-32,0.21502803375598203,1.0779204489218668,0.0,0.0,5.0,2.0,6.0,3.0,2.346791539449424,1.0
137.0,0.7,-0.231553625895504,0.7425090786294067,1.0651490755127684,-0.001271979795353938,-0.0027790288701715384,0.18578759251761195,0.6329151750433443,9.498751701777999e-17,0.7002330582566878,0.9156256159283892,0.0,0.0,4.0,2.0,1.248086241631936,0.0,6.95721139945835e-32,0.2194541048609153,1.1001080328803563,0.0,0.0,5.0,2.0,6.0,3.0,2.3950971768150455,1.0
137.0,0.75,-0.231553625895504,0.7425090786294067,1.0651490755127684,-0.001271979795353938,-0.0027790288701715384,0.18578759251761195,0.6329151750433443,9.498751701777999e-17,0.7002330582566878,0.9156256159283892,0.0,0.0,4.0,2.0,1.248086241631936,0.0,1.1142053180448768e-31,0.22380294297791348,1.1219084532882504,0.0,1.0,5.0,2.0,6.0,3.0,2.4425599021217734,1.0
137.0,0.8,-0.231553625895504,0.7425090786294067,1.0651490755127684,-0.001271979795353938,-0.0027790288701715384,0.18578759251761195,0.6329151750433443,9.498751701777999e-17,0.7002330582566878,0.9156256159283892,0.0,0.0,4.0,2.0,1.248086241631936,0.0,1.2789662819645003e-31,0.2250926794713336,1.1283738118542688,0.0,1.0,5.0,2.0,6.0,3.0,2.4566359397342112,1.0
137.0,0.85,-0.231553625895504,0.7425090786294067,1.0651490755127684,-0.001271979795353938,-0.0027790288701715384,0.18578759251761195,0.6329151750433443,9.498751701777999e-17,0.7002330582566878,0.9156256159283892,0.0,0.0,4.0,2.0,1.248086241631936,0.0,2.6569109131851494e-31,0.23205518858869573,1.1632763816369902,0.0,1.0,5.0,2.0,6.0,3.0,2.5326239735015084,1.0
137.0,0.9,-0.231553625895504,0.7425090786294067,1.0651490755127684,-0.001271979795353938,-0.0027790288701715384,0.18578759251761195,0.6329151750433443,9.498751701777999e-17,0.7002330582566878,0.9156256159283892,0.0,0.0,4.0,2.0,1.248086241631936,0.0,4.8696178324019354e-31,0.2379877092073808,1.1930156913299217,0.0,1.0,6.0,3.0,6.0,3.0,2.597370829771135,1.0
137.0,0.95,-0.231553625895504,0.7425090786294067,1.0651490755127684,-0.001271979795353938,-0.0027790288701715384,0.18578759251761195,0.6329151750433443,9.498751701777999e-17,0.7002330582566878,0.9156256159283892,0.0,0.0,4.0,2.0,1.248086241631936,0.0,1.1451300916644681e-30,0.24661975377450876,1.236287525203784,1.0,1.0,6.0,3.0,6.0,3.0,2.6915799838262537,1.0
138.0,0.4,-0.7977871192528849,0.7547034859460213,0.9528931020564906,0.0006126327381349338,-0.005182795607841917,-0.18116919216112842,0.36933336162003216,1.96045481101827e-15,0.89528961474234,1.3151290763683623,0.0,0.0,4.0,1.0,1.4013420574352649,1.0,8.811826306150085e-32,0.2336264043769998,1.285472901310375,0.0,0.0,4.0,2.0,6.0,3.0,2.5887857632681874,1.0
138.0,0.45,-0.7977871192528849,0.7547034859460213,0.9528931020564906,0.0006126327381349338,-0.005182795607841917,-0.18116919216112842,0.36933336162003216,1.96045481101827e-15,0.89528961474234,1.3151290763683623,0.0,0.0,4.0,1.0,1.4013420574352649,1.0,1.2478906288392098e-31,0.2370381231834817,1.3042450605802933,0.0,0.0,4.0,2.0,6.0,3.0,2.626590604283684,1.0
138.0,0.5,-0.7977871192528849,0.7547034859460213,0.9528931020564906,0.0006126327381349338,-0.005182795607841917,-0.18116919216112842,0.36933336162003216,1.96045481101827e-15,0.89528961474234,1.3151290763683623,0.0,0.0,4.0,1.0,1.4013420574352649,1.0,1.8005710576372608e-31,0.2406871691991936,1.3243230555369887,0.0,0.0,4.0,2.0,6.0,3.0,2.667025239230775,1.0
138.0,0.55,-0.7977871192528849,0.7547034859460213,0.9528931020564906,0.0006126327381349338,-0.005182795607841917,-0.18116919216112842,0.36933336162003216,8.915469134429888e-15,0.9536112230024868,1.4008001726711583,0.0,0.0,4.0,1.0,1.4926293025528448,1.0,2.54459319165013e-31,0.2441808548013836,1.3435462173165378,0.0,0.0,4.0,2.0,6.0,3.0,2.705738344337207,1.0
138.0,0.6,-0.7977871192528849,0.7547034859460213,0.9528931020564906,0.0006126327381349338,-0.005182795607841917,-0.18116919216112842,0.36933336162003216,8.915469134429888e-15,0.9536112230024868,1.4008001726711583,0.0,0.0,4.0,1.0,1.4926293025528448,1.0,3.323350246407453e-31,0.24691256028104833,1.3585767673857136,0.0,0.0,4.0,2.0,6.0,3.0,2.7360080404105416,1.0
138.0,0.65,-0.7977871192528849,0.7547034859460213,0.9528931020564906,0.0006126327381349338,-0.005182795607841917,-0.18116919216112842,0.36933336162003216,8.915469134429888e-15,0.9536112230024868,1.4008001726711583,0.0,0.0,4.0,1.0,1.4926293025528448,1.0,4.526563455955337e-31,0.2501120045332562,1.376180937155967,0.0,0.0,4.0,2.0,6.0,3.0,2.7714606929160355,1.0
138.0,0.7,-0.7977871192528849,0.7547034859460213,0.9528931020564906,0.0006126327381349338,-0.005182795607841917,-0.18116919216112842,0.36933336162003216,8.915469134429888e-15,0.9536112230024868,1.4008001726711583,0.0,0.0,4.0,1.0,1.4926293025528448,1.0,5.580202240081131e-31,0.25230232860633656,1.3882326667048626,0.0,0.0,4.0,2.0,6.0,3.0,2.7957314074889648,1.0
138.0,0.75,-0.7977871192528849,0.7547034859460213,0.9528931020564906,0.0006126327381349338,-0.005182795607841917,-0.18116919216112842,0.36933336162003216,8.915469134429888e-15,0.9536112230024868,1.4008001726711583,0.0,0.0,4.0,1.0,1.4926293025528448,1.0,7.712147896574552e-31,0.25572694136192925,1.407075771817641,0.0,0.0,4.0,2.0,6.0,3.0,2.833679124785847,1.0
138.0,0.8,-0.7977871192528849,0.7547034859460213,0.9528931020564906,0.0006126327381349338,-0.005182795607841917,-0.18116919216112842,0.36933336162003216,8.915469134429888e-15,0.9536112230024868,1.4008001726711583,0.0,0.0,4.0,1.0,1.4926293025528448,1.0,1.3852485317167797e-30,0.2620441681336367,1.4418347873840414,0.0,0.0,4.0,2.0,6.0,3.0,2.9036795460718854,1.0
138.0,0.85,-0.7977871192528849,0.7547034859460213,0.9528931020564906,0.0006126327381349338,-0.005182795607841917,-0.18116919216112842,0.36933336162003216,8.915469134429888e-15,0.9536112230024868,1.4008001726711583,0.0,0.0,4.0,1.0,1.4926293025528448,1.0,4.02602822102558e-30,0.27395593406797686,1.5073764043779718,0.0,0.0,4.0,2.0,6.0,3.0,3.0356723751719827,1.0
138.0,0.9,-0.7977871192528849,0.7547034859460213,0.9528931020564906,0.0006126327381349338,-0.005182795607841917,-0.18116919216112842,0.36933336162003216,8.915469134429888e-15,0.9536112230024868,1.4008001726711583,0.0,0.0,4.0,1.0,1.4926293025528448,1.0,6.956234177617627e-30,0.2802698855053671,1.5421173982078362,0.0,0.0,4.0,2.0,6.0,3.0,3.1056365028769406,1.0
138.0,0.95,-0.7977871192528849,0.7547034859460213,0.9528931020564906,0.0006126327381349338,-0.005182795607841917,-0.18116919216112842,0.36933336162003216,8.915469134429888e-15,0.9536112230024868,1.4008001726711583,0.0,0.0,4.0,1.0,1.4926293025528448,1.0,1.0093203958413617e-29,0.2846505682187003,1.5662210475031513,0.0,0.0,4.0,2.0,6.0,3.0,3.1541783150574334,1.0
139.0,0.4,2.192187041271325,1.030190802346643,0.05679382445439124,-0.002623336651792159,-0.00533580635632243,-0.28874943127157754,0.7685918967267026,1.411267180510501e-15,1.014158921823573,2.44738950618656,0.0,0.0,5.0,2.0,2.4226209432422015,1.0,2.1675961572244548e-32,0.23828172914182197,2.5626752869554172,0.0,1.0,5.0,2.0,6.0,3.0,4.751934071901734,1.0
139.0,0.45,2.192187041271325,1.030190802346643,0.05679382445439124,-0.002623336651792159,-0.00533580635632243,-0.28874943127157754,0.7685918967267026,1.411267180510501e-15,1.014158921823573,2.44738950618656,0.0,0.0,5.0,2.0,2.4226209432422015,1.0,2.8772184128428293e-32,0.24111016047098596,2.5930945351881887,0.0,1.0,5.0,2.0,6.0,3.0,4.808340071856055,1.0
139.0,0.5,2.192187041271325,1.030190802346643,0.05679382445439124,-0.002623336651792159,-0.00533580635632243,-0.28874943127157754,0.7685918967267026,1.411267180510501e-15,1.014158921823573,2.44738950618656,0.0,0.0,5.0,2.0,2.4226209432422015,1.0,3.7929351955062676e-32,0.2439021451915488,2.623121806984109,0.0,1.0,5.0,2.0,6.0,3.0,4.864019235213036,1.0
139.0,0.55,2.192187041271325,1.030190802346643,0.05679382445439124,-0.002623336651792159,-0.00533580635632243,-0.28874943127157754,0.7685918967267026,8.152625424026688e-15,1.0910459107506414,2.632934794812562,1.0,1.0,6.0,3.0,2.606288439163468,1.0,5.183237358662745e-32,0.2470965546056051,2.6574770808496417,0.0,1.0,5.0,2.0,6.0,3.0,4.927723754182777,1.0
139.0,0.6,2.192187041271325,1.030190802346643,0.05679382445439124,-0.002623336651792159,-0.00533580635632243,-0.28874943127157754,0.7685918967267026,8.152625424026688e-15,1.0910459107506414,2.632934794812562,1.0,1.0,6.0,3.0,2.606288439163468,1.0,7.072723235725757e-32,0.25031742838227905,2.6921169739694886,0.0,1.0,5.0,2.0,6.0,3.0,4.991956038780485,1.0
139.0,0.65,2.192187041271325,1.030190802346643,0.05679382445439124,-0.002623336651792159,-0.00533580635632243,-0.28874943127157754,0.7685918967267026,8.152625424026688e-15,1.0910459107506414,2.632934794812562,1.0,1.0,6.0,3.0,2.606288439163468,1.0,9.049004580072974e-32,0.25290068818788897,2.7198994484691665,0.0,1.0,5.0,2.0,6.0,3.0,5.043472704917929,1.0
139.0,0.7,2.192187041271325,1.030190802346643,0.05679382445439124,-0.002623336651792159,-0.00533580635632243,-0.28874943127157754,0.7685918967267026,8.152625424026688e-15,1.0910459107506414,2.632934794812562,1.0,1.0,6.0,3.0,2.606288439163468,1.0,1.303443555340974e-31,0.2567756400007177,2.761573828140001,0.0,1.0,5.0,2.0,6.0,3.0,5.120748942641543,1.0
139.0,0.75,2.192187041271325,1.030190802346643,0.05679382445439124,-0.002623336651792159,-0.00533580635632243,-0.28874943127157754,0.7685918967267026,8.152625424026688e-15,1.0910459107506414,2.632934794812562,1.0,1.0,6.0,3.0,2.606288439163468,1.0,1.6700645028801196e-31,0.25944115117308136,2.7902409006558897,0.0,1.0,5.0,2.0,6.0,3.0,5.173905906898135,1.0
139.0,0.8,2.192187041271325,1.030190802346643,0.05679382445439124,-0.002623336651792159,-0.00533580635632243,-0.28874943127157754,0.7685918967267026,8.152625424026688e-15,1.0910459107506414,2.632934794812562,1.0,1.0,6.0,3.0,2.606288439163468,1.0,2.275211324145704e-31,0.26280535885595907,2.826422323042517,0.0,1.0,5.0,2.0,6.0,3.0,5.240996628334461,1.0
139.0,0.85,2.192187041271325,1.030190802346643,0.05679382445439124,-0.002623336651792159,-0.00533580635632243,-0.28874943127157754,0.7685918967267026,8.152625424026688e-15,1.0910459107506414,2.632934794812562,1.0,1.0,6.0,3.0,2.606288439163468,1.0,2.8416983218313285e-31,0.2652512217366308,2.852727119394941,0.0,1.0,5.0,2.0,6.0,3.0,5.289773255899329,1.0
139.0,0.9,2.192187041271325,1.030190802346643,0.05679382445439124,-0.002623336651792159,-0.00533580635632243,-0.28874943127157754,0.7685918967267026,8.152625424026688e-15,1.0910459107506414,2.632934794812562,1.0,1.0,6.0,3.0,2.606288439163468,1.0,6.82423071432897e-31,0.2751126424836225,2.9587848491822872,0.0,1.0,5.0,2.0,6.0,3.0,5.486434667639788,1.0
139.0,0.95,2.192187041271325,1.030190802346643,0.05679382445439124,-0.002623336651792159,-0.00533580635632243,-0.28874943127157754,0.7685918967267026,8.152625424026688e-15,1.0910459107506414,2.632934794812562,1.0,1.0,6.0,3.0,2.606288439163468,1.0,2.493953123678291e-30,0.29037684978344264,3.1229485345940695,0.0,1.0,6.0,3.0,6.0,3.0,5.790841165820834,1.0
140.0,0.4,3.333587016665996,0.945262566278383,-0.05296128181413634,-0.003418953119013878,0.0033757930908886553,-0.7557022703212106,1.0758884843459078,3.8784532969627483e-16,0.9079219473191262,2.61518532823867,0.0,0.0,5.0,2.0,2.279024072932669,1.0,2.645590367291475e-31,0.29563054522748533,2.8596629338952493,1.0,1.0,4.0,1.0,6.0,3.0,4.4069964082335,1.0
140.0,0.45,3.333587016665996,0.945262566278383,-0.05296128181413634,-0.003418953119013878,0.0033757930908886553,-0.7557022703212106,1.0758884843459078,3.8784532969627483e-16,0.9079219473191262,2.61518532823867,0.0,0.0,5.0,2.0,2.279024072932669,1.0,4.6669386508073846e-31,0.30270565419003154,2.9281011490258773,1.0,1.0,4.0,1.0,6.0,3.0,4.512465820272131,1.0
140.0,0.5,3.333587016665996,0.945262566278383,-0.05296128181413634,-0.003418953119013878,0.0033757930908886553,-0.7557022703212106,1.0758884843459078,3.8784532969627483e-16,0.9079219473191262,2.61518532823867,0.0,0.0,5.0,2.0,2.279024072932669,1.0,8.150222146770902e-31,0.30982009985612813,2.996919871904776,1.0,1.0,4.0,1.0,6.0,3.0,4.618521628791283,1.0
140.0,0.55,3.333587016665996,0.945262566278383,-0.05296128181413634,-0.003418953119013878,0.0033757930908886553,-0.7557022703212106,1.0758884843459078,1.5726587453375385e-12,1.2834555869557642,3.696875298987454,1.0,1.0,6.0,3.0,3.221671408923432,1.0,1.1064478436130972e-30,0.31379160371688514,3.0353366139017495,1.0,1.0,4.0,1.0,6.0,3.0,4.677725264992593,1.0
140.0,0.6,3.333587016665996,0.945262566278383,-0.05296128181413634,-0.003418953119013878,0.0033757930908886553,-0.7557022703212106,1.0758884843459078,1.5726587453375385e-12,1.2834555869557642,3.696875298987454,1.0,1.0,6.0,3.0,3.221671408923432,1.0,1.5905491778673082e-30,0.31857277499404246,3.081585347338176,1.0,1.0,4.0,1.0,6.0,3.0,4.748998700656581,1.0
140.0,0.65,3.333587016665996,0.945262566278383,-0.05296128181413634,-0.003418953119013878,0.0033757930908886553,-0.7557022703212106,1.0758884843459078,1.5726587453375385e-12,1.2834555869557642,3.696875298987454,1.0,1.0,6.0,3.0,3.221671408923432,1.0,2.9623820861281884e-30,0.3269358714300567,3.1624823902072015,1.0,1.0,4.0,1.0,6.0,3.0,4.87366828081402,1.0
140.0,0.7,3.333587016665996,0.945262566278383,-0.05296128181413634,-0.003418953119013878,0.0033757930908886553,-0.7557022703212106,1.0758884843459078,1.5726587453375385e-12,1.2834555869557642,3.696875298987454,1.0,1.0,6.0,3.0,3.221671408923432,1.0,5.7406067685719704e-30,0.3360733725858496,3.250870325031524,1.0,1.0,4.0,1.0,6.0,3.0,5.009881995614098,1.0
140.0,0.75,3.333587016665996,0.945262566278383,-0.05296128181413634,-0.003418953119013878,0.0033757930908886553,-0.7557022703212106,1.0758884843459078,1.5726587453375385e-12,1.2834555869557642,3.696875298987454,1.0,1.0,6.0,3.0,3.221671408923432,1.0,1.0092182529092844e-29,0.34406743910317683,3.328197705708994,1.0,1.0,4.0,1.0,6.0,3.0,5.129050406990305,1.0
140.0,0.8,3.333587016665996,0.945262566278383,-0.05296128181413634,-0.003418953119013878,0.0033757930908886553,-0.7557022703212106,1.0758884843459078,1.5726587453375385e-12,1.2834555869557642,3.696875298987454,1.0,1.0,6.0,3.0,3.221671408923432,1.0,1.3943108494998476e-29,0.34873257207065045,3.373323989322589,1.0,1.0,4.0,1.0,6.0,3.0,5.198594047062299,1.0
140.0,0.85,3.333587016665996,0.945262566278383,-0.05296128181413634,-0.003418953119013878,0.0033757930908886553,-0.7557022703212106,1.0758884843459078,1.5726587453375385e-12,1.2834555869557642,3.696875298987454,1.0,1.0,6.0,3.0,3.221671408923432,1.0,3.8376259065467123e-29,0.3637587698702692,3.518673857861657,1.0,1.0,6.0,3.0,6.0,3.0,5.422591197564357,1.0
140.0,0.9,3.333587016665996,0.945262566278383,-0.05296128181413634,-0.003418953119013878,0.0033757930908886553,-0.7557022703212106,1.0758884843459078,1.5726587453375385e-12,1.2834555869557642,3.696875298987454,1.0,1.0,6.0,3.0,3.221671408923432,1.0,8.801963093596678e-29,0.3765607153170839,3.6425083176866204,1.0,1.0,6.0,3.0,6.0,3.0,5.61343117845706,1.0
140.0,0.95,3.333587016665996,0.945262566278383,-0.05296128181413634,-0.003418953119013878,0.0033757930908886553,-0.7557022703212106,1.0758884843459078,1.5726587453375385e-12,1.2834555869557642,3.696875298987454,1.0,1.0,6.0,3.0,3.221671408923432,1.0,2.686036330222298e-28,0.39447897198963117,3.815833352172065,1.0,1.0,6.0,3.0,6.0,3.0,5.880540562357019,1.0
141.0,0.4,2.64254728086434,1.1599563066699319,1.1724619670701326,-0.0014022289546366331,-0.002032892053023636,-0.04914532142205558,1.6624907383348686,2.897891632740291e-15,1.1274023318055901,1.98777052885967,0.0,1.0,5.0,3.0,2.9427785175650247,0.0,5.268648034306247e-31,0.28453379048129873,2.2652061517543918,1.0,1.0,4.0,2.0,6.0,3.0,5.7313575123604545,1.0
141.0,0.45,2.64254728086434,1.1599563066699319,1.1724619670701326,-0.0014022289546366331,-0.002032892053023636,-0.04914532142205558,1.6624907383348686,2.897891632740291e-15,1.1274023318055901,1.98777052885967,0.0,1.0,5.0,3.0,2.9427785175650247,0.0,8.155371420804375e-31,0.2897609605890734,2.306820252717124,1.0,1.0,4.0,2.0,6.0,3.0,5.836648278054416,1.0
141.0,0.5,2.64254728086434,1.1599563066699319,1.1724619670701326,-0.0014022289546366331,-0.002032892053023636,-0.04914532142205558,1.6624907383348686,2.897891632740291e-15,1.1274023318055901,1.98777052885967,0.0,1.0,5.0,3.0,2.9427785175650247,0.0,1.111084127545008e-30,0.293518743294395,2.336736391980064,1.0,1.0,4.0,2.0,6.0,3.0,5.912341207535766,1.0
141.0,0.55,2.64254728086434,1.1599563066699319,1.1724619670701326,-0.0014022289546366331,-0.002032892053023636,-0.04914532142205558,1.6624907383348686,1.260001935927647e-13,1.3192921349853912,2.3260995217921288,1.0,1.0,6.0,3.0,3.4436548902730015,1.0,1.7443210337407695e-30,0.299086963849109,2.381065634681003,1.0,1.0,4.0,2.0,6.0,3.0,6.0245017444363445,1.0
141.0,0.6,2.64254728086434,1.1599563066699319,1.1724619670701326,-0.0014022289546366331,-0.002032892053023636,-0.04914532142205558,1.6624907383348686,1.260001935927647e-13,1.3192921349853912,2.3260995217921288,1.0,1.0,6.0,3.0,3.4436548902730015,1.0,2.249395441607944e-30,0.3022728393060159,2.406428754722041,1.0,1.0,4.0,2.0,6.0,3.0,6.088674759537658,1.0
141.0,0.65,2.64254728086434,1.1599563066699319,1.1724619670701326,-0.0014022289546366331,-0.002032892053023636,-0.04914532142205558,1.6624907383348686,1.260001935927647e-13,1.3192921349853912,2.3260995217921288,1.0,1.0,6.0,3.0,3.4436548902730015,1.0,3.57607701733067e-30,0.3081685649448223,2.4533653029734452,1.0,1.0,4.0,2.0,6.0,3.0,6.2074322237166255,1.0
141.0,0.7,2.64254728086434,1.1599563066699319,1.1724619670701326,-0.0014022289546366331,-0.002032892053023636,-0.04914532142205558,1.6624907383348686,1.260001935927647e-13,1.3192921349853912,2.3260995217921288,1.0,1.0,6.0,3.0,3.4436548902730015,1.0,5.273592300034901e-30,0.3131969251372082,2.493396655389488,1.0,1.0,4.0,2.0,6.0,3.0,6.308718365916943,1.0
141.0,0.75,2.64254728086434,1.1599563066699319,1.1724619670701326,-0.0014022289546366331,-0.002032892053023636,-0.04914532142205558,1.6624907383348686,1.260001935927647e-13,1.3192921349853912,2.3260995217921288,1.0,1.0,6.0,3.0,3.4436548902730015,1.0,8.893261183203695e-30,0.3200913417704944,2.548283897231874,1.0,1.0,4.0,2.0,6.0,3.0,6.447592439529389,1.0
141.0,0.8,2.64254728086434,1.1599563066699319,1.1724619670701326,-0.0014022289546366331,-0.002032892053023636,-0.04914532142205558,1.6624907383348686,1.260001935927647e-13,1.3192921349853912,2.3260995217921288,1.0,1.0,6.0,3.0,3.4436548902730015,1.0,1.4883320481243067e-29,0.3270334754549621,2.6035510199934886,1.0,1.0,4.0,2.0,6.0,3.0,6.587427676592029,1.0
141.0,0.85,2.64254728086434,1.1599563066699319,1.1724619670701326,-0.0014022289546366331,-0.002032892053023636,-0.04914532142205558,1.6624907383348686,1.260001935927647e-13,1.3192921349853912,2.3260995217921288,1.0,1.0,6.0,3.0,3.4436548902730015,1.0,2.2936637196264934e-29,0.33298023544000727,2.6508938585306803,1.0,1.0,4.0,2.0,6.0,3.0,6.7072131244182485,1.0
141.0,0.9,2.64254728086434,1.1599563066699319,1.1724619670701326,-0.0014022289546366331,-0.002032892053023636,-0.04914532142205558,1.6624907383348686,1.260001935927647e-13,1.3192921349853912,2.3260995217921288,1.0,1.0,6.0,3.0,3.4436548902730015,1.0,5.415684666190698e-29,0.34511614266806306,2.747509208375814,1.0,1.0,4.0,2.0,6.0,3.0,6.951666420960539,1.0
141.0,0.95,2.64254728086434,1.1599563066699319,1.1724619670701326,-0.0014022289546366331,-0.002032892053023636,-0.04914532142205558,1.6624907383348686,1.260001935927647e-13,1.3192921349853912,2.3260995217921288,1.0,1.0,6.0,3.0,3.4436548902730015,1.0,1.755949407939105e-28,0.3624524585470074,2.8855256081549574,1.0,1.0,4.0,2.0,6.0,3.0,7.300871427794243,1.0
142.0,0.4,0.13884852092767852,0.13035052712460798,0.12101931025412149,-0.0010929519989886943,-0.0008056073287139197,0.1813288981602476,0.12696271381197388,3.456762764026352e-17,0.5301446779414942,0.7221875328673749,1.0,1.0,6.0,3.0,0.5610640417451032,1.0,6.506449407611618e-36,0.08047026697870055,0.6183256352330659,1.0,1.0,4.0,2.0,6.0,3.0,0.8937840964367937,1.0
142.0,0.45,0.13884852092767852,0.13035052712460798,0.12101931025412149,-0.0010929519989886943,-0.0008056073287139197,0.1813288981602476,0.12696271381197388,3.456762764026352e-17,0.5301446779414942,0.7221875328673749,1.0,1.0,6.0,3.0,0.5610640417451032,1.0,8.657646534924137e-36,0.0814337498542569,0.6257289431060504,1.0,1.0,4.0,2.0,6.0,3.0,0.9044855108062705,1.0
142.0,0.5,0.13884852092767852,0.13035052712460798,0.12101931025412149,-0.0010929519989886943,-0.0008056073287139197,0.1813288981602476,0.12696271381197388,3.456762764026352e-17,0.5301446779414942,0.7221875328673749,1.0,1.0,6.0,3.0,0.5610640417451032,1.0,1.4256375089461474e-35,0.08314379041654453,0.6388687269871038,1.0,1.0,4.0,2.0,6.0,3.0,0.923478949205562,1.0
142.0,0.55,0.13884852092767852,0.13035052712460798,0.12101931025412149,-0.0010929519989886943,-0.0008056073287139197,0.1813288981602476,0.12696271381197388,6.083538225603855e-17,0.5427789755899552,0.739398555872799,1.0,1.0,6.0,3.0,0.5744352032378127,1.0,2.564339273184994e-35,0.0852027119485846,0.6546892780054159,1.0,1.0,4.0,2.0,6.0,3.0,0.9463474121825242,1.0
142.0,0.6,0.13884852092767852,0.13035052712460798,0.12101931025412149,-0.0010929519989886943,-0.0008056073287139197,0.1813288981602476,0.12696271381197388,6.083538225603855e-17,0.5427789755899552,0.739398555872799,1.0,1.0,6.0,3.0,0.5744352032378127,1.0,4.309560920469001e-35,0.08706577747251916,0.6690048906760259,1.0,1.0,4.0,2.0,6.0,3.0,0.9670405004303009,1.0
142.0,0.65,0.13884852092767852,0.13035052712460798,0.12101931025412149,-0.0010929519989886943,-0.0008056073287139197,0.1813288981602476,0.12696271381197388,6.083538225603855e-17,0.5427789755899552,0.739398555872799,1.0,1.0,6.0,3.0,0.5744352032378127,1.0,5.584995544964075e-35,0.08801135846871613,0.6762706422646538,1.0,1.0,4.0,2.0,6.0,3.0,0.9775430784386153,1.0
142.0,0.7,0.13884852092767852,0.13035052712460798,0.12101931025412149,-0.0010929519989886943,-0.0008056073287139197,0.1813288981602476,0.12696271381197388,6.083538225603855e-17,0.5427789755899552,0.739398555872799,1.0,1.0,6.0,3.0,0.5744352032378127,1.0,8.592815118472031e-35,0.08960558598790516,0.688520530086817,1.0,1.0,4.0,2.0,6.0,3.0,0.9952501801576918,1.0
142.0,0.75,0.13884852092767852,0.13035052712460798,0.12101931025412149,-0.0010929519989886943,-0.0008056073287139197,0.1813288981602476,0.12696271381197388,6.083538225603855e-17,0.5427789755899552,0.739398555872799,1.0,1.0,6.0,3.0,0.5744352032378127,1.0,1.6181800953459128e-34,0.09200022555579501,0.7069207055499062,1.0,1.0,4.0,2.0,6.0,3.0,1.0218474668678834,1.0
142.0,0.8,0.13884852092767852,0.13035052712460798,0.12101931025412149,-0.0010929519989886943,-0.0008056073287139197,0.1813288981602476,0.12696271381197388,6.083538225603855e-17,0.5427789755899552,0.739398555872799,1.0,1.0,6.0,3.0,0.5744352032378127,1.0,2.9837076832017025e-34,0.0943758663051744,0.7251748959558405,1.0,1.0,4.0,2.0,6.0,3.0,1.0482337335022982,1.0
142.0,0.85,0.13884852092767852,0.13035052712460798,0.12101931025412149,-0.0010929519989886943,-0.0008056073287139197,0.1813288981602476,0.12696271381197388,6.083538225603855e-17,0.5427789755899552,0.739398555872799,1.0,1.0,6.0,3.0,0.5744352032378127,1.0,4.19130360692948e-34,0.09572175514548947,0.7355165737380354,1.0,1.0,4.0,2.0,6.0,3.0,1.0631825349193949,1.0
142.0,0.9,0.13884852092767852,0.13035052712460798,0.12101931025412149,-0.0010929519989886943,-0.0008056073287139197,0.1813288981602476,0.12696271381197388,6.083538225603855e-17,0.5427789755899552,0.739398555872799,1.0,1.0,6.0,3.0,0.5744352032378127,1.0,1.889506218482957e-33,0.10192028280299142,0.7831454520211047,1.0,1.0,4.0,2.0,6.0,3.0,1.1320296464005246,1.0
142.0,0.95,0.13884852092767852,0.13035052712460798,0.12101931025412149,-0.0010929519989886943,-0.0008056073287139197,0.1813288981602476,0.12696271381197388,6.083538225603855e-17,0.5427789755899552,0.739398555872799,1.0,1.0,6.0,3.0,0.5744352032378127,1.0,6.045536281520276e-33,0.10698081229983845,0.8220300641049917,1.0,1.0,4.0,2.0,6.0,3.0,1.188237000416491,1.0
143.0,0.4,-0.08909735441193689,0.21763807660907414,0.22706389204288488,-0.004574151346079715,-0.0007401472272003169,0.11175595236926922,0.12167714322461104,3.097467440701115e-19,0.4095054524106816,0.5762535045751214,0.0,0.0,4.0,2.0,0.45783698313936066,1.0,2.721633859633177e-35,0.08608819378217,0.6626650620721168,0.0,0.0,4.0,2.0,6.0,3.0,0.9306904358411898,1.0
143.0,0.45,-0.08909735441193689,0.21763807660907414,0.22706389204288488,-0.004574151346079715,-0.0007401472272003169,0.11175595236926922,0.12167714322461104,3.097467440701115e-19,0.4095054524106816,0.5762535045751214,0.0,0.0,4.0,2.0,0.45783698313936066,1.0,3.7085469910617465e-35,0.08720522686881481,0.6712634397029809,0.0,0.0,4.0,2.0,6.0,3.0,0.9427665634097276,1.0
143.0,0.5,-0.08909735441193689,0.21763807660907414,0.22706389204288488,-0.004574151346079715,-0.0007401472272003169,0.11175595236926922,0.12167714322461104,3.097467440701115e-19,0.4095054524106816,0.5762535045751214,0.0,0.0,4.0,2.0,0.45783698313936066,1.0,6.457559280040233e-35,0.089243900206878,0.6869561559136469,0.0,0.0,4.0,2.0,6.0,3.0,0.9648064470939041,1.0
143.0,0.55,-0.08909735441193689,0.21763807660907414,0.22706389204288488,-0.004574151346079715,-0.0007401472272003169,0.11175595236926922,0.12167714322461104,5.092079803464968e-16,0.5575130540380311,0.7845288734119292,1.0,1.0,6.0,3.0,0.6233130553426681,1.0,1.1848896185179724e-34,0.09152974886525922,0.7045515075704194,0.0,0.0,4.0,2.0,6.0,3.0,0.9895185172474362,1.0
143.0,0.6,-0.08909735441193689,0.21763807660907414,0.22706389204288488,-0.004574151346079715,-0.0007401472272003169,0.11175595236926922,0.12167714322461104,5.092079803464968e-16,0.5575130540380311,0.7845288734119292,1.0,1.0,6.0,3.0,0.6233130553426681,1.0,1.7911934428683402e-34,0.09311935567486794,0.716787527968582,0.0,0.0,4.0,2.0,6.0,3.0,1.0067035897812409,1.0
143.0,0.65,-0.08909735441193689,0.21763807660907414,0.22706389204288488,-0.004574151346079715,-0.0007401472272003169,0.11175595236926922,0.12167714322461104,5.092079803464968e-16,0.5575130540380311,0.7845288734119292,1.0,1.0,6.0,3.0,0.6233130553426681,1.0,2.6355148921587573e-34,0.09462990845225802,0.7284150288605771,0.0,0.0,4.0,2.0,6.0,3.0,1.0230340174622716,1.0
143.0,0.7,-0.08909735441193689,0.21763807660907414,0.22706389204288488,-0.004574151346079715,-0.0007401472272003169,0.11175595236926922,0.12167714322461104,5.092079803464968e-16,0.5575130540380311,0.7845288734119292,1.0,1.0,6.0,3.0,0.6233130553426681,1.0,4.23661131631156e-34,0.09652018250331902,0.7429654395074672,0.0,0.0,4.0,2.0,6.0,3.0,1.0434695720156957,1.0
143.0,0.75,-0.08909735441193689,0.21763807660907414,0.22706389204288488,-0.004574151346079715,-0.0007401472272003169,0.11175595236926922,0.12167714322461104,5.092079803464968e-16,0.5575130540380311,0.7845288734119292,1.0,1.0,6.0,3.0,0.6233130553426681,1.0,7.888404270208622e-34,0.09905283426594212,0.762460561471953,0.0,0.0,4.0,2.0,6.0,3.0,1.0708498046496138,1.0
143.0,0.8,-0.08909735441193689,0.21763807660907414,0.22706389204288488,-0.004574151346079715,-0.0007401472272003169,0.11175595236926922,0.12167714322461104,5.092079803464968e-16,0.5575130540380311,0.7845288734119292,1.0,1.0,6.0,3.0,0.6233130553426681,1.0,1.1378397387546094e-33,0.10057631917511846,0.7741876076271992,0.0,1.0,4.0,2.0,6.0,3.0,1.0873200402513334,1.0
143.0,0.85,-0.08909735441193689,0.21763807660907414,0.22706389204288488,-0.004574151346079715,-0.0007401472272003169,0.11175595236926922,0.12167714322461104,5.092079803464968e-16,0.5575130540380311,0.7845288734119292,1.0,1.0,6.0,3.0,0.6233130553426681,1.0,2.4458829760037396e-33,0.10383501857488393,0.7992714913184282,0.0,1.0,4.0,2.0,6.0,3.0,1.122549497757634,1.0
143.0,0.9,-0.08909735441193689,0.21763807660907414,0.22706389204288488,-0.004574151346079715,-0.0007401472272003169,0.11175595236926922,0.12167714322461104,5.092079803464968e-16,0.5575130540380311,0.7845288734119292,1.0,1.0,6.0,3.0,0.6233130553426681,1.0,4.717309479503869e-33,0.10671602101371043,0.8214480474300084,0.0,1.0,4.0,2.0,6.0,3.0,1.1536957130242191,1.0
143.0,0.95,-0.08909735441193689,0.21763807660907414,0.22706389204288488,-0.004574151346079715,-0.0007401472272003169,0.11175595236926922,0.12167714322461104,5.092079803464968e-16,0.5575130540380311,0.7845288734119292,1.0,1.0,6.0,3.0,0.6233130553426681,1.0,1.2080883417517284e-32,0.11098044726030903,0.8542735274320006,0.0,1.0,4.0,2.0,6.0,3.0,1.1997979780119357,1.0
144.0,0.4,-0.28769123549637543,0.05272472154092894,0.0529497228270262,-0.0013982601235728493,0.002173816331933956,-0.2387972081665079,-0.060596929947440925,5.1998833090566796e-17,0.5940922417471203,0.9950922601161732,1.0,1.0,6.0,3.0,0.5117238959111324,1.0,3.5536363999890046e-34,0.0998493066126716,1.0299103281948492,1.0,1.0,6.0,3.0,6.0,3.0,0.8824479957921161,1.0
144.0,0.45,-0.28769123549637543,0.05272472154092894,0.0529497228270262,-0.0013982601235728493,0.002173816331933956,-0.2387972081665079,-0.060596929947440925,5.1998833090566796e-17,0.5940922417471203,0.9950922601161732,1.0,1.0,6.0,3.0,0.5117238959111324,1.0,6.0112653360540795e-34,0.10206039805811314,1.0527169554364098,1.0,1.0,6.0,3.0,6.0,3.0,0.9019891752027237,1.0
144.0,0.5,-0.28769123549637543,0.05272472154092894,0.0529497228270262,-0.0013982601235728493,0.002173816331933956,-0.2387972081665079,-0.060596929947440925,5.1998833090566796e-17,0.5940922417471203,0.9950922601161732,1.0,1.0,6.0,3.0,0.5117238959111324,1.0,9.42247183101668e-34,0.10398975318173694,1.07261757203542,1.0,1.0,6.0,3.0,6.0,3.0,0.9190404259301572,1.0
144.0,0.55,-0.28769123549637543,0.05272472154092894,0.0529497228270262,-0.0013982601235728493,0.002173816331933956,-0.2387972081665079,-0.060596929947440925,2.5530092926495213e-15,0.6987384854732904,1.170372561498172,1.0,1.0,6.0,3.0,0.6018613859657754,1.0,1.5335788886996688e-33,0.10612183895725408,1.0946092836986812,1.0,1.0,6.0,3.0,6.0,3.0,0.937883369194254,1.0
144.0,0.6,-0.28769123549637543,0.05272472154092894,0.0529497228270262,-0.0013982601235728493,0.002173816331933956,-0.2387972081665079,-0.060596929947440925,2.5530092926495213e-15,0.6987384854732904,1.170372561498172,1.0,1.0,6.0,3.0,0.6018613859657754,1.0,3.152635095549933e-33,0.10935662115781518,1.1279749194836368,1.0,1.0,6.0,3.0,6.0,3.0,0.9664717206465305,1.0
144.0,0.65,-0.28769123549637543,0.05272472154092894,0.0529497228270262,-0.0013982601235728493,0.002173816331933956,-0.2387972081665079,-0.060596929947440925,2.5530092926495213e-15,0.6987384854732904,1.170372561498172,1.0,1.0,6.0,3.0,0.6018613859657754,1.0,4.47149985025947e-33,0.11096071067365124,1.144520536231054,1.0,1.0,6.0,3.0,6.0,3.0,0.9806483396571336,1.0
144.0,0.7,-0.28769123549637543,0.05272472154092894,0.0529497228270262,-0.0013982601235728493,0.002173816331933956,-0.2387972081665079,-0.060596929947440925,2.5530092926495213e-15,0.6987384854732904,1.170372561498172,1.0,1.0,6.0,3.0,0.6018613859657754,1.0,7.84344374985506e-33,0.11358948439153216,1.171635408575988,1.0,1.0,6.0,3.0,6.0,3.0,1.003880910592589,1.0
144.0,0.75,-0.28769123549637543,0.05272472154092894,0.0529497228270262,-0.0013982601235728493,0.002173816331933956,-0.2387972081665079,-0.060596929947440925,2.5530092926495213e-15,0.6987384854732904,1.170372561498172,1.0,1.0,6.0,3.0,0.6018613859657754,1.0,1.1520280715785999e-32,0.11542360639647842,1.19055372919479,1.0,1.0,6.0,3.0,6.0,3.0,1.0200905102604318,1.0
144.0,0.8,-0.28769123549637543,0.05272472154092894,0.0529497228270262,-0.0013982601235728493,0.002173816331933956,-0.2387972081665079,-0.060596929947440925,2.5530092926495213e-15,0.6987384854732904,1.170372561498172,1.0,1.0,6.0,3.0,0.6018613859657754,1.0,1.970594039118004e-32,0.11803439018445419,1.2174830417672888,1.0,1.0,6.0,3.0,6.0,3.0,1.0431640898305206,1.0
144.0,0.85,-0.28769123549637543,0.05272472154092894,0.0529497228270262,-0.0013982601235728493,0.002173816331933956,-0.2387972081665079,-0.060596929947440925,2.5530092926495213e-15,0.6987384854732904,1.170372561498172,1.0,1.0,6.0,3.0,0.6018613859657754,1.0,4.838020165423135e-32,0.12253537903773615,1.2639091519161267,1.0,1.0,6.0,3.0,6.0,3.0,1.08294291982349,1.0
144.0,0.9,-0.28769123549637543,0.05272472154092894,0.0529497228270262,-0.0013982601235728493,0.002173816331933956,-0.2387972081665079,-0.060596929947440925,2.5530092926495213e-15,0.6987384854732904,1.170372561498172,1.0,1.0,6.0,3.0,0.6018613859657754,1.0,9.191866446464319e-32,0.12585645645450969,1.2981648923744753,1.0,1.0,6.0,3.0,6.0,3.0,1.112293930959409,1.0
144.0,0.95,-0.28769123549637543,0.05272472154092894,0.0529497228270262,-0.0013982601235728493,0.002173816331933956,-0.2387972081665079,-0.060596929947440925,2.5530092926495213e-15,0.6987384854732904,1.170372561498172,1.0,1.0,6.0,3.0,0.6018613859657754,1.0,3.0381042043008816e-31,0.13228444812236057,1.3644673558853224,1.0,1.0,6.0,3.0,6.0,3.0,1.1691032224477043,1.0
145.0,0.4,0.013257133613186034,1.3017065994982846,1.2565615331330657,0.0005020333905321968,-0.004215776945256842,0.3312011377213182,0.8421270666264393,7.786207380141785e-14,1.0703279255086806,1.5103498756661238,1.0,1.0,6.0,3.0,1.8547877073092522,1.0,7.466367015628888e-31,0.20273516406722053,1.6803665592718307,0.0,1.0,4.0,2.0,6.0,3.0,3.2883102675160405,1.0
145.0,0.45,0.013257133613186034,1.3017065994982846,1.2565615331330657,0.0005020333905321968,-0.004215776945256842,0.3312011377213182,0.8421270666264393,7.786207380141785e-14,1.0703279255086806,1.5103498756661238,1.0,1.0,6.0,3.0,1.8547877073092522,1.0,1.0245003875086862e-30,0.20542542740199937,1.7026647558584802,0.0,1.0,4.0,2.0,6.0,3.0,3.3319456209919798,1.0
145.0,0.5,0.013257133613186034,1.3017065994982846,1.2565615331330657,0.0005020333905321968,-0.004215776945256842,0.3312011377213182,0.8421270666264393,7.786207380141785e-14,1.0703279255086806,1.5103498756661238,1.0,1.0,6.0,3.0,1.8547877073092522,1.0,1.5278778849508961e-30,0.20887504387908098,1.7312568365518872,0.0,1.0,4.0,2.0,6.0,3.0,3.3878974798259964,1.0
145.0,0.55,0.013257133613186034,1.3017065994982846,1.2565615331330657,0.0005020333905321968,-0.004215776945256842,0.3312011377213182,0.8421270666264393,4.446167619337811e-13,1.1509179167914145,1.6240711758517314,1.0,1.0,6.0,3.0,1.9944433414387035,1.0,2.4975775851701156e-30,0.21319621253209126,1.7670727609126191,0.0,1.0,4.0,2.0,6.0,3.0,3.4579856824066333,1.0
145.0,0.6,0.013257133613186034,1.3017065994982846,1.2565615331330657,0.0005020333905321968,-0.004215776945256842,0.3312011377213182,0.8421270666264393,4.446167619337811e-13,1.1509179167914145,1.6240711758517314,1.0,1.0,6.0,3.0,1.9944433414387035,1.0,3.6687527248758555e-30,0.21663957531701344,1.7956130079972634,1.0,1.0,4.0,2.0,6.0,3.0,3.5138361080224283,1.0
145.0,0.65,0.013257133613186034,1.3017065994982846,1.2565615331330657,0.0005020333905321968,-0.004215776945256842,0.3312011377213182,0.8421270666264393,4.446167619337811e-13,1.1509179167914145,1.6240711758517314,1.0,1.0,6.0,3.0,1.9944433414387035,1.0,6.193303272227164e-30,0.2214180177369039,1.8352190372953063,1.0,1.0,4.0,2.0,6.0,3.0,3.591341169092395,1.0
145.0,0.7,0.013257133613186034,1.3017065994982846,1.2565615331330657,0.0005020333905321968,-0.004215776945256842,0.3312011377213182,0.8421270666264393,4.446167619337811e-13,1.1509179167914145,1.6240711758517314,1.0,1.0,6.0,3.0,1.9944433414387035,1.0,7.741846476720692e-30,0.22348654610684854,1.8523639954270272,1.0,1.0,4.0,2.0,6.0,3.0,3.6248921473296094,1.0
145.0,0.75,0.013257133613186034,1.3017065994982846,1.2565615331330657,0.0005020333905321968,-0.004215776945256842,0.3312011377213182,0.8421270666264393,4.446167619337811e-13,1.1509179167914145,1.6240711758517314,1.0,1.0,6.0,3.0,1.9944433414387035,1.0,1.3791419005083336e-29,0.22892851984518792,1.897469691463601,1.0,1.0,4.0,2.0,6.0,3.0,3.713159509341857,1.0
145.0,0.8,0.013257133613186034,1.3017065994982846,1.2565615331330657,0.0005020333905321968,-0.004215776945256842,0.3312011377213182,0.8421270666264393,4.446167619337811e-13,1.1509179167914145,1.6240711758517314,1.0,1.0,6.0,3.0,1.9944433414387035,1.0,1.828738022552955e-29,0.23163588416656616,1.919909629253087,1.0,1.0,4.0,2.0,6.0,3.0,3.7570722362575633,1.0
145.0,0.85,0.013257133613186034,1.3017065994982846,1.2565615331330657,0.0005020333905321968,-0.004215776945256842,0.3312011377213182,0.8421270666264393,4.446167619337811e-13,1.1509179167914145,1.6240711758517314,1.0,1.0,6.0,3.0,1.9944433414387035,1.0,2.8623907106171246e-29,0.236000667873505,1.9560870561604524,1.0,1.0,4.0,2.0,6.0,3.0,3.827867863375583,1.0
145.0,0.9,0.013257133613186034,1.3017065994982846,1.2565615331330657,0.0005020333905321968,-0.004215776945256842,0.3312011377213182,0.8421270666264393,4.446167619337811e-13,1.1509179167914145,1.6240711758517314,1.0,1.0,6.0,3.0,1.9944433414387035,1.0,5.093075412494352e-29,0.24173546201804988,2.003619788575861,1.0,1.0,4.0,2.0,6.0,3.0,3.920884694246352,1.0
145.0,0.95,0.013257133613186034,1.3017065994982846,1.2565615331330657,0.0005020333905321968,-0.004215776945256842,0.3312011377213182,0.8421270666264393,4.446167619337811e-13,1.1509179167914145,1.6240711758517314,1.0,1.0,6.0,3.0,1.9944433414387035,1.0,1.4789885039401762e-28,0.2527152173127728,2.0946252819303472,1.0,1.0,4.0,2.0,6.0,3.0,4.098973395516148,1.0
146.0,0.4,0.0076576524289354575,1.427078728875892,1.3061636951493674,0.0010306445154627689,0.00540844663928872,-0.42558852921241414,0.8733286809092233,8.027276682506488e-14,1.0935418063891496,1.6250004081566365,0.0,0.0,5.0,2.0,1.7888942420593745,1.0,1.3707882374513562e-29,0.32312577893640254,1.615702746413223,1.0,1.0,5.0,2.0,6.0,3.0,3.197737428663367,1.0
146.0,0.45,0.0076576524289354575,1.427078728875892,1.3061636951493674,0.0010306445154627689,0.00540844663928872,-0.42558852921241414,0.8733286809092233,8.027276682506488e-14,1.0935418063891496,1.6250004081566365,0.0,0.0,5.0,2.0,1.7888942420593745,1.0,1.6850211906286547e-29,0.32591653836182777,1.6296571813799412,1.0,1.0,5.0,2.0,6.0,3.0,3.22535551564625,1.0
146.0,0.5,0.0076576524289354575,1.427078728875892,1.3061636951493674,0.0010306445154627689,0.00540844663928872,-0.42558852921241414,0.8733286809092233,8.027276682506488e-14,1.0935418063891496,1.6250004081566365,0.0,0.0,5.0,2.0,1.7888942420593745,1.0,2.4117344372231145e-29,0.33082239685326026,1.654187595091322,1.0,1.0,5.0,2.0,6.0,3.0,3.273905177543908,1.0
146.0,0.55,0.0076576524289354575,1.427078728875892,1.3061636951493674,0.0010306445154627689,0.00540844663928872,-0.42558852921241414,0.8733286809092233,1.0996829675609546e-12,1.2195450851529277,1.8122409674328395,0.0,0.0,5.0,2.0,1.995019456974945,1.0,3.585404939901063e-29,0.3363336090209801,1.681744915540222,1.0,1.0,5.0,2.0,6.0,3.0,3.32844557813971,1.0
146.0,0.6,0.0076576524289354575,1.427078728875892,1.3061636951493674,0.0010306445154627689,0.00540844663928872,-0.42558852921241414,0.8733286809092233,1.0996829675609546e-12,1.2195450851529277,1.8122409674328395,0.0,0.0,5.0,2.0,1.995019456974945,1.0,4.9672168173559583e-29,0.34093314275239545,1.704743635439728,1.0,1.0,5.0,2.0,6.0,3.0,3.3739637698969887,1.0
146.0,0.65,0.0076576524289354575,1.427078728875892,1.3061636951493674,0.0010306445154627689,0.00540844663928872,-0.42558852921241414,0.8733286809092233,1.0996829675609546e-12,1.2195450851529277,1.8122409674328395,0.0,0.0,5.0,2.0,1.995019456974945,1.0,8.410769706359845e-29,0.34849723058342785,1.7425658033984022,1.0,1.0,5.0,2.0,6.0,3.0,3.4488199663001553,1.0
146.0,0.7,0.0076576524289354575,1.427078728875892,1.3061636951493674,0.0010306445154627689,0.00540844663928872,-0.42558852921241414,0.8733286809092233,1.0996829675609546e-12,1.2195450851529277,1.8122409674328395,0.0,0.0,5.0,2.0,1.995019456974945,1.0,1.4891762438016536e-28,0.3568923696032368,1.7845434172411396,1.0,1.0,5.0,2.0,6.0,3.0,3.531900463160665,1.0
146.0,0.75,0.0076576524289354575,1.427078728875892,1.3061636951493674,0.0010306445154627689,0.00540844663928872,-0.42558852921241414,0.8733286809092233,1.0996829675609546e-12,1.2195450851529277,1.8122409674328395,0.0,0.0,5.0,2.0,1.995019456974945,1.0,2.4344706338831827e-28,0.3642766755589998,1.8214666347335762,1.0,1.0,5.0,2.0,6.0,3.0,3.6049774909891776,1.0
146.0,0.8,0.0076576524289354575,1.427078728875892,1.3061636951493674,0.0010306445154627689,0.00540844663928872,-0.42558852921241414,0.8733286809092233,1.0996829675609546e-12,1.2195450851529277,1.8122409674328395,0.0,0.0,5.0,2.0,1.995019456974945,1.0,4.068744792635262e-28,0.3721562875283611,1.8608664954982395,1.0,1.0,5.0,2.0,6.0,3.0,3.682956196992481,1.0
146.0,0.85,0.0076576524289354575,1.427078728875892,1.3061636951493674,0.0010306445154627689,0.00540844663928872,-0.42558852921241414,0.8733286809092233,1.0996829675609546e-12,1.2195450851529277,1.8122409674328395,0.0,0.0,5.0,2.0,1.995019456974945,1.0,6.0163682225777e-28,0.37827134386619177,1.8914431748087726,1.0,1.0,5.0,2.0,6.0,3.0,3.7434723978175315,1.0
146.0,0.9,0.0076576524289354575,1.427078728875892,1.3061636951493674,0.0010306445154627689,0.00540844663928872,-0.42558852921241414,0.8733286809092233,1.0996829675609546e-12,1.2195450851529277,1.8122409674328395,0.0,0.0,5.0,2.0,1.995019456974945,1.0,1.0705462080641782e-27,0.38746403875090335,1.9374087502607102,1.0,1.0,5.0,2.0,6.0,3.0,3.834445716628191,1.0
146.0,0.95,0.0076576524289354575,1.427078728875892,1.3061636951493674,0.0010306445154627689,0.00540844663928872,-0.42558852921241414,0.8733286809092233,1.0996829675609546e-12,1.2195450851529277,1.8122409674328395,0.0,0.0,5.0,2.0,1.995019456974945,1.0,1.6947973349194028e-27,0.39495208951951677,1.9748507155287043,1.0,1.0,5.0,2.0,6.0,3.0,3.9085494303255106,1.0
147.0,0.4,-0.8240271345493437,0.5249269705615991,0.6673245874543152,0.0027279909402187523,-0.0015141289785748045,0.07554688315412761,0.17020768011976234,1.4572303741958253e-13,0.971252112552041,1.2244565095969073,1.0,1.0,6.0,3.0,2.0141093883653576,1.0,3.376007735197294e-29,0.28617500495761766,1.261084753624404,0.0,1.0,6.0,3.0,6.0,3.0,3.5486174544265014,1.0
147.0,0.45,-0.8240271345493437,0.5249269705615991,0.6673245874543152,0.0027279909402187523,-0.0015141289785748045,0.07554688315412761,0.17020768011976234,1.4572303741958253e-13,0.971252112552041,1.2244565095969073,1.0,1.0,6.0,3.0,2.0141093883653576,1.0,4.720539894826514e-29,0.2902003124230434,1.2788230388881732,1.0,1.0,6.0,3.0,6.0,3.0,3.5985319336220503,1.0
147.0,0.5,-0.8240271345493437,0.5249269705615991,0.6673245874543152,0.0027279909402187523,-0.0015141289785748045,0.07554688315412761,0.17020768011976234,1.4572303741958253e-13,0.971252112552041,1.2244565095969073,1.0,1.0,6.0,3.0,2.0141093883653576,1.0,5.535169968415971e-29,0.29213169553453633,1.2873340470234649,1.0,1.0,6.0,3.0,6.0,3.0,3.6224814040576083,1.0
147.0,0.55,-0.8240271345493437,0.5249269705615991,0.6673245874543152,0.0027279909402187523,-0.0015141289785748045,0.07554688315412761,0.17020768011976234,3.728084735129288e-13,1.010020545381088,1.2733318318030697,1.0,1.0,6.0,3.0,2.0945044408178295,1.0,7.841605559034003e-29,0.2964024328745006,1.3061538658506227,1.0,1.0,6.0,3.0,6.0,3.0,3.675439254342657,1.0
147.0,0.6,-0.8240271345493437,0.5249269705615991,0.6673245874543152,0.0027279909402187523,-0.0015141289785748045,0.07554688315412761,0.17020768011976234,3.728084735129288e-13,1.010020545381088,1.2733318318030697,1.0,1.0,6.0,3.0,2.0945044408178295,1.0,1.0169232470846169e-28,0.29962995561741496,1.3203765605393785,1.0,1.0,6.0,3.0,6.0,3.0,3.7154610708593023,1.0
147.0,0.65,-0.8240271345493437,0.5249269705615991,0.6673245874543152,0.0027279909402187523,-0.0015141289785748045,0.07554688315412761,0.17020768011976234,3.728084735129288e-13,1.010020545381088,1.2733318318030697,1.0,1.0,6.0,3.0,2.0945044408178295,1.0,1.507987116516728e-28,0.3045894036474463,1.342231314409275,1.0,1.0,6.0,3.0,6.0,3.0,3.7769590477573796,1.0
147.0,0.7,-0.8240271345493437,0.5249269705615991,0.6673245874543152,0.0027279909402187523,-0.0015141289785748045,0.07554688315412761,0.17020768011976234,3.728084735129288e-13,1.010020545381088,1.2733318318030697,1.0,1.0,6.0,3.0,2.0945044408178295,1.0,2.5530353085212924e-28,0.31134525896485243,1.372002279695831,1.0,1.0,6.0,3.0,6.0,3.0,3.860732772518833,1.0
147.0,0.75,-0.8240271345493437,0.5249269705615991,0.6673245874543152,0.0027279909402187523,-0.0015141289785748045,0.07554688315412761,0.17020768011976234,3.728084735129288e-13,1.010020545381088,1.2733318318030697,1.0,1.0,6.0,3.0,2.0945044408178295,1.0,4.416598120406645e-28,0.3185372436863466,1.403695132402933,1.0,1.0,6.0,3.0,6.0,3.0,3.9499145741176256,1.0
147.0,0.8,-0.8240271345493437,0.5249269705615991,0.6673245874543152,0.0027279909402187523,-0.0015141289785748045,0.07554688315412761,0.17020768011976234,3.728084735129288e-13,1.010020545381088,1.2733318318030697,1.0,1.0,6.0,3.0,2.0945044408178295,1.0,7.869590120489083e-28,0.32629685961609733,1.4378893603175575,1.0,1.0,6.0,3.0,6.0,3.0,4.046135096703226,1.0
147.0,0.85,-0.8240271345493437,0.5249269705615991,0.6673245874543152,0.0027279909402187523,-0.0015141289785748045,0.07554688315412761,0.17020768011976234,3.728084735129288e-13,1.010020545381088,1.2733318318030697,1.0,1.0,6.0,3.0,2.0945044408178295,1.0,1.6075622304076801e-27,0.3361542043112493,1.4813276302255727,1.0,1.0,6.0,3.0,6.0,3.0,4.168367803381073,1.0
147.0,0.9,-0.8240271345493437,0.5249269705615991,0.6673245874543152,0.0027279909402187523,-0.0015141289785748045,0.07554688315412761,0.17020768011976234,3.728084735129288e-13,1.010020545381088,1.2733318318030697,1.0,1.0,6.0,3.0,2.0945044408178295,1.0,2.836971492845381e-27,0.34420500404289006,1.5168050151130448,1.0,1.0,6.0,3.0,6.0,3.0,4.268199053332559,1.0
147.0,0.95,-0.8240271345493437,0.5249269705615991,0.6673245874543152,0.0027279909402187523,-0.0015141289785748045,0.07554688315412761,0.17020768011976234,3.728084735129288e-13,1.010020545381088,1.2733318318030697,1.0,1.0,6.0,3.0,2.0945044408178295,1.0,5.215023962113761e-27,0.3530481191501714,1.5557738888551447,1.0,1.0,6.0,3.0,6.0,3.0,4.377855145155981,1.0
148.0,0.4,-0.31010646911295914,0.06732488119451807,0.0662164587748112,-0.0012390978324001167,3.141619273280868e-5,-0.11960482488788865,-0.0592241838544455,1.3164718401854583e-18,0.4874707838365396,0.7814251732317004,1.0,1.0,6.0,3.0,0.4566291018825724,1.0,4.833091565089665e-35,0.08742107177169445,0.8884690098373847,1.0,1.0,6.0,3.0,6.0,3.0,0.8901037784068024,1.0
148.0,0.45,-0.31010646911295914,0.06732488119451807,0.0662164587748112,-0.0012390978324001167,3.141619273280868e-5,-0.11960482488788865,-0.0592241838544455,1.3164718401854583e-18,0.4874707838365396,0.7814251732317004,1.0,1.0,6.0,3.0,0.4566291018825724,1.0,6.877313513060152e-35,0.08871543810442457,0.9016237830596907,1.0,1.0,6.0,3.0,6.0,3.0,0.9032827561985013,1.0
148.0,0.5,-0.31010646911295914,0.06732488119451807,0.0662164587748112,-0.0012390978324001167,3.141619273280868e-5,-0.11960482488788865,-0.0592241838544455,1.3164718401854583e-18,0.4874707838365396,0.7814251732317004,1.0,1.0,6.0,3.0,0.4566291018825724,1.0,1.081614255624152e-34,0.09040513535031851,0.9187963435026114,1.0,1.0,6.0,3.0,6.0,3.0,0.9204869138741423,1.0
148.0,0.55,-0.31010646911295914,0.06732488119451807,0.0662164587748112,-0.0012390978324001167,3.141619273280868e-5,-0.11960482488788865,-0.0592241838544455,8.849867896659623e-17,0.5808921072781221,0.9311813766277842,1.0,1.0,6.0,3.0,0.5441397721304854,1.0,1.8324240911875063e-34,0.0924129499302789,0.9392019619152202,1.0,1.0,6.0,3.0,6.0,3.0,0.9409300782937036,1.0
148.0,0.6,-0.31010646911295914,0.06732488119451807,0.0662164587748112,-0.0012390978324001167,3.141619273280868e-5,-0.11960482488788865,-0.0592241838544455,8.849867896659623e-17,0.5808921072781221,0.9311813766277842,1.0,1.0,6.0,3.0,0.5441397721304854,1.0,2.425028666647777e-34,0.09349820798983859,0.9502315470490326,1.0,1.0,6.0,3.0,6.0,3.0,0.951979957685291,1.0
148.0,0.65,-0.31010646911295914,0.06732488119451807,0.0662164587748112,-0.0012390978324001167,3.141619273280868e-5,-0.11960482488788865,-0.0592241838544455,8.849867896659623e-17,0.5808921072781221,0.9311813766277842,1.0,1.0,6.0,3.0,0.5441397721304854,1.0,3.7767865268233217e-34,0.09524017517775618,0.9679353320890998,1.0,1.0,6.0,3.0,6.0,3.0,0.9697163174027216,1.0
148.0,0.7,-0.31010646911295914,0.06732488119451807,0.0662164587748112,-0.0012390978324001167,3.141619273280868e-5,-0.11960482488788865,-0.0592241838544455,8.849867896659623e-17,0.5808921072781221,0.9311813766277842,1.0,1.0,6.0,3.0,0.5441397721304854,1.0,5.047674507781511e-34,0.09639819229503171,0.9797043747319019,1.0,1.0,6.0,3.0,6.0,3.0,0.981507014893123,1.0
148.0,0.75,-0.31010646911295914,0.06732488119451807,0.0662164587748112,-0.0012390978324001167,3.141619273280868e-5,-0.11960482488788865,-0.0592241838544455,8.849867896659623e-17,0.5808921072781221,0.9311813766277842,1.0,1.0,6.0,3.0,0.5441397721304854,1.0,6.879652139210402e-34,0.09764994895180373,0.9924261015977544,1.0,1.0,6.0,3.0,6.0,3.0,0.9942521495300952,1.0
148.0,0.8,-0.31010646911295914,0.06732488119451807,0.0662164587748112,-0.0012390978324001167,3.141619273280868e-5,-0.11960482488788865,-0.0592241838544455,8.849867896659623e-17,0.5808921072781221,0.9311813766277842,1.0,1.0,6.0,3.0,0.5441397721304854,1.0,1.3201421540671226e-33,0.10033811696511097,1.0197462193297464,1.0,1.0,6.0,3.0,6.0,3.0,1.0216225358356519,1.0
148.0,0.85,-0.31010646911295914,0.06732488119451807,0.0662164587748112,-0.0012390978324001167,3.141619273280868e-5,-0.11960482488788865,-0.0592241838544455,8.849867896659623e-17,0.5808921072781221,0.9311813766277842,1.0,1.0,6.0,3.0,0.5441397721304854,1.0,2.7152043299819544e-33,0.10339872626311414,1.0508514947214447,1.0,1.0,6.0,3.0,6.0,3.0,1.052785044429623,1.0
148.0,0.9,-0.31010646911295914,0.06732488119451807,0.0662164587748112,-0.0012390978324001167,3.141619273280868e-5,-0.11960482488788865,-0.0592241838544455,8.849867896659623e-17,0.5808921072781221,0.9311813766277842,1.0,1.0,6.0,3.0,0.5441397721304854,1.0,4.815824154347716e-33,0.105897252657745,1.076244265902374,1.0,1.0,6.0,3.0,6.0,3.0,1.0782245378977202,1.0
148.0,0.95,-0.31010646911295914,0.06732488119451807,0.0662164587748112,-0.0012390978324001167,3.141619273280868e-5,-0.11960482488788865,-0.0592241838544455,8.849867896659623e-17,0.5808921072781221,0.9311813766277842,1.0,1.0,6.0,3.0,0.5441397721304854,1.0,2.3874655410144036e-32,0.11320200793838862,1.1504832172189057,1.0,1.0,6.0,3.0,6.0,3.0,1.1526000876807094,1.0
149.0,0.4,-0.12128488603865928,-0.05506195587669771,1.6353110740094854,-0.0014491450941135262,-0.0032763612778737225,-0.026671322195022995,1.0497794206601039,1.4542095135830464e-16,0.7206249733845654,0.7874090039982282,0.0,1.0,5.0,3.0,1.7464397674236691,0.0,1.1672034481786632e-32,0.20074915086597978,0.8278315232683433,0.0,1.0,6.0,3.0,6.0,3.0,3.181030004129034,1.0
149.0,0.45,-0.12128488603865928,-0.05506195587669771,1.6353110740094854,-0.0014491450941135262,-0.0032763612778737225,-0.026671322195022995,1.0497794206601039,1.4542095135830464e-16,0.7206249733845654,0.7874090039982282,0.0,1.0,5.0,3.0,1.7464397674236691,0.0,1.9198074619465462e-32,0.2049549193179889,0.845174897768916,0.0,1.0,6.0,3.0,6.0,3.0,3.2476737512061633,1.0
149.0,0.5,-0.12128488603865928,-0.05506195587669771,1.6353110740094854,-0.0014491450941135262,-0.0032763612778737225,-0.026671322195022995,1.0497794206601039,1.4542095135830464e-16,0.7206249733845654,0.7874090039982282,0.0,1.0,5.0,3.0,1.7464397674236691,0.0,2.6004199259512235e-32,0.20756275290171947,0.8559288503447418,0.0,1.0,6.0,3.0,6.0,3.0,3.2889969490370716,1.0
149.0,0.55,-0.12128488603865928,-0.05506195587669771,1.6353110740094854,-0.0014491450941135262,-0.0032763612778737225,-0.026671322195022995,1.0497794206601039,5.078305590909482e-16,0.759168423015482,0.8295244737716297,0.0,1.0,5.0,3.0,1.8398500927597041,0.0,3.422831519881946e-32,0.20995296247639236,0.8657853843554534,0.0,1.0,6.0,3.0,6.0,3.0,3.3268717213107886,1.0
149.0,0.6,-0.12128488603865928,-0.05506195587669771,1.6353110740094854,-0.0014491450941135262,-0.0032763612778737225,-0.026671322195022995,1.0497794206601039,5.078305590909482e-16,0.759168423015482,0.8295244737716297,0.0,1.0,5.0,3.0,1.8398500927597041,0.0,5.356674886659827e-32,0.21390778003449598,0.8820939098423632,1.0,1.0,6.0,3.0,6.0,3.0,3.3895389518266605,1.0
149.0,0.65,-0.12128488603865928,-0.05506195587669771,1.6353110740094854,-0.0014491450941135262,-0.0032763612778737225,-0.026671322195022995,1.0497794206601039,5.078305590909482e-16,0.759168423015482,0.8295244737716297,0.0,1.0,5.0,3.0,1.8398500927597041,0.0,7.043967489552648e-32,0.2163623382059971,0.8922157988829851,1.0,1.0,6.0,3.0,6.0,3.0,3.428433378810502,1.0
149.0,0.7,-0.12128488603865928,-0.05506195587669771,1.6353110740094854,-0.0014491450941135262,-0.0032763612778737225,-0.026671322195022995,1.0497794206601039,5.078305590909482e-16,0.759168423015482,0.8295244737716297,0.0,1.0,5.0,3.0,1.8398500927597041,0.0,1.1267134500840028e-31,0.2206386061056817,0.9098498927460409,1.0,1.0,6.0,3.0,6.0,3.0,3.496194245722824,1.0
149.0,0.75,-0.12128488603865928,-0.05506195587669771,1.6353110740094854,-0.0014491450941135262,-0.0032763612778737225,-0.026671322195022995,1.0497794206601039,5.078305590909482e-16,0.759168423015482,0.8295244737716297,0.0,1.0,5.0,3.0,1.8398500927597041,0.0,1.8343433225427312e-31,0.2251650443305768,0.928515616782884,1.0,1.0,6.0,3.0,6.0,3.0,3.56791926046443,1.0
149.0,0.8,-0.12128488603865928,-0.05506195587669771,1.6353110740094854,-0.0014491450941135262,-0.0032763612778737225,-0.026671322195022995,1.0497794206601039,5.078305590909482e-16,0.759168423015482,0.8295244737716297,0.0,1.0,5.0,3.0,1.8398500927597041,0.0,3.02363194135486e-31,0.22990300547079914,0.9480536002362485,1.0,1.0,6.0,3.0,6.0,3.0,3.64299602407927,1.0
149.0,0.85,-0.12128488603865928,-0.05506195587669771,1.6353110740094854,-0.0014491450941135262,-0.0032763612778737225,-0.026671322195022995,1.0497794206601039,5.078305590909482e-16,0.759168423015482,0.8295244737716297,0.0,1.0,5.0,3.0,1.8398500927597041,0.0,5.404613846109876e-31,0.23553446848225437,0.9712761273696988,1.0,1.0,6.0,3.0,6.0,3.0,3.7322310356810915,1.0
149.0,0.9,-0.12128488603865928,-0.05506195587669771,1.6353110740094854,-0.0014491450941135262,-0.0032763612778737225,-0.026671322195022995,1.0497794206601039,5.078305590909482e-16,0.759168423015482,0.8295244737716297,0.0,1.0,5.0,3.0,1.8398500927597041,0.0,1.3300641612761896e-30,0.24454040935226753,1.0084140266670405,1.0,1.0,6.0,3.0,6.0,3.0,3.874937333562517,1.0
149.0,0.95,-0.12128488603865928,-0.05506195587669771,1.6353110740094854,-0.0014491450941135262,-0.0032763612778737225,-0.026671322195022995,1.0497794206601039,5.078305590909482e-16,0.759168423015482,0.8295244737716297,0.0,1.0,5.0,3.0,1.8398500927597041,0.0,3.3556751446800805e-30,0.2541538969741789,1.0480572733141023,1.0,1.0,6.0,3.0,6.0,3.0,4.027270693069674,1.0
150.0,0.4,0.7859956224348572,0.2106031932852465,0.3087262026378844,-0.0035329473458436543,-0.0016859681321946642,-0.06097534733161353,0.4678163425702087,2.9214882418056355e-15,0.8346851773812622,1.3385571583476725,1.0,1.0,6.0,3.0,1.7456353417702564,1.0,2.3020593901538527e-32,0.19458349153137044,1.3258867897092153,1.0,1.0,6.0,3.0,6.0,3.0,3.2237969352933096,1.0
150.0,0.45,0.7859956224348572,0.2106031932852465,0.3087262026378844,-0.0035329473458436543,-0.0016859681321946642,-0.06097534733161353,0.4678163425702087,2.9214882418056355e-15,0.8346851773812622,1.3385571583476725,1.0,1.0,6.0,3.0,1.7456353417702564,1.0,2.876494249188009e-32,0.19639802509683932,1.3382509736644161,1.0,1.0,6.0,3.0,6.0,3.0,3.253859545956263,1.0
150.0,0.5,0.7859956224348572,0.2106031932852465,0.3087262026378844,-0.0035329473458436543,-0.0016859681321946642,-0.06097534733161353,0.4678163425702087,2.9214882418056355e-15,0.8346851773812622,1.3385571583476725,1.0,1.0,6.0,3.0,1.7456353417702564,1.0,4.6981430534274936e-32,0.20045400142233155,1.3658882895899371,1.0,1.0,6.0,3.0,6.0,3.0,3.32105766201862,1.0
150.0,0.55,0.7859956224348572,0.2106031932852465,0.3087262026378844,-0.0035329473458436543,-0.0016859681321946642,-0.06097534733161353,0.4678163425702087,1.7459778924347536e-13,0.9897848668606701,1.5872854276833241,1.0,1.0,6.0,3.0,2.0700061426299157,1.0,7.974784295190655e-32,0.2049223964971441,1.396335816018152,1.0,1.0,6.0,3.0,6.0,3.0,3.3950885997641205,1.0
150.0,0.6,0.7859956224348572,0.2106031932852465,0.3087262026378844,-0.0035329473458436543,-0.0016859681321946642,-0.06097534733161353,0.4678163425702087,1.7459778924347536e-13,0.9897848668606701,1.5872854276833241,1.0,1.0,6.0,3.0,2.0700061426299157,1.0,1.0455270109548134e-31,0.20724788435144464,1.4121816290487461,1.0,1.0,6.0,3.0,6.0,3.0,3.4336165373540712,1.0
150.0,0.65,0.7859956224348572,0.2106031932852465,0.3087262026378844,-0.0035329473458436543,-0.0016859681321946642,-0.06097534733161353,0.4678163425702087,1.7459778924347536e-13,0.9897848668606701,1.5872854276833241,1.0,1.0,6.0,3.0,2.0700061426299157,1.0,1.650802954694978e-31,0.21122975972072447,1.4393140230090296,1.0,1.0,6.0,3.0,6.0,3.0,3.4995869725188387,1.0
150.0,0.7,0.7859956224348572,0.2106031932852465,0.3087262026378844,-0.0035329473458436543,-0.0016859681321946642,-0.06097534733161353,0.4678163425702087,1.7459778924347536e-13,0.9897848668606701,1.5872854276833241,1.0,1.0,6.0,3.0,2.0700061426299157,1.0,2.273215493271276e-31,0.21406442341826853,1.4586293468335898,1.0,1.0,6.0,3.0,6.0,3.0,3.5465507723191756,1.0
150.0,0.75,0.7859956224348572,0.2106031932852465,0.3087262026378844,-0.0035329473458436543,-0.0016859681321946642,-0.06097534733161353,0.4678163425702087,1.7459778924347536e-13,0.9897848668606701,1.5872854276833241,1.0,1.0,6.0,3.0,2.0700061426299157,1.0,3.6329727979363253e-31,0.21828742922722258,1.4874047972630768,1.0,1.0,6.0,3.0,6.0,3.0,3.6165161793405463,1.0
150.0,0.8,0.7859956224348572,0.2106031932852465,0.3087262026378844,-0.0035329473458436543,-0.0016859681321946642,-0.06097534733161353,0.4678163425702087,1.7459778924347536e-13,0.9897848668606701,1.5872854276833241,1.0,1.0,6.0,3.0,2.0700061426299157,1.0,6.740237696747646e-31,0.2239817347560898,1.526205645258324,1.0,1.0,6.0,3.0,6.0,3.0,3.7108576086576712,1.0
150.0,0.85,0.7859956224348572,0.2106031932852465,0.3087262026378844,-0.0035329473458436543,-0.0016859681321946642,-0.06097534733161353,0.4678163425702087,1.7459778924347536e-13,0.9897848668606701,1.5872854276833241,1.0,1.0,6.0,3.0,2.0700061426299157,1.0,1.257400937513388e-30,0.22987718888781006,1.5663771145390275,1.0,1.0,6.0,3.0,6.0,3.0,3.808531603570739,1.0
150.0,0.9,0.7859956224348572,0.2106031932852465,0.3087262026378844,-0.0035329473458436543,-0.0016859681321946642,-0.06097534733161353,0.4678163425702087,1.7459778924347536e-13,0.9897848668606701,1.5872854276833241,1.0,1.0,6.0,3.0,2.0700061426299157,1.0,2.0562801017022487e-30,0.2346368564210139,1.5988093638322076,1.0,1.0,6.0,3.0,6.0,3.0,3.8873882500714183,1.0
150.0,0.95,0.7859956224348572,0.2106031932852465,0.3087262026378844,-0.0035329473458436543,-0.0016859681321946642,-0.06097534733161353,0.4678163425702087,1.7459778924347536e-13,0.9897848668606701,1.5872854276833241,1.0,1.0,6.0,3.0,2.0700061426299157,1.0,4.760894733922073e-30,0.24298986565474387,1.6557265488932853,1.0,1.0,6.0,3.0,6.0,3.0,4.025778230414811,1.0
151.0,0.4,-0.2950347512196867,0.7901284258058435,-0.034209134687603615,-0.0008779231767059353,0.0020325492303696875,0.16104632421470633,-0.12115067353163123,1.2597651893629805e-16,0.6696321024066456,1.021515550212934,0.0,0.0,5.0,2.0,0.6698490884103785,1.0,2.9779008532853726e-33,0.184783884000708,1.0957715955740055,0.0,1.0,6.0,3.0,6.0,3.0,1.151660902561852,1.0
151.0,0.45,-0.2950347512196867,0.7901284258058435,-0.034209134687603615,-0.0008779231767059353,0.0020325492303696875,0.16104632421470633,-0.12115067353163123,1.2597651893629805e-16,0.6696321024066456,1.021515550212934,0.0,0.0,5.0,2.0,0.6698490884103785,1.0,4.896283037553368e-33,0.1886523718310961,1.118711794635666,0.0,1.0,6.0,3.0,6.0,3.0,1.1757711555224244,1.0
151.0,0.5,-0.2950347512196867,0.7901284258058435,-0.034209134687603615,-0.0008779231767059353,0.0020325492303696875,0.16104632421470633,-0.12115067353163123,1.2597651893629805e-16,0.6696321024066456,1.021515550212934,0.0,0.0,5.0,2.0,0.6698490884103785,1.0,8.395502092831488e-33,0.19293889032179937,1.1441309226695664,1.0,1.0,6.0,3.0,6.0,3.0,1.2024867740437482,1.0
151.0,0.55,-0.2950347512196867,0.7901284258058435,-0.034209134687603615,-0.0008779231767059353,0.0020325492303696875,0.16104632421470633,-0.12115067353163123,4.543413124874438e-16,0.7063963693145976,1.0775989879747718,1.0,1.0,6.0,3.0,0.7066252683244839,1.0,1.3200290760164578e-32,0.19661145206777136,1.1659092766964378,1.0,1.0,6.0,3.0,6.0,3.0,1.2253759226183287,1.0
151.0,0.6,-0.2950347512196867,0.7901284258058435,-0.034209134687603615,-0.0008779231767059353,0.0020325492303696875,0.16104632421470633,-0.12115067353163123,4.543413124874438e-16,0.7063963693145976,1.0775989879747718,1.0,1.0,6.0,3.0,0.7066252683244839,1.0,1.7414893493934442e-32,0.19889454217215108,1.1794480401012908,1.0,1.0,6.0,3.0,6.0,3.0,1.2396052241857198,1.0
151.0,0.65,-0.2950347512196867,0.7901284258058435,-0.034209134687603615,-0.0008779231767059353,0.0020325492303696875,0.16104632421470633,-0.12115067353163123,4.543413124874438e-16,0.7063963693145976,1.0775989879747718,1.0,1.0,6.0,3.0,0.7066252683244839,1.0,2.4179202570116617e-32,0.20163283070578805,1.1956861379845125,1.0,1.0,6.0,3.0,6.0,3.0,1.2566715384975846,1.0
151.0,0.7,-0.2950347512196867,0.7901284258058435,-0.034209134687603615,-0.0008779231767059353,0.0020325492303696875,0.16104632421470633,-0.12115067353163123,4.543413124874438e-16,0.7063963693145976,1.0775989879747718,1.0,1.0,6.0,3.0,0.7066252683244839,1.0,3.4619316654564995e-32,0.20467090131273633,1.2137019486946579,1.0,1.0,6.0,3.0,6.0,3.0,1.275606237030229,1.0
151.0,0.75,-0.2950347512196867,0.7901284258058435,-0.034209134687603615,-0.0008779231767059353,0.0020325492303696875,0.16104632421470633,-0.12115067353163123,4.543413124874438e-16,0.7063963693145976,1.0775989879747718,1.0,1.0,6.0,3.0,0.7066252683244839,1.0,7.225510367904534e-32,0.2110428713113931,1.2514878398730847,1.0,1.0,6.0,3.0,6.0,3.0,1.315319379544984,1.0
151.0,0.8,-0.2950347512196867,0.7901284258058435,-0.034209134687603615,-0.0008779231767059353,0.0020325492303696875,0.16104632421470633,-0.12115067353163123,4.543413124874438e-16,0.7063963693145976,1.0775989879747718,1.0,1.0,6.0,3.0,0.7066252683244839,1.0,1.1542366625082428e-31,0.2152022384184548,1.2761529580251936,1.0,1.0,6.0,3.0,6.0,3.0,1.3412425302705442,1.0
151.0,0.85,-0.2950347512196867,0.7901284258058435,-0.034209134687603615,-0.0008779231767059353,0.0020325492303696875,0.16104632421470633,-0.12115067353163123,4.543413124874438e-16,0.7063963693145976,1.0775989879747718,1.0,1.0,6.0,3.0,0.7066252683244839,1.0,2.1711216225542977e-31,0.22094270730708035,1.3101940368100085,1.0,1.0,6.0,3.0,6.0,3.0,1.377019858023745,1.0
151.0,0.9,-0.2950347512196867,0.7901284258058435,-0.034209134687603615,-0.0008779231767059353,0.0020325492303696875,0.16104632421470633,-0.12115067353163123,4.543413124874438e-16,0.7063963693145976,1.0775989879747718,1.0,1.0,6.0,3.0,0.7066252683244839,1.0,5.3654792800063725e-31,0.22943069464652777,1.360527947044965,1.0,1.0,6.0,3.0,6.0,3.0,1.4299210253151746,1.0
151.0,0.95,-0.2950347512196867,0.7901284258058435,-0.034209134687603615,-0.0008779231767059353,0.0020325492303696875,0.16104632421470633,-0.12115067353163123,4.543413124874438e-16,0.7063963693145976,1.0775989879747718,1.0,1.0,6.0,3.0,0.7066252683244839,1.0,1.6870877937336603e-30,0.2406478033436756,1.4270455936528998,1.0,1.0,6.0,3.0,6.0,3.0,1.4998313727253534,1.0
152.0,0.4,-0.3408798289278767,0.05334047062320052,0.048406189050011705,-0.002605015193199787,0.0005937751451888801,0.183076899512642,-0.08135548360928435,3.8741967002499046e-20,0.38271192439555135,0.5320489690905509,1.0,1.0,6.0,3.0,0.4159837519525312,1.0,2.214498246673047e-37,0.06624364889305154,0.5664216327845133,0.0,0.0,6.0,3.0,6.0,3.0,0.7939755021640345,1.0
152.0,0.45,-0.3408798289278767,0.05334047062320052,0.048406189050011705,-0.002605015193199787,0.0005937751451888801,0.183076899512642,-0.08135548360928435,3.8741967002499046e-20,0.38271192439555135,0.5320489690905509,1.0,1.0,6.0,3.0,0.4159837519525312,1.0,3.8506901401865255e-37,0.06778837365352111,0.579629925740121,0.0,0.0,6.0,3.0,6.0,3.0,0.8124900863980514,1.0
152.0,0.5,-0.3408798289278767,0.05334047062320052,0.048406189050011705,-0.002605015193199787,0.0005937751451888801,0.183076899512642,-0.08135548360928435,3.8741967002499046e-20,0.38271192439555135,0.5320489690905509,1.0,1.0,6.0,3.0,0.4159837519525312,1.0,5.664352669762241e-37,0.06888727983037235,0.5890262111406126,1.0,1.0,6.0,3.0,6.0,3.0,0.8256612295668893,1.0
152.0,0.55,-0.3408798289278767,0.05334047062320052,0.048406189050011705,-0.002605015193199787,0.0005937751451888801,0.183076899512642,-0.08135548360928435,1.0964804679757268e-19,0.39966654428435416,0.5556194079981098,1.0,1.0,6.0,3.0,0.43441235567427905,1.0,1.0379313146154691e-36,0.07064771716178396,0.604078971734807,1.0,1.0,6.0,3.0,6.0,3.0,0.8467612767048796,1.0
152.0,0.6,-0.3408798289278767,0.05334047062320052,0.048406189050011705,-0.002605015193199787,0.0005937751451888801,0.183076899512642,-0.08135548360928435,1.0964804679757268e-19,0.39966654428435416,0.5556194079981098,1.0,1.0,6.0,3.0,0.43441235567427905,1.0,1.9886135852188686e-36,0.0725878680099738,0.6206683871677363,1.0,1.0,6.0,3.0,6.0,3.0,0.870015313426988,1.0
152.0,0.65,-0.3408798289278767,0.05334047062320052,0.048406189050011705,-0.002605015193199787,0.0005937751451888801,0.183076899512642,-0.08135548360928435,1.0964804679757268e-19,0.39966654428435416,0.5556194079981098,1.0,1.0,6.0,3.0,0.43441235567427905,1.0,2.8950392148011256e-36,0.07373268393480248,0.6304572275503981,1.0,1.0,6.0,3.0,6.0,3.0,0.8837367163688566,1.0
152.0,0.7,-0.3408798289278767,0.05334047062320052,0.048406189050011705,-0.002605015193199787,0.0005937751451888801,0.183076899512642,-0.08135548360928435,1.0964804679757268e-19,0.39966654428435416,0.5556194079981098,1.0,1.0,6.0,3.0,0.43441235567427905,1.0,3.917193051457141e-36,0.07466752076805684,0.6384506248696478,1.0,1.0,6.0,3.0,6.0,3.0,0.8949413760838262,1.0
152.0,0.75,-0.3408798289278767,0.05334047062320052,0.048406189050011705,-0.002605015193199787,0.0005937751451888801,0.183076899512642,-0.08135548360928435,1.0964804679757268e-19,0.39966654428435416,0.5556194079981098,1.0,1.0,6.0,3.0,0.43441235567427905,1.0,7.950830948567809e-36,0.07690270730336175,0.6575627666079354,1.0,1.0,6.0,3.0,6.0,3.0,0.9217316175855311,1.0
152.0,0.8,-0.3408798289278767,0.05334047062320052,0.048406189050011705,-0.002605015193199787,0.0005937751451888801,0.183076899512642,-0.08135548360928435,1.0964804679757268e-19,0.39966654428435416,0.5556194079981098,1.0,1.0,6.0,3.0,0.43441235567427905,1.0,1.2070222198325237e-35,0.07825208358557155,0.6691007167326929,1.0,1.0,6.0,3.0,6.0,3.0,0.9379048165137102,1.0
152.0,0.85,-0.3408798289278767,0.05334047062320052,0.048406189050011705,-0.002605015193199787,0.0005937751451888801,0.183076899512642,-0.08135548360928435,1.0964804679757268e-19,0.39966654428435416,0.5556194079981098,1.0,1.0,6.0,3.0,0.43441235567427905,1.0,2.0244619044031876e-35,0.07995654283537415,0.683674832250492,1.0,1.0,6.0,3.0,6.0,3.0,0.9583339280043076,1.0
152.0,0.9,-0.3408798289278767,0.05334047062320052,0.048406189050011705,-0.002605015193199787,0.0005937751451888801,0.183076899512642,-0.08135548360928435,1.0964804679757268e-19,0.39966654428435416,0.5556194079981098,1.0,1.0,6.0,3.0,0.43441235567427905,1.0,8.262895232030786e-35,0.08478225255601023,0.7249374502521024,1.0,1.0,6.0,3.0,6.0,3.0,1.016173364127848,1.0
152.0,0.95,-0.3408798289278767,0.05334047062320052,0.048406189050011705,-0.002605015193199787,0.0005937751451888801,0.183076899512642,-0.08135548360928435,1.0964804679757268e-19,0.39966654428435416,0.5556194079981098,1.0,1.0,6.0,3.0,0.43441235567427905,1.0,2.1019714400463174e-34,0.08814558367647225,0.7536958827461027,1.0,1.0,6.0,3.0,6.0,3.0,1.0564851911472815,1.0
153.0,0.4,-0.4834348945927045,0.2974998037018963,0.4087656930089809,-0.001843393804814952,0.0009280082945940927,-0.01072893895979915,0.11136583047508586,1.1774562816766886e-17,0.6733385882688757,0.977139579424991,1.0,1.0,6.0,3.0,1.134255723217078,1.0,7.907662030878573e-33,0.19917993814588475,1.181799406465769,1.0,1.0,6.0,3.0,6.0,3.0,2.2406899503599025,1.0
153.0,0.45,-0.4834348945927045,0.2974998037018963,0.4087656930089809,-0.001843393804814952,0.0009280082945940927,-0.01072893895979915,0.11136583047508586,1.1774562816766886e-17,0.6733385882688757,0.977139579424991,1.0,1.0,6.0,3.0,1.134255723217078,1.0,1.2703242562379337e-32,0.20315305782494403,1.2053732187795907,1.0,1.0,6.0,3.0,6.0,3.0,2.285385864111641,1.0
153.0,0.5,-0.4834348945927045,0.2974998037018963,0.4087656930089809,-0.001843393804814952,0.0009280082945940927,-0.01072893895979915,0.11136583047508586,1.1774562816766886e-17,0.6733385882688757,0.977139579424991,1.0,1.0,6.0,3.0,1.134255723217078,1.0,2.571103196349106e-32,0.20920974102120476,1.2413094916448308,1.0,1.0,6.0,3.0,6.0,3.0,2.3535209850314773,1.0
153.0,0.55,-0.4834348945927045,0.2974998037018963,0.4087656930089809,-0.001843393804814952,0.0009280082945940927,-0.01072893895979915,0.11136583047508586,3.9875667231642753e-16,0.7797827725921849,1.1316098969057131,1.0,1.0,6.0,3.0,1.313563618792009,1.0,3.6641721280452836e-32,0.21232082032756247,1.2597685378316439,1.0,1.0,6.0,3.0,6.0,3.0,2.3885193096690838,1.0
153.0,0.6,-0.4834348945927045,0.2974998037018963,0.4087656930089809,-0.001843393804814952,0.0009280082945940927,-0.01072893895979915,0.11136583047508586,3.9875667231642753e-16,0.7797827725921849,1.1316098969057131,1.0,1.0,6.0,3.0,1.313563618792009,1.0,5.606895498276084e-32,0.21611771059060894,1.2822967236572538,1.0,1.0,6.0,3.0,6.0,3.0,2.431232717124792,1.0
153.0,0.65,-0.4834348945927045,0.2974998037018963,0.4087656930089809,-0.001843393804814952,0.0009280082945940927,-0.01072893895979915,0.11136583047508586,3.9875667231642753e-16,0.7797827725921849,1.1316098969057131,1.0,1.0,6.0,3.0,1.313563618792009,1.0,8.725919602592523e-32,0.22013751312988739,1.306147520576115,1.0,1.0,6.0,3.0,6.0,3.0,2.4764537932835524,1.0
153.0,0.7,-0.4834348945927045,0.2974998037018963,0.4087656930089809,-0.001843393804814952,0.0009280082945940927,-0.01072893895979915,0.11136583047508586,3.9875667231642753e-16,0.7797827725921849,1.1316098969057131,1.0,1.0,6.0,3.0,1.313563618792009,1.0,1.3955629937450403e-31,0.2244871480372979,1.3319553202961631,1.0,1.0,6.0,3.0,6.0,3.0,2.5253853438980083,1.0
153.0,0.75,-0.4834348945927045,0.2974998037018963,0.4087656930089809,-0.001843393804814952,0.0009280082945940927,-0.01072893895979915,0.11136583047508586,3.9875667231642753e-16,0.7797827725921849,1.1316098969057131,1.0,1.0,6.0,3.0,1.313563618792009,1.0,2.4112384273496446e-31,0.22966082937725033,1.3626524557291533,1.0,1.0,6.0,3.0,6.0,3.0,2.583587067890438,1.0
153.0,0.8,-0.4834348945927045,0.2974998037018963,0.4087656930089809,-0.001843393804814952,0.0009280082945940927,-0.01072893895979915,0.11136583047508586,3.9875667231642753e-16,0.7797827725921849,1.1316098969057131,1.0,1.0,6.0,3.0,1.313563618792009,1.0,4.52421369805189e-31,0.2357624043871106,1.3988550863368494,1.0,1.0,6.0,3.0,6.0,3.0,2.6522272027013387,1.0
153.0,0.85,-0.4834348945927045,0.2974998037018963,0.4087656930089809,-0.001843393804814952,0.0009280082945940927,-0.01072893895979915,0.11136583047508586,3.9875667231642753e-16,0.7797827725921849,1.1316098969057131,1.0,1.0,6.0,3.0,1.313563618792009,1.0,7.422996778800418e-31,0.24067689059476258,1.4280143326813954,1.0,1.0,6.0,3.0,6.0,3.0,2.7075130912259313,1.0
153.0,0.9,-0.4834348945927045,0.2974998037018963,0.4087656930089809,-0.001843393804814952,0.0009280082945940927,-0.01072893895979915,0.11136583047508586,3.9875667231642753e-16,0.7797827725921849,1.1316098969057131,1.0,1.0,6.0,3.0,1.313563618792009,1.0,1.6080679973763496e-30,0.24855524921449865,1.4747591987929072,1.0,1.0,6.0,3.0,6.0,3.0,2.796141289170467,1.0
153.0,0.95,-0.4834348945927045,0.2974998037018963,0.4087656930089809,-0.001843393804814952,0.0009280082945940927,-0.01072893895979915,0.11136583047508586,3.9875667231642753e-16,0.7797827725921849,1.1316098969057131,1.0,1.0,6.0,3.0,1.313563618792009,1.0,3.1336348612876054e-30,0.25556160400528327,1.5163301823483561,1.0,1.0,6.0,3.0,6.0,3.0,2.874959813337637,1.0
154.0,0.4,-1.109865466948131,0.19624431355230681,0.1999507535699422,-0.0019699757742227576,-0.0013485798398370388,0.0509491462418748,-0.2366543199360821,1.6364001055621893e-14,0.7240320775217696,1.0095382687554082,0.0,0.0,5.0,2.0,0.8194655376678092,1.0,1.4464791196204e-32,0.13787962938188286,0.8450647509654052,0.0,0.0,5.0,2.0,6.0,3.0,1.4217104333517463,1.0
154.0,0.45,-1.109865466948131,0.19624431355230681,0.1999507535699422,-0.0019699757742227576,-0.0013485798398370388,0.0509491462418748,-0.2366543199360821,1.6364001055621893e-14,0.7240320775217696,1.0095382687554082,0.0,0.0,5.0,2.0,0.8194655376678092,1.0,1.812451853154519e-32,0.1391815077651203,0.8530439683207889,0.0,0.0,5.0,2.0,6.0,3.0,1.435134418379131,1.0
154.0,0.5,-1.109865466948131,0.19624431355230681,0.1999507535699422,-0.0019699757742227576,-0.0013485798398370388,0.0509491462418748,-0.2366543199360821,1.6364001055621893e-14,0.7240320775217696,1.0095382687554082,0.0,0.0,5.0,2.0,0.8194655376678092,1.0,2.746437188602953e-32,0.14161279786432007,0.8679453541992954,0.0,0.0,5.0,2.0,6.0,3.0,1.4602040426306118,1.0
154.0,0.55,-1.109865466948131,0.19624431355230681,0.1999507535699422,-0.0019699757742227576,-0.0013485798398370388,0.0509491462418748,-0.2366543199360821,3.543055983449753e-13,0.8230063051995966,1.1475408152769369,0.0,0.0,5.0,2.0,0.9314853931649271,1.0,4.934839288448588e-32,0.14511316326592855,0.8893991065023668,0.0,0.0,5.0,2.0,6.0,3.0,1.496297162653634,1.0
154.0,0.6,-1.109865466948131,0.19624431355230681,0.1999507535699422,-0.0019699757742227576,-0.0013485798398370388,0.0509491462418748,-0.2366543199360821,3.543055983449753e-13,0.8230063051995966,1.1475408152769369,0.0,0.0,5.0,2.0,0.9314853931649271,1.0,6.482538457662332e-32,0.14677197770133674,0.8995659862223105,0.0,0.0,5.0,2.0,6.0,3.0,1.513401602231742,1.0
154.0,0.65,-1.109865466948131,0.19624431355230681,0.1999507535699422,-0.0019699757742227576,-0.0013485798398370388,0.0509491462418748,-0.2366543199360821,3.543055983449753e-13,0.8230063051995966,1.1475408152769369,0.0,0.0,5.0,2.0,0.9314853931649271,1.0,8.770280155059868e-32,0.14863211626198125,0.9109667822395269,0.0,0.0,5.0,2.0,6.0,3.0,1.5325819438892017,1.0
154.0,0.7,-1.109865466948131,0.19624431355230681,0.1999507535699422,-0.0019699757742227576,-0.0013485798398370388,0.0509491462418748,-0.2366543199360821,3.543055983449753e-13,0.8230063051995966,1.1475408152769369,0.0,0.0,5.0,2.0,0.9314853931649271,1.0,1.3055710184033408e-31,0.15111658171218267,0.9261940800381129,0.0,0.0,5.0,2.0,6.0,3.0,1.5581998721334822,1.0
154.0,0.75,-1.109865466948131,0.19624431355230681,0.1999507535699422,-0.0019699757742227576,-0.0013485798398370388,0.0509491462418748,-0.2366543199360821,3.543055983449753e-13,0.8230063051995966,1.1475408152769369,0.0,0.0,5.0,2.0,0.9314853931649271,1.0,1.939968853022299e-31,0.15363089073146607,0.9416042891803634,0.0,0.0,5.0,2.0,6.0,3.0,1.5841255246857182,1.0
154.0,0.8,-1.109865466948131,0.19624431355230681,0.1999507535699422,-0.0019699757742227576,-0.0013485798398370388,0.0509491462418748,-0.2366543199360821,3.543055983449753e-13,0.8230063051995966,1.1475408152769369,0.0,0.0,5.0,2.0,0.9314853931649271,1.0,3.0969306626499807e-31,0.1566543932159429,0.9601353469264716,0.0,0.0,5.0,2.0,6.0,3.0,1.6153015950502527,1.0
154.0,0.85,-1.109865466948131,0.19624431355230681,0.1999507535699422,-0.0019699757742227576,-0.0013485798398370388,0.0509491462418748,-0.2366543199360821,3.543055983449753e-13,0.8230063051995966,1.1475408152769369,0.0,0.0,5.0,2.0,0.9314853931649271,1.0,5.564602822929981e-31,0.16052654462007648,0.9838677769939437,0.0,0.0,5.0,2.0,6.0,3.0,1.6552282910781855,1.0
154.0,0.9,-1.109865466948131,0.19624431355230681,0.1999507535699422,-0.0019699757742227576,-0.0013485798398370388,0.0509491462418748,-0.2366543199360821,3.543055983449753e-13,0.8230063051995966,1.1475408152769369,0.0,0.0,5.0,2.0,0.9314853931649271,1.0,9.826158190972875e-31,0.16437524884545246,1.0074564992173605,0.0,0.0,5.0,2.0,6.0,3.0,1.694913217536372,1.0
154.0,0.95,-1.109865466948131,0.19624431355230681,0.1999507535699422,-0.0019699757742227576,-0.0013485798398370388,0.0509491462418748,-0.2366543199360821,3.543055983449753e-13,0.8230063051995966,1.1475408152769369,0.0,0.0,5.0,2.0,0.9314853931649271,1.0,1.9524835717988973e-30,0.1691459388076234,1.0366960753816468,0.0,0.0,5.0,2.0,6.0,3.0,1.7441049634375685,1.0
155.0,0.4,1.1896775557619896,1.0269271643481037,1.0310547271613322,-0.0006110478180679093,0.005752227052703375,-0.24701465334609712,1.0839293366948846,3.55880422841988e-14,1.0668291534285952,1.8669522220492385,0.0,0.0,4.0,2.0,1.889754588892456,0.0,9.586540401753826e-33,0.1288885417320334,1.4496355691953795,0.0,1.0,4.0,2.0,6.0,3.0,3.466077895915181,1.0
155.0,0.45,1.1896775557619896,1.0269271643481037,1.0310547271613322,-0.0006110478180679093,0.005752227052703375,-0.24701465334609712,1.0839293366948846,3.55880422841988e-14,1.0668291534285952,1.8669522220492385,0.0,0.0,4.0,2.0,1.889754588892456,0.0,1.3448058848052784e-32,0.1307191496224857,1.4702247874112748,0.0,1.0,4.0,2.0,6.0,3.0,3.5153067060166734,1.0
155.0,0.5,1.1896775557619896,1.0269271643481037,1.0310547271613322,-0.0006110478180679093,0.005752227052703375,-0.24701465334609712,1.0839293366948846,3.55880422841988e-14,1.0668291534285952,1.8669522220492385,0.0,0.0,4.0,2.0,1.889754588892456,0.0,1.748940592947277e-32,0.1321581725352999,1.4864097699649577,0.0,1.0,4.0,2.0,6.0,3.0,3.5540049909285365,1.0
155.0,0.55,1.1896775557619896,1.0269271643481037,1.0310547271613322,-0.0006110478180679093,0.005752227052703375,-0.24701465334609712,1.0839293366948846,4.348604970060125e-14,1.075775838701127,1.8826089313694212,0.0,0.0,4.0,2.0,1.905602524332547,0.0,3.201396177259798e-32,0.135529615583324,1.5243290737002217,1.0,1.0,4.0,2.0,6.0,3.0,3.644670026540378,1.0
155.0,0.6,1.1896775557619896,1.0269271643481037,1.0310547271613322,-0.0006110478180679093,0.005752227052703375,-0.24701465334609712,1.0839293366948846,4.348604970060125e-14,1.075775838701127,1.8826089313694212,0.0,0.0,4.0,2.0,1.905602524332547,0.0,4.7199279948495897e-32,0.13773966988578012,1.549186002668776,1.0,1.0,4.0,2.0,6.0,3.0,3.704102930843398,1.0
155.0,0.65,1.1896775557619896,1.0269271643481037,1.0310547271613322,-0.0006110478180679093,0.005752227052703375,-0.24701465334609712,1.0839293366948846,4.348604970060125e-14,1.075775838701127,1.8826089313694212,0.0,0.0,4.0,2.0,1.905602524332547,0.0,7.373587308940517e-32,0.14032391138454153,1.5782514909243872,1.0,1.0,4.0,2.0,6.0,3.0,3.77359849822429,1.0
155.0,0.7,1.1896775557619896,1.0269271643481037,1.0310547271613322,-0.0006110478180679093,0.005752227052703375,-0.24701465334609712,1.0839293366948846,4.348604970060125e-14,1.075775838701127,1.8826089313694212,0.0,0.0,4.0,2.0,1.905602524332547,0.0,9.057105331229185e-32,0.14153145009006876,1.5918329236505933,1.0,1.0,4.0,2.0,6.0,3.0,3.806071696845714,1.0
155.0,0.75,1.1896775557619896,1.0269271643481037,1.0310547271613322,-0.0006110478180679093,0.005752227052703375,-0.24701465334609712,1.0839293366948846,4.348604970060125e-14,1.075775838701127,1.8826089313694212,0.0,0.0,4.0,2.0,1.905602524332547,0.0,1.4521941493004724e-31,0.1443431213121256,1.623456360129925,1.0,1.0,4.0,2.0,6.0,3.0,3.881683317106058,1.0
155.0,0.8,1.1896775557619896,1.0269271643481037,1.0310547271613322,-0.0006110478180679093,0.005752227052703375,-0.24701465334609712,1.0839293366948846,4.348604970060125e-14,1.075775838701127,1.8826089313694212,0.0,0.0,4.0,2.0,1.905602524332547,0.0,2.2612248463105163e-31,0.1470311610744474,1.6536892885074883,1.0,1.0,4.0,2.0,6.0,3.0,3.953970233214514,1.0
155.0,0.85,1.1896775557619896,1.0269271643481037,1.0310547271613322,-0.0006110478180679093,0.005752227052703375,-0.24701465334609712,1.0839293366948846,4.348604970060125e-14,1.075775838701127,1.8826089313694212,0.0,0.0,4.0,2.0,1.905602524332547,0.0,3.2569779552815077e-31,0.149283685392463,1.6790238863545321,1.0,1.0,4.0,2.0,6.0,3.0,4.014545243558855,1.0
155.0,0.9,1.1896775557619896,1.0269271643481037,1.0310547271613322,-0.0006110478180679093,0.005752227052703375,-0.24701465334609712,1.0839293366948846,4.348604970060125e-14,1.075775838701127,1.8826089313694212,0.0,0.0,4.0,2.0,1.905602524332547,0.0,4.748082295272772e-31,0.15164682563234053,1.7056026039091585,1.0,1.0,4.0,2.0,6.0,3.0,4.078094943480333,1.0
155.0,0.95,1.1896775557619896,1.0269271643481037,1.0310547271613322,-0.0006110478180679093,0.005752227052703375,-0.24701465334609712,1.0839293366948846,4.348604970060125e-14,1.075775838701127,1.8826089313694212,0.0,0.0,4.0,2.0,1.905602524332547,0.0,1.1626796753399189e-30,0.15741250636882007,1.7704503845101864,1.0,1.0,4.0,2.0,6.0,3.0,4.233145953345614,1.0
156.0,0.4,0.7196001636273346,0.006229703529567199,0.03212613705524442,-0.00286368576466883,-0.002955453484122546,-0.26904013634529683,0.26128447924594117,4.985000363553436e-16,0.7506705852917213,1.3071680417925904,1.0,1.0,6.0,3.0,1.31848796101426,1.0,1.8521751051323577e-31,0.22555865866577143,1.609638170455236,1.0,1.0,6.0,3.0,6.0,3.0,2.653028119833816,1.0
156.0,0.45,0.7196001636273346,0.006229703529567199,0.03212613705524442,-0.00286368576466883,-0.002955453484122546,-0.26904013634529683,0.26128447924594117,4.985000363553436e-16,0.7506705852917213,1.3071680417925904,1.0,1.0,6.0,3.0,1.31848796101426,1.0,3.217368687441594e-31,0.230808581968736,1.647102823731686,1.0,1.0,6.0,3.0,6.0,3.0,2.7147778847602626,1.0
156.0,0.5,0.7196001636273346,0.006229703529567199,0.03212613705524442,-0.00286368576466883,-0.002955453484122546,-0.26904013634529683,0.26128447924594117,4.985000363553436e-16,0.7506705852917213,1.3071680417925904,1.0,1.0,6.0,3.0,1.31848796101426,1.0,4.719225436969981e-31,0.23452223895557192,1.673604329252901,1.0,1.0,6.0,3.0,6.0,3.0,2.7584580363969686,1.0
156.0,0.55,0.7196001636273346,0.006229703529567199,0.03212613705524442,-0.00286368576466883,-0.002955453484122546,-0.26904013634529683,0.26128447924594117,6.250076337934539e-16,0.7577778452160556,1.3195441535249992,1.0,1.0,6.0,3.0,1.3309712483970904,1.0,5.424189459621324e-31,0.23588665412552778,1.6833411079290126,1.0,1.0,6.0,3.0,6.0,3.0,2.7745063310376317,1.0
156.0,0.6,0.7196001636273346,0.006229703529567199,0.03212613705524442,-0.00286368576466883,-0.002955453484122546,-0.26904013634529683,0.26128447924594117,6.250076337934539e-16,0.7577778452160556,1.3195441535249992,1.0,1.0,6.0,3.0,1.3309712483970904,1.0,7.262870659465144e-31,0.23877320988006892,1.7039402299097008,1.0,1.0,6.0,3.0,6.0,3.0,2.8084580916641797,1.0
156.0,0.65,0.7196001636273346,0.006229703529567199,0.03212613705524442,-0.00286368576466883,-0.002955453484122546,-0.26904013634529683,0.26128447924594117,6.250076337934539e-16,0.7577778452160556,1.3195441535249992,1.0,1.0,6.0,3.0,1.3309712483970904,1.0,1.0630132481704803e-30,0.24259314777640079,1.7312001803060866,1.0,1.0,6.0,3.0,6.0,3.0,2.853388322739921,1.0
156.0,0.7,0.7196001636273346,0.006229703529567199,0.03212613705524442,-0.00286368576466883,-0.002955453484122546,-0.26904013634529683,0.26128447924594117,6.250076337934539e-16,0.7577778452160556,1.3195441535249992,1.0,1.0,6.0,3.0,1.3309712483970904,1.0,1.857376095148406e-30,0.2483001100340076,1.771926368081494,1.0,1.0,6.0,3.0,6.0,3.0,2.9205137943924906,1.0
156.0,0.75,0.7196001636273346,0.006229703529567199,0.03212613705524442,-0.00286368576466883,-0.002955453484122546,-0.26904013634529683,0.26128447924594117,6.250076337934539e-16,0.7577778452160556,1.3195441535249992,1.0,1.0,6.0,3.0,1.3309712483970904,1.0,2.9391494010480032e-30,0.2530940803196535,1.8061372363560666,1.0,1.0,6.0,3.0,6.0,3.0,2.9769006254221653,1.0
156.0,0.8,0.7196001636273346,0.006229703529567199,0.03212613705524442,-0.00286368576466883,-0.002955453484122546,-0.26904013634529683,0.26128447924594117,6.250076337934539e-16,0.7577778452160556,1.3195441535249992,1.0,1.0,6.0,3.0,1.3309712483970904,1.0,4.2489195577439366e-30,0.25701059244256363,1.8340863625185346,1.0,1.0,6.0,3.0,6.0,3.0,3.0229667656236243,1.0
156.0,0.85,0.7196001636273346,0.006229703529567199,0.03212613705524442,-0.00286368576466883,-0.002955453484122546,-0.26904013634529683,0.26128447924594117,6.250076337934539e-16,0.7577778452160556,1.3195441535249992,1.0,1.0,6.0,3.0,1.3309712483970904,1.0,6.575873966089934e-30,0.2617303865370325,1.867767892529775,1.0,1.0,6.0,3.0,6.0,3.0,3.078481133932606,1.0
156.0,0.9,0.7196001636273346,0.006229703529567199,0.03212613705524442,-0.00286368576466883,-0.002955453484122546,-0.26904013634529683,0.26128447924594117,6.250076337934539e-16,0.7577778452160556,1.3195441535249992,1.0,1.0,6.0,3.0,1.3309712483970904,1.0,1.169466442639233e-29,0.26808483139545247,1.9131146642151042,1.0,1.0,6.0,3.0,6.0,3.0,3.1532223165369153,1.0
156.0,0.95,0.7196001636273346,0.006229703529567199,0.03212613705524442,-0.00286368576466883,-0.002955453484122546,-0.26904013634529683,0.26128447924594117,6.250076337934539e-16,0.7577778452160556,1.3195441535249992,1.0,1.0,6.0,3.0,1.3309712483970904,1.0,2.2724721456834285e-29,0.27560908242389465,1.9668094402485699,1.0,1.0,6.0,3.0,6.0,3.0,3.2417227965327857,1.0
157.0,0.4,0.5289084796786074,0.06521057457840412,0.3668923201621554,-0.0009037946923198186,0.00014857082943207448,-0.10750431555786216,0.4208980400009728,2.021769154658273e-18,0.6251450144326554,0.9276397564959817,1.0,1.0,6.0,3.0,1.4614455284706873,1.0,1.1189570653792457e-33,0.17373971894442292,1.0551671721318086,1.0,1.0,6.0,3.0,6.0,3.0,2.9334525228860353,1.0
157.0,0.45,0.5289084796786074,0.06521057457840412,0.3668923201621554,-0.0009037946923198186,0.00014857082943207448,-0.10750431555786216,0.4208980400009728,2.021769154658273e-18,0.6251450144326554,0.9276397564959817,1.0,1.0,6.0,3.0,1.4614455284706873,1.0,2.4705073222836622e-33,0.17956897820227213,1.0905698022505756,1.0,1.0,6.0,3.0,6.0,3.0,3.0318747799288523,1.0
157.0,0.5,0.5289084796786074,0.06521057457840412,0.3668923201621554,-0.0009037946923198186,0.00014857082943207448,-0.10750431555786216,0.4208980400009728,2.021769154658273e-18,0.6251450144326554,0.9276397564959817,1.0,1.0,6.0,3.0,1.4614455284706873,1.0,3.444078127086787e-33,0.18207204218967055,1.1057715705353108,1.0,1.0,6.0,3.0,6.0,3.0,3.074136960467592,1.0
157.0,0.55,0.5289084796786074,0.06521057457840412,0.3668923201621554,-0.0009037946923198186,0.00014857082943207448,-0.10750431555786216,0.4208980400009728,1.460892340156957e-15,0.8224339864436899,1.2203927813629407,1.0,1.0,6.0,3.0,1.9226618531722028,1.0,4.518981264457895e-33,0.18414442619274984,1.1183577055963434,1.0,1.0,6.0,3.0,6.0,3.0,3.1091274630375088,1.0
157.0,0.6,0.5289084796786074,0.06521057457840412,0.3668923201621554,-0.0009037946923198186,0.00014857082943207448,-0.10750431555786216,0.4208980400009728,1.460892340156957e-15,0.8224339864436899,1.2203927813629407,1.0,1.0,6.0,3.0,1.9226618531722028,1.0,6.942321074416625e-33,0.18746833302828234,1.138544669161079,1.0,1.0,6.0,3.0,6.0,3.0,3.1652489011966773,1.0
157.0,0.65,0.5289084796786074,0.06521057457840412,0.3668923201621554,-0.0009037946923198186,0.00014857082943207448,-0.10750431555786216,0.4208980400009728,1.460892340156957e-15,0.8224339864436899,1.2203927813629407,1.0,1.0,6.0,3.0,1.9226618531722028,1.0,1.2006887848195959e-32,0.19179685915258443,1.1648329508379907,1.0,1.0,6.0,3.0,6.0,3.0,3.238332511305278,1.0
157.0,0.7,0.5289084796786074,0.06521057457840412,0.3668923201621554,-0.0009037946923198186,0.00014857082943207448,-0.10750431555786216,0.4208980400009728,1.460892340156957e-15,0.8224339864436899,1.2203927813629407,1.0,1.0,6.0,3.0,1.9226618531722028,1.0,1.52515870537167e-32,0.1937180172348728,1.1765006509656446,1.0,1.0,6.0,3.0,6.0,3.0,3.270769688351446,1.0
157.0,0.75,0.5289084796786074,0.06521057457840412,0.3668923201621554,-0.0009037946923198186,0.00014857082943207448,-0.10750431555786216,0.4208980400009728,1.460892340156957e-15,0.8224339864436899,1.2203927813629407,1.0,1.0,6.0,3.0,1.9226618531722028,1.0,1.9566323513550302e-32,0.1957393341279749,1.1887766419885095,1.0,1.0,6.0,3.0,6.0,3.0,3.304897964692906,1.0
157.0,0.8,0.5289084796786074,0.06521057457840412,0.3668923201621554,-0.0009037946923198186,0.00014857082943207448,-0.10750431555786216,0.4208980400009728,1.460892340156957e-15,0.8224339864436899,1.2203927813629407,1.0,1.0,6.0,3.0,1.9226618531722028,1.0,3.8816540567743535e-32,0.20140685896188976,1.2231970162605645,1.0,1.0,6.0,3.0,6.0,3.0,3.400589468763342,1.0
157.0,0.85,0.5289084796786074,0.06521057457840412,0.3668923201621554,-0.0009037946923198186,0.00014857082943207448,-0.10750431555786216,0.4208980400009728,1.460892340156957e-15,0.8224339864436899,1.2203927813629407,1.0,1.0,6.0,3.0,1.9226618531722028,1.0,6.84959225946665e-32,0.20622971993578107,1.2524875239598066,1.0,1.0,6.0,3.0,6.0,3.0,3.4820195169834376,1.0
157.0,0.9,0.5289084796786074,0.06521057457840412,0.3668923201621554,-0.0009037946923198186,0.00014857082943207448,-0.10750431555786216,0.4208980400009728,1.460892340156957e-15,0.8224339864436899,1.2203927813629407,1.0,1.0,6.0,3.0,1.9226618531722028,1.0,1.1376071463515502e-31,0.21063550017431107,1.2792449902638185,1.0,1.0,6.0,3.0,6.0,3.0,3.5564074993890706,1.0
157.0,0.95,0.5289084796786074,0.06521057457840412,0.3668923201621554,-0.0009037946923198186,0.00014857082943207448,-0.10750431555786216,0.4208980400009728,1.460892340156957e-15,0.8224339864436899,1.2203927813629407,1.0,1.0,6.0,3.0,1.9226618531722028,1.0,4.015572698240144e-31,0.22200088250466082,1.3482699570737866,1.0,1.0,6.0,3.0,6.0,3.0,3.7483026496350176,1.0
158.0,0.4,-0.25537468724306156,0.8190468852167747,0.04882991623141819,-0.0009019950601946318,0.0010480538055962386,0.2115214722693197,-0.05257128492674168,1.5086043863914514e-16,0.669590661343557,1.1117033421485214,1.0,1.0,6.0,3.0,0.5769399530813002,1.0,1.925265259649933e-33,0.16933115587114592,1.172571630356431,0.0,1.0,6.0,3.0,6.0,3.0,0.9631453827044595,1.0
158.0,0.45,-0.25537468724306156,0.8190468852167747,0.04882991623141819,-0.0009019950601946318,0.0010480538055962386,0.2115214722693197,-0.05257128492674168,1.5086043863914514e-16,0.669590661343557,1.1117033421485214,1.0,1.0,6.0,3.0,0.5769399530813002,1.0,2.578644478812941e-33,0.17140536459569414,1.1869349546562653,0.0,1.0,6.0,3.0,6.0,3.0,0.9749433565949476,1.0
158.0,0.5,-0.25537468724306156,0.8190468852167747,0.04882991623141819,-0.0009019950601946318,0.0010480538055962386,0.2115214722693197,-0.05257128492674168,1.5086043863914514e-16,0.669590661343557,1.1117033421485214,1.0,1.0,6.0,3.0,0.5769399530813002,1.0,3.629911610526643e-33,0.17386497445460306,1.2039670756942642,0.0,1.0,6.0,3.0,6.0,3.0,0.988933468849689,1.0
158.0,0.55,-0.25537468724306156,0.8190468852167747,0.04882991623141819,-0.0009019950601946318,0.0010480538055962386,0.2115214722693197,-0.05257128492674168,1.8516389026816215e-16,0.6753313747531994,1.1212344940182482,1.0,1.0,6.0,3.0,0.5818863287051276,1.0,5.352629399571636e-33,0.1767014301907177,1.2236087506702544,0.0,1.0,6.0,3.0,6.0,3.0,1.0050670576829415,1.0
158.0,0.6,-0.25537468724306156,0.8190468852167747,0.04882991623141819,-0.0009019950601946318,0.0010480538055962386,0.2115214722693197,-0.05257128492674168,1.8516389026816215e-16,0.6753313747531994,1.1212344940182482,1.0,1.0,6.0,3.0,0.5818863287051276,1.0,7.607898889574073e-33,0.17930915454598667,1.2416665238133415,1.0,1.0,6.0,3.0,6.0,3.0,1.0198996362431116,1.0
158.0,0.65,-0.25537468724306156,0.8190468852167747,0.04882991623141819,-0.0009019950601946318,0.0010480538055962386,0.2115214722693197,-0.05257128492674168,1.8516389026816215e-16,0.6753313747531994,1.1212344940182482,1.0,1.0,6.0,3.0,0.5818863287051276,1.0,9.970041959895845e-33,0.18134077748981298,1.2557349533073487,1.0,1.0,6.0,3.0,6.0,3.0,1.0314553847861136,1.0
158.0,0.7,-0.25537468724306156,0.8190468852167747,0.04882991623141819,-0.0009019950601946318,0.0010480538055962386,0.2115214722693197,-0.05257128492674168,1.8516389026816215e-16,0.6753313747531994,1.1212344940182482,1.0,1.0,6.0,3.0,0.5818863287051276,1.0,1.3053285400611145e-32,0.18338821586559023,1.2699129003129566,1.0,1.0,6.0,3.0,6.0,3.0,1.043101090550399,1.0
158.0,0.75,-0.25537468724306156,0.8190468852167747,0.04882991623141819,-0.0009019950601946318,0.0010480538055962386,0.2115214722693197,-0.05257128492674168,1.8516389026816215e-16,0.6753313747531994,1.1212344940182482,1.0,1.0,6.0,3.0,0.5818863287051276,1.0,1.9314499169705113e-32,0.18640672490402393,1.2908152442805088,1.0,1.0,6.0,3.0,6.0,3.0,1.0602701875666118,1.0
158.0,0.8,-0.25537468724306156,0.8190468852167747,0.04882991623141819,-0.0009019950601946318,0.0010480538055962386,0.2115214722693197,-0.05257128492674168,1.8516389026816215e-16,0.6753313747531994,1.1212344940182482,1.0,1.0,6.0,3.0,0.5818863287051276,1.0,2.871830841143221e-32,0.1895133104286176,1.3123274936635247,1.0,1.0,6.0,3.0,6.0,3.0,1.0779402583140516,1.0
158.0,0.85,-0.25537468724306156,0.8190468852167747,0.04882991623141819,-0.0009019950601946318,0.0010480538055962386,0.2115214722693197,-0.05257128492674168,1.8516389026816215e-16,0.6753313747531994,1.1212344940182482,1.0,1.0,6.0,3.0,0.5818863287051276,1.0,5.150317890245067e-32,0.1941822447105314,1.344658578010086,1.0,1.0,6.0,3.0,6.0,3.0,1.104496874387692,1.0
158.0,0.9,-0.25537468724306156,0.8190468852167747,0.04882991623141819,-0.0009019950601946318,0.0010480538055962386,0.2115214722693197,-0.05257128492674168,1.8516389026816215e-16,0.6753313747531994,1.1212344940182482,1.0,1.0,6.0,3.0,0.5818863287051276,1.0,9.280764232552331e-32,0.19900580951973013,1.3780604361817506,1.0,1.0,6.0,3.0,6.0,3.0,1.1319330195569293,1.0
158.0,0.95,-0.25537468724306156,0.8190468852167747,0.04882991623141819,-0.0009019950601946318,0.0010480538055962386,0.2115214722693197,-0.05257128492674168,1.8516389026816215e-16,0.6753313747531994,1.1212344940182482,1.0,1.0,6.0,3.0,0.5818863287051276,1.0,1.826723555567335e-31,0.20470076555426378,1.4174964386578857,1.0,1.0,6.0,3.0,6.0,3.0,1.1643255853617704,1.0
159.0,0.4,0.09404528992386829,0.029057703276918923,0.029880346453593443,-0.004959563821800957,0.002616073133155553,0.15799389112040696,0.051268994277018476,4.820520163401772e-18,0.4787146433749241,0.6642162080775715,1.0,1.0,6.0,3.0,0.5134855762884674,1.0,7.084280916435867e-35,0.086397674254839,0.6855345569701822,1.0,1.0,6.0,3.0,6.0,3.0,0.9536769964481644,1.0
159.0,0.45,0.09404528992386829,0.029057703276918923,0.029880346453593443,-0.004959563821800957,0.002616073133155553,0.15799389112040696,0.051268994277018476,4.820520163401772e-18,0.4787146433749241,0.6642162080775715,1.0,1.0,6.0,3.0,0.5134855762884674,1.0,1.1583173196756446e-34,0.08818591169872202,0.6997235797005154,1.0,1.0,6.0,3.0,6.0,3.0,0.9734159642980194,1.0
159.0,0.5,0.09404528992386829,0.029057703276918923,0.029880346453593443,-0.004959563821800957,0.002616073133155553,0.15799389112040696,0.051268994277018476,4.820520163401772e-18,0.4787146433749241,0.6642162080775715,1.0,1.0,6.0,3.0,0.5134855762884674,1.0,1.999761029956792e-34,0.09021535909015718,0.7158265168499361,1.0,1.0,6.0,3.0,6.0,3.0,0.9958174619008907,1.0
159.0,0.55,0.09404528992386829,0.029057703276918923,0.029880346453593443,-0.004959563821800957,0.002616073133155553,0.15799389112040696,0.051268994277018476,1.6298449661374753e-15,0.6101742770822147,0.8466163510954171,1.0,1.0,6.0,3.0,0.654493641755125,1.0,3.242115477278908e-34,0.09205009644832535,0.7303844997220039,1.0,1.0,6.0,3.0,6.0,3.0,1.0160697062824695,1.0
159.0,0.6,0.09404528992386829,0.029057703276918923,0.029880346453593443,-0.004959563821800957,0.002616073133155553,0.15799389112040696,0.051268994277018476,1.6298449661374753e-15,0.6101742770822147,0.8466163510954171,1.0,1.0,6.0,3.0,0.654493641755125,1.0,5.7113859996462405e-34,0.09424767041835243,0.7478214609706149,1.0,1.0,6.0,3.0,6.0,3.0,1.0403270229438704,1.0
159.0,0.65,0.09404528992386829,0.029057703276918923,0.029880346453593443,-0.004959563821800957,0.002616073133155553,0.15799389112040696,0.051268994277018476,1.6298449661374753e-15,0.6101742770822147,0.8466163510954171,1.0,1.0,6.0,3.0,0.654493641755125,1.0,1.0917975547712667e-33,0.09682681566058385,0.7682860534060512,1.0,1.0,6.0,3.0,6.0,3.0,1.0687962092874714,1.0
159.0,0.7,0.09404528992386829,0.029057703276918923,0.029880346453593443,-0.004959563821800957,0.002616073133155553,0.15799389112040696,0.051268994277018476,1.6298449661374753e-15,0.6101742770822147,0.8466163510954171,1.0,1.0,6.0,3.0,0.654493641755125,1.0,1.7529588408511685e-33,0.09875601330868292,0.7835935447986615,1.0,1.0,6.0,3.0,6.0,3.0,1.090091127634084,1.0
159.0,0.75,0.09404528992386829,0.029057703276918923,0.029880346453593443,-0.004959563821800957,0.002616073133155553,0.15799389112040696,0.051268994277018476,1.6298449661374753e-15,0.6101742770822147,0.8466163510954171,1.0,1.0,6.0,3.0,0.654493641755125,1.0,3.3197291673330626e-33,0.10141892553224577,0.8047227981862711,1.0,1.0,6.0,3.0,6.0,3.0,1.1194849527928705,1.0
159.0,0.8,0.09404528992386829,0.029057703276918923,0.029880346453593443,-0.004959563821800957,0.002616073133155553,0.15799389112040696,0.051268994277018476,1.6298449661374753e-15,0.6101742770822147,0.8466163510954171,1.0,1.0,6.0,3.0,0.654493641755125,1.0,4.6886923408613274e-33,0.10288851133785981,0.8163834344576795,1.0,1.0,6.0,3.0,6.0,3.0,1.1357065720576087,1.0
159.0,0.85,0.09404528992386829,0.029057703276918923,0.029880346453593443,-0.004959563821800957,0.002616073133155553,0.15799389112040696,0.051268994277018476,1.6298449661374753e-15,0.6101742770822147,0.8466163510954171,1.0,1.0,6.0,3.0,0.654493641755125,1.0,7.31736780532988e-33,0.10481445523465412,0.8316651085007092,1.0,1.0,6.0,3.0,6.0,3.0,1.1569655747641496,1.0
159.0,0.9,0.09404528992386829,0.029057703276918923,0.029880346453593443,-0.004959563821800957,0.002616073133155553,0.15799389112040696,0.051268994277018476,1.6298449661374753e-15,0.6101742770822147,0.8466163510954171,1.0,1.0,6.0,3.0,0.654493641755125,1.0,1.4423979760507987e-32,0.10782056598627358,0.855517519113479,1.0,1.0,6.0,3.0,6.0,3.0,1.1901477026086893,1.0
159.0,0.95,0.09404528992386829,0.029057703276918923,0.029880346453593443,-0.004959563821800957,0.002616073133155553,0.15799389112040696,0.051268994277018476,1.6298449661374753e-15,0.6101742770822147,0.8466163510954171,1.0,1.0,6.0,3.0,0.654493641755125,1.0,4.11405970663942e-32,0.11263352320571692,0.8937066083870566,1.0,1.0,6.0,3.0,6.0,3.0,1.2432742089025222,1.0
160.0,0.4,-0.1896239873775174,0.01701259948239975,0.01063010755134125,-0.0028680592872841956,0.0036621873734504775,0.19412726332856595,-0.05612092409161151,3.909475454062301e-16,0.5502869299809495,0.755666455985159,1.0,1.0,6.0,3.0,0.572237991976966,1.0,1.1581861941432857e-34,0.08460095363792963,0.6565310831813099,1.0,1.0,6.0,3.0,6.0,3.0,0.9392979370159247,1.0
160.0,0.45,-0.1896239873775174,0.01701259948239975,0.01063010755134125,-0.0028680592872841956,0.0036621873734504775,0.19412726332856595,-0.05612092409161151,3.909475454062301e-16,0.5502869299809495,0.755666455985159,1.0,1.0,6.0,3.0,0.572237991976966,1.0,1.8342726942437722e-34,0.08623736704776072,0.6692301867054473,1.0,1.0,6.0,3.0,6.0,3.0,0.957466523466355,1.0
160.0,0.5,-0.1896239873775174,0.01701259948239975,0.01063010755134125,-0.0028680592872841956,0.0036621873734504775,0.19412726332856595,-0.05612092409161151,3.909475454062301e-16,0.5502869299809495,0.755666455985159,1.0,1.0,6.0,3.0,0.572237991976966,1.0,2.3172240979260844e-34,0.0870812846720213,0.675779263614708,1.0,1.0,6.0,3.0,6.0,3.0,0.966836276990314,1.0
160.0,0.55,-0.1896239873775174,0.01701259948239975,0.01063010755134125,-0.0028680592872841956,0.0036621873734504775,0.19412726332856595,-0.05612092409161151,1.877337816035196e-15,0.5874648169058682,0.8067199710205658,1.0,1.0,6.0,3.0,0.6108989126726451,1.0,4.046946731782661e-34,0.08912813202225399,0.6916634688177165,1.0,1.0,6.0,3.0,6.0,3.0,0.9895617831552728,1.0
160.0,0.6,-0.1896239873775174,0.01701259948239975,0.01063010755134125,-0.0028680592872841956,0.0036621873734504775,0.19412726332856595,-0.05612092409161151,1.877337816035196e-15,0.5874648169058682,0.8067199710205658,1.0,1.0,6.0,3.0,0.6108989126726451,1.0,5.762669432342066e-34,0.0904503976167525,0.7019246825000677,1.0,1.0,6.0,3.0,6.0,3.0,1.0042424846331193,1.0
160.0,0.65,-0.1896239873775174,0.01701259948239975,0.01063010755134125,-0.0028680592872841956,0.0036621873734504775,0.19412726332856595,-0.05612092409161151,1.877337816035196e-15,0.5874648169058682,0.8067199710205658,1.0,1.0,6.0,3.0,0.6108989126726451,1.0,7.815360660252833e-34,0.0916060243077416,0.7108927237639446,1.0,1.0,6.0,3.0,6.0,3.0,1.0170730464664068,1.0
160.0,0.7,-0.1896239873775174,0.01701259948239975,0.01063010755134125,-0.0028680592872841956,0.0036621873734504775,0.19412726332856595,-0.05612092409161151,1.877337816035196e-15,0.5874648169058682,0.8067199710205658,1.0,1.0,6.0,3.0,0.6108989126726451,1.0,1.1430343281365853e-33,0.09306869598631472,0.7222435346021066,1.0,1.0,6.0,3.0,6.0,3.0,1.0333126327965476,1.0
160.0,0.75,-0.1896239873775174,0.01701259948239975,0.01063010755134125,-0.0028680592872841956,0.0036621873734504775,0.19412726332856595,-0.05612092409161151,1.877337816035196e-15,0.5874648169058682,0.8067199710205658,1.0,1.0,6.0,3.0,0.6108989126726451,1.0,1.7219610871237198e-33,0.09467139968651538,0.7346810397490895,1.0,1.0,6.0,3.0,6.0,3.0,1.0511069508805855,1.0
160.0,0.8,-0.1896239873775174,0.01701259948239975,0.01063010755134125,-0.0028680592872841956,0.0036621873734504775,0.19412726332856595,-0.05612092409161151,1.877337816035196e-15,0.5874648169058682,0.8067199710205658,1.0,1.0,6.0,3.0,0.6108989126726451,1.0,2.6690418539614248e-33,0.09641604222687278,0.748220036740626,1.0,1.0,6.0,3.0,6.0,3.0,1.0704771715284664,1.0
160.0,0.85,-0.1896239873775174,0.01701259948239975,0.01063010755134125,-0.0028680592872841956,0.0036621873734504775,0.19412726332856595,-0.05612092409161151,1.877337816035196e-15,0.5874648169058682,0.8067199710205658,1.0,1.0,6.0,3.0,0.6108989126726451,1.0,4.986167561069522e-33,0.09895964121675806,0.7679591972133936,1.0,1.0,6.0,3.0,6.0,3.0,1.0987179558347548,1.0
160.0,0.9,-0.1896239873775174,0.01701259948239975,0.01063010755134125,-0.0028680592872841956,0.0036621873734504775,0.19412726332856595,-0.05612092409161151,1.877337816035196e-15,0.5874648169058682,0.8067199710205658,1.0,1.0,6.0,3.0,0.6108989126726451,1.0,1.0208946378675666e-32,0.10195895233973785,0.7912348329561665,1.0,1.0,6.0,3.0,6.0,3.0,1.1320183694724182,1.0
160.0,0.95,-0.1896239873775174,0.01701259948239975,0.01063010755134125,-0.0028680592872841956,0.0036621873734504775,0.19412726332856595,-0.05612092409161151,1.877337816035196e-15,0.5874648169058682,0.8067199710205658,1.0,1.0,6.0,3.0,0.6108989126726451,1.0,4.3964739285096633e-32,0.10835455680601107,0.8408668163710563,1.0,1.0,6.0,3.0,6.0,3.0,1.2030267662199337,1.0
161.0,0.4,-0.4947200918451542,0.9138207823808416,0.8488145983194579,0.00607349142560946,-0.007162571380816158,0.14777396319078945,0.40097003493125394,1.0017055042626956e-12,1.109834793171409,1.5175499686001805,1.0,1.0,6.0,3.0,1.6610061777946221,1.0,1.1547487874709085e-30,0.2418518952157406,1.2655975958138914,0.0,0.0,4.0,2.0,6.0,3.0,2.5595065424573944,1.0
161.0,0.45,-0.4947200918451542,0.9138207823808416,0.8488145983194579,0.00607349142560946,-0.007162571380816158,0.14777396319078945,0.40097003493125394,1.0017055042626956e-12,1.109834793171409,1.5175499686001805,1.0,1.0,6.0,3.0,1.6610061777946221,1.0,1.5062345677197184e-30,0.24454457938860702,1.2796882632135655,0.0,0.0,4.0,2.0,6.0,3.0,2.588003084736193,1.0
161.0,0.5,-0.4947200918451542,0.9138207823808416,0.8488145983194579,0.00607349142560946,-0.007162571380816158,0.14777396319078945,0.40097003493125394,1.0017055042626956e-12,1.109834793171409,1.5175499686001805,1.0,1.0,6.0,3.0,1.6610061777946221,1.0,2.1569819003683863e-30,0.24823105862011294,1.2989794052087515,0.0,0.0,4.0,2.0,6.0,3.0,2.6270169105458114,1.0
161.0,0.55,-0.4947200918451542,0.9138207823808416,0.8488145983194579,0.00607349142560946,-0.007162571380816158,0.14777396319078945,0.40097003493125394,1.4807383376778885e-12,1.128056268732796,1.5424653882970303,1.0,1.0,6.0,3.0,1.6882768884104888,1.0,3.169607030801177e-30,0.2522441334356223,1.3199796038377485,0.0,0.0,4.0,2.0,6.0,3.0,2.6694870811289464,1.0
161.0,0.6,-0.4947200918451542,0.9138207823808416,0.8488145983194579,0.00607349142560946,-0.007162571380816158,0.14777396319078945,0.40097003493125394,1.4807383376778885e-12,1.128056268732796,1.5424653882970303,1.0,1.0,6.0,3.0,1.6882768884104888,1.0,7.113668652020339e-30,0.2608853847632197,1.3651987942653252,0.0,0.0,4.0,2.0,6.0,3.0,2.760937012866199,1.0
161.0,0.65,-0.4947200918451542,0.9138207823808416,0.8488145983194579,0.00607349142560946,-0.007162571380816158,0.14777396319078945,0.40097003493125394,1.4807383376778885e-12,1.128056268732796,1.5424653882970303,1.0,1.0,6.0,3.0,1.6882768884104888,1.0,1.2436399448877529e-29,0.2670288135660128,1.3973470175237501,0.0,0.0,4.0,2.0,6.0,3.0,2.825952613425555,1.0
161.0,0.7,-0.4947200918451542,0.9138207823808416,0.8488145983194579,0.00607349142560946,-0.007162571380816158,0.14777396319078945,0.40097003493125394,1.4807383376778885e-12,1.128056268732796,1.5424653882970303,1.0,1.0,6.0,3.0,1.6882768884104888,1.0,1.7583372167228818e-29,0.2709100432093053,1.4176572776561787,0.0,0.0,4.0,2.0,6.0,3.0,2.867027473128122,1.0
161.0,0.75,-0.4947200918451542,0.9138207823808416,0.8488145983194579,0.00607349142560946,-0.007162571380816158,0.14777396319078945,0.40097003493125394,1.4807383376778885e-12,1.128056268732796,1.5424653882970303,1.0,1.0,6.0,3.0,1.6882768884104888,1.0,2.83097041553534e-29,0.2763396186865645,1.446069945930618,0.0,0.0,4.0,2.0,6.0,3.0,2.924488399553424,1.0
161.0,0.8,-0.4947200918451542,0.9138207823808416,0.8488145983194579,0.00607349142560946,-0.007162571380816158,0.14777396319078945,0.40097003493125394,1.4807383376778885e-12,1.128056268732796,1.5424653882970303,1.0,1.0,6.0,3.0,1.6882768884104888,1.0,4.8916288121180877e-29,0.2827090714222293,1.4794009399330288,0.0,0.0,4.0,2.0,6.0,3.0,2.9918960001193167,1.0
161.0,0.85,-0.4947200918451542,0.9138207823808416,0.8488145983194579,0.00607349142560946,-0.007162571380816158,0.14777396319078945,0.40097003493125394,1.4807383376778885e-12,1.128056268732796,1.5424653882970303,1.0,1.0,6.0,3.0,1.6882768884104888,1.0,7.728827826152486e-29,0.28814908835036934,1.5078682477426262,0.0,0.0,4.0,2.0,6.0,3.0,3.049467427898427,1.0
161.0,0.9,-0.4947200918451542,0.9138207823808416,0.8488145983194579,0.00607349142560946,-0.007162571380816158,0.14777396319078945,0.40097003493125394,1.4807383376778885e-12,1.128056268732796,1.5424653882970303,1.0,1.0,6.0,3.0,1.6882768884104888,1.0,1.4811963875841241e-28,0.2960656631247585,1.5492952458342075,0.0,1.0,4.0,2.0,6.0,3.0,3.1332481438230526,1.0
161.0,0.95,-0.4947200918451542,0.9138207823808416,0.8488145983194579,0.00607349142560946,-0.007162571380816158,0.14777396319078945,0.40097003493125394,1.4807383376778885e-12,1.128056268732796,1.5424653882970303,1.0,1.0,6.0,3.0,1.6882768884104888,1.0,3.5823343928269235e-28,0.307163379356029,1.607368981286195,0.0,1.0,4.0,2.0,6.0,3.0,3.2506947210968584,1.0
162.0,0.4,-0.36285205371449214,0.0008016483089127169,-0.015472758327968184,-0.0018700279206418384,0.014595236525567655,0.2017009690140746,-0.13126552345680942,7.773743360294274e-16,0.5965439431693388,0.8106951502675354,1.0,1.0,6.0,3.0,0.5925499354146638,1.0,8.619353871981628e-32,0.12701385852603642,0.8059729547484492,0.0,1.0,6.0,3.0,6.0,3.0,1.0500264102263366,1.0
162.0,0.45,-0.36285205371449214,0.0008016483089127169,-0.015472758327968184,-0.0018700279206418384,0.014595236525567655,0.2017009690140746,-0.13126552345680942,7.773743360294274e-16,0.5965439431693388,0.8106951502675354,1.0,1.0,6.0,3.0,0.5925499354146638,1.0,1.3059643567923648e-31,0.12923202069837508,0.8200484165988153,0.0,1.0,6.0,3.0,6.0,3.0,1.0683640065339328,1.0
162.0,0.5,-0.36285205371449214,0.0008016483089127169,-0.015472758327968184,-0.0018700279206418384,0.014595236525567655,0.2017009690140746,-0.13126552345680942,7.773743360294274e-16,0.5965439431693388,0.8106951502675354,1.0,1.0,6.0,3.0,0.5925499354146638,1.0,1.7674064209792022e-31,0.13087158064453414,0.830452328342211,0.0,1.0,6.0,3.0,6.0,3.0,1.0819182852921314,1.0
162.0,0.55,-0.36285205371449214,0.0008016483089127169,-0.015472758327968184,-0.0018700279206418384,0.014595236525567655,0.2017009690140746,-0.13126552345680942,2.894023329930083e-15,0.6301279835912228,0.856335406963062,1.0,1.0,6.0,3.0,0.6259091224633568,1.0,3.2994329445010846e-31,0.1343201911061425,0.852335662930847,0.0,1.0,6.0,3.0,6.0,3.0,1.1104280251370109,1.0
162.0,0.6,-0.36285205371449214,0.0008016483089127169,-0.015472758327968184,-0.0018700279206418384,0.014595236525567655,0.2017009690140746,-0.13126552345680942,2.894023329930083e-15,0.6301279835912228,0.856335406963062,1.0,1.0,6.0,3.0,0.6259091224633568,1.0,4.7601974375150165e-31,0.13638733295074137,0.865452817544601,0.0,1.0,6.0,3.0,6.0,3.0,1.1275171330162725,1.0
162.0,0.65,-0.36285205371449214,0.0008016483089127169,-0.015472758327968184,-0.0018700279206418384,0.014595236525567655,0.2017009690140746,-0.13126552345680942,2.894023329930083e-15,0.6301279835912228,0.856335406963062,1.0,1.0,6.0,3.0,0.6259091224633568,1.0,8.423925652992639e-31,0.1396698827220804,0.8862824055046631,0.0,1.0,6.0,3.0,6.0,3.0,1.1546540454192744,1.0
162.0,0.7,-0.36285205371449214,0.0008016483089127169,-0.015472758327968184,-0.0018700279206418384,0.014595236525567655,0.2017009690140746,-0.13126552345680942,2.894023329930083e-15,0.6301279835912228,0.856335406963062,1.0,1.0,6.0,3.0,0.6259091224633568,1.0,1.20196382921201e-30,0.14175393980729087,0.8995068966454247,0.0,1.0,6.0,3.0,6.0,3.0,1.171882991971133,1.0
162.0,0.75,-0.36285205371449214,0.0008016483089127169,-0.015472758327968184,-0.0018700279206418384,0.014595236525567655,0.2017009690140746,-0.13126552345680942,2.894023329930083e-15,0.6301279835912228,0.856335406963062,1.0,1.0,6.0,3.0,0.6259091224633568,1.0,1.658143430893543e-30,0.1436670752435337,0.9116467956948385,0.0,1.0,6.0,3.0,6.0,3.0,1.1876989254267967,1.0
162.0,0.8,-0.36285205371449214,0.0008016483089127169,-0.015472758327968184,-0.0018700279206418384,0.014595236525567655,0.2017009690140746,-0.13126552345680942,2.894023329930083e-15,0.6301279835912228,0.856335406963062,1.0,1.0,6.0,3.0,0.6259091224633568,1.0,2.38142906536227e-30,0.14585049206673908,0.9255017791499359,0.0,1.0,6.0,3.0,6.0,3.0,1.20574928115572,1.0
162.0,0.85,-0.36285205371449214,0.0008016483089127169,-0.015472758327968184,-0.0018700279206418384,0.014595236525567655,0.2017009690140746,-0.13126552345680942,2.894023329930083e-15,0.6301279835912228,0.856335406963062,1.0,1.0,6.0,3.0,0.6259091224633568,1.0,5.590199038418583e-30,0.15112946080607872,0.9589997460824032,0.0,1.0,6.0,3.0,6.0,3.0,1.2493906338348024,1.0
162.0,0.9,-0.36285205371449214,0.0008016483089127169,-0.015472758327968184,-0.0018700279206418384,0.014595236525567655,0.2017009690140746,-0.13126552345680942,2.894023329930083e-15,0.6301279835912228,0.856335406963062,1.0,1.0,6.0,3.0,0.6259091224633568,1.0,8.907556499543631e-30,0.15409182696281903,0.9777975924914657,0.0,1.0,6.0,3.0,6.0,3.0,1.2738805811321705,1.0
162.0,0.95,-0.36285205371449214,0.0008016483089127169,-0.015472758327968184,-0.0018700279206418384,0.014595236525567655,0.2017009690140746,-0.13126552345680942,2.894023329930083e-15,0.6301279835912228,0.856335406963062,1.0,1.0,6.0,3.0,0.6259091224633568,1.0,1.6699332538906e-29,0.15818020217954776,1.0037405871519398,0.0,1.0,6.0,3.0,6.0,3.0,1.3076792705216436,1.0
163.0,0.4,-0.1294467574930387,1.0905728927571494,0.01229797306009145,-0.0003789952678378525,-0.0016274106784331564,0.1310818854514928,-0.03494993712428518,2.36596206989363e-16,0.6213192178485043,1.1046088530216247,0.0,0.0,5.0,2.0,0.5253107728159342,1.0,1.3302010503799956e-32,0.17994123138899756,1.3287362723708505,1.0,1.0,6.0,3.0,6.0,3.0,0.9580033433959729,1.0
163.0,0.45,-0.1294467574930387,1.0905728927571494,0.01229797306009145,-0.0003789952678378525,-0.0016274106784331564,0.1310818854514928,-0.03494993712428518,2.36596206989363e-16,0.6213192178485043,1.1046088530216247,0.0,0.0,5.0,2.0,0.5253107728159342,1.0,1.8489344317675357e-32,0.18242703412071037,1.3470921335044503,1.0,1.0,6.0,3.0,6.0,3.0,0.971237705024051,1.0
163.0,0.5,-0.1294467574930387,1.0905728927571494,0.01229797306009145,-0.0003789952678378525,-0.0016274106784331564,0.1310818854514928,-0.03494993712428518,2.36596206989363e-16,0.6213192178485043,1.1046088530216247,0.0,0.0,5.0,2.0,0.5253107728159342,1.0,2.3885434102501456e-32,0.18438390789941345,1.3615422356302553,1.0,1.0,6.0,3.0,6.0,3.0,0.981656059995451,1.0
163.0,0.55,-0.1294467574930387,1.0905728927571494,0.01229797306009145,-0.0003789952678378525,-0.0016274106784331564,0.1310818854514928,-0.03494993712428518,8.22485581249691e-15,0.7203244257225365,1.280624701189978,0.0,0.0,5.0,2.0,0.6090173454875546,1.0,3.5762136269698756e-32,0.1875110123184747,1.3846336474041105,1.0,1.0,6.0,3.0,6.0,3.0,0.9983046983619002,1.0
163.0,0.6,-0.1294467574930387,1.0905728927571494,0.01229797306009145,-0.0003789952678378525,-0.0016274106784331564,0.1310818854514928,-0.03494993712428518,8.22485581249691e-15,0.7203244257225365,1.280624701189978,0.0,0.0,5.0,2.0,0.6090173454875546,1.0,5.294756996760917e-32,0.19060211667530963,1.4074592246712299,1.0,1.0,6.0,3.0,6.0,3.0,1.014761673151808,1.0
163.0,0.65,-0.1294467574930387,1.0905728927571494,0.01229797306009145,-0.0003789952678378525,-0.0016274106784331564,0.1310818854514928,-0.03494993712428518,8.22485581249691e-15,0.7203244257225365,1.280624701189978,0.0,0.0,5.0,2.0,0.6090173454875546,1.0,8.460764485167636e-32,0.19436118346098577,1.4352172229345326,1.0,1.0,6.0,3.0,6.0,3.0,1.0347748659088447,1.0
163.0,0.7,-0.1294467574930387,1.0905728927571494,0.01229797306009145,-0.0003789952678378525,-0.0016274106784331564,0.1310818854514928,-0.03494993712428518,8.22485581249691e-15,0.7203244257225365,1.280624701189978,0.0,0.0,5.0,2.0,0.6090173454875546,1.0,9.583783869044459e-32,0.195373134101985,1.4426897488929542,1.0,1.0,6.0,3.0,6.0,3.0,1.0401624699056915,1.0
163.0,0.75,-0.1294467574930387,1.0905728927571494,0.01229797306009145,-0.0003789952678378525,-0.0016274106784331564,0.1310818854514928,-0.03494993712428518,8.22485581249691e-15,0.7203244257225365,1.280624701189978,0.0,0.0,5.0,2.0,0.6090173454875546,1.0,1.528569049011778e-31,0.19921070791596124,1.47102746496375,1.0,1.0,6.0,3.0,6.0,3.0,1.0605936324354754,1.0
163.0,0.8,-0.1294467574930387,1.0905728927571494,0.01229797306009145,-0.0003789952678378525,-0.0016274106784331564,0.1310818854514928,-0.03494993712428518,8.22485581249691e-15,0.7203244257225365,1.280624701189978,0.0,0.0,5.0,2.0,0.6090173454875546,1.0,2.2865773973672587e-31,0.20258170126261385,1.4959198206458952,1.0,1.0,6.0,3.0,6.0,3.0,1.0785407303392205,1.0
163.0,0.85,-0.1294467574930387,1.0905728927571494,0.01229797306009145,-0.0003789952678378525,-0.0016274106784331564,0.1310818854514928,-0.03494993712428518,8.22485581249691e-15,0.7203244257225365,1.280624701189978,0.0,0.0,5.0,2.0,0.6090173454875546,1.0,3.9878022358675955e-31,0.20733121929540946,1.530991587342946,1.0,1.0,6.0,3.0,6.0,3.0,1.1038270647708295,1.0
163.0,0.9,-0.1294467574930387,1.0905728927571494,0.01229797306009145,-0.0003789952678378525,-0.0016274106784331564,0.1310818854514928,-0.03494993712428518,8.22485581249691e-15,0.7203244257225365,1.280624701189978,0.0,0.0,5.0,2.0,0.6090173454875546,1.0,7.0886808859124735e-31,0.21236080386291847,1.5681314434960842,1.0,1.0,6.0,3.0,6.0,3.0,1.1306044675615772,1.0
163.0,0.95,-0.1294467574930387,1.0905728927571494,0.01229797306009145,-0.0003789952678378525,-0.0016274106784331564,0.1310818854514928,-0.03494993712428518,8.22485581249691e-15,0.7203244257225365,1.280624701189978,0.0,0.0,5.0,2.0,0.6090173454875546,1.0,1.6397005204519523e-30,0.21991220012308238,1.6238930610001583,1.0,1.0,6.0,3.0,6.0,3.0,1.1708079429335214,1.0
164.0,0.4,1.9110545875975098,0.7211874368868666,0.10041774627765365,-0.0006900273123574926,-0.009233932778663983,-0.3854463729353588,0.7039636933842724,4.498473458318836e-15,0.8538874288864605,2.0526472817039565,0.0,0.0,5.0,2.0,1.7281622850050458,1.0,9.015954827365724e-31,0.24304314086833476,1.948119660794487,0.0,1.0,5.0,2.0,6.0,3.0,2.948502637320361,1.0
164.0,0.45,1.9110545875975098,0.7211874368868666,0.10041774627765365,-0.0006900273123574926,-0.009233932778663983,-0.3854463729353588,0.7039636933842724,4.498473458318836e-15,0.8538874288864605,2.0526472817039565,0.0,0.0,5.0,2.0,1.7281622850050458,1.0,1.3235861236938578e-30,0.2469624295183809,1.9795348377388133,0.0,1.0,5.0,2.0,6.0,3.0,2.996049887079369,1.0
164.0,0.5,1.9110545875975098,0.7211874368868666,0.10041774627765365,-0.0006900273123574926,-0.009233932778663983,-0.3854463729353588,0.7039636933842724,4.498473458318836e-15,0.8538874288864605,2.0526472817039565,0.0,0.0,5.0,2.0,1.7281622850050458,1.0,2.099343127650469e-30,0.251754952769636,2.0179494530915782,0.0,1.0,5.0,2.0,6.0,3.0,3.054190871413507,1.0
164.0,0.55,1.9110545875975098,0.7211874368868666,0.10041774627765365,-0.0006900273123574926,-0.009233932778663983,-0.3854463729353588,0.7039636933842724,5.906013829655666e-14,0.9505905820275318,2.285110552285277,1.0,1.0,6.0,3.0,1.9238774770150782,1.0,2.770169693964049e-30,0.25468047191347715,2.0413990404437885,0.0,1.0,5.0,2.0,6.0,3.0,3.0896821051110646,1.0
164.0,0.6,1.9110545875975098,0.7211874368868666,0.10041774627765365,-0.0006900273123574926,-0.009233932778663983,-0.3854463729353588,0.7039636933842724,5.906013829655666e-14,0.9505905820275318,2.285110552285277,1.0,1.0,6.0,3.0,1.9238774770150782,1.0,4.470726111115096e-30,0.25981066013490056,2.082520219597515,0.0,1.0,5.0,2.0,6.0,3.0,3.1519195064496652,1.0
164.0,0.65,1.9110545875975098,0.7211874368868666,0.10041774627765365,-0.0006900273123574926,-0.009233932778663983,-0.3854463729353588,0.7039636933842724,5.906013829655666e-14,0.9505905820275318,2.285110552285277,1.0,1.0,6.0,3.0,1.9238774770150782,1.0,5.792409804511676e-30,0.262629606933745,2.1051155730888427,0.0,1.0,5.0,2.0,6.0,3.0,3.186117846880762,1.0
164.0,0.7,1.9110545875975098,0.7211874368868666,0.10041774627765365,-0.0006900273123574926,-0.009233932778663983,-0.3854463729353588,0.7039636933842724,5.906013829655666e-14,0.9505905820275318,2.285110552285277,1.0,1.0,6.0,3.0,1.9238774770150782,1.0,8.83024977942705e-30,0.2672842827918794,2.142425268484729,0.0,1.0,5.0,2.0,6.0,3.0,3.242586521514191,1.0
164.0,0.75,1.9110545875975098,0.7211874368868666,0.10041774627765365,-0.0006900273123574926,-0.009233932778663983,-0.3854463729353588,0.7039636933842724,5.906013829655666e-14,0.9505905820275318,2.285110552285277,1.0,1.0,6.0,3.0,1.9238774770150782,1.0,1.1934599946632572e-29,0.2706604968799629,2.169487414820346,0.0,1.0,5.0,2.0,6.0,3.0,3.2835454068680683,1.0
164.0,0.8,1.9110545875975098,0.7211874368868666,0.10041774627765365,-0.0006900273123574926,-0.009233932778663983,-0.3854463729353588,0.7039636933842724,5.906013829655666e-14,0.9505905820275318,2.285110552285277,1.0,1.0,6.0,3.0,1.9238774770150782,1.0,2.3726618068891672e-29,0.2785219157186175,2.232500855753533,0.0,1.0,5.0,2.0,6.0,3.0,3.3789170108394395,1.0
164.0,0.85,1.9110545875975098,0.7211874368868666,0.10041774627765365,-0.0006900273123574926,-0.009233932778663983,-0.3854463729353588,0.7039636933842724,5.906013829655666e-14,0.9505905820275318,2.285110552285277,1.0,1.0,6.0,3.0,1.9238774770150782,1.0,4.609094150905774e-29,0.2863355005221716,2.295130881528813,0.0,1.0,5.0,2.0,6.0,3.0,3.4737083113381706,1.0
164.0,0.9,1.9110545875975098,0.7211874368868666,0.10041774627765365,-0.0006900273123574926,-0.009233932778663983,-0.3854463729353588,0.7039636933842724,5.906013829655666e-14,0.9505905820275318,2.285110552285277,1.0,1.0,6.0,3.0,1.9238774770150782,1.0,6.585495055906162e-29,0.29062461719311045,2.3295104261818507,0.0,1.0,5.0,2.0,6.0,3.0,3.525742167429956,1.0
164.0,0.95,1.9110545875975098,0.7211874368868666,0.10041774627765365,-0.0006900273123574926,-0.009233932778663983,-0.3854463729353588,0.7039636933842724,5.906013829655666e-14,0.9505905820275318,2.285110552285277,1.0,1.0,6.0,3.0,1.9238774770150782,1.0,1.7175846381345003e-28,0.30246802448408855,2.42444161622457,0.0,1.0,5.0,2.0,6.0,3.0,3.669421670202782,1.0
165.0,0.4,-0.7656405297948554,0.15453881476251793,0.06102500281257378,-0.0013979577382515866,-0.002157313810883515,0.026796323715636616,-0.2145298413899026,3.95173597662842e-14,0.790571820482617,1.111997359307825,1.0,1.0,6.0,3.0,0.7162923380619494,1.0,7.998000583635777e-32,0.17291756450664497,1.0731596242087984,0.0,1.0,6.0,3.0,6.0,3.0,1.2503276647249617,1.0
165.0,0.45,-0.7656405297948554,0.15453881476251793,0.06102500281257378,-0.0013979577382515866,-0.002157313810883515,0.026796323715636616,-0.2145298413899026,3.95173597662842e-14,0.790571820482617,1.111997359307825,1.0,1.0,6.0,3.0,0.7162923380619494,1.0,1.1925672712994283e-31,0.17582002492399595,1.0911728511452996,0.0,1.0,6.0,3.0,6.0,3.0,1.2713146972796778,1.0
165.0,0.5,-0.7656405297948554,0.15453881476251793,0.06102500281257378,-0.0013979577382515866,-0.002157313810883515,0.026796323715636616,-0.2145298413899026,3.95173597662842e-14,0.790571820482617,1.111997359307825,1.0,1.0,6.0,3.0,0.7162923380619494,1.0,1.5673750364345022e-31,0.17783357350618345,1.1036693204655315,0.0,1.0,6.0,3.0,6.0,3.0,1.285874210095855,1.0
165.0,0.55,-0.7656405297948554,0.15453881476251793,0.06102500281257378,-0.0013979577382515866,-0.002157313810883515,0.026796323715636616,-0.2145298413899026,6.946898040248389e-14,0.8093750052582701,1.1384454204142012,1.0,1.0,6.0,3.0,0.7333288385252992,1.0,2.149644623744775e-31,0.1801897827033416,1.118292407390182,0.0,1.0,6.0,3.0,6.0,3.0,1.3029114240509072,1.0
165.0,0.6,-0.7656405297948554,0.15453881476251793,0.06102500281257378,-0.0013979577382515866,-0.002157313810883515,0.026796323715636616,-0.2145298413899026,6.946898040248389e-14,0.8093750052582701,1.1384454204142012,1.0,1.0,6.0,3.0,0.7333288385252992,1.0,2.556995909007093e-31,0.18149735557673832,1.126407455837942,0.0,1.0,6.0,3.0,6.0,3.0,1.3123661867403802,1.0
165.0,0.65,-0.7656405297948554,0.15453881476251793,0.06102500281257378,-0.0013979577382515866,-0.002157313810883515,0.026796323715636616,-0.2145298413899026,6.946898040248389e-14,0.8093750052582701,1.1384454204142012,1.0,1.0,6.0,3.0,0.7333288385252992,1.0,3.7634900836285764e-31,0.18444398608859877,1.1446948108664057,0.0,1.0,6.0,3.0,6.0,3.0,1.3336726032239408,1.0
165.0,0.7,-0.7656405297948554,0.15453881476251793,0.06102500281257378,-0.0013979577382515866,-0.002157313810883515,0.026796323715636616,-0.2145298413899026,6.946898040248389e-14,0.8093750052582701,1.1384454204142012,1.0,1.0,6.0,3.0,0.7333288385252992,1.0,5.502496948082112e-31,0.18738646098473033,1.1629563753453285,0.0,1.0,6.0,3.0,6.0,3.0,1.3549489713932985,1.0
165.0,0.75,-0.7656405297948554,0.15453881476251793,0.06102500281257378,-0.0013979577382515866,-0.002157313810883515,0.026796323715636616,-0.2145298413899026,6.946898040248389e-14,0.8093750052582701,1.1384454204142012,1.0,1.0,6.0,3.0,0.7333288385252992,1.0,7.360139274461798e-31,0.18967137898487224,1.1771370154056733,0.0,1.0,6.0,3.0,6.0,3.0,1.3714706948825033,1.0
165.0,0.8,-0.7656405297948554,0.15453881476251793,0.06102500281257378,-0.0013979577382515866,-0.002157313810883515,0.026796323715636616,-0.2145298413899026,6.946898040248389e-14,0.8093750052582701,1.1384454204142012,1.0,1.0,6.0,3.0,0.7333288385252992,1.0,1.34015681189246e-30,0.19446720297176523,1.2069008203854033,0.0,1.0,6.0,3.0,6.0,3.0,1.40614820970335,1.0
165.0,0.85,-0.7656405297948554,0.15453881476251793,0.06102500281257378,-0.0013979577382515866,-0.002157313810883515,0.026796323715636616,-0.2145298413899026,6.946898040248389e-14,0.8093750052582701,1.1384454204142012,1.0,1.0,6.0,3.0,0.7333288385252992,1.0,2.60855191883467e-30,0.19993931301759196,1.2408617865669673,0.0,1.0,6.0,3.0,6.0,3.0,1.445715795530952,1.0
165.0,0.9,-0.7656405297948554,0.15453881476251793,0.06102500281257378,-0.0013979577382515866,-0.002157313810883515,0.026796323715636616,-0.2145298413899026,6.946898040248389e-14,0.8093750052582701,1.1384454204142012,1.0,1.0,6.0,3.0,0.7333288385252992,1.0,5.4260747230238344e-30,0.2061350252318535,1.2793135668157418,1.0,1.0,6.0,3.0,6.0,3.0,1.4905155844145608,1.0
165.0,0.95,-0.7656405297948554,0.15453881476251793,0.06102500281257378,-0.0013979577382515866,-0.002157313810883515,0.026796323715636616,-0.2145298413899026,6.946898040248389e-14,0.8093750052582701,1.1384454204142012,1.0,1.0,6.0,3.0,0.7333288385252992,1.0,1.0613376192702895e-29,0.21197864671826677,1.3155802043679767,1.0,1.0,6.0,3.0,6.0,3.0,1.5327694851532734,1.0
166.0,0.4,0.2366625733667077,-0.9067896546660009,-0.9085059021660703,0.0031147021665437723,-0.004829026074259728,-0.233088248031239,-0.5267827436551442,5.057588596734333e-12,1.1274988232156644,1.7130012512276662,0.0,0.0,4.0,2.0,1.8403706526724768,1.0,3.9707137178837396e-32,0.13385701710116046,1.626207972056184,0.0,0.0,4.0,2.0,6.0,3.0,2.9726455426220495,1.0
166.0,0.45,0.2366625733667077,-0.9067896546660009,-0.9085059021660703,0.0031147021665437723,-0.004829026074259728,-0.233088248031239,-0.5267827436551442,5.057588596734333e-12,1.1274988232156644,1.7130012512276662,0.0,0.0,4.0,2.0,1.8403706526724768,1.0,6.1831433985037e-32,0.1363500622223894,1.6564955874433873,0.0,0.0,4.0,2.0,6.0,3.0,3.028010137080152,1.0
166.0,0.5,0.2366625733667077,-0.9067896546660009,-0.9085059021660703,0.0031147021665437723,-0.004829026074259728,-0.233088248031239,-0.5267827436551442,5.057588596734333e-12,1.1274988232156644,1.7130012512276662,0.0,0.0,4.0,2.0,1.8403706526724768,1.0,1.1512353651420725e-31,0.13992762319411944,1.6999588163329695,0.0,0.0,4.0,2.0,6.0,3.0,3.107459245586989,1.0
166.0,0.55,0.2366625733667077,-0.9067896546660009,-0.9085059021660703,0.0031147021665437723,-0.004829026074259728,-0.233088248031239,-0.5267827436551442,1.3730056061027263e-10,1.2937632116110676,1.9656055994465296,1.0,1.0,6.0,3.0,2.1117572782609186,1.0,2.0182694934453813e-31,0.1432393748795874,1.740192769763356,0.0,0.0,4.0,2.0,6.0,3.0,3.181005362923801,1.0
166.0,0.6,0.2366625733667077,-0.9067896546660009,-0.9085059021660703,0.0031147021665437723,-0.004829026074259728,-0.233088248031239,-0.5267827436551442,1.3730056061027263e-10,1.2937632116110676,1.9656055994465296,1.0,1.0,6.0,3.0,2.1117572782609186,1.0,3.0056459457527206e-31,0.14563609585680773,1.7693101581853943,0.0,0.0,4.0,2.0,6.0,3.0,3.234230827558636,1.0
166.0,0.65,0.2366625733667077,-0.9067896546660009,-0.9085059021660703,0.0031147021665437723,-0.004829026074259728,-0.233088248031239,-0.5267827436551442,1.3730056061027263e-10,1.2937632116110676,1.9656055994465296,1.0,1.0,6.0,3.0,2.1117572782609186,1.0,4.1159895726218874e-31,0.14755639850180327,1.7926396147778147,0.0,0.0,4.0,2.0,6.0,3.0,3.2768761757200817,1.0
166.0,0.7,0.2366625733667077,-0.9067896546660009,-0.9085059021660703,0.0031147021665437723,-0.004829026074259728,-0.233088248031239,-0.5267827436551442,1.3730056061027263e-10,1.2937632116110676,1.9656055994465296,1.0,1.0,6.0,3.0,2.1117572782609186,1.0,7.471118159002614e-31,0.15126763573337765,1.837726855647801,0.0,0.0,4.0,2.0,6.0,3.0,3.359293915581377,1.0
166.0,0.75,0.2366625733667077,-0.9067896546660009,-0.9085059021660703,0.0031147021665437723,-0.004829026074259728,-0.233088248031239,-0.5267827436551442,1.3730056061027263e-10,1.2937632116110676,1.9656055994465296,1.0,1.0,6.0,3.0,2.1117572782609186,1.0,1.2199060141159334e-30,0.15438978095294176,1.875657309769121,0.0,0.0,4.0,2.0,6.0,3.0,3.4286293248960944,1.0
166.0,0.8,0.2366625733667077,-0.9067896546660009,-0.9085059021660703,0.0031147021665437723,-0.004829026074259728,-0.233088248031239,-0.5267827436551442,1.3730056061027263e-10,1.2937632116110676,1.9656055994465296,1.0,1.0,6.0,3.0,2.1117572782609186,1.0,2.08238760256508e-30,0.15786833099880612,1.9179176704008385,0.0,0.0,4.0,2.0,6.0,3.0,3.5058796365537357,1.0
166.0,0.85,0.2366625733667077,-0.9067896546660009,-0.9085059021660703,0.0031147021665437723,-0.004829026074259728,-0.233088248031239,-0.5267827436551442,1.3730056061027263e-10,1.2937632116110676,1.9656055994465296,1.0,1.0,6.0,3.0,2.1117572782609186,1.0,4.4928630053915014e-30,0.16300843749306068,1.9803640205376967,0.0,1.0,4.0,2.0,6.0,3.0,3.6200291596019043,1.0
166.0,0.9,0.2366625733667077,-0.9067896546660009,-0.9085059021660703,0.0031147021665437723,-0.004829026074259728,-0.233088248031239,-0.5267827436551442,1.3730056061027263e-10,1.2937632116110676,1.9656055994465296,1.0,1.0,6.0,3.0,2.1117572782609186,1.0,7.771623977148147e-30,0.1667732055165204,2.026101598628695,0.0,1.0,4.0,2.0,6.0,3.0,3.703635690856716,1.0
166.0,0.95,0.2366625733667077,-0.9067896546660009,-0.9085059021660703,0.0031147021665437723,-0.004829026074259728,-0.233088248031239,-0.5267827436551442,1.3730056061027263e-10,1.2937632116110676,1.9656055994465296,1.0,1.0,6.0,3.0,2.1117572782609186,1.0,2.568320663854303e-29,0.17528994473275697,2.129570131764321,1.0,1.0,4.0,2.0,6.0,3.0,3.892772184535542,1.0
167.0,0.4,-0.25291832072043263,1.070026476294717,0.12664790200189932,-0.00196105766727113,-0.0020856988390316787,0.1765837694517411,0.00012616109445540147,2.837938956297087e-18,0.5635225721219559,0.9891015411731511,0.0,0.0,5.0,2.0,0.5388987276452311,1.0,3.0918555026654597e-35,0.14158725750174533,0.9948287333997147,0.0,0.0,5.0,2.0,6.0,3.0,0.832197267103799,1.0
167.0,0.45,-0.25291832072043263,1.070026476294717,0.12664790200189932,-0.00196105766727113,-0.0020856988390316787,0.1765837694517411,0.00012616109445540147,2.837938956297087e-18,0.5635225721219559,0.9891015411731511,0.0,0.0,5.0,2.0,0.5388987276452311,1.0,6.336702654706244e-35,0.14588456414096743,1.0250227225789654,0.0,0.0,6.0,3.0,6.0,3.0,0.8574552380834514,1.0
167.0,0.5,-0.25291832072043263,1.070026476294717,0.12664790200189932,-0.00196105766727113,-0.0020856988390316787,0.1765837694517411,0.00012616109445540147,2.837938956297087e-18,0.5635225721219559,0.9891015411731511,0.0,0.0,5.0,2.0,0.5388987276452311,1.0,9.377946056082991e-35,0.14828692483945227,1.0419023309068087,0.0,0.0,6.0,3.0,6.0,3.0,0.8715754212351876,1.0
167.0,0.55,-0.25291832072043263,1.070026476294717,0.12664790200189932,-0.00196105766727113,-0.0020856988390316787,0.1765837694517411,0.00012616109445540147,3.0535522094331926e-17,0.6221614227452752,1.0920251513237578,0.0,0.0,5.0,2.0,0.5949752781771709,1.0,1.518260703328016e-34,0.1512938013033987,1.063029423534338,0.0,0.0,6.0,3.0,6.0,3.0,0.8892487233385502,1.0
167.0,0.6,-0.25291832072043263,1.070026476294717,0.12664790200189932,-0.00196105766727113,-0.0020856988390316787,0.1765837694517411,0.00012616109445540147,3.0535522094331926e-17,0.6221614227452752,1.0920251513237578,0.0,0.0,5.0,2.0,0.5949752781771709,1.0,3.0292214556525706e-34,0.15571143108711052,1.0940688342828986,0.0,0.0,6.0,3.0,6.0,3.0,0.9152139090335691,1.0
167.0,0.65,-0.25291832072043263,1.070026476294717,0.12664790200189932,-0.00196105766727113,-0.0020856988390316787,0.1765837694517411,0.00012616109445540147,3.0535522094331926e-17,0.6221614227452752,1.0920251513237578,0.0,0.0,5.0,2.0,0.5949752781771709,1.0,5.048219887646656e-34,0.15906054437410316,1.117600571446958,0.0,1.0,6.0,3.0,6.0,3.0,0.9348987519624746,1.0
167.0,0.7,-0.25291832072043263,1.070026476294717,0.12664790200189932,-0.00196105766727113,-0.0020856988390316787,0.1765837694517411,0.00012616109445540147,3.0535522094331926e-17,0.6221614227452752,1.0920251513237578,0.0,0.0,5.0,2.0,0.5949752781771709,1.0,6.999232789713973e-34,0.16124099584274493,1.1329209880653932,0.0,1.0,6.0,3.0,6.0,3.0,0.947714635151919,1.0
167.0,0.75,-0.25291832072043263,1.070026476294717,0.12664790200189932,-0.00196105766727113,-0.0020856988390316787,0.1765837694517411,0.00012616109445540147,3.0535522094331926e-17,0.6221614227452752,1.0920251513237578,0.0,0.0,5.0,2.0,0.5949752781771709,1.0,1.3300629356455338e-33,0.16561247395099332,1.163636125191767,0.0,1.0,6.0,3.0,6.0,3.0,0.9734085584546114,1.0
167.0,0.8,-0.25291832072043263,1.070026476294717,0.12664790200189932,-0.00196105766727113,-0.0020856988390316787,0.1765837694517411,0.00012616109445540147,3.0535522094331926e-17,0.6221614227452752,1.0920251513237578,0.0,0.0,5.0,2.0,0.5949752781771709,1.0,1.9758261593764522e-33,0.1683660671187323,1.1829835837957035,0.0,1.0,6.0,3.0,6.0,3.0,0.989593155496332,1.0
167.0,0.85,-0.25291832072043263,1.070026476294717,0.12664790200189932,-0.00196105766727113,-0.0020856988390316787,0.1765837694517411,0.00012616109445540147,3.0535522094331926e-17,0.6221614227452752,1.0920251513237578,0.0,0.0,5.0,2.0,0.5949752781771709,1.0,5.907436729916034e-33,0.17622735858647004,1.238219053227966,0.0,1.0,6.0,3.0,6.0,3.0,1.0357989044513685,1.0
167.0,0.9,-0.25291832072043263,1.070026476294717,0.12664790200189932,-0.00196105766727113,-0.0020856988390316787,0.1765837694517411,0.00012616109445540147,3.0535522094331926e-17,0.6221614227452752,1.0920251513237578,0.0,0.0,5.0,2.0,0.5949752781771709,1.0,1.6613227395057383e-32,0.18398565103625872,1.2927308248898521,0.0,1.0,6.0,3.0,6.0,3.0,1.0813992634669143,1.0
167.0,0.95,-0.25291832072043263,1.070026476294717,0.12664790200189932,-0.00196105766727113,-0.0020856988390316787,0.1765837694517411,0.00012616109445540147,3.0535522094331926e-17,0.6221614227452752,1.0920251513237578,0.0,0.0,5.0,2.0,0.5949752781771709,1.0,3.9886037999501414e-32,0.19082381505981408,1.340777535973646,0.0,1.0,6.0,3.0,6.0,3.0,1.1215914496340924,1.0
168.0,0.4,-0.5072911247151288,0.7917907788685847,0.10539869164079213,-0.002595962470268941,-0.002340263466262969,0.12340170500649589,-0.09883091381118148,5.901399488489263e-15,0.682010048849041,1.1353945811544301,1.0,1.0,6.0,3.0,0.6804569028702043,1.0,7.987497828215327e-32,0.1769344320412012,1.1295125597976854,0.0,1.0,6.0,3.0,6.0,3.0,1.0721737275066374,1.0
168.0,0.45,-0.5072911247151288,0.7917907788685847,0.10539869164079213,-0.002595962470268941,-0.002340263466262969,0.12340170500649589,-0.09883091381118148,5.901399488489263e-15,0.682010048849041,1.1353945811544301,1.0,1.0,6.0,3.0,0.6804569028702043,1.0,1.6160920714168972e-31,0.18220683419734762,1.163170476953601,0.0,1.0,6.0,3.0,6.0,3.0,1.1041230265065811,1.0
168.0,0.5,-0.5072911247151288,0.7917907788685847,0.10539869164079213,-0.002595962470268941,-0.002340263466262969,0.12340170500649589,-0.09883091381118148,5.901399488489263e-15,0.682010048849041,1.1353945811544301,1.0,1.0,6.0,3.0,0.6804569028702043,1.0,2.362407633113567e-31,0.18511219326078265,1.1817176840461572,0.0,1.0,6.0,3.0,6.0,3.0,1.1217286989630468,1.0
168.0,0.55,-0.5072911247151288,0.7917907788685847,0.10539869164079213,-0.002595962470268941,-0.002340263466262969,0.12340170500649589,-0.09883091381118148,1.7550651412342175e-13,0.7855609133581253,1.307783669315057,1.0,1.0,6.0,3.0,0.7837719503131195,1.0,4.200729569892542e-31,0.1896052849427743,1.2104006454606446,0.0,1.0,6.0,3.0,6.0,3.0,1.1489555920054837,1.0
168.0,0.6,-0.5072911247151288,0.7917907788685847,0.10539869164079213,-0.002595962470268941,-0.002340263466262969,0.12340170500649589,-0.09883091381118148,1.7550651412342175e-13,0.7855609133581253,1.307783669315057,1.0,1.0,6.0,3.0,0.7837719503131195,1.0,7.102778316841336e-31,0.1938004371965876,1.2371816236245914,0.0,1.0,6.0,3.0,6.0,3.0,1.174377054507375,1.0
168.0,0.65,-0.5072911247151288,0.7917907788685847,0.10539869164079213,-0.002595962470268941,-0.002340263466262969,0.12340170500649589,-0.09883091381118148,1.7550651412342175e-13,0.7855609133581253,1.307783669315057,1.0,1.0,6.0,3.0,0.7837719503131195,1.0,1.0074824347305279e-30,0.19664374506658558,1.2553327088231268,0.0,1.0,6.0,3.0,6.0,3.0,1.1916067138916762,1.0
168.0,0.7,-0.5072911247151288,0.7917907788685847,0.10539869164079213,-0.002595962470268941,-0.002340263466262969,0.12340170500649589,-0.09883091381118148,1.7550651412342175e-13,0.7855609133581253,1.307783669315057,1.0,1.0,6.0,3.0,0.7837719503131195,1.0,1.3706571122850674e-30,0.19918223868720217,1.2715379233445436,0.0,1.0,6.0,3.0,6.0,3.0,1.206989283220152,1.0
168.0,0.75,-0.5072911247151288,0.7917907788685847,0.10539869164079213,-0.002595962470268941,-0.002340263466262969,0.12340170500649589,-0.09883091381118148,1.7550651412342175e-13,0.7855609133581253,1.307783669315057,1.0,1.0,6.0,3.0,0.7837719503131195,1.0,1.909407817061382e-30,0.20195255589945565,1.2892230513875431,0.0,1.0,6.0,3.0,6.0,3.0,1.2237766394038598,1.0
168.0,0.8,-0.5072911247151288,0.7917907788685847,0.10539869164079213,-0.002595962470268941,-0.002340263466262969,0.12340170500649589,-0.09883091381118148,1.7550651412342175e-13,0.7855609133581253,1.307783669315057,1.0,1.0,6.0,3.0,0.7837719503131195,1.0,2.955285309419474e-30,0.20566176118151525,1.3129018453035777,0.0,1.0,6.0,3.0,6.0,3.0,1.2462533976440378,1.0
168.0,0.85,-0.5072911247151288,0.7917907788685847,0.10539869164079213,-0.002595962470268941,-0.002340263466262969,0.12340170500649589,-0.09883091381118148,1.7550651412342175e-13,0.7855609133581253,1.307783669315057,1.0,1.0,6.0,3.0,0.7837719503131195,1.0,8.817922757230177e-30,0.21524620526553595,1.3740869399552458,0.0,1.0,6.0,3.0,6.0,3.0,1.304332478245209,1.0
168.0,0.9,-0.5072911247151288,0.7917907788685847,0.10539869164079213,-0.002595962470268941,-0.002340263466262969,0.12340170500649589,-0.09883091381118148,1.7550651412342175e-13,0.7855609133581253,1.307783669315057,1.0,1.0,6.0,3.0,0.7837719503131195,1.0,1.5170472331642003e-29,0.22016766552716868,1.405504517155623,0.0,1.0,6.0,3.0,6.0,3.0,1.3341551664162812,1.0
168.0,0.95,-0.5072911247151288,0.7917907788685847,0.10539869164079213,-0.002595962470268941,-0.002340263466262969,0.12340170500649589,-0.09883091381118148,1.7550651412342175e-13,0.7855609133581253,1.307783669315057,1.0,1.0,6.0,3.0,0.7837719503131195,1.0,3.6664005925927584e-29,0.22841357159068865,1.4581446638936466,0.0,1.0,6.0,3.0,6.0,3.0,1.3841230767817156,1.0
169.0,0.4,-0.5274558997902368,0.9941747413057813,0.9577570410559869,-0.0029644525709863886,0.002527994584817537,-0.09628915202199789,0.4626863941072457,3.68102981037752e-15,0.8774648169496243,1.2816482100580444,0.0,0.0,4.0,2.0,1.1548666800158893,1.0,6.012419085372421e-32,0.1776084834666189,1.3200161812896591,0.0,0.0,4.0,2.0,6.0,3.0,2.2710554258540365,1.0
169.0,0.45,-0.5274558997902368,0.9941747413057813,0.9577570410559869,-0.0029644525709863886,0.002527994584817537,-0.09628915202199789,0.4626863941072457,3.68102981037752e-15,0.8774648169496243,1.2816482100580444,0.0,0.0,4.0,2.0,1.1548666800158893,1.0,1.0486976656428392e-31,0.18177343603617307,1.3509708107015408,0.0,0.0,4.0,2.0,6.0,3.0,2.324312105641456,1.0
169.0,0.5,-0.5274558997902368,0.9941747413057813,0.9577570410559869,-0.0029644525709863886,0.002527994584817537,-0.09628915202199789,0.4626863941072457,3.68102981037752e-15,0.8774648169496243,1.2816482100580444,0.0,0.0,4.0,2.0,1.1548666800158893,1.0,1.4430336764461045e-31,0.18420716000405207,1.3690586573836871,0.0,0.0,4.0,2.0,6.0,3.0,2.355431801696522,1.0
169.0,0.55,-0.5274558997902368,0.9941747413057813,0.9577570410559869,-0.0029644525709863886,0.002527994584817537,-0.09628915202199789,0.4626863941072457,5.042153878838367e-14,0.9785657101621446,1.4293188360684947,0.0,0.0,5.0,2.0,1.2879296252595245,1.0,1.947014520656903e-31,0.18652070017853145,1.3862532778588428,0.0,0.0,4.0,2.0,6.0,3.0,2.385014723996346,1.0
169.0,0.6,-0.5274558997902368,0.9941747413057813,0.9577570410559869,-0.0029644525709863886,0.002527994584817537,-0.09628915202199789,0.4626863941072457,5.042153878838367e-14,0.9785657101621446,1.4293188360684947,0.0,0.0,5.0,2.0,1.2879296252595245,1.0,3.119784303775042e-31,0.19022102221755083,1.4137546948641084,0.0,0.0,4.0,2.0,6.0,3.0,2.43233023663458,1.0
169.0,0.65,-0.5274558997902368,0.9941747413057813,0.9577570410559869,-0.0029644525709863886,0.002527994584817537,-0.09628915202199789,0.4626863941072457,5.042153878838367e-14,0.9785657101621446,1.4293188360684947,0.0,0.0,5.0,2.0,1.2879296252595245,1.0,6.730889300465916e-31,0.19641425595268938,1.4597838517226456,0.0,0.0,4.0,2.0,6.0,3.0,2.5115222707268723,1.0
169.0,0.7,-0.5274558997902368,0.9941747413057813,0.9577570410559869,-0.0029644525709863886,0.002527994584817537,-0.09628915202199789,0.4626863941072457,5.042153878838367e-14,0.9785657101621446,1.4293188360684947,0.0,0.0,5.0,2.0,1.2879296252595245,1.0,8.31305192431671e-31,0.19814966450940164,1.4726817005826593,0.0,0.0,4.0,2.0,6.0,3.0,2.5337127029735136,1.0
169.0,0.75,-0.5274558997902368,0.9941747413057813,0.9577570410559869,-0.0029644525709863886,0.002527994584817537,-0.09628915202199789,0.4626863941072457,5.042153878838367e-14,0.9785657101621446,1.4293188360684947,0.0,0.0,5.0,2.0,1.2879296252595245,1.0,1.2964801481289572e-30,0.20185301101565475,1.5002055959381166,0.0,0.0,4.0,2.0,6.0,3.0,2.581066889061279,1.0
169.0,0.8,-0.5274558997902368,0.9941747413057813,0.9577570410559869,-0.0029644525709863886,0.002527994584817537,-0.09628915202199789,0.4626863941072457,5.042153878838367e-14,0.9785657101621446,1.4293188360684947,0.0,0.0,5.0,2.0,1.2879296252595245,1.0,1.8024950132191528e-30,0.20464355602992437,1.5209453967717033,0.0,0.0,4.0,2.0,6.0,3.0,2.616749207113039,1.0
169.0,0.85,-0.5274558997902368,0.9941747413057813,0.9577570410559869,-0.0029644525709863886,0.002527994584817537,-0.09628915202199789,0.4626863941072457,5.042153878838367e-14,0.9785657101621446,1.4293188360684947,0.0,0.0,5.0,2.0,1.2879296252595245,1.0,2.5294629491373006e-30,0.20755323216641353,1.542570600182665,0.0,0.0,4.0,2.0,6.0,3.0,2.653954838557403,1.0
169.0,0.9,-0.5274558997902368,0.9941747413057813,0.9577570410559869,-0.0029644525709863886,0.002527994584817537,-0.09628915202199789,0.4626863941072457,5.042153878838367e-14,0.9785657101621446,1.4293188360684947,0.0,0.0,5.0,2.0,1.2879296252595245,1.0,4.470347693891429e-30,0.21253683473267768,1.579609574336294,0.0,0.0,4.0,2.0,6.0,3.0,2.7176794840670393,1.0
169.0,0.95,-0.5274558997902368,0.9941747413057813,0.9577570410559869,-0.0029644525709863886,0.002527994584817537,-0.09628915202199789,0.4626863941072457,5.042153878838367e-14,0.9785657101621446,1.4293188360684947,0.0,0.0,5.0,2.0,1.2879296252595245,1.0,7.014339404391648e-30,0.21656391960515037,1.609539547788772,0.0,0.0,4.0,2.0,6.0,3.0,2.769173268437552,1.0
170.0,0.4,0.2556054464581946,1.3844976716141546,0.10005024027894399,0.0005778156987433972,0.003181799697586163,-0.4357048343428415,0.15190230900536095,4.2908512435440794e-14,0.9000634062932005,1.851766749981473,0.0,0.0,5.0,2.0,0.6075965386156232,1.0,4.886603739307153e-30,0.25293545261141076,1.8804855763644588,1.0,1.0,5.0,2.0,6.0,3.0,1.1067600825172899,1.0
170.0,0.45,0.2556054464581946,1.3844976716141546,0.10005024027894399,0.0005778156987433972,0.003181799697586163,-0.4357048343428415,0.15190230900536095,4.2908512435440794e-14,0.9000634062932005,1.851766749981473,0.0,0.0,5.0,2.0,0.6075965386156232,1.0,7.434184333198818e-30,0.25739639780983703,1.9136511251872284,1.0,1.0,5.0,2.0,6.0,3.0,1.1262796715070567,1.0
170.0,0.5,0.2556054464581946,1.3844976716141546,0.10005024027894399,0.0005778156987433972,0.003181799697586163,-0.4357048343428415,0.15190230900536095,4.2908512435440794e-14,0.9000634062932005,1.851766749981473,0.0,0.0,5.0,2.0,0.6075965386156232,1.0,1.1473112343829786e-29,0.26209242037791824,1.9485643910595518,1.0,1.0,5.0,2.0,6.0,3.0,1.146827879641949,1.0
170.0,0.55,0.2556054464581946,1.3844976716141546,0.10005024027894399,0.0005778156987433972,0.003181799697586163,-0.4357048343428415,0.15190230900536095,6.243000577378168e-14,0.9142364202976905,1.880925935764421,1.0,1.0,6.0,3.0,0.6171641692854937,1.0,1.7800283786043067e-29,0.2669329574211418,1.9845520709109177,1.0,1.0,5.0,2.0,6.0,3.0,1.16800843429364,1.0
170.0,0.6,0.2556054464581946,1.3844976716141546,0.10005024027894399,0.0005778156987433972,0.003181799697586163,-0.4357048343428415,0.15190230900536095,6.243000577378168e-14,0.9142364202976905,1.880925935764421,1.0,1.0,6.0,3.0,0.6171641692854937,1.0,2.804774093020814e-29,0.2720383642914114,2.022508964188997,1.0,1.0,5.0,2.0,6.0,3.0,1.190347969818163,1.0
170.0,0.65,0.2556054464581946,1.3844976716141546,0.10005024027894399,0.0005778156987433972,0.003181799697586163,-0.4357048343428415,0.15190230900536095,6.243000577378168e-14,0.9142364202976905,1.880925935764421,1.0,1.0,6.0,3.0,0.6171641692854937,1.0,4.030889165426404e-29,0.2761803518683324,2.053303175974906,1.0,1.0,5.0,2.0,6.0,3.0,1.2084719080209316,1.0
170.0,0.7,0.2556054464581946,1.3844976716141546,0.10005024027894399,0.0005778156987433972,0.003181799697586163,-0.4357048343428415,0.15190230900536095,6.243000577378168e-14,0.9142364202976905,1.880925935764421,1.0,1.0,6.0,3.0,0.6171641692854937,1.0,6.885750932348265e-29,0.2824115021239327,2.099629572922581,1.0,1.0,6.0,3.0,6.0,3.0,1.2357373162500471,1.0
170.0,0.75,0.2556054464581946,1.3844976716141546,0.10005024027894399,0.0005778156987433972,0.003181799697586163,-0.4357048343428415,0.15190230900536095,6.243000577378168e-14,0.9142364202976905,1.880925935764421,1.0,1.0,6.0,3.0,0.6171641692854937,1.0,1.0040664698367449e-28,0.28688500274048084,2.132888466835727,1.0,1.0,6.0,3.0,6.0,3.0,1.255311843507475,1.0
170.0,0.8,0.2556054464581946,1.3844976716141546,0.10005024027894399,0.0005778156987433972,0.003181799697586163,-0.4357048343428415,0.15190230900536095,6.243000577378168e-14,0.9142364202976905,1.880925935764421,1.0,1.0,6.0,3.0,0.6171641692854937,1.0,1.581349199665328e-28,0.29236624764460717,2.173639582886533,1.0,1.0,6.0,3.0,6.0,3.0,1.2792959192855289,1.0
170.0,0.85,0.2556054464581946,1.3844976716141546,0.10005024027894399,0.0005778156987433972,0.003181799697586163,-0.4357048343428415,0.15190230900536095,6.243000577378168e-14,0.9142364202976905,1.880925935764421,1.0,1.0,6.0,3.0,0.6171641692854937,1.0,2.322678326073351e-28,0.2970872091660144,2.208738261050945,1.0,1.0,6.0,3.0,6.0,3.0,1.299953251854169,1.0
170.0,0.9,0.2556054464581946,1.3844976716141546,0.10005024027894399,0.0005778156987433972,0.003181799697586163,-0.4357048343428415,0.15190230900536095,6.243000577378168e-14,0.9142364202976905,1.880925935764421,1.0,1.0,6.0,3.0,0.6171641692854937,1.0,5.491067784866415e-28,0.3079310217956457,2.2893581703293355,1.0,1.0,6.0,3.0,6.0,3.0,1.3474021121735282,1.0
170.0,0.95,0.2556054464581946,1.3844976716141546,0.10005024027894399,0.0005778156987433972,0.003181799697586163,-0.4357048343428415,0.15190230900536095,6.243000577378168e-14,0.9142364202976905,1.880925935764421,1.0,1.0,6.0,3.0,0.6171641692854937,1.0,2.2913417628784852e-27,0.3268171367712482,2.429769751380979,1.0,1.0,6.0,3.0,6.0,3.0,1.4300413703440373,1.0
171.0,0.4,-0.11812527053899857,0.7606918970211276,1.1875743719083565,-0.0037039769635468993,-0.0009596160763811007,0.013051482478451837,0.7523414910925714,1.392335482001556e-17,0.6957640543328433,0.9167894557279243,0.0,0.0,4.0,2.0,1.4929489956543922,0.0,1.325020119273305e-31,0.22694165833179342,1.1668639709465776,1.0,1.0,5.0,2.0,6.0,3.0,2.9887555716468657,1.0
171.0,0.45,-0.11812527053899857,0.7606918970211276,1.1875743719083565,-0.0037039769635468993,-0.0009596160763811007,0.013051482478451837,0.7523414910925714,1.392335482001556e-17,0.6957640543328433,0.9167894557279243,0.0,0.0,4.0,2.0,1.4929489956543922,0.0,2.1303251182752913e-31,0.23147647830745047,1.190180615776002,1.0,1.0,5.0,2.0,6.0,3.0,3.0484778305229567,1.0
171.0,0.5,-0.11812527053899857,0.7606918970211276,1.1875743719083565,-0.0037039769635468993,-0.0009596160763811007,0.013051482478451837,0.7523414910925714,1.392335482001556e-17,0.6957640543328433,0.9167894557279243,0.0,0.0,4.0,2.0,1.4929489956543922,0.0,4.03619891969228e-31,0.2377226034111334,1.222296263449894,1.0,1.0,6.0,3.0,6.0,3.0,3.1307374797299885,1.0
171.0,0.55,-0.11812527053899857,0.7606918970211276,1.1875743719083565,-0.0037039769635468993,-0.0009596160763811007,0.013051482478451837,0.7523414910925714,6.149252268074219e-17,0.7401849581861043,0.9753216779848269,1.0,1.0,6.0,3.0,1.5882659977052924,1.0,6.545820938447565e-31,0.24256052618838633,1.247171369344929,1.0,1.0,6.0,3.0,6.0,3.0,3.194451514262036,1.0
171.0,0.6,-0.11812527053899857,0.7606918970211276,1.1875743719083565,-0.0037039769635468993,-0.0009596160763811007,0.013051482478451837,0.7523414910925714,6.149252268074219e-17,0.7401849581861043,0.9753216779848269,1.0,1.0,6.0,3.0,1.5882659977052924,1.0,1.1536276910699703e-30,0.24835582892566693,1.2769690275385346,1.0,1.0,6.0,3.0,6.0,3.0,3.2707739641495954,1.0
171.0,0.65,-0.11812527053899857,0.7606918970211276,1.1875743719083565,-0.0037039769635468993,-0.0009596160763811007,0.013051482478451837,0.7523414910925714,6.149252268074219e-17,0.7401849581861043,0.9753216779848269,1.0,1.0,6.0,3.0,1.5882659977052924,1.0,2.1131979045011874e-30,0.2546991299993936,1.3095843240610303,1.0,1.0,6.0,3.0,6.0,3.0,3.354313392591669,1.0
171.0,0.7,-0.11812527053899857,0.7606918970211276,1.1875743719083565,-0.0037039769635468993,-0.0009596160763811007,0.013051482478451837,0.7523414910925714,6.149252268074219e-17,0.7401849581861043,0.9753216779848269,1.0,1.0,6.0,3.0,1.5882659977052924,1.0,3.340751932239006e-30,0.25960624203930743,1.3348151797922518,1.0,1.0,6.0,3.0,6.0,3.0,3.4189386295701762,1.0
171.0,0.75,-0.11812527053899857,0.7606918970211276,1.1875743719083565,-0.0037039769635468993,-0.0009596160763811007,0.013051482478451837,0.7523414910925714,6.149252268074219e-17,0.7401849581861043,0.9753216779848269,1.0,1.0,6.0,3.0,1.5882659977052924,1.0,6.0371628485345515e-30,0.26608659218955644,1.3681351403716728,1.0,1.0,6.0,3.0,6.0,3.0,3.5042829544515164,1.0
171.0,0.8,-0.11812527053899857,0.7606918970211276,1.1875743719083565,-0.0037039769635468993,-0.0009596160763811007,0.013051482478451837,0.7523414910925714,6.149252268074219e-17,0.7401849581861043,0.9753216779848269,1.0,1.0,6.0,3.0,1.5882659977052924,1.0,8.694405014647509e-30,0.2701613900345437,1.3890864933720766,1.0,1.0,6.0,3.0,6.0,3.0,3.5579468557910188,1.0
171.0,0.85,-0.11812527053899857,0.7606918970211276,1.1875743719083565,-0.0037039769635468993,-0.0009596160763811007,0.013051482478451837,0.7523414910925714,6.149252268074219e-17,0.7401849581861043,0.9753216779848269,1.0,1.0,6.0,3.0,1.5882659977052924,1.0,2.3801624106153715e-29,0.28173895258773557,1.448614747082767,1.0,1.0,6.0,3.0,6.0,3.0,3.7104199840888343,1.0
171.0,0.9,-0.11812527053899857,0.7606918970211276,1.1875743719083565,-0.0037039769635468993,-0.0009596160763811007,0.013051482478451837,0.7523414910925714,6.149252268074219e-17,0.7401849581861043,0.9753216779848269,1.0,1.0,6.0,3.0,1.5882659977052924,1.0,3.7268611586569006e-29,0.287052227698414,1.4759339679783576,1.0,1.0,6.0,3.0,6.0,3.0,3.780394270464746,1.0
171.0,0.95,-0.11812527053899857,0.7606918970211276,1.1875743719083565,-0.0037039769635468993,-0.0009596160763811007,0.013051482478451837,0.7523414910925714,6.149252268074219e-17,0.7401849581861043,0.9753216779848269,1.0,1.0,6.0,3.0,1.5882659977052924,1.0,1.4119788432970143e-28,0.3034341537572502,1.5601647761661588,1.0,1.0,6.0,3.0,6.0,3.0,3.9961394674574935,1.0
172.0,0.4,0.3089105594706697,-0.8012136287853587,-0.7553903073717755,-0.0005810622641375075,-0.005391631500208996,-0.16283141838923004,-0.4006230184242936,1.3663202086869235e-11,1.1419155600775583,1.8192805036744406,1.0,1.0,6.0,3.0,2.085074085384629,1.0,2.2869038272681762e-30,0.23214628610251922,1.7046238264884663,0.0,0.0,4.0,2.0,6.0,3.0,3.2720955409746546,1.0
172.0,0.45,0.3089105594706697,-0.8012136287853587,-0.7553903073717755,-0.0005810622641375075,-0.005391631500208996,-0.16283141838923004,-0.4006230184242936,1.3663202086869235e-11,1.1419155600775583,1.8192805036744406,1.0,1.0,6.0,3.0,2.085074085384629,1.0,3.312463412466526e-30,0.2357577834486678,1.73114264153781,0.0,0.0,4.0,2.0,6.0,3.0,3.3229994971006453,1.0
172.0,0.5,0.3089105594706697,-0.8012136287853587,-0.7553903073717755,-0.0005810622641375075,-0.005391631500208996,-0.16283141838923004,-0.4006230184242936,1.3663202086869235e-11,1.1419155600775583,1.8192805036744406,1.0,1.0,6.0,3.0,2.085074085384629,1.0,4.649447387912805e-30,0.2391120521183902,1.7557726556157762,0.0,1.0,4.0,2.0,6.0,3.0,3.3702778220813996,1.0
172.0,0.55,0.3089105594706697,-0.8012136287853587,-0.7553903073717755,-0.0005810622641375075,-0.005391631500208996,-0.16283141838923004,-0.4006230184242936,2.099191351861253e-10,1.2795918682970644,2.038624062969323,1.0,1.0,6.0,3.0,2.336463340839228,1.0,7.102499746344509e-30,0.24337084242223578,1.7870444693752576,0.0,1.0,4.0,2.0,6.0,3.0,3.4303053547079836,1.0
172.0,0.6,0.3089105594706697,-0.8012136287853587,-0.7553903073717755,-0.0005810622641375075,-0.005391631500208996,-0.16283141838923004,-0.4006230184242936,2.099191351861253e-10,1.2795918682970644,2.038624062969323,1.0,1.0,6.0,3.0,2.336463340839228,1.0,1.2305836278217079e-29,0.24900861619931802,1.828442002241763,0.0,1.0,4.0,2.0,6.0,3.0,3.5097696216007446,1.0
172.0,0.65,0.3089105594706697,-0.8012136287853587,-0.7553903073717755,-0.0005810622641375075,-0.005391631500208996,-0.16283141838923004,-0.4006230184242936,2.099191351861253e-10,1.2795918682970644,2.038624062969323,1.0,1.0,6.0,3.0,2.336463340839228,1.0,1.947367937767939e-29,0.25381663275052513,1.8637467219895478,0.0,1.0,4.0,2.0,6.0,3.0,3.5775384831331247,1.0
172.0,0.7,0.3089105594706697,-0.8012136287853587,-0.7553903073717755,-0.0005810622641375075,-0.005391631500208996,-0.16283141838923004,-0.4006230184242936,2.099191351861253e-10,1.2795918682970644,2.038624062969323,1.0,1.0,6.0,3.0,2.336463340839228,1.0,2.8230148475492625e-29,0.25777420693355924,1.8928067399668176,0.0,1.0,4.0,2.0,6.0,3.0,3.633320382791269,1.0
172.0,0.75,0.3089105594706697,-0.8012136287853587,-0.7553903073717755,-0.0005810622641375075,-0.005391631500208996,-0.16283141838923004,-0.4006230184242936,2.099191351861253e-10,1.2795918682970644,2.038624062969323,1.0,1.0,6.0,3.0,2.336463340839228,1.0,6.350831857169331e-29,0.266631232313046,1.957842871912597,0.0,1.0,4.0,2.0,6.0,3.0,3.7581599128008913,1.0
172.0,0.8,0.3089105594706697,-0.8012136287853587,-0.7553903073717755,-0.0005810622641375075,-0.005391631500208996,-0.16283141838923004,-0.4006230184242936,2.099191351861253e-10,1.2795918682970644,2.038624062969323,1.0,1.0,6.0,3.0,2.336463340839228,1.0,1.1050768100659351e-28,0.27285657936323787,2.0035548886244667,0.0,1.0,4.0,2.0,6.0,3.0,3.8459060088765247,1.0
172.0,0.85,0.3089105594706697,-0.8012136287853587,-0.7553903073717755,-0.0005810622641375075,-0.005391631500208996,-0.16283141838923004,-0.4006230184242936,2.099191351861253e-10,1.2795918682970644,2.038624062969323,1.0,1.0,6.0,3.0,2.336463340839228,1.0,1.594201541212955e-28,0.27705482119751484,2.034382101845137,0.0,1.0,4.0,2.0,6.0,3.0,3.905080112483781,1.0
172.0,0.9,0.3089105594706697,-0.8012136287853587,-0.7553903073717755,-0.0005810622641375075,-0.005391631500208996,-0.16283141838923004,-0.4006230184242936,2.099191351861253e-10,1.2795918682970644,2.038624062969323,1.0,1.0,6.0,3.0,2.336463340839228,1.0,3.0258198982546762e-28,0.2845519322686365,2.0894325373968856,0.0,1.0,4.0,2.0,6.0,3.0,4.010751687583526,1.0
172.0,0.95,0.3089105594706697,-0.8012136287853587,-0.7553903073717755,-0.0005810622641375075,-0.005391631500208996,-0.16283141838923004,-0.4006230184242936,2.099191351861253e-10,1.2795918682970644,2.038624062969323,1.0,1.0,6.0,3.0,2.336463340839228,1.0,4.2875575512091505e-28,0.28871443145338477,2.1199972963994362,0.0,1.0,4.0,2.0,6.0,3.0,4.069421999525156,1.0
173.0,0.4,-0.25635008674717863,1.5391904108004222,0.08011389522432538,0.00044421689269930477,0.002134782934800201,-0.2929844107574627,-0.03204043209950924,5.003834542346849e-19,0.608241436399686,1.355335288794096,0.0,0.0,5.0,2.0,0.4159685813570186,1.0,1.922504941689634e-34,0.16764243266123502,1.415628880031425,0.0,0.0,5.0,2.0,6.0,3.0,0.7684055235485161,1.0
173.0,0.45,-0.25635008674717863,1.5391904108004222,0.08011389522432538,0.00044421689269930477,0.002134782934800201,-0.2929844107574627,-0.03204043209950924,5.003834542346849e-19,0.608241436399686,1.355335288794096,0.0,0.0,5.0,2.0,0.4159685813570186,1.0,2.8470933728593318e-34,0.17040783067422646,1.4389808275653946,0.0,0.0,5.0,2.0,6.0,3.0,0.78108099642409,1.0
173.0,0.5,-0.25635008674717863,1.5391904108004222,0.08011389522432538,0.00044421689269930477,0.002134782934800201,-0.2929844107574627,-0.03204043209950924,5.003834542346849e-19,0.608241436399686,1.355335288794096,0.0,0.0,5.0,2.0,0.4159685813570186,1.0,3.950297770881334e-34,0.1727490706426053,1.4587510424310928,0.0,0.0,5.0,2.0,6.0,3.0,0.7918122993233404,1.0
173.0,0.55,-0.25635008674717863,1.5391904108004222,0.08011389522432538,0.00044421689269930477,0.002134782934800201,-0.2929844107574627,-0.03204043209950924,7.28516872720848e-19,0.6178362196204357,1.376715200633687,0.0,0.0,5.0,2.0,0.4225303315534336,1.0,6.6488236874507525e-34,0.17653758338272962,1.4907425135768533,0.0,1.0,5.0,2.0,6.0,3.0,0.8091773188433569,1.0
173.0,0.6,-0.25635008674717863,1.5391904108004222,0.08011389522432538,0.00044421689269930477,0.002134782934800201,-0.2929844107574627,-0.03204043209950924,7.28516872720848e-19,0.6178362196204357,1.376715200633687,0.0,0.0,5.0,2.0,0.4225303315534336,1.0,1.087280087856273e-33,0.18019263508818828,1.5216069950217816,0.0,1.0,5.0,2.0,6.0,3.0,0.8259306066282296,1.0
173.0,0.65,-0.25635008674717863,1.5391904108004222,0.08011389522432538,0.00044421689269930477,0.002134782934800201,-0.2929844107574627,-0.03204043209950924,7.28516872720848e-19,0.6178362196204357,1.376715200633687,0.0,0.0,5.0,2.0,0.4225303315534336,1.0,1.7834796139219736e-33,0.18394683346955631,1.5533087042231222,0.0,1.0,5.0,2.0,6.0,3.0,0.8431383429211614,1.0
173.0,0.7,-0.25635008674717863,1.5391904108004222,0.08011389522432538,0.00044421689269930477,0.002134782934800201,-0.2929844107574627,-0.03204043209950924,7.28516872720848e-19,0.6178362196204357,1.376715200633687,0.0,0.0,5.0,2.0,0.4225303315534336,1.0,2.902330621769837e-33,0.1877171405377038,1.5851464405738094,0.0,1.0,5.0,2.0,6.0,3.0,0.8604199149590296,1.0
173.0,0.75,-0.25635008674717863,1.5391904108004222,0.08011389522432538,0.00044421689269930477,0.002134782934800201,-0.2929844107574627,-0.03204043209950924,7.28516872720848e-19,0.6178362196204357,1.376715200633687,0.0,0.0,5.0,2.0,0.4225303315534336,1.0,5.849350603104637e-33,0.19327942671194503,1.6321162490063026,0.0,1.0,5.0,2.0,6.0,3.0,0.885915198891597,1.0
173.0,0.8,-0.25635008674717863,1.5391904108004222,0.08011389522432538,0.00044421689269930477,0.002134782934800201,-0.2929844107574627,-0.03204043209950924,7.28516872720848e-19,0.6178362196204357,1.376715200633687,0.0,0.0,5.0,2.0,0.4225303315534336,1.0,7.95578531666934e-33,0.1957723123688785,1.6531670108841288,0.0,1.0,5.0,2.0,6.0,3.0,0.8973415846696735,1.0
173.0,0.85,-0.25635008674717863,1.5391904108004222,0.08011389522432538,0.00044421689269930477,0.002134782934800201,-0.2929844107574627,-0.03204043209950924,7.28516872720848e-19,0.6178362196204357,1.376715200633687,0.0,0.0,5.0,2.0,0.4225303315534336,1.0,1.1832291814320679e-32,0.19903708971928494,1.6807358848901939,0.0,1.0,5.0,2.0,6.0,3.0,0.9123060116908317,1.0
173.0,0.9,-0.25635008674717863,1.5391904108004222,0.08011389522432538,0.00044421689269930477,0.002134782934800201,-0.2929844107574627,-0.03204043209950924,7.28516872720848e-19,0.6178362196204357,1.376715200633687,0.0,0.0,5.0,2.0,0.4225303315534336,1.0,2.26668723270181e-32,0.20450195297105006,1.7268830215179127,0.0,1.0,5.0,2.0,6.0,3.0,0.9373547481081755,1.0
173.0,0.95,-0.25635008674717863,1.5391904108004222,0.08011389522432538,0.00044421689269930477,0.002134782934800201,-0.2929844107574627,-0.03204043209950924,7.28516872720848e-19,0.6178362196204357,1.376715200633687,0.0,0.0,5.0,2.0,0.4225303315534336,1.0,6.648805060738936e-32,0.21388014008949746,1.806075576269492,0.0,1.0,5.0,2.0,6.0,3.0,0.9803405880789463,1.0
174.0,0.4,-0.1314757247777798,0.1438773274858251,0.13987529109793054,-0.0007618814251275478,-0.0003263986073689168,0.16232014565949593,0.04942528580602723,2.4136704623250608e-17,0.5189854689682519,0.7362163400560529,1.0,1.0,6.0,3.0,0.6106855107570147,1.0,3.283837577170771e-36,0.07180165036383365,0.6202302799140229,0.0,0.0,4.0,2.0,6.0,3.0,0.9367805242630337,1.0
174.0,0.45,-0.1314757247777798,0.1438773274858251,0.13987529109793054,-0.0007618814251275478,-0.0003263986073689168,0.16232014565949593,0.04942528580602723,2.4136704623250608e-17,0.5189854689682519,0.7362163400560529,1.0,1.0,6.0,3.0,0.6106855107570147,1.0,5.933813886449008e-36,0.07359372243580775,0.6357103887582404,0.0,0.0,4.0,2.0,6.0,3.0,0.9601612990306653,1.0
174.0,0.5,-0.1314757247777798,0.1438773274858251,0.13987529109793054,-0.0007618814251275478,-0.0003263986073689168,0.16232014565949593,0.04942528580602723,2.4136704623250608e-17,0.5189854689682519,0.7362163400560529,1.0,1.0,6.0,3.0,0.6106855107570147,1.0,7.782873764732683e-36,0.07443022923435004,0.6429362233063444,0.0,0.0,4.0,2.0,6.0,3.0,0.9710750213938321,1.0
174.0,0.55,-0.1314757247777798,0.1438773274858251,0.13987529109793054,-0.0007618814251275478,-0.0003263986073689168,0.16232014565949593,0.04942528580602723,8.881565022424691e-17,0.5479370641024324,0.7772861554611827,1.0,1.0,6.0,3.0,0.6447525910875986,1.0,2.1120732422615335e-35,0.07759160421789327,0.670244516096559,0.0,0.0,4.0,2.0,6.0,3.0,1.0123207935936225,1.0
174.0,0.6,-0.1314757247777798,0.1438773274858251,0.13987529109793054,-0.0007618814251275478,-0.0003263986073689168,0.16232014565949593,0.04942528580602723,8.881565022424691e-17,0.5479370641024324,0.7772861554611827,1.0,1.0,6.0,3.0,0.6447525910875986,1.0,3.261838201149318e-35,0.0790095262518445,0.6824926771841882,0.0,1.0,4.0,2.0,6.0,3.0,1.030820114146817,1.0
174.0,0.65,-0.1314757247777798,0.1438773274858251,0.13987529109793054,-0.0007618814251275478,-0.0003263986073689168,0.16232014565949593,0.04942528580602723,8.881565022424691e-17,0.5479370641024324,0.7772861554611827,1.0,1.0,6.0,3.0,0.6447525910875986,1.0,4.545825112150977e-35,0.08010981348613735,0.691997075145144,0.0,1.0,4.0,2.0,6.0,3.0,1.0451753225153966,1.0
174.0,0.7,-0.1314757247777798,0.1438773274858251,0.13987529109793054,-0.0007618814251275478,-0.0003263986073689168,0.16232014565949593,0.04942528580602723,8.881565022424691e-17,0.5479370641024324,0.7772861554611827,1.0,1.0,6.0,3.0,0.6447525910875986,1.0,6.68856453671723e-35,0.08140930782333591,0.7032222452132864,0.0,1.0,4.0,2.0,6.0,3.0,1.0621295426525268,1.0
174.0,0.75,-0.1314757247777798,0.1438773274858251,0.13987529109793054,-0.0007618814251275478,-0.0003263986073689168,0.16232014565949593,0.04942528580602723,8.881565022424691e-17,0.5479370641024324,0.7772861554611827,1.0,1.0,6.0,3.0,0.6447525910875986,1.0,1.1473474312752953e-34,0.08326052530733112,0.719213258406744,0.0,1.0,4.0,2.0,6.0,3.0,1.086281974753941,1.0
174.0,0.8,-0.1314757247777798,0.1438773274858251,0.13987529109793054,-0.0007618814251275478,-0.0003263986073689168,0.16232014565949593,0.04942528580602723,8.881565022424691e-17,0.5479370641024324,0.7772861554611827,1.0,1.0,6.0,3.0,0.6447525910875986,1.0,2.637285445323516e-34,0.086198572003762,0.7445924177393499,1.0,1.0,4.0,2.0,6.0,3.0,1.1246140313382296,1.0
174.0,0.85,-0.1314757247777798,0.1438773274858251,0.13987529109793054,-0.0007618814251275478,-0.0003263986073689168,0.16232014565949593,0.04942528580602723,8.881565022424691e-17,0.5479370641024324,0.7772861554611827,1.0,1.0,6.0,3.0,0.6447525910875986,1.0,3.354280350048061e-34,0.08706664912322253,0.7520909600717578,1.0,1.0,4.0,2.0,6.0,3.0,1.1359396448157517,1.0
174.0,0.9,-0.1314757247777798,0.1438773274858251,0.13987529109793054,-0.0007618814251275478,-0.0003263986073689168,0.16232014565949593,0.04942528580602723,8.881565022424691e-17,0.5479370641024324,0.7772861554611827,1.0,1.0,6.0,3.0,0.6447525910875986,1.0,5.328752458885006e-34,0.0887621721467242,0.7667370679834613,1.0,1.0,4.0,2.0,6.0,3.0,1.1580607651355153,1.0
174.0,0.95,-0.1314757247777798,0.1438773274858251,0.13987529109793054,-0.0007618814251275478,-0.0003263986073689168,0.16232014565949593,0.04942528580602723,8.881565022424691e-17,0.5479370641024324,0.7772861554611827,1.0,1.0,6.0,3.0,0.6447525910875986,1.0,2.2376124663616887e-33,0.09423080331816161,0.8139756847146948,1.0,1.0,4.0,2.0,6.0,3.0,1.2294088072741223,1.0
175.0,0.4,-0.11324066026538149,1.0626304927098842,0.04725325490874416,-0.004377944911892674,-0.004923402767744811,-0.07193069254670331,-0.006244383482631011,4.8085900254729486e-17,0.6243211754730101,1.1011864014256318,0.0,0.0,5.0,2.0,0.45763361144324544,1.0,6.7814542938628595e-34,0.16181877841119763,1.1689344403018915,0.0,1.0,6.0,3.0,6.0,3.0,0.7527784885621899,1.0
175.0,0.45,-0.11324066026538149,1.0626304927098842,0.04725325490874416,-0.004377944911892674,-0.004923402767744811,-0.07193069254670331,-0.006244383482631011,4.8085900254729486e-17,0.6243211754730101,1.1011864014256318,0.0,0.0,5.0,2.0,0.45763361144324544,1.0,1.3770300975610688e-33,0.16666578148969327,1.2039478601678197,0.0,1.0,6.0,3.0,6.0,3.0,0.7753266729404856,1.0
175.0,0.5,-0.11324066026538149,1.0626304927098842,0.04725325490874416,-0.004377944911892674,-0.004923402767744811,-0.07193069254670331,-0.006244383482631011,4.8085900254729486e-17,0.6243211754730101,1.1011864014256318,0.0,0.0,5.0,2.0,0.45763361144324544,1.0,2.673443626823792e-33,0.17133723719218358,1.23769317397256,0.0,1.0,6.0,3.0,6.0,3.0,0.7970582136036457,1.0
175.0,0.55,-0.11324066026538149,1.0626304927098842,0.04725325490874416,-0.004377944911892674,-0.004923402767744811,-0.07193069254670331,-0.006244383482631011,1.0303509475554862e-15,0.7093572983137826,1.251174301533733,1.0,1.0,6.0,3.0,0.5199659325747052,1.0,4.808599307053255e-33,0.17557980994079536,1.2683403550354186,0.0,1.0,6.0,3.0,6.0,3.0,0.8167945973081353,1.0
175.0,0.6,-0.11324066026538149,1.0626304927098842,0.04725325490874416,-0.004377944911892674,-0.004923402767744811,-0.07193069254670331,-0.006244383482631011,1.0303509475554862e-15,0.7093572983137826,1.251174301533733,1.0,1.0,6.0,3.0,0.5199659325747052,1.0,7.782640011220254e-33,0.1791378768452066,1.294042853758378,0.0,1.0,6.0,3.0,6.0,3.0,0.8333466702677989,1.0
175.0,0.65,-0.11324066026538149,1.0626304927098842,0.04725325490874416,-0.004377944911892674,-0.004923402767744811,-0.07193069254670331,-0.006244383482631011,1.0303509475554862e-15,0.7093572983137826,1.251174301533733,1.0,1.0,6.0,3.0,0.5199659325747052,1.0,1.5401712946249198e-32,0.18430587367866103,1.3313750444059003,0.0,1.0,6.0,3.0,6.0,3.0,0.8573881126972814,1.0
175.0,0.7,-0.11324066026538149,1.0626304927098842,0.04725325490874416,-0.004377944911892674,-0.004923402767744811,-0.07193069254670331,-0.006244383482631011,1.0303509475554862e-15,0.7093572983137826,1.251174301533733,1.0,1.0,6.0,3.0,0.5199659325747052,1.0,2.954888402712646e-32,0.18937806662673315,1.3680151740810333,0.0,1.0,6.0,3.0,6.0,3.0,0.88098387691349,1.0
175.0,0.75,-0.11324066026538149,1.0626304927098842,0.04725325490874416,-0.004377944911892674,-0.004923402767744811,-0.07193069254670331,-0.006244383482631011,1.0303509475554862e-15,0.7093572983137826,1.251174301533733,1.0,1.0,6.0,3.0,0.5199659325747052,1.0,4.181476973890665e-32,0.1921376780023102,1.3879498492184503,0.0,1.0,6.0,3.0,6.0,3.0,0.8938215469337591,1.0
175.0,0.8,-0.11324066026538149,1.0626304927098842,0.04725325490874416,-0.004377944911892674,-0.004923402767744811,-0.07193069254670331,-0.006244383482631011,1.0303509475554862e-15,0.7093572983137826,1.251174301533733,1.0,1.0,6.0,3.0,0.5199659325747052,1.0,7.112819948949509e-32,0.19643801742939757,1.4190143209112032,0.0,1.0,6.0,3.0,6.0,3.0,0.9138266603452643,1.0
175.0,0.85,-0.11324066026538149,1.0626304927098842,0.04725325490874416,-0.004377944911892674,-0.004923402767744811,-0.07193069254670331,-0.006244383482631011,1.0303509475554862e-15,0.7093572983137826,1.251174301533733,1.0,1.0,6.0,3.0,0.5199659325747052,1.0,1.0465020931050047e-31,0.19962409988933558,1.4420297061071008,0.0,1.0,6.0,3.0,6.0,3.0,0.9286482673440023,1.0
175.0,0.9,-0.11324066026538149,1.0626304927098842,0.04725325490874416,-0.004377944911892674,-0.004923402767744811,-0.07193069254670331,-0.006244383482631011,1.0303509475554862e-15,0.7093572983137826,1.251174301533733,1.0,1.0,6.0,3.0,0.5199659325747052,1.0,2.333385697738535e-31,0.20640643782698204,1.4910234537977112,0.0,1.0,6.0,3.0,6.0,3.0,0.960199599962801,1.0
175.0,0.95,-0.11324066026538149,1.0626304927098842,0.04725325490874416,-0.004377944911892674,-0.004923402767744811,-0.07193069254670331,-0.006244383482631011,1.0303509475554862e-15,0.7093572983137826,1.251174301533733,1.0,1.0,6.0,3.0,0.5199659325747052,1.0,6.856647601613019e-31,0.21588797840553445,1.5595155005070622,0.0,1.0,6.0,3.0,6.0,3.0,1.004307582089738,1.0
176.0,0.4,4.100753086191209,1.1752868979105389,-0.03613619377822963,-0.0027715844284387637,0.00039552722410909674,-0.45455666274332956,1.3428272328782498,1.0549704481787659e-14,1.075525842499842,3.2225662473439978,0.0,0.0,5.0,2.0,3.395204758001403,1.0,1.5295620856061174e-30,0.30148685529534325,2.8022497014919114,1.0,1.0,4.0,1.0,6.0,3.0,5.666949599519253,1.0
176.0,0.45,4.100753086191209,1.1752868979105389,-0.03613619377822963,-0.0027715844284387637,0.00039552722410909674,-0.45455666274332956,1.3428272328782498,1.0549704481787659e-14,1.075525842499842,3.2225662473439978,0.0,0.0,5.0,2.0,3.395204758001403,1.0,2.4957068804945954e-30,0.3077002279124062,2.860001544584261,1.0,1.0,4.0,1.0,6.0,3.0,5.783740328021944,1.0
176.0,0.5,4.100753086191209,1.1752868979105389,-0.03613619377822963,-0.0027715844284387637,0.00039552722410909674,-0.45455666274332956,1.3428272328782498,1.0549704481787659e-14,1.075525842499842,3.2225662473439978,0.0,0.0,5.0,2.0,3.395204758001403,1.0,3.307539197363003e-30,0.3113322621307128,2.893760451897443,1.0,1.0,4.0,1.0,6.0,3.0,5.852010484738097,1.0
176.0,0.55,4.100753086191209,1.1752868979105389,-0.03613619377822963,-0.0027715844284387637,0.00039552722410909674,-0.45455666274332956,1.3428272328782498,3.307903367711068e-13,1.241558549828128,3.720045133902093,1.0,1.0,6.0,3.0,3.9193344586830805,1.0,4.059578913876865e-30,0.31400131010649823,2.91856862765053,1.0,1.0,5.0,2.0,6.0,3.0,5.902179704695158,1.0
176.0,0.6,4.100753086191209,1.1752868979105389,-0.03613619377822963,-0.0027715844284387637,0.00039552722410909674,-0.45455666274332956,1.3428272328782498,3.307903367711068e-13,1.241558549828128,3.720045133902093,1.0,1.0,6.0,3.0,3.9193344586830805,1.0,6.422407906488608e-30,0.32006056248124265,2.974887959190733,1.0,1.0,5.0,2.0,6.0,3.0,6.016073485519554,1.0
176.0,0.65,4.100753086191209,1.1752868979105389,-0.03613619377822963,-0.0027715844284387637,0.00039552722410909674,-0.45455666274332956,1.3428272328782498,3.307903367711068e-13,1.241558549828128,3.720045133902093,1.0,1.0,6.0,3.0,3.9193344586830805,1.0,8.177973979363361e-30,0.3232994685932508,3.0049928328398474,1.0,1.0,5.0,2.0,6.0,3.0,6.076954142078674,1.0
176.0,0.7,4.100753086191209,1.1752868979105389,-0.03613619377822963,-0.0027715844284387637,0.00039552722410909674,-0.45455666274332956,1.3428272328782498,3.307903367711068e-13,1.241558549828128,3.720045133902093,1.0,1.0,6.0,3.0,3.9193344586830805,1.0,1.3441922249111767e-29,0.33006335490177285,3.067861571745275,1.0,1.0,5.0,2.0,6.0,3.0,6.204092695995805,1.0
176.0,0.75,4.100753086191209,1.1752868979105389,-0.03613619377822963,-0.0027715844284387637,0.00039552722410909674,-0.45455666274332956,1.3428272328782498,3.307903367711068e-13,1.241558549828128,3.720045133902093,1.0,1.0,6.0,3.0,3.9193344586830805,1.0,1.7911103556018292e-29,0.3340346479532544,3.1047738104468565,1.0,1.0,5.0,2.0,6.0,3.0,6.278739789799011,1.0
176.0,0.8,4.100753086191209,1.1752868979105389,-0.03613619377822963,-0.0027715844284387637,0.00039552722410909674,-0.45455666274332956,1.3428272328782498,3.307903367711068e-13,1.241558549828128,3.720045133902093,1.0,1.0,6.0,3.0,3.9193344586830805,1.0,3.2520280986806124e-29,0.34244002044319677,3.1828997789166777,1.0,1.0,5.0,2.0,6.0,3.0,6.436732821432273,1.0
176.0,0.85,4.100753086191209,1.1752868979105389,-0.03613619377822963,-0.0027715844284387637,0.00039552722410909674,-0.45455666274332956,1.3428272328782498,3.307903367711068e-13,1.241558549828128,3.720045133902093,1.0,1.0,6.0,3.0,3.9193344586830805,1.0,5.429148447530484e-29,0.34983122736395894,3.251599315973047,1.0,1.0,5.0,2.0,6.0,3.0,6.575662915278474,1.0
176.0,0.9,4.100753086191209,1.1752868979105389,-0.03613619377822963,-0.0027715844284387637,0.00039552722410909674,-0.45455666274332956,1.3428272328782498,3.307903367711068e-13,1.241558549828128,3.720045133902093,1.0,1.0,6.0,3.0,3.9193344586830805,1.0,9.967383499363215e-29,0.3587998897496675,3.3349609320823563,1.0,1.0,5.0,2.0,6.0,3.0,6.744243922450825,1.0
176.0,0.95,4.100753086191209,1.1752868979105389,-0.03613619377822963,-0.0027715844284387637,0.00039552722410909674,-0.45455666274332956,1.3428272328782498,3.307903367711068e-13,1.241558549828128,3.720045133902093,1.0,1.0,6.0,3.0,3.9193344586830805,1.0,1.8557302414192014e-28,0.36821335607170774,3.422456896591655,1.0,1.0,5.0,2.0,6.0,3.0,6.921185763419364,1.0
177.0,0.4,0.14393756985656703,1.2711062678420642,1.2757831095455407,0.00021409213998876956,-0.0020312792164415873,0.19830218618956713,0.8985015963158829,4.6226618954731134e-14,0.9927695378824262,1.2657796212868921,0.0,0.0,4.0,2.0,1.632422424742002,0.0,2.2420187086459943e-32,0.13809308874008105,1.4841888202897937,1.0,1.0,4.0,2.0,6.0,3.0,3.0042627275204383,1.0
177.0,0.45,0.14393756985656703,1.2711062678420642,1.2757831095455407,0.00021409213998876956,-0.0020312792164415873,0.19830218618956713,0.8985015963158829,4.6226618954731134e-14,0.9927695378824262,1.2657796212868921,0.0,0.0,4.0,2.0,1.632422424742002,0.0,3.364953115442831e-32,0.14044925332044303,1.509512268123726,1.0,1.0,4.0,2.0,6.0,3.0,3.055521899816951,1.0
177.0,0.5,0.14393756985656703,1.2711062678420642,1.2757831095455407,0.00021409213998876956,-0.0020312792164415873,0.19830218618956713,0.8985015963158829,4.6226618954731134e-14,0.9927695378824262,1.2657796212868921,0.0,0.0,4.0,2.0,1.632422424742002,0.0,5.634347640090971e-32,0.14349842264168203,1.5422839517687457,1.0,1.0,4.0,2.0,6.0,3.0,3.1218576290360947,1.0
177.0,0.55,0.14393756985656703,1.2711062678420642,1.2757831095455407,0.00021409213998876956,-0.0020312792164415873,0.19830218618956713,0.8985015963158829,1.0146268264219421e-13,1.0258267858025547,1.3079275611223333,0.0,0.0,4.0,2.0,1.6867788395451573,0.0,8.494530517777444e-32,0.14597420425955648,1.5688930126004899,1.0,1.0,4.0,2.0,6.0,3.0,3.175719111199478,1.0
177.0,0.6,0.14393756985656703,1.2711062678420642,1.2757831095455407,0.00021409213998876956,-0.0020312792164415873,0.19830218618956713,0.8985015963158829,1.0146268264219421e-13,1.0258267858025547,1.3079275611223333,0.0,0.0,4.0,2.0,1.6867788395451573,0.0,1.3229758183906867e-31,0.1486939522442414,1.5981241608766557,1.0,1.0,4.0,2.0,6.0,3.0,3.2348881657349784,1.0
177.0,0.65,0.14393756985656703,1.2711062678420642,1.2757831095455407,0.00021409213998876956,-0.0020312792164415873,0.19830218618956713,0.8985015963158829,1.0146268264219421e-13,1.0258267858025547,1.3079275611223333,0.0,0.0,4.0,2.0,1.6867788395451573,0.0,1.8734778755878412e-31,0.1508651744585652,1.6214598959685809,1.0,1.0,4.0,2.0,6.0,3.0,3.2821238531337524,1.0
177.0,0.7,0.14393756985656703,1.2711062678420642,1.2757831095455407,0.00021409213998876956,-0.0020312792164415873,0.19830218618956713,0.8985015963158829,1.0146268264219421e-13,1.0258267858025547,1.3079275611223333,0.0,0.0,4.0,2.0,1.6867788395451573,0.0,2.855623246623439e-31,0.15353810641248997,1.6501878776482246,1.0,1.0,4.0,2.0,6.0,3.0,3.3402744087889213,1.0
177.0,0.75,0.14393756985656703,1.2711062678420642,1.2757831095455407,0.00021409213998876956,-0.0020312792164415873,0.19830218618956713,0.8985015963158829,1.0146268264219421e-13,1.0258267858025547,1.3079275611223333,0.0,0.0,4.0,2.0,1.6867788395451573,0.0,4.368571490314293e-31,0.15628217710539496,1.6796804401048453,1.0,1.0,4.0,2.0,6.0,3.0,3.3999726122224954,1.0
177.0,0.8,0.14393756985656703,1.2711062678420642,1.2757831095455407,0.00021409213998876956,-0.0020312792164415873,0.19830218618956713,0.8985015963158829,1.0146268264219421e-13,1.0258267858025547,1.3079275611223333,0.0,0.0,4.0,2.0,1.6867788395451573,0.0,5.62713406742281e-31,0.15793944644766322,1.697492342586317,1.0,1.0,4.0,2.0,6.0,3.0,3.43602707779977,1.0
177.0,0.85,0.14393756985656703,1.2711062678420642,1.2757831095455407,0.00021409213998876956,-0.0020312792164415873,0.19830218618956713,0.8985015963158829,1.0146268264219421e-13,1.0258267858025547,1.3079275611223333,0.0,0.0,4.0,2.0,1.6867788395451573,0.0,1.3448671746074889e-30,0.163778523050877,1.7602492284983795,1.0,1.0,4.0,2.0,6.0,3.0,3.5630582012413607,1.0
177.0,0.9,0.14393756985656703,1.2711062678420642,1.2757831095455407,0.00021409213998876956,-0.0020312792164415873,0.19830218618956713,0.8985015963158829,1.0146268264219421e-13,1.0258267858025547,1.3079275611223333,0.0,0.0,4.0,2.0,1.6867788395451573,0.0,2.615067603882602e-30,0.1683799710980393,1.809704402620793,1.0,1.0,4.0,2.0,6.0,3.0,3.6631642890031517,1.0
177.0,0.95,0.14393756985656703,1.2711062678420642,1.2757831095455407,0.00021409213998876956,-0.0020312792164415873,0.19830218618956713,0.8985015963158829,1.0146268264219421e-13,1.0258267858025547,1.3079275611223333,0.0,0.0,4.0,2.0,1.6867788395451573,0.0,8.08915738452474e-30,0.17649183255045806,1.8968885925702297,1.0,1.0,4.0,2.0,6.0,3.0,3.839640629960237,1.0
178.0,0.4,1.0635451378886307,1.0743023588664338,1.0198291681573455,0.0019362222066892374,0.00543259604358015,-0.24072395091370974,1.0344014914011073,1.6933546305722112e-13,1.117531249016828,1.9570204902018449,0.0,0.0,5.0,2.0,1.9239341206691618,0.0,1.1045779190255372e-30,0.22566473401735462,1.546032502516183,0.0,1.0,4.0,2.0,6.0,3.0,3.4518201267743835,1.0
178.0,0.45,1.0635451378886307,1.0743023588664338,1.0198291681573455,0.0019362222066892374,0.00543259604358015,-0.24072395091370974,1.0344014914011073,1.6933546305722112e-13,1.117531249016828,1.9570204902018449,0.0,0.0,5.0,2.0,1.9239341206691618,0.0,1.862765883286512e-30,0.23063246520795588,1.5800665039647317,0.0,1.0,4.0,2.0,6.0,3.0,3.5278076956020548,1.0
178.0,0.5,1.0635451378886307,1.0743023588664338,1.0198291681573455,0.0019362222066892374,0.00543259604358015,-0.24072395091370974,1.0344014914011073,1.6933546305722112e-13,1.117531249016828,1.9570204902018449,0.0,0.0,5.0,2.0,1.9239341206691618,0.0,2.558314256986032e-30,0.2337017288373025,1.6010940754655394,0.0,1.0,4.0,2.0,6.0,3.0,3.5747558641596684,1.0
178.0,0.55,1.0635451378886307,1.0743023588664338,1.0198291681573455,0.0019362222066892374,0.00543259604358015,-0.24072395091370974,1.0344014914011073,2.1293152296400872e-13,1.1282495725260988,1.9757904160958268,0.0,0.0,5.0,2.0,1.9423867127859356,0.0,3.955139850420427e-30,0.23798281092547574,1.6304238335381793,0.0,1.0,4.0,2.0,6.0,3.0,3.6402402890108827,1.0
178.0,0.6,1.0635451378886307,1.0743023588664338,1.0198291681573455,0.0019362222066892374,0.00543259604358015,-0.24072395091370974,1.0344014914011073,2.1293152296400872e-13,1.1282495725260988,1.9757904160958268,0.0,0.0,5.0,2.0,1.9423867127859356,0.0,5.123404420655459e-30,0.24056297702991286,1.648100590505635,0.0,1.0,4.0,2.0,6.0,3.0,3.679707108354629,1.0
178.0,0.65,1.0635451378886307,1.0743023588664338,1.0198291681573455,0.0019362222066892374,0.00543259604358015,-0.24072395091370974,1.0344014914011073,2.1293152296400872e-13,1.1282495725260988,1.9757904160958268,0.0,0.0,5.0,2.0,1.9423867127859356,0.0,6.961942549387736e-30,0.24365628286874905,1.6692928755469303,0.0,1.0,4.0,2.0,6.0,3.0,3.727023032126497,1.0
178.0,0.7,1.0635451378886307,1.0743023588664338,1.0198291681573455,0.0019362222066892374,0.00543259604358015,-0.24072395091370974,1.0344014914011073,2.1293152296400872e-13,1.1282495725260988,1.9757904160958268,0.0,0.0,5.0,2.0,1.9423867127859356,0.0,1.0006091843723314e-29,0.24736686964098245,1.6947141615899604,1.0,1.0,4.0,2.0,6.0,3.0,3.7837810282675894,1.0
178.0,0.75,1.0635451378886307,1.0743023588664338,1.0198291681573455,0.0019362222066892374,0.00543259604358015,-0.24072395091370974,1.0344014914011073,2.1293152296400872e-13,1.1282495725260988,1.9757904160958268,0.0,0.0,5.0,2.0,1.9423867127859356,0.0,1.4739613885039635e-29,0.25139160312974573,1.7222876715346505,1.0,1.0,4.0,2.0,6.0,3.0,3.8453442854681925,1.0
178.0,0.8,1.0635451378886307,1.0743023588664338,1.0198291681573455,0.0019362222066892374,0.00543259604358015,-0.24072395091370974,1.0344014914011073,2.1293152296400872e-13,1.1282495725260988,1.9757904160958268,0.0,0.0,5.0,2.0,1.9423867127859356,0.0,2.2050289617471014e-29,0.2556462591459032,1.7514363841886165,1.0,1.0,4.0,2.0,6.0,3.0,3.9104244909908883,1.0
178.0,0.85,1.0635451378886307,1.0743023588664338,1.0198291681573455,0.0019362222066892374,0.00543259604358015,-0.24072395091370974,1.0344014914011073,2.1293152296400872e-13,1.1282495725260988,1.9757904160958268,0.0,0.0,5.0,2.0,1.9423867127859356,0.0,3.793070038131025e-29,0.2614900284212371,1.7914721357924837,1.0,1.0,4.0,2.0,6.0,3.0,3.999812141607453,1.0
178.0,0.9,1.0635451378886307,1.0743023588664338,1.0198291681573455,0.0019362222066892374,0.00543259604358015,-0.24072395091370974,1.0344014914011073,2.1293152296400872e-13,1.1282495725260988,1.9757904160958268,0.0,0.0,5.0,2.0,1.9423867127859356,0.0,6.811806951817052e-29,0.26794754163529316,1.835712656394124,1.0,1.0,4.0,2.0,6.0,3.0,4.0985877619021,1.0
178.0,0.95,1.0635451378886307,1.0743023588664338,1.0198291681573455,0.0019362222066892374,0.00543259604358015,-0.24072395091370974,1.0344014914011073,2.1293152296400872e-13,1.1282495725260988,1.9757904160958268,0.0,0.0,5.0,2.0,1.9423867127859356,0.0,1.8508663767675654e-28,0.2793430093299587,1.9137831777542367,1.0,1.0,4.0,2.0,6.0,3.0,4.272895479560052,1.0
179.0,0.4,3.116645713545486,0.8094594786850945,0.0652101250219243,0.0023288715048106344,0.005312770581612522,0.13122624030768476,1.082355654529778,2.2507308216165943e-18,0.7169710413067594,1.4902206991937084,0.0,0.0,5.0,2.0,2.011885055222676,0.0,7.7766870315829e-33,0.2379250496449096,1.8051618653248995,0.0,1.0,6.0,3.0,6.0,3.0,3.950277886438542,1.0
179.0,0.45,3.116645713545486,0.8094594786850945,0.0652101250219243,0.0023288715048106344,0.005312770581612522,0.13122624030768476,1.082355654529778,2.2507308216165943e-18,0.7169710413067594,1.4902206991937084,0.0,0.0,5.0,2.0,2.011885055222676,0.0,1.0916955434888159e-32,0.24131146528673147,1.8308549497053799,0.0,1.0,6.0,3.0,6.0,3.0,4.006502663292192,1.0
179.0,0.5,3.116645713545486,0.8094594786850945,0.0652101250219243,0.0023288715048106344,0.005312770581612522,0.13122624030768476,1.082355654529778,2.2507308216165943e-18,0.7169710413067594,1.4902206991937084,0.0,0.0,5.0,2.0,2.011885055222676,0.0,1.6444368792590575e-32,0.2454658666726059,1.8623748210523685,0.0,1.0,6.0,3.0,6.0,3.0,4.075478334204112,1.0
179.0,0.55,3.116645713545486,0.8094594786850945,0.0652101250219243,0.0023288715048106344,0.005312770581612522,0.13122624030768476,1.082355654529778,1.3185072579096553e-17,0.7717765376065386,1.604133647290829,0.0,0.0,5.0,2.0,2.1656741939703474,1.0,2.8265165286727565e-32,0.251068680290207,1.9048839452329083,0.0,1.0,6.0,3.0,6.0,3.0,4.168502043849138,1.0
179.0,0.6,3.116645713545486,0.8094594786850945,0.0652101250219243,0.0023288715048106344,0.005312770581612522,0.13122624030768476,1.082355654529778,1.3185072579096553e-17,0.7717765376065386,1.604133647290829,0.0,0.0,5.0,2.0,2.1656741939703474,1.0,4.706674496221779e-32,0.25646030212989096,1.945790735635079,0.0,1.0,6.0,3.0,6.0,3.0,4.258019329049369,1.0
179.0,0.65,3.116645713545486,0.8094594786850945,0.0652101250219243,0.0023288715048106344,0.005312770581612522,0.13122624030768476,1.082355654529778,1.3185072579096553e-17,0.7717765376065386,1.604133647290829,0.0,0.0,5.0,2.0,2.1656741939703474,1.0,7.376739789598354e-32,0.2613072214861232,1.9825648121740296,0.0,1.0,6.0,3.0,6.0,3.0,4.338492899944282,1.0
179.0,0.7,3.116645713545486,0.8094594786850945,0.0652101250219243,0.0023288715048106344,0.005312770581612522,0.13122624030768476,1.082355654529778,1.3185072579096553e-17,0.7717765376065386,1.604133647290829,0.0,0.0,5.0,2.0,2.1656741939703474,1.0,1.0956866933344125e-31,0.26565051296046954,2.0155178120837998,0.0,1.0,6.0,3.0,6.0,3.0,4.410604719574343,1.0
179.0,0.75,3.116645713545486,0.8094594786850945,0.0652101250219243,0.0023288715048106344,0.005312770581612522,0.13122624030768476,1.082355654529778,1.3185072579096553e-17,0.7717765376065386,1.604133647290829,0.0,0.0,5.0,2.0,2.1656741939703474,1.0,1.699646667527338e-31,0.27055485796494033,2.0527275829325613,0.0,1.0,6.0,3.0,6.0,3.0,4.492031730507158,1.0
179.0,0.8,3.116645713545486,0.8094594786850945,0.0652101250219243,0.0023288715048106344,0.005312770581612522,0.13122624030768476,1.082355654529778,1.3185072579096553e-17,0.7717765376065386,1.604133647290829,0.0,0.0,5.0,2.0,2.1656741939703474,1.0,2.4599152945098796e-31,0.27475487005686217,2.0845935074056507,0.0,1.0,6.0,3.0,6.0,3.0,4.561764677560251,1.0
179.0,0.85,3.116645713545486,0.8094594786850945,0.0652101250219243,0.0023288715048106344,0.005312770581612522,0.13122624030768476,1.082355654529778,1.3185072579096553e-17,0.7717765376065386,1.604133647290829,0.0,0.0,5.0,2.0,2.1656741939703474,1.0,3.514184389340698e-31,0.27886868499123185,2.1158054451634083,0.0,1.0,6.0,3.0,6.0,3.0,4.630066490204166,1.0
179.0,0.9,3.116645713545486,0.8094594786850945,0.0652101250219243,0.0023288715048106344,0.005312770581612522,0.13122624030768476,1.082355654529778,1.3185072579096553e-17,0.7717765376065386,1.604133647290829,0.0,0.0,5.0,2.0,2.1656741939703474,1.0,8.87349894204771e-31,0.2898417969939729,2.1990595764995153,1.0,1.0,6.0,3.0,6.0,3.0,4.812253450990914,1.0
179.0,0.95,3.116645713545486,0.8094594786850945,0.0652101250219243,0.0023288715048106344,0.005312770581612522,0.13122624030768476,1.082355654529778,1.3185072579096553e-17,0.7717765376065386,1.604133647290829,0.0,0.0,5.0,2.0,2.1656741939703474,1.0,1.7845291399955972e-30,0.29840347607058626,2.264017917772612,1.0,1.0,6.0,3.0,6.0,3.0,4.954403306912369,1.0
180.0,0.4,0.172093860010069,-0.8818360767168426,-0.8777072768338513,0.0006599297616708829,-0.002404185850746007,-0.012979969649918266,-0.5277732312192112,4.1402172352520873e-13,1.0153932175088207,1.6080475189060157,0.0,0.0,4.0,2.0,1.7347242529447529,1.0,4.4752366418052615e-34,0.10781587482993181,1.3995733127318413,0.0,0.0,4.0,2.0,4.0,2.0,2.5824429328816834,1.0
180.0,0.45,0.172093860010069,-0.8818360767168426,-0.8777072768338513,0.0006599297616708829,-0.002404185850746007,-0.012979969649918266,-0.5277732312192112,4.1402172352520873e-13,1.0153932175088207,1.6080475189060157,0.0,0.0,4.0,2.0,1.7347242529447529,1.0,6.146553823861173e-34,0.1092509020102769,1.4182016060868219,0.0,0.0,4.0,2.0,4.0,2.0,2.6168151976916754,1.0
180.0,0.5,0.172093860010069,-0.8818360767168426,-0.8777072768338513,0.0006599297616708829,-0.002404185850746007,-0.012979969649918266,-0.5277732312192112,4.1402172352520873e-13,1.0153932175088207,1.6080475189060157,0.0,0.0,4.0,2.0,1.7347242529447529,1.0,1.0988960235840414e-33,0.11192795510074842,1.4529528156661191,0.0,0.0,4.0,2.0,4.0,2.0,2.6809368944765164,1.0
180.0,0.55,0.172093860010069,-0.8818360767168426,-0.8777072768338513,0.0006599297616708829,-0.002404185850746007,-0.012979969649918266,-0.5277732312192112,2.4318607118346676e-11,1.20320346365205,1.9054769237199445,0.0,0.0,4.0,2.0,2.0555841753061643,1.0,2.007681350878284e-33,0.11477421391900261,1.489900509031682,0.0,0.0,4.0,2.0,6.0,3.0,2.749111465076134,1.0
180.0,0.6,0.172093860010069,-0.8818360767168426,-0.8777072768338513,0.0006599297616708829,-0.002404185850746007,-0.012979969649918266,-0.5277732312192112,2.4318607118346676e-11,1.20320346365205,1.9054769237199445,0.0,0.0,4.0,2.0,2.0555841753061643,1.0,4.770490896046852e-33,0.1189886413381679,1.5446085949569985,0.0,0.0,4.0,2.0,6.0,3.0,2.850056880785406,1.0
180.0,0.65,0.172093860010069,-0.8818360767168426,-0.8777072768338513,0.0006599297616708829,-0.002404185850746007,-0.012979969649918266,-0.5277732312192112,2.4318607118346676e-11,1.20320346365205,1.9054769237199445,0.0,0.0,4.0,2.0,2.0555841753061643,1.0,9.451735159428581e-33,0.12242732450169688,1.5892466335965494,0.0,0.0,4.0,2.0,6.0,3.0,2.9324214031535827,1.0
180.0,0.7,0.172093860010069,-0.8818360767168426,-0.8777072768338513,0.0006599297616708829,-0.002404185850746007,-0.012979969649918266,-0.5277732312192112,2.4318607118346676e-11,1.20320346365205,1.9054769237199445,0.0,0.0,4.0,2.0,2.0555841753061643,1.0,1.2884148599357844e-32,0.1240178980073735,1.6098940960782553,0.0,0.0,4.0,2.0,6.0,3.0,2.9705193670707044,1.0
180.0,0.75,0.172093860010069,-0.8818360767168426,-0.8777072768338513,0.0006599297616708829,-0.002404185850746007,-0.012979969649918266,-0.5277732312192112,2.4318607118346676e-11,1.20320346365205,1.9054769237199445,0.0,0.0,4.0,2.0,2.0555841753061643,1.0,1.859685033842762e-32,0.12592888337982416,1.6347008708924626,0.0,0.0,4.0,2.0,6.0,3.0,3.0162919462730704,1.0
180.0,0.8,0.172093860010069,-0.8818360767168426,-0.8777072768338513,0.0006599297616708829,-0.002404185850746007,-0.012979969649918266,-0.5277732312192112,2.4318607118346676e-11,1.20320346365205,1.9054769237199445,0.0,0.0,4.0,2.0,2.0555841753061643,1.0,3.2600852206765255e-32,0.128909003338255,1.6733862348904678,0.0,0.0,4.0,2.0,6.0,3.0,3.087672804963213,1.0
180.0,0.85,0.172093860010069,-0.8818360767168426,-0.8777072768338513,0.0006599297616708829,-0.002404185850746007,-0.012979969649918266,-0.5277732312192112,2.4318607118346676e-11,1.20320346365205,1.9054769237199445,0.0,0.0,4.0,2.0,2.0555841753061643,1.0,6.732349249598787e-32,0.13286348941041498,1.7247199849610872,0.0,1.0,4.0,2.0,6.0,3.0,3.182392016084369,1.0
180.0,0.9,0.172093860010069,-0.8818360767168426,-0.8777072768338513,0.0006599297616708829,-0.002404185850746007,-0.012979969649918266,-0.5277732312192112,2.4318607118346676e-11,1.20320346365205,1.9054769237199445,0.0,0.0,4.0,2.0,2.0555841753061643,1.0,1.3276631201763797e-31,0.13667656007152465,1.7742180013271176,1.0,1.0,4.0,2.0,6.0,3.0,3.2737239966196467,1.0
180.0,0.95,0.172093860010069,-0.8818360767168426,-0.8777072768338513,0.0006599297616708829,-0.002404185850746007,-0.012979969649918266,-0.5277732312192112,2.4318607118346676e-11,1.20320346365205,1.9054769237199445,0.0,0.0,4.0,2.0,2.0555841753061643,1.0,3.337897585274792e-31,0.1420289096269923,1.8436976174788295,1.0,1.0,4.0,2.0,6.0,3.0,3.4019253148914963,1.0
181.0,0.4,0.5979693737199979,0.8093837641811095,0.8106301526604712,0.00048267900522235273,0.0019252213087880485,0.12289473547956348,0.7397435596803135,3.922629700061235e-14,1.0063607041721834,1.660110627623645,1.0,1.0,6.0,3.0,1.9634656426612267,1.0,4.9447946054603804e-33,0.15524136521600615,1.700297376875671,1.0,1.0,4.0,2.0,6.0,3.0,3.153269739017478,1.0
181.0,0.45,0.5979693737199979,0.8093837641811095,0.8106301526604712,0.00048267900522235273,0.0019252213087880485,0.12289473547956348,0.7397435596803135,3.922629700061235e-14,1.0063607041721834,1.660110627623645,1.0,1.0,6.0,3.0,1.9634656426612267,1.0,8.45937736279631e-33,0.15875364636231037,1.7387660054631708,1.0,1.0,4.0,2.0,6.0,3.0,3.224611354946663,1.0
181.0,0.5,0.5979693737199979,0.8093837641811095,0.8106301526604712,0.00048267900522235273,0.0019252213087880485,0.12289473547956348,0.7397435596803135,3.922629700061235e-14,1.0063607041721834,1.660110627623645,1.0,1.0,6.0,3.0,1.9634656426612267,1.0,1.3849294356374967e-32,0.16204815642431641,1.774849473350259,1.0,1.0,4.0,2.0,6.0,3.0,3.291529594611446,1.0
181.0,0.55,0.5979693737199979,0.8093837641811095,0.8106301526604712,0.00048267900522235273,0.0019252213087880485,0.12289473547956348,0.7397435596803135,8.084080342031557e-14,1.0371443955219093,1.7108919557849067,1.0,1.0,6.0,3.0,2.023526334686353,1.0,1.7407383456571396e-32,0.16359944962946732,1.791840175305328,1.0,1.0,4.0,2.0,6.0,3.0,3.323039533430519,1.0
181.0,0.6,0.5979693737199979,0.8093837641811095,0.8106301526604712,0.00048267900522235273,0.0019252213087880485,0.12289473547956348,0.7397435596803135,8.084080342031557e-14,1.0371443955219093,1.7108919557849067,1.0,1.0,6.0,3.0,2.023526334686353,1.0,2.581861456557568e-32,0.16630876871706995,1.821514277509725,1.0,1.0,4.0,2.0,6.0,3.0,3.378071347150995,1.0
181.0,0.65,0.5979693737199979,0.8093837641811095,0.8106301526604712,0.00048267900522235273,0.0019252213087880485,0.12289473547956348,0.7397435596803135,8.084080342031557e-14,1.0371443955219093,1.7108919557849067,1.0,1.0,6.0,3.0,2.023526334686353,1.0,4.0848274079151047e-32,0.16951840103363752,1.8566681129646103,1.0,1.0,4.0,2.0,6.0,3.0,3.4432655461528086,1.0
181.0,0.7,0.5979693737199979,0.8093837641811095,0.8106301526604712,0.00048267900522235273,0.0019252213087880485,0.12289473547956348,0.7397435596803135,8.084080342031557e-14,1.0371443955219093,1.7108919557849067,1.0,1.0,6.0,3.0,2.023526334686353,1.0,6.261855060749934e-32,0.17256282215564986,1.8900124554384083,1.0,1.0,4.0,2.0,6.0,3.0,3.5051039677842417,1.0
181.0,0.75,0.5979693737199979,0.8093837641811095,0.8106301526604712,0.00048267900522235273,0.0019252213087880485,0.12289473547956348,0.7397435596803135,8.084080342031557e-14,1.0371443955219093,1.7108919557849067,1.0,1.0,6.0,3.0,2.023526334686353,1.0,1.2797433806710953e-31,0.17777938376079602,1.947147394964345,1.0,1.0,4.0,2.0,6.0,3.0,3.6110630066547142,1.0
181.0,0.8,0.5979693737199979,0.8093837641811095,0.8106301526604712,0.00048267900522235273,0.0019252213087880485,0.12289473547956348,0.7397435596803135,8.084080342031557e-14,1.0371443955219093,1.7108919557849067,1.0,1.0,6.0,3.0,2.023526334686353,1.0,2.3262868878666676e-31,0.18226176810210853,1.9962411808060097,1.0,1.0,4.0,2.0,6.0,3.0,3.7021094032284623,1.0
181.0,0.85,0.5979693737199979,0.8093837641811095,0.8106301526604712,0.00048267900522235273,0.0019252213087880485,0.12289473547956348,0.7397435596803135,8.084080342031557e-14,1.0371443955219093,1.7108919557849067,1.0,1.0,6.0,3.0,2.023526334686353,1.0,3.915048581249068e-31,0.18625816676260207,2.040012157374863,1.0,1.0,4.0,2.0,6.0,3.0,3.783284436336745,1.0
181.0,0.9,0.5979693737199979,0.8093837641811095,0.8106301526604712,0.00048267900522235273,0.0019252213087880485,0.12289473547956348,0.7397435596803135,8.084080342031557e-14,1.0371443955219093,1.7108919557849067,1.0,1.0,6.0,3.0,2.023526334686353,1.0,7.969406882875384e-31,0.19185687190899162,2.101332564220428,1.0,1.0,4.0,2.0,6.0,3.0,3.897005592365145,1.0
181.0,0.95,0.5979693737199979,0.8093837641811095,0.8106301526604712,0.00048267900522235273,0.0019252213087880485,0.12289473547956348,0.7397435596803135,8.084080342031557e-14,1.0371443955219093,1.7108919557849067,1.0,1.0,6.0,3.0,2.023526334686353,1.0,1.5097882990590184e-30,0.19703321551520864,2.1580270118839846,1.0,1.0,4.0,2.0,6.0,3.0,4.0021477213945404,1.0
182.0,0.4,-0.04567551361285749,1.3069165911837075,0.0873907590764928,-0.000966225515509953,0.005327638669756203,-0.4089007706026328,0.043035668180042785,1.8773346954641062e-15,0.798933117304778,1.6478073990519162,0.0,0.0,5.0,2.0,0.5514327447448081,1.0,9.560616863477156e-30,0.24888904108219725,1.8326954399180342,0.0,1.0,5.0,2.0,6.0,3.0,1.1355188773846148,1.0
182.0,0.45,-0.04567551361285749,1.3069165911837075,0.0873907590764928,-0.000966225515509953,0.005327638669756203,-0.4089007706026328,0.043035668180042785,1.8773346954641062e-15,0.798933117304778,1.6478073990519162,0.0,0.0,5.0,2.0,0.5514327447448081,1.0,1.1615011067814567e-29,0.25091580180126927,1.847619500501407,0.0,1.0,5.0,2.0,6.0,3.0,1.1447656688320842,1.0
182.0,0.5,-0.04567551361285749,1.3069165911837075,0.0873907590764928,-0.000966225515509953,0.005327638669756203,-0.4089007706026328,0.043035668180042785,1.8773346954641062e-15,0.798933117304778,1.6478073990519162,0.0,0.0,5.0,2.0,0.5514327447448081,1.0,1.6593058758787905e-29,0.25467274154218383,1.8752837411657726,0.0,1.0,5.0,2.0,6.0,3.0,1.1619061422673782,1.0
182.0,0.55,-0.04567551361285749,1.3069165911837075,0.0873907590764928,-0.000966225515509953,0.005327638669756203,-0.4089007706026328,0.043035668180042785,1.7139468667856194e-14,0.8760510393318726,1.8068638704427225,0.0,0.0,5.0,2.0,0.6046604136088517,1.0,2.474494947418952e-29,0.25894893855859885,1.906771534835188,1.0,1.0,5.0,2.0,6.0,3.0,1.1814156490517747,1.0
182.0,0.6,-0.04567551361285749,1.3069165911837075,0.0873907590764928,-0.000966225515509953,0.005327638669756203,-0.4089007706026328,0.043035668180042785,1.7139468667856194e-14,0.8760510393318726,1.8068638704427225,0.0,0.0,5.0,2.0,0.6046604136088517,1.0,3.236184392343307e-29,0.2618606533696505,1.9282119583803683,1.0,1.0,5.0,2.0,6.0,3.0,1.194699910661419,1.0
182.0,0.65,-0.04567551361285749,1.3069165911837075,0.0873907590764928,-0.000966225515509953,0.005327638669756203,-0.4089007706026328,0.043035668180042785,1.7139468667856194e-14,0.8760510393318726,1.8068638704427225,0.0,0.0,5.0,2.0,0.6046604136088517,1.0,3.8901970883660506e-29,0.2638766801450231,1.943056979526791,1.0,1.0,5.0,2.0,6.0,3.0,1.2038977301025429,1.0
182.0,0.7,-0.04567551361285749,1.3069165911837075,0.0873907590764928,-0.000966225515509953,0.005327638669756203,-0.4089007706026328,0.043035668180042785,1.7139468667856194e-14,0.8760510393318726,1.8068638704427225,0.0,0.0,5.0,2.0,0.6046604136088517,1.0,4.822300884328621e-29,0.2662488807108707,1.9605246877902658,1.0,1.0,5.0,2.0,6.0,3.0,1.2147205389805469,1.0
182.0,0.75,-0.04567551361285749,1.3069165911837075,0.0873907590764928,-0.000966225515509953,0.005327638669756203,-0.4089007706026328,0.043035668180042785,1.7139468667856194e-14,0.8760510393318726,1.8068638704427225,0.0,0.0,5.0,2.0,0.6046604136088517,1.0,9.992474867431366e-29,0.2744554793939098,2.020954009701133,1.0,1.0,5.0,2.0,6.0,3.0,1.2521619131896786,1.0
182.0,0.8,-0.04567551361285749,1.3069165911837075,0.0873907590764928,-0.000966225515509953,0.005327638669756203,-0.4089007706026328,0.043035668180042785,1.7139468667856194e-14,0.8760510393318726,1.8068638704427225,0.0,0.0,5.0,2.0,0.6046604136088517,1.0,1.5615998501893364e-28,0.27960886373702554,2.058900975725459,1.0,1.0,5.0,2.0,6.0,3.0,1.2756734554359037,1.0
182.0,0.85,-0.04567551361285749,1.3069165911837075,0.0873907590764928,-0.000966225515509953,0.005327638669756203,-0.4089007706026328,0.043035668180042785,1.7139468667856194e-14,0.8760510393318726,1.8068638704427225,0.0,0.0,5.0,2.0,0.6046604136088517,1.0,2.2494034203021763e-28,0.28389320709545973,2.0904487550166024,1.0,1.0,5.0,2.0,6.0,3.0,1.2952201286825287,1.0
182.0,0.9,-0.04567551361285749,1.3069165911837075,0.0873907590764928,-0.000966225515509953,0.005327638669756203,-0.4089007706026328,0.043035668180042785,1.7139468667856194e-14,0.8760510393318726,1.8068638704427225,0.0,0.0,5.0,2.0,0.6046604136088517,1.0,4.171591629906183e-28,0.29129393064897374,2.144944012218946,1.0,1.0,5.0,2.0,6.0,3.0,1.328984818621386,1.0
182.0,0.95,-0.04567551361285749,1.3069165911837075,0.0873907590764928,-0.000966225515509953,0.005327638669756203,-0.4089007706026328,0.043035668180042785,1.7139468667856194e-14,0.8760510393318726,1.8068638704427225,0.0,0.0,5.0,2.0,0.6046604136088517,1.0,8.226365874635098e-28,0.2996533902165141,2.206498925858357,1.0,1.0,5.0,2.0,6.0,3.0,1.3671235976628489,1.0
183.0,0.4,1.0869498490529315,0.06350031439900017,0.06384185026826278,-0.0011502224039680058,-9.987956485493101e-5,0.13290183614444617,0.4048781831964857,1.08383025219946e-14,0.6837537396706802,1.1138717265649214,1.0,1.0,6.0,3.0,1.4207422635977573,1.0,1.530376823893246e-34,0.09315232514480146,0.969275531065981,1.0,1.0,6.0,3.0,6.0,3.0,2.2081450367129296,1.0
183.0,0.45,1.0869498490529315,0.06350031439900017,0.06384185026826278,-0.0011502224039680058,-9.987956485493101e-5,0.13290183614444617,0.4048781831964857,1.08383025219946e-14,0.6837537396706802,1.1138717265649214,1.0,1.0,6.0,3.0,1.4207422635977573,1.0,2.6743244665727614e-34,0.09534421656646533,0.9920827633972158,1.0,1.0,6.0,3.0,6.0,3.0,2.2601030974080034,1.0
183.0,0.5,1.0869498490529315,0.06350031439900017,0.06384185026826278,-0.0011502224039680058,-9.987956485493101e-5,0.13290183614444617,0.4048781831964857,1.08383025219946e-14,0.6837537396706802,1.1138717265649214,1.0,1.0,6.0,3.0,1.4207422635977573,1.0,3.997849263279492e-34,0.09695492344553237,1.0088426109176347,1.0,1.0,6.0,3.0,6.0,3.0,2.2982843708768357,1.0
183.0,0.55,1.0869498490529315,0.06350031439900017,0.06384185026826278,-0.0011502224039680058,-9.987956485493101e-5,0.13290183614444617,0.4048781831964857,2.565972763576116e-14,0.7087534134585907,1.154597543756227,1.0,1.0,6.0,3.0,1.4726880023424525,1.0,7.195353959199126e-34,0.09935832784916017,1.0338506939265282,1.0,1.0,6.0,3.0,6.0,3.0,2.3552562768044125,1.0
183.0,0.6,1.0869498490529315,0.06350031439900017,0.06384185026826278,-0.0011502224039680058,-9.987956485493101e-5,0.13290183614444617,0.4048781831964857,2.565972763576116e-14,0.7087534134585907,1.154597543756227,1.0,1.0,6.0,3.0,1.4726880023424525,1.0,1.217307415424397e-33,0.10155908473531429,1.056750173851031,1.0,1.0,6.0,3.0,6.0,3.0,2.407424490401002,1.0
183.0,0.65,1.0869498490529315,0.06350031439900017,0.06384185026826278,-0.0011502224039680058,-9.987956485493101e-5,0.13290183614444617,0.4048781831964857,2.565972763576116e-14,0.7087534134585907,1.154597543756227,1.0,1.0,6.0,3.0,1.4726880023424525,1.0,2.189485999182518e-33,0.10407378696673715,1.0829163413304401,1.0,1.0,6.0,3.0,6.0,3.0,2.467034674499958,1.0
183.0,0.7,1.0869498490529315,0.06350031439900017,0.06384185026826278,-0.0011502224039680058,-9.987956485493101e-5,0.13290183614444617,0.4048781831964857,2.565972763576116e-14,0.7087534134585907,1.154597543756227,1.0,1.0,6.0,3.0,1.4726880023424525,1.0,3.3339787865902135e-33,0.10591331268537839,1.1020571117306837,1.0,1.0,6.0,3.0,6.0,3.0,2.5106400228281864,1.0
183.0,0.75,1.0869498490529315,0.06350031439900017,0.06384185026826278,-0.0011502224039680058,-9.987956485493101e-5,0.13290183614444617,0.4048781831964857,2.565972763576116e-14,0.7087534134585907,1.154597543756227,1.0,1.0,6.0,3.0,1.4726880023424525,1.0,4.9153679360305536e-33,0.1076403914541549,1.1200278407296267,1.0,1.0,6.0,3.0,6.0,3.0,2.5515798534267042,1.0
183.0,0.8,1.0869498490529315,0.06350031439900017,0.06384185026826278,-0.0011502224039680058,-9.987956485493101e-5,0.13290183614444617,0.4048781831964857,2.565972763576116e-14,0.7087534134585907,1.154597543756227,1.0,1.0,6.0,3.0,1.4726880023424525,1.0,8.87478706169897e-33,0.11032324175009221,1.1479436350087595,1.0,1.0,6.0,3.0,6.0,3.0,2.615175931742613,1.0
183.0,0.85,1.0869498490529315,0.06350031439900017,0.06384185026826278,-0.0011502224039680058,-9.987956485493101e-5,0.13290183614444617,0.4048781831964857,2.565972763576116e-14,0.7087534134585907,1.154597543756227,1.0,1.0,6.0,3.0,1.4726880023424525,1.0,1.508417413019833e-32,0.11278867580757247,1.1735971536048615,1.0,1.0,6.0,3.0,6.0,3.0,2.67361823008466,1.0
183.0,0.9,1.0869498490529315,0.06350031439900017,0.06384185026826278,-0.0011502224039680058,-9.987956485493101e-5,0.13290183614444617,0.4048781831964857,2.565972763576116e-14,0.7087534134585907,1.154597543756227,1.0,1.0,6.0,3.0,1.4726880023424525,1.0,2.924302625042043e-32,0.1159430436348131,1.2064192173179618,1.0,1.0,6.0,3.0,6.0,3.0,2.7483914754208465,1.0
183.0,0.95,1.0869498490529315,0.06350031439900017,0.06384185026826278,-0.0011502224039680058,-9.987956485493101e-5,0.13290183614444617,0.4048781831964857,2.565972763576116e-14,0.7087534134585907,1.154597543756227,1.0,1.0,6.0,3.0,1.4726880023424525,1.0,6.356467092851102e-32,0.11975521246696548,1.2460858811779771,1.0,1.0,6.0,3.0,6.0,3.0,2.8387576758645174,1.0
184.0,0.4,-0.1306243031500154,0.0962792692014664,0.0922206483467769,0.0005957680352129526,-0.002162268856428112,0.16378331433023757,0.01793933118117952,3.0250707697565505e-16,0.6692811063822832,0.8927282668963651,1.0,1.0,6.0,3.0,0.771706931280676,1.0,2.2270739383622988e-35,0.08636360354644633,0.7920984566366075,0.0,1.0,4.0,2.0,6.0,3.0,1.2541016971745331,1.0
184.0,0.45,-0.1306243031500154,0.0962792692014664,0.0922206483467769,0.0005957680352129526,-0.002162268856428112,0.16378331433023757,0.01793933118117952,3.0250707697565505e-16,0.6692811063822832,0.8927282668963651,1.0,1.0,6.0,3.0,0.771706931280676,1.0,4.5678437429244266e-35,0.08898765865497714,0.816165423695003,0.0,1.0,4.0,2.0,6.0,3.0,1.2922060817758327,1.0
184.0,0.5,-0.1306243031500154,0.0962792692014664,0.0922206483467769,0.0005957680352129526,-0.002162268856428112,0.16378331433023757,0.01793933118117952,3.0250707697565505e-16,0.6692811063822832,0.8927282668963651,1.0,1.0,6.0,3.0,0.771706931280676,1.0,6.189197816246183e-35,0.09012111932003555,0.8265611506746933,0.0,1.0,4.0,2.0,6.0,3.0,1.3086652715891185,1.0
184.0,0.55,-0.1306243031500154,0.0962792692014664,0.0922206483467769,0.0005957680352129526,-0.002162268856428112,0.16378331433023757,0.01793933118117952,1.3266325011369803e-15,0.7118019838262105,0.9494452261313505,1.0,1.0,6.0,3.0,0.8207351430958653,1.0,7.80832929856076e-35,0.09099797618668778,0.8346033923395275,0.0,1.0,4.0,2.0,6.0,3.0,1.321398270670801,1.0
184.0,0.6,-0.1306243031500154,0.0962792692014664,0.0922206483467769,0.0005957680352129526,-0.002162268856428112,0.16378331433023757,0.01793933118117952,1.3266325011369803e-15,0.7118019838262105,0.9494452261313505,1.0,1.0,6.0,3.0,0.8207351430958653,1.0,1.2679511973345294e-34,0.09285481257105359,0.8516336825762225,0.0,1.0,4.0,2.0,6.0,3.0,1.3483617317282848,1.0
184.0,0.65,-0.1306243031500154,0.0962792692014664,0.0922206483467769,0.0005957680352129526,-0.002162268856428112,0.16378331433023757,0.01793933118117952,1.3266325011369803e-15,0.7118019838262105,0.9494452261313505,1.0,1.0,6.0,3.0,0.8207351430958653,1.0,1.7591841735307745e-34,0.09413037376810397,0.8633327087173187,0.0,1.0,4.0,2.0,6.0,3.0,1.3668843893801341,1.0
184.0,0.7,-0.1306243031500154,0.0962792692014664,0.0922206483467769,0.0005957680352129526,-0.002162268856428112,0.16378331433023757,0.01793933118117952,1.3266325011369803e-15,0.7118019838262105,0.9494452261313505,1.0,1.0,6.0,3.0,0.8207351430958653,1.0,2.6954490923054727e-34,0.09581895773322076,0.8788198433173822,0.0,1.0,4.0,2.0,6.0,3.0,1.3914046262567221,1.0
184.0,0.75,-0.1306243031500154,0.0962792692014664,0.0922206483467769,0.0005957680352129526,-0.002162268856428112,0.16378331433023757,0.01793933118117952,1.3266325011369803e-15,0.7118019838262105,0.9494452261313505,1.0,1.0,6.0,3.0,0.8207351430958653,1.0,4.776459055167282e-34,0.0981306248900686,0.9000216912255923,0.0,1.0,4.0,2.0,6.0,3.0,1.4249727682246107,1.0
184.0,0.8,-0.1306243031500154,0.0962792692014664,0.0922206483467769,0.0005957680352129526,-0.002162268856428112,0.16378331433023757,0.01793933118117952,1.3266325011369803e-15,0.7118019838262105,0.9494452261313505,1.0,1.0,6.0,3.0,0.8207351430958653,1.0,7.456674196322784e-34,0.09996881111757507,0.9168809283813867,1.0,1.0,4.0,2.0,6.0,3.0,1.451665406940166,1.0
184.0,0.85,-0.1306243031500154,0.0962792692014664,0.0922206483467769,0.0005957680352129526,-0.002162268856428112,0.16378331433023757,0.01793933118117952,1.3266325011369803e-15,0.7118019838262105,0.9494452261313505,1.0,1.0,6.0,3.0,0.8207351430958653,1.0,1.6457009254006417e-33,0.1033212773497665,0.9476286417629508,1.0,1.0,4.0,2.0,6.0,3.0,1.500347182814079,1.0
184.0,0.9,-0.1306243031500154,0.0962792692014664,0.0922206483467769,0.0005957680352129526,-0.002162268856428112,0.16378331433023757,0.01793933118117952,1.3266325011369803e-15,0.7118019838262105,0.9494452261313505,1.0,1.0,6.0,3.0,0.8207351430958653,1.0,3.556824953720538e-33,0.10669303823601481,0.9785533193409149,1.0,1.0,4.0,2.0,6.0,3.0,1.5493091398917105,1.0
184.0,0.95,-0.1306243031500154,0.0962792692014664,0.0922206483467769,0.0005957680352129526,-0.002162268856428112,0.16378331433023757,0.01793933118117952,1.3266325011369803e-15,0.7118019838262105,0.9494452261313505,1.0,1.0,6.0,3.0,0.8207351430958653,1.0,1.5707628900008757e-32,0.11350450219061857,1.041025817758329,1.0,1.0,6.0,3.0,6.0,3.0,1.6482196549111272,1.0
185.0,0.4,-0.10911586651036376,1.1710128594314948,1.1557640643292162,-0.00343798226131554,-0.002525828738653651,0.1607659450134793,0.7341377540493563,1.13383665738293e-13,0.9910310793396717,1.3280392272812587,1.0,1.0,6.0,3.0,1.8779354698985355,1.0,2.510815907367304e-30,0.259372000847274,1.3940172614947846,1.0,1.0,4.0,2.0,6.0,3.0,3.173405145682699,1.0
185.0,0.45,-0.10911586651036376,1.1710128594314948,1.1557640643292162,-0.00343798226131554,-0.002525828738653651,0.1607659450134793,0.7341377540493563,1.13383665738293e-13,0.9910310793396717,1.3280392272812587,1.0,1.0,6.0,3.0,1.8779354698985355,1.0,3.639358555482313e-30,0.26341480139668355,1.4157456428630417,1.0,1.0,5.0,2.0,6.0,3.0,3.222868634511702,1.0
185.0,0.5,-0.10911586651036376,1.1710128594314948,1.1557640643292162,-0.00343798226131554,-0.002525828738653651,0.1607659450134793,0.7341377540493563,1.13383665738293e-13,0.9910310793396717,1.3280392272812587,1.0,1.0,6.0,3.0,1.8779354698985355,1.0,5.430913526498586e-30,0.26784518463515683,1.4395571209304276,1.0,1.0,5.0,2.0,6.0,3.0,3.2770741806785613,1.0
185.0,0.55,-0.10911586651036376,1.1710128594314948,1.1557640643292162,-0.00343798226131554,-0.002525828738653651,0.1607659450134793,0.7341377540493563,7.488339981715553e-13,1.0721290622349675,1.436715236322367,1.0,1.0,6.0,3.0,2.031610548098683,1.0,7.958877583429511e-30,0.27214454404518507,1.4626644000946059,1.0,1.0,5.0,2.0,6.0,3.0,3.3296766560049424,1.0
185.0,0.6,-0.10911586651036376,1.1710128594314948,1.1557640643292162,-0.00343798226131554,-0.002525828738653651,0.1607659450134793,0.7341377540493563,7.488339981715553e-13,1.0721290622349675,1.436715236322367,1.0,1.0,6.0,3.0,2.031610548098683,1.0,1.335833693805968e-29,0.2780804701511863,1.4945675485751377,1.0,1.0,5.0,2.0,6.0,3.0,3.4023024536532693,1.0
185.0,0.65,-0.10911586651036376,1.1710128594314948,1.1557640643292162,-0.00343798226131554,-0.002525828738653651,0.1607659450134793,0.7341377540493563,7.488339981715553e-13,1.0721290622349675,1.436715236322367,1.0,1.0,6.0,3.0,2.031610548098683,1.0,1.8559829029947733e-29,0.28191707975470726,1.515187738863426,1.0,1.0,5.0,2.0,6.0,3.0,3.449243205230223,1.0
185.0,0.7,-0.10911586651036376,1.1710128594314948,1.1557640643292162,-0.00343798226131554,-0.002525828738653651,0.1607659450134793,0.7341377540493563,7.488339981715553e-13,1.0721290622349675,1.436715236322367,1.0,1.0,6.0,3.0,2.031610548098683,1.0,2.592162810624451e-29,0.28586878387144893,1.5364265145719176,1.0,1.0,5.0,2.0,6.0,3.0,3.4975921331689324,1.0
185.0,0.75,-0.10911586651036376,1.1710128594314948,1.1557640643292162,-0.00343798226131554,-0.002525828738653651,0.1607659450134793,0.7341377540493563,7.488339981715553e-13,1.0721290622349675,1.436715236322367,1.0,1.0,6.0,3.0,2.031610548098683,1.0,4.377656737915755e-29,0.29217914261156774,1.5703420836434223,1.0,1.0,5.0,2.0,6.0,3.0,3.574799097804982,1.0
185.0,0.8,-0.10911586651036376,1.1710128594314948,1.1557640643292162,-0.00343798226131554,-0.002525828738653651,0.1607659450134793,0.7341377540493563,7.488339981715553e-13,1.0721290622349675,1.436715236322367,1.0,1.0,6.0,3.0,2.031610548098683,1.0,9.057438553126068e-29,0.3011660624137949,1.6186430617407102,1.0,1.0,5.0,2.0,6.0,3.0,3.6847536705848634,1.0
185.0,0.85,-0.10911586651036376,1.1710128594314948,1.1557640643292162,-0.00343798226131554,-0.002525828738653651,0.1607659450134793,0.7341377540493563,7.488339981715553e-13,1.0721290622349675,1.436715236322367,1.0,1.0,6.0,3.0,2.031610548098683,1.0,1.4986206965668292e-28,0.3075515791040238,1.6529625737183489,1.0,1.0,5.0,2.0,6.0,3.0,3.7628801894705592,1.0
185.0,0.9,-0.10911586651036376,1.1710128594314948,1.1557640643292162,-0.00343798226131554,-0.002525828738653651,0.1607659450134793,0.7341377540493563,7.488339981715553e-13,1.0721290622349675,1.436715236322367,1.0,1.0,6.0,3.0,2.031610548098683,1.0,2.9948223944505066e-28,0.3165528786977226,1.7013408372491559,1.0,1.0,5.0,2.0,6.0,3.0,3.873010698373465,1.0
185.0,0.95,-0.10911586651036376,1.1710128594314948,1.1557640643292162,-0.00343798226131554,-0.002525828738653651,0.1607659450134793,0.7341377540493563,7.488339981715553e-13,1.0721290622349675,1.436715236322367,1.0,1.0,6.0,3.0,2.031610548098683,1.0,9.220660321141424e-28,0.3317385104426535,1.7829573290446672,1.0,1.0,6.0,3.0,6.0,3.0,4.058806242080521,1.0
186.0,0.4,-0.4643951694080761,1.12996158936065,1.132469646217257,-0.00035450583238112043,0.0004912696406056467,0.0990067516258632,0.6001817076754794,1.5942046702285026e-16,0.7291071575635345,1.0046378815422978,0.0,0.0,4.0,2.0,1.2592764704493755,1.0,3.823206365871795e-34,0.10720891626403008,1.2228749719761165,0.0,0.0,4.0,2.0,6.0,3.0,2.5857575664426395,1.0
186.0,0.45,-0.4643951694080761,1.12996158936065,1.132469646217257,-0.00035450583238112043,0.0004912696406056467,0.0990067516258632,0.6001817076754794,1.5942046702285026e-16,0.7291071575635345,1.0046378815422978,0.0,0.0,4.0,2.0,1.2592764704493755,1.0,6.409855574709088e-34,0.10954227601079701,1.249490363068314,0.0,0.0,4.0,2.0,6.0,3.0,2.642035559269057,1.0
186.0,0.5,-0.4643951694080761,1.12996158936065,1.132469646217257,-0.00035450583238112043,0.0004912696406056467,0.0990067516258632,0.6001817076754794,1.5942046702285026e-16,0.7291071575635345,1.0046378815422978,0.0,0.0,4.0,2.0,1.2592764704493755,1.0,9.741623641780732e-34,0.11146950079154798,1.2714731890484627,0.0,0.0,4.0,2.0,6.0,3.0,2.688518036965128,1.0
186.0,0.55,-0.4643951694080761,1.12996158936065,1.132469646217257,-0.00035450583238112043,0.0004912696406056467,0.0990067516258632,0.6001817076754794,4.506177150948377e-12,1.1175338910025112,1.539851679086898,1.0,1.0,6.0,3.0,1.9301471934138412,1.0,1.3982610185971305e-33,0.1131607786519187,1.2907646942532274,0.0,0.0,4.0,2.0,6.0,3.0,2.7293097423270263,1.0
186.0,0.6,-0.4643951694080761,1.12996158936065,1.132469646217257,-0.00035450583238112043,0.0004912696406056467,0.0990067516258632,0.6001817076754794,4.506177150948377e-12,1.1175338910025112,1.539851679086898,1.0,1.0,6.0,3.0,1.9301471934138412,1.0,2.8990967428254498e-33,0.11665159898937956,1.330582621447202,0.0,0.0,4.0,2.0,6.0,3.0,2.8135043729158773,1.0
186.0,0.65,-0.4643951694080761,1.12996158936065,1.132469646217257,-0.00035450583238112043,0.0004912696406056467,0.0990067516258632,0.6001817076754794,4.506177150948377e-12,1.1175338910025112,1.539851679086898,1.0,1.0,6.0,3.0,1.9301471934138412,1.0,3.8436476543979395e-33,0.11803045068646958,1.3463104479116126,0.0,0.0,4.0,2.0,6.0,3.0,2.846760713274473,1.0
186.0,0.7,-0.4643951694080761,1.12996158936065,1.132469646217257,-0.00035450583238112043,0.0004912696406056467,0.0990067516258632,0.6001817076754794,4.506177150948377e-12,1.1175338910025112,1.539851679086898,1.0,1.0,6.0,3.0,1.9301471934138412,1.0,6.089320806944929e-33,0.12031509519073641,1.37237017019488,0.0,0.0,4.0,2.0,6.0,3.0,2.9018637496580397,1.0
186.0,0.75,-0.4643951694080761,1.12996158936065,1.132469646217257,-0.00035450583238112043,0.0004912696406056467,0.0990067516258632,0.6001817076754794,4.506177150948377e-12,1.1175338910025112,1.539851679086898,1.0,1.0,6.0,3.0,1.9301471934138412,1.0,9.643635699640633e-33,0.12264215785800416,1.3989137338571918,0.0,0.0,4.0,2.0,6.0,3.0,2.957989864063067,1.0
186.0,0.8,-0.4643951694080761,1.12996158936065,1.132469646217257,-0.00035450583238112043,0.0004912696406056467,0.0990067516258632,0.6001817076754794,4.506177150948377e-12,1.1175338910025112,1.539851679086898,1.0,1.0,6.0,3.0,1.9301471934138412,1.0,1.5076227324049677e-32,0.12494684037474413,1.425202019069695,1.0,1.0,4.0,2.0,6.0,3.0,3.013576194599528,1.0
186.0,0.85,-0.4643951694080761,1.12996158936065,1.132469646217257,-0.00035450583238112043,0.0004912696406056467,0.0990067516258632,0.6001817076754794,4.506177150948377e-12,1.1175338910025112,1.539851679086898,1.0,1.0,6.0,3.0,1.9301471934138412,1.0,2.2726530826965962e-32,0.12710187710430898,1.449783374540017,1.0,1.0,4.0,2.0,6.0,3.0,3.0655532383344974,1.0
186.0,0.9,-0.4643951694080761,1.12996158936065,1.132469646217257,-0.00035450583238112043,0.0004912696406056467,0.0990067516258632,0.6001817076754794,4.506177150948377e-12,1.1175338910025112,1.539851679086898,1.0,1.0,6.0,3.0,1.9301471934138412,1.0,3.1312412416825334e-32,0.12881050179329984,1.4692727457740444,1.0,1.0,4.0,2.0,6.0,3.0,3.106763329544526,1.0
186.0,0.95,-0.4643951694080761,1.12996158936065,1.132469646217257,-0.00035450583238112043,0.0004912696406056467,0.0990067516258632,0.6001817076754794,4.506177150948377e-12,1.1175338910025112,1.539851679086898,1.0,1.0,6.0,3.0,1.9301471934138412,1.0,8.92915608098569e-32,0.13455923745428888,1.5348455097316325,1.0,1.0,4.0,2.0,6.0,3.0,3.245416318968207,1.0
187.0,0.4,0.22159654127906048,0.08430059040799814,0.08468363637458326,0.0003045929967304213,-0.0023583798422476985,0.34971524564040096,0.13032160467607573,1.3447298403351514e-14,0.6818998044189962,0.9586351977922852,1.0,1.0,6.0,3.0,0.6956641369963721,1.0,1.543506988939669e-33,0.09080439599526907,0.8073301853576944,0.0,1.0,4.0,2.0,6.0,3.0,1.1194026190645678,1.0
187.0,0.45,0.22159654127906048,0.08430059040799814,0.08468363637458326,0.0003045929967304213,-0.0023583798422476985,0.34971524564040096,0.13032160467607573,1.3447298403351514e-14,0.6818998044189962,0.9586351977922852,1.0,1.0,6.0,3.0,0.6956641369963721,1.0,1.9786528804736142e-33,0.09174894577530046,0.8157280557541015,0.0,1.0,6.0,3.0,6.0,3.0,1.1310466753463708,1.0
187.0,0.5,0.22159654127906048,0.08430059040799814,0.08468363637458326,0.0003045929967304213,-0.0023583798422476985,0.34971524564040096,0.13032160467607573,1.3447298403351514e-14,0.6818998044189962,0.9586351977922852,1.0,1.0,6.0,3.0,0.6956641369963721,1.0,3.516645246735974e-33,0.09397399840430495,0.8355107119979513,0.0,1.0,6.0,3.0,6.0,3.0,1.1584762916459383,1.0
187.0,0.55,0.22159654127906048,0.08430059040799814,0.08468363637458326,0.0003045929967304213,-0.0023583798422476985,0.34971524564040096,0.13032160467607573,2.2054772350189723e-14,0.6961027988132483,0.9786021933129504,1.0,1.0,6.0,3.0,0.710153822686281,1.0,5.403562719457832e-33,0.09567108305795789,0.850599272997495,0.0,1.0,6.0,3.0,6.0,3.0,1.1793973162863347,1.0
187.0,0.6,0.22159654127906048,0.08430059040799814,0.08468363637458326,0.0003045929967304213,-0.0023583798422476985,0.34971524564040096,0.13032160467607573,2.2054772350189723e-14,0.6961027988132483,0.9786021933129504,1.0,1.0,6.0,3.0,0.710153822686281,1.0,6.445258774477928e-33,0.09637639942403914,0.8568701499338257,0.0,1.0,6.0,3.0,6.0,3.0,1.1880921925509325,1.0
187.0,0.65,0.22159654127906048,0.08430059040799814,0.08468363637458326,0.0003045929967304213,-0.0023583798422476985,0.34971524564040096,0.13032160467607573,2.2054772350189723e-14,0.6961027988132483,0.9786021933129504,1.0,1.0,6.0,3.0,0.710153822686281,1.0,9.261043056693362e-33,0.09784301906661254,0.8699096762134755,0.0,1.0,6.0,3.0,6.0,3.0,1.2061721307639874,1.0
187.0,0.7,0.22159654127906048,0.08430059040799814,0.08468363637458326,0.0003045929967304213,-0.0023583798422476985,0.34971524564040096,0.13032160467607573,2.2054772350189723e-14,0.6961027988132483,0.9786021933129504,1.0,1.0,6.0,3.0,0.710153822686281,1.0,1.5083593270878658e-32,0.09985198806934503,0.887771160776826,0.0,1.0,6.0,3.0,6.0,3.0,1.2309379489672774,1.0
187.0,0.75,0.22159654127906048,0.08430059040799814,0.08468363637458326,0.0003045929967304213,-0.0023583798422476985,0.34971524564040096,0.13032160467607573,2.2054772350189723e-14,0.6961027988132483,0.9786021933129504,1.0,1.0,6.0,3.0,0.710153822686281,1.0,2.602614421132398e-32,0.10214750390864219,0.9081802963447543,0.0,1.0,6.0,3.0,6.0,3.0,1.2592362093592877,1.0
187.0,0.8,0.22159654127906048,0.08430059040799814,0.08468363637458326,0.0003045929967304213,-0.0023583798422476985,0.34971524564040096,0.13032160467607573,2.2054772350189723e-14,0.6961027988132483,0.9786021933129504,1.0,1.0,6.0,3.0,0.710153822686281,1.0,3.769946218174848e-32,0.10373683185060559,0.922310806304276,0.0,1.0,6.0,3.0,6.0,3.0,1.2788288495755065,1.0
187.0,0.85,0.22159654127906048,0.08430059040799814,0.08468363637458326,0.0003045929967304213,-0.0023583798422476985,0.34971524564040096,0.13032160467607573,2.2054772350189723e-14,0.6961027988132483,0.9786021933129504,1.0,1.0,6.0,3.0,0.710153822686281,1.0,6.179107647843177e-32,0.1058947076407546,0.9414962019290721,0.0,1.0,6.0,3.0,6.0,3.0,1.3054303349400986,1.0
187.0,0.9,0.22159654127906048,0.08430059040799814,0.08468363637458326,0.0003045929967304213,-0.0023583798422476985,0.34971524564040096,0.13032160467607573,2.2054772350189723e-14,0.6961027988132483,0.9786021933129504,1.0,1.0,6.0,3.0,0.710153822686281,1.0,9.508682626597688e-32,0.10781371977983877,0.9585578916079636,0.0,1.0,6.0,3.0,6.0,3.0,1.329087198585989,1.0
187.0,0.95,0.22159654127906048,0.08430059040799814,0.08468363637458326,0.0003045929967304213,-0.0023583798422476985,0.34971524564040096,0.13032160467607573,2.2054772350189723e-14,0.6961027988132483,0.9786021933129504,1.0,1.0,6.0,3.0,0.710153822686281,1.0,2.2976909778279964e-31,0.11185090432067567,0.9944519792008911,0.0,1.0,6.0,3.0,6.0,3.0,1.3788560990794763,1.0
188.0,0.4,-0.267987555803044,0.08205355143789944,0.07945665044611033,-0.0010283478816623876,0.002394389016247368,0.13764600781484176,-0.036357751636940994,2.1075262257500713e-14,0.6552773762196787,0.8958818995362385,1.0,1.0,6.0,3.0,0.7096920893373485,1.0,2.4824416264484475e-34,0.0882480245409589,0.7195415558664654,1.0,1.0,5.0,2.0,6.0,3.0,1.0543677469766208,1.0
188.0,0.45,-0.267987555803044,0.08205355143789944,0.07945665044611033,-0.0010283478816623876,0.002394389016247368,0.13764600781484176,-0.036357751636940994,2.1075262257500713e-14,0.6552773762196787,0.8958818995362385,1.0,1.0,6.0,3.0,0.7096920893373485,1.0,3.8324436774172876e-34,0.08985933280602434,0.7326795639075131,1.0,1.0,6.0,3.0,6.0,3.0,1.0736192993366782,1.0
188.0,0.5,-0.267987555803044,0.08205355143789944,0.07945665044611033,-0.0010283478816623876,0.002394389016247368,0.13764600781484176,-0.036357751636940994,2.1075262257500713e-14,0.6552773762196787,0.8958818995362385,1.0,1.0,6.0,3.0,0.7096920893373485,1.0,6.3813143740663875e-34,0.09178878503309185,0.7484115994364194,1.0,1.0,6.0,3.0,6.0,3.0,1.096671964913435,1.0
188.0,0.55,-0.267987555803044,0.08205355143789944,0.07945665044611033,-0.0010283478816623876,0.002394389016247368,0.13764600781484176,-0.036357751636940994,3.202903549663301e-12,0.8078529099764024,1.1044800656949685,1.0,1.0,6.0,3.0,0.8749376071335702,1.0,1.589050710306722e-33,0.0953452595534939,0.777409769345841,1.0,1.0,6.0,3.0,6.0,3.0,1.1391639305609567,1.0
188.0,0.6,-0.267987555803044,0.08205355143789944,0.07945665044611033,-0.0010283478816623876,0.002394389016247368,0.13764600781484176,-0.036357751636940994,3.202903549663301e-12,0.8078529099764024,1.1044800656949685,1.0,1.0,6.0,3.0,0.8749376071335702,1.0,1.9022232764943963e-33,0.09606258319407697,0.7832585594019332,1.0,1.0,6.0,3.0,6.0,3.0,1.1477343536917726,1.0
188.0,0.65,-0.267987555803044,0.08205355143789944,0.07945665044611033,-0.0010283478816623876,0.002394389016247368,0.13764600781484176,-0.036357751636940994,3.202903549663301e-12,0.8078529099764024,1.1044800656949685,1.0,1.0,6.0,3.0,0.8749376071335702,1.0,4.823813181699022e-33,0.09986032354123014,0.8142239210899916,1.0,1.0,6.0,3.0,6.0,3.0,1.1931089097145153,1.0
188.0,0.7,-0.267987555803044,0.08205355143789944,0.07945665044611033,-0.0010283478816623876,0.002394389016247368,0.13764600781484176,-0.036357751636940994,3.202903549663301e-12,0.8078529099764024,1.1044800656949685,1.0,1.0,6.0,3.0,0.8749376071335702,1.0,8.056011847627877e-33,0.10201719293595984,0.8318102315842764,1.0,1.0,6.0,3.0,6.0,3.0,1.218878704971387,1.0
188.0,0.75,-0.267987555803044,0.08205355143789944,0.07945665044611033,-0.0010283478816623876,0.002394389016247368,0.13764600781484176,-0.036357751636940994,3.202903549663301e-12,0.8078529099764024,1.1044800656949685,1.0,1.0,6.0,3.0,0.8749376071335702,1.0,1.6378949482480087e-32,0.10507844016523993,0.8567705024311978,1.0,1.0,6.0,3.0,6.0,3.0,1.2554538052171322,1.0
188.0,0.8,-0.267987555803044,0.08205355143789944,0.07945665044611033,-0.0010283478816623876,0.002394389016247368,0.13764600781484176,-0.036357751636940994,3.202903549663301e-12,0.8078529099764024,1.1044800656949685,1.0,1.0,6.0,3.0,0.8749376071335702,1.0,2.0910852257806363e-32,0.10615338669879697,0.8655352164885638,1.0,1.0,6.0,3.0,6.0,3.0,1.2682970270411038,1.0
188.0,0.85,-0.267987555803044,0.08205355143789944,0.07945665044611033,-0.0010283478816623876,0.002394389016247368,0.13764600781484176,-0.036357751636940994,3.202903549663301e-12,0.8078529099764024,1.1044800656949685,1.0,1.0,6.0,3.0,0.8749376071335702,1.0,3.5627957326953747e-32,0.10853662694182817,0.884967270649485,1.0,1.0,6.0,3.0,6.0,3.0,1.2967714507873551,1.0
188.0,0.9,-0.267987555803044,0.08205355143789944,0.07945665044611033,-0.0010283478816623876,0.002394389016247368,0.13764600781484176,-0.036357751636940994,3.202903549663301e-12,0.8078529099764024,1.1044800656949685,1.0,1.0,6.0,3.0,0.8749376071335702,1.0,7.458779576459779e-32,0.11192991896779395,0.912634911217909,1.0,1.0,6.0,3.0,6.0,3.0,1.3373137483272926,1.0
188.0,0.95,-0.267987555803044,0.08205355143789944,0.07945665044611033,-0.0010283478816623876,0.002394389016247368,0.13764600781484176,-0.036357751636940994,3.202903549663301e-12,0.8078529099764024,1.1044800656949685,1.0,1.0,6.0,3.0,0.8749376071335702,1.0,2.9954914185507044e-31,0.11860541992027498,0.967064462094789,1.0,1.0,6.0,3.0,6.0,3.0,1.4170711472698712,1.0
189.0,0.4,-0.0756338084449375,1.1514382013857563,1.1498493482218253,-0.0023723713869254234,0.0010810354954773446,0.2652488761017515,0.741355295999571,6.309401546256822e-19,0.6298199082750889,0.8420590314452726,0.0,0.0,3.0,1.0,0.9080848905566885,0.0,3.6139599129489645e-33,0.19990474679615408,1.1049041845108587,0.0,0.0,4.0,2.0,6.0,3.0,1.8413357704312545,1.0
189.0,0.45,-0.0756338084449375,1.1514382013857563,1.1498493482218253,-0.0023723713869254234,0.0010810354954773446,0.2652488761017515,0.741355295999571,6.309401546256822e-19,0.6298199082750889,0.8420590314452726,0.0,0.0,3.0,1.0,0.9080848905566885,0.0,4.465153410424123e-33,0.20167418811140375,1.114684157947204,0.0,0.0,4.0,2.0,6.0,3.0,1.8576342107617907,1.0
189.0,0.5,-0.0756338084449375,1.1514382013857563,1.1498493482218253,-0.0023723713869254234,0.0010810354954773446,0.2652488761017515,0.741355295999571,6.309401546256822e-19,0.6298199082750889,0.8420590314452726,0.0,0.0,3.0,1.0,0.9080848905566885,0.0,5.6567704036464047e-33,0.20367176371906737,1.1257250645947834,0.0,0.0,4.0,2.0,6.0,3.0,1.876034011064095,1.0
189.0,0.55,-0.0756338084449375,1.1514382013857563,1.1498493482218253,-0.0023723713869254234,0.0010810354954773446,0.2652488761017515,0.741355295999571,5.842389146922312e-17,0.7606031984947225,1.0169141753437565,0.0,0.0,3.0,1.0,1.0966504284594174,0.0,7.671183356886982e-33,0.20627332365672388,1.1401042852358203,0.0,0.0,4.0,2.0,6.0,3.0,1.8999971507538826,1.0
189.0,0.6,-0.0756338084449375,1.1514382013857563,1.1498493482218253,-0.0023723713869254234,0.0010810354954773446,0.2652488761017515,0.741355295999571,5.842389146922312e-17,0.7606031984947225,1.0169141753437565,0.0,0.0,3.0,1.0,1.0966504284594174,0.0,9.592722375592941e-33,0.20820350964559098,1.150772719128279,0.0,0.0,4.0,2.0,6.0,3.0,1.9177762208452507,1.0
189.0,0.65,-0.0756338084449375,1.1514382013857563,1.1498493482218253,-0.0023723713869254234,0.0010810354954773446,0.2652488761017515,0.741355295999571,5.842389146922312e-17,0.7606031984947225,1.0169141753437565,0.0,0.0,3.0,1.0,1.0966504284594174,0.0,1.4116026859623877e-32,0.21158188780545045,1.169445533183541,0.0,0.0,4.0,2.0,6.0,3.0,1.948894684270916,1.0
189.0,0.7,-0.0756338084449375,1.1514382013857563,1.1498493482218253,-0.0023723713869254234,0.0010810354954773446,0.2652488761017515,0.741355295999571,5.842389146922312e-17,0.7606031984947225,1.0169141753437565,0.0,0.0,3.0,1.0,1.0966504284594174,0.0,1.8262324410159414e-32,0.21386446851141994,1.1820617067058297,0.0,0.0,4.0,2.0,6.0,3.0,1.9699196852784393,1.0
189.0,0.75,-0.0756338084449375,1.1514382013857563,1.1498493482218253,-0.0023723713869254234,0.0010810354954773446,0.2652488761017515,0.741355295999571,5.842389146922312e-17,0.7606031984947225,1.0169141753437565,0.0,0.0,3.0,1.0,1.0966504284594174,0.0,3.015225212843782e-32,0.2183796292793753,1.2070176925251175,0.0,0.0,4.0,2.0,6.0,3.0,2.011509128073221,1.0
189.0,0.8,-0.0756338084449375,1.1514382013857563,1.1498493482218253,-0.0023723713869254234,0.0010810354954773446,0.2652488761017515,0.741355295999571,5.842389146922312e-17,0.7606031984947225,1.0169141753437565,0.0,0.0,3.0,1.0,1.0966504284594174,0.0,4.632486781825253e-32,0.22232214593851068,1.2288085865583862,0.0,0.0,4.0,2.0,6.0,3.0,2.0478239083189846,1.0
189.0,0.85,-0.0756338084449375,1.1514382013857563,1.1498493482218253,-0.0023723713869254234,0.0010810354954773446,0.2652488761017515,0.741355295999571,5.842389146922312e-17,0.7606031984947225,1.0169141753437565,0.0,0.0,3.0,1.0,1.0966504284594174,0.0,8.310466273035828e-32,0.2278023461220747,1.2590984931855238,0.0,1.0,4.0,2.0,6.0,3.0,2.0983023926413704,1.0
189.0,0.9,-0.0756338084449375,1.1514382013857563,1.1498493482218253,-0.0023723713869254234,0.0010810354954773446,0.2652488761017515,0.741355295999571,5.842389146922312e-17,0.7606031984947225,1.0169141753437565,0.0,0.0,3.0,1.0,1.0966504284594174,0.0,1.2755354772195775e-31,0.23190546890624222,1.281777081895633,0.0,1.0,4.0,2.0,6.0,3.0,2.1360965264678344,1.0
189.0,0.95,-0.0756338084449375,1.1514382013857563,1.1498493482218253,-0.0023723713869254234,0.0010810354954773446,0.2652488761017515,0.741355295999571,5.842389146922312e-17,0.7606031984947225,1.0169141753437565,0.0,0.0,3.0,1.0,1.0966504284594174,0.0,3.943721157220643e-31,0.2430729096141445,1.3435012388563499,1.0,1.0,4.0,2.0,6.0,3.0,2.2389605573084785,1.0
190.0,0.4,0.05695780659807126,1.0359375594696407,0.06894976877268905,-0.0011967414618223233,0.002541268533436414,0.21918807599062548,0.06495278138114985,4.12829590229631e-15,0.8512458938597913,1.3223871860074694,1.0,1.0,6.0,3.0,0.7789998083287764,1.0,5.143684985645459e-32,0.20567723220734857,1.35839032795199,1.0,1.0,6.0,3.0,6.0,3.0,1.2874430380908666,1.0
190.0,0.45,0.05695780659807126,1.0359375594696407,0.06894976877268905,-0.0011967414618223233,0.002541268533436414,0.21918807599062548,0.06495278138114985,4.12829590229631e-15,0.8512458938597913,1.3223871860074694,1.0,1.0,6.0,3.0,0.7789998083287764,1.0,8.091394364553229e-32,0.20959653301772932,1.3842752557877964,1.0,1.0,6.0,3.0,6.0,3.0,1.311976023528076,1.0
190.0,0.5,0.05695780659807126,1.0359375594696407,0.06894976877268905,-0.0011967414618223233,0.002541268533436414,0.21918807599062548,0.06495278138114985,4.12829590229631e-15,0.8512458938597913,1.3223871860074694,1.0,1.0,6.0,3.0,0.7789998083287764,1.0,1.259260633801035e-31,0.21349511321054923,1.4100233348038196,1.0,1.0,6.0,3.0,6.0,3.0,1.336379307614596,1.0
190.0,0.55,0.05695780659807126,1.0359375594696407,0.06894976877268905,-0.0011967414618223233,0.002541268533436414,0.21918807599062548,0.06495278138114985,1.1334224953089003e-14,0.8878322274008289,1.3792230533011005,1.0,1.0,6.0,3.0,0.8124810233590075,1.0,1.6181706989332877e-31,0.2157375793321456,1.4248336483112751,1.0,1.0,6.0,3.0,6.0,3.0,1.3504160941145877,1.0
190.0,0.6,0.05695780659807126,1.0359375594696407,0.06894976877268905,-0.0011967414618223233,0.002541268533436414,0.21918807599062548,0.06495278138114985,1.1334224953089003e-14,0.8878322274008289,1.3792230533011005,1.0,1.0,6.0,3.0,0.8124810233590075,1.0,2.27599107131595e-31,0.2188258180368243,1.44522984647974,1.0,1.0,6.0,3.0,6.0,3.0,1.3697470204287518,1.0
190.0,0.65,0.05695780659807126,1.0359375594696407,0.06894976877268905,-0.0011967414618223233,0.002541268533436414,0.21918807599062548,0.06495278138114985,1.1334224953089003e-14,0.8878322274008289,1.3792230533011005,1.0,1.0,6.0,3.0,0.8124810233590075,1.0,3.3696047776641096e-31,0.2224328421639217,1.469052350479595,1.0,1.0,6.0,3.0,6.0,3.0,1.3923253002452338,1.0
190.0,0.7,0.05695780659807126,1.0359375594696407,0.06894976877268905,-0.0011967414618223233,0.002541268533436414,0.21918807599062548,0.06495278138114985,1.1334224953089003e-14,0.8878322274008289,1.3792230533011005,1.0,1.0,6.0,3.0,0.8124810233590075,1.0,5.228011782624558e-31,0.2265411726111545,1.496185720000659,1.0,1.0,6.0,3.0,6.0,3.0,1.418041522579141,1.0
190.0,0.75,0.05695780659807126,1.0359375594696407,0.06894976877268905,-0.0011967414618223233,0.002541268533436414,0.21918807599062548,0.06495278138114985,1.1334224953089003e-14,0.8878322274008289,1.3792230533011005,1.0,1.0,6.0,3.0,0.8124810233590075,1.0,6.340850090786079e-31,0.2283701126691613,1.5082649105777461,1.0,1.0,6.0,3.0,6.0,3.0,1.4294898298103098,1.0
190.0,0.8,0.05695780659807126,1.0359375594696407,0.06894976877268905,-0.0011967414618223233,0.002541268533436414,0.21918807599062548,0.06495278138114985,1.1334224953089003e-14,0.8878322274008289,1.3792230533011005,1.0,1.0,6.0,3.0,0.8124810233590075,1.0,1.1298029304029275e-30,0.23393304109277002,1.5450051374109295,1.0,1.0,6.0,3.0,6.0,3.0,1.4643111534614992,1.0
190.0,0.85,0.05695780659807126,1.0359375594696407,0.06894976877268905,-0.0011967414618223233,0.002541268533436414,0.21918807599062548,0.06495278138114985,1.1334224953089003e-14,0.8878322274008289,1.3792230533011005,1.0,1.0,6.0,3.0,0.8124810233590075,1.0,1.9933175445778456e-30,0.23953306665465493,1.5819903714006576,1.0,1.0,6.0,3.0,6.0,3.0,1.499364687804627,1.0
190.0,0.9,0.05695780659807126,1.0359375594696407,0.06894976877268905,-0.0011967414618223233,0.002541268533436414,0.21918807599062548,0.06495278138114985,1.1334224953089003e-14,0.8878322274008289,1.3792230533011005,1.0,1.0,6.0,3.0,0.8124810233590075,1.0,4.092006482853837e-30,0.24682006781085405,1.6301171950851419,1.0,1.0,6.0,3.0,6.0,3.0,1.5449778983988398,1.0
190.0,0.95,0.05695780659807126,1.0359375594696407,0.06894976877268905,-0.0011967414618223233,0.002541268533436414,0.21918807599062548,0.06495278138114985,1.1334224953089003e-14,0.8878322274008289,1.3792230533011005,1.0,1.0,6.0,3.0,0.8124810233590075,1.0,8.513029009648592e-30,0.25447002099524174,1.6806411267008767,1.0,1.0,6.0,3.0,6.0,3.0,1.5928630185128256,1.0
191.0,0.4,2.1992986972175643,0.970818225576036,0.8903697711166327,0.002444644236084052,-0.003440077267801,-0.22495193179331102,1.32667974648361,1.3737452293758378e-13,1.2038354511186442,2.388939969743036,0.0,0.0,5.0,2.0,3.4548612316608502,1.0,7.206459703574847e-30,0.2824514575781332,2.378062762815371,0.0,1.0,4.0,2.0,6.0,3.0,6.593734723779802,1.0
191.0,0.45,2.1992986972175643,0.970818225576036,0.8903697711166327,0.002444644236084052,-0.003440077267801,-0.22495193179331102,1.32667974648361,1.3737452293758378e-13,1.2038354511186442,2.388939969743036,0.0,0.0,5.0,2.0,3.4548612316608502,1.0,9.243076535477288e-30,0.285395920765393,2.402853281944366,0.0,1.0,4.0,2.0,6.0,3.0,6.662472231198597,1.0
191.0,0.5,2.1992986972175643,0.970818225576036,0.8903697711166327,0.002444644236084052,-0.003440077267801,-0.22495193179331102,1.32667974648361,1.3737452293758378e-13,1.2038354511186442,2.388939969743036,0.0,0.0,5.0,2.0,3.4548612316608502,1.0,1.3582500531709653e-29,0.2900099469768701,2.441700466569471,0.0,1.0,4.0,2.0,6.0,3.0,6.770185128515233,1.0
191.0,0.55,2.1992986972175643,0.970818225576036,0.8903697711166327,0.002444644236084052,-0.003440077267801,-0.22495193179331102,1.32667974648361,1.387244988308157e-13,1.2043260640265543,2.3899135619264933,0.0,0.0,5.0,2.0,3.4562692309964036,1.0,2.1457633424768717e-29,0.2955888045075856,2.4886709211268765,0.0,1.0,4.0,2.0,6.0,3.0,6.900421689992785,1.0
191.0,0.6,2.1992986972175643,0.970818225576036,0.8903697711166327,0.002444644236084052,-0.003440077267801,-0.22495193179331102,1.32667974648361,1.387244988308157e-13,1.2043260640265543,2.3899135619264933,0.0,0.0,5.0,2.0,3.4562692309964036,1.0,2.712779528660214e-29,0.2984908407615371,2.5131042322913384,1.0,1.0,4.0,2.0,6.0,3.0,6.968168754856325,1.0
191.0,0.65,2.1992986972175643,0.970818225576036,0.8903697711166327,0.002444644236084052,-0.003440077267801,-0.22495193179331102,1.32667974648361,1.387244988308157e-13,1.2043260640265543,2.3899135619264933,0.0,0.0,5.0,2.0,3.4562692309964036,1.0,4.09428761435673e-29,0.3036543471741191,2.5565776929369535,1.0,1.0,4.0,2.0,6.0,3.0,7.088709083523896,1.0
191.0,0.7,2.1992986972175643,0.970818225576036,0.8903697711166327,0.002444644236084052,-0.003440077267801,-0.22495193179331102,1.32667974648361,1.387244988308157e-13,1.2043260640265543,2.3899135619264933,0.0,0.0,5.0,2.0,3.4562692309964036,1.0,6.150848603919833e-29,0.3088476954107629,2.600302402881065,1.0,1.0,4.0,2.0,6.0,3.0,7.209946059584339,1.0
191.0,0.75,2.1992986972175643,0.970818225576036,0.8903697711166327,0.002444644236084052,-0.003440077267801,-0.22495193179331102,1.32667974648361,1.387244988308157e-13,1.2043260640265543,2.3899135619264933,0.0,0.0,5.0,2.0,3.4562692309964036,1.0,9.247698852129508e-29,0.3141401704704714,2.644861698026994,1.0,1.0,4.0,2.0,6.0,3.0,7.333497118145565,1.0
191.0,0.8,2.1992986972175643,0.970818225576036,0.8903697711166327,0.002444644236084052,-0.003440077267801,-0.22495193179331102,1.32667974648361,1.387244988308157e-13,1.2043260640265543,2.3899135619264933,0.0,0.0,5.0,2.0,3.4562692309964036,1.0,1.383245551478899e-28,0.31945489109029934,2.6896082867298814,1.0,1.0,4.0,2.0,6.0,3.0,7.457567491860855,1.0
191.0,0.85,2.1992986972175643,0.970818225576036,0.8903697711166327,0.002444644236084052,-0.003440077267801,-0.22495193179331102,1.32667974648361,1.387244988308157e-13,1.2043260640265543,2.3899135619264933,0.0,0.0,5.0,2.0,3.4562692309964036,1.0,3.3021403572139764e-28,0.3312494904138151,2.788911358819079,1.0,1.0,4.0,2.0,6.0,3.0,7.732908464711112,1.0
191.0,0.9,2.1992986972175643,0.970818225576036,0.8903697711166327,0.002444644236084052,-0.003440077267801,-0.22495193179331102,1.32667974648361,1.387244988308157e-13,1.2043260640265543,2.3899135619264933,0.0,0.0,5.0,2.0,3.4562692309964036,1.0,5.405413578450029e-28,0.3381218816339788,2.8467725495252725,1.0,1.0,4.0,2.0,6.0,3.0,7.893342137145806,1.0
191.0,0.95,2.1992986972175643,0.970818225576036,0.8903697711166327,0.002444644236084052,-0.003440077267801,-0.22495193179331102,1.32667974648361,1.387244988308157e-13,1.2043260640265543,2.3899135619264933,0.0,0.0,5.0,2.0,3.4562692309964036,1.0,1.613922244760525e-27,0.35388909522106093,2.979522523012041,1.0,1.0,4.0,2.0,6.0,3.0,8.261422460107633,1.0
192.0,0.4,4.890012118648334,0.16469818327701982,0.15066843406974345,-0.0001631233127949802,0.0020923704404728193,0.15826995474822597,1.7304499955959405,2.0221847889328526e-16,0.6979368670328999,1.3567913672386775,1.0,1.0,6.0,3.0,3.6660528510103023,1.0,7.126007877907412e-34,0.11719269121494238,1.3201427445161724,0.0,0.0,4.0,2.0,6.0,3.0,6.177250075541825,1.0
192.0,0.45,4.890012118648334,0.16469818327701982,0.15066843406974345,-0.0001631233127949802,0.0020923704404728193,0.15826995474822597,1.7304499955959405,2.0221847889328526e-16,0.6979368670328999,1.3567913672386775,1.0,1.0,6.0,3.0,3.6660528510103023,1.0,1.2070871601223842e-33,0.11979472862084325,1.3494539649237616,0.0,0.0,4.0,2.0,6.0,3.0,6.314403985018006,1.0
192.0,0.5,4.890012118648334,0.16469818327701982,0.15066843406974345,-0.0001631233127949802,0.0020923704404728193,0.15826995474822597,1.7304499955959405,2.0221847889328526e-16,0.6979368670328999,1.3567913672386775,1.0,1.0,6.0,3.0,3.6660528510103023,1.0,2.1509183083484715e-33,0.12271319441249956,1.3823296622051504,0.0,0.0,4.0,2.0,6.0,3.0,6.468236897677291,1.0
192.0,0.55,4.890012118648334,0.16469818327701982,0.15066843406974345,-0.0001631233127949802,0.0020923704404728193,0.15826995474822597,1.7304499955959405,1.0313376258472227e-12,0.9960901386335191,1.9364022233630322,1.0,1.0,6.0,3.0,5.232162485018179,1.0,3.9808921731893956e-33,0.125901561267291,1.4182457191415756,0.0,0.0,4.0,2.0,6.0,3.0,6.636296349085339,1.0
192.0,0.6,4.890012118648334,0.16469818327701982,0.15066843406974345,-0.0001631233127949802,0.0020923704404728193,0.15826995474822597,1.7304499955959405,1.0313376258472227e-12,0.9960901386335191,1.9364022233630322,1.0,1.0,6.0,3.0,5.232162485018179,1.0,6.051291058787187e-33,0.1281176410077414,1.4432092348719134,0.0,0.0,4.0,2.0,6.0,3.0,6.753106353209195,1.0
192.0,0.65,4.890012118648334,0.16469818327701982,0.15066843406974345,-0.0001631233127949802,0.0020923704404728193,0.15826995474822597,1.7304499955959405,1.0313376258472227e-12,0.9960901386335191,1.9364022233630322,1.0,1.0,6.0,3.0,5.232162485018179,1.0,1.10827111030383e-32,0.13138895211204898,1.4800596354782634,0.0,0.0,4.0,2.0,6.0,3.0,6.925537812515328,1.0
192.0,0.7,4.890012118648334,0.16469818327701982,0.15066843406974345,-0.0001631233127949802,0.0020923704404728193,0.15826995474822597,1.7304499955959405,1.0313376258472227e-12,0.9960901386335191,1.9364022233630322,1.0,1.0,6.0,3.0,5.232162485018179,1.0,1.4242014910874265e-32,0.1327692213519176,1.4956079807172116,0.0,0.0,4.0,2.0,6.0,3.0,6.9982920788254,1.0
192.0,0.75,4.890012118648334,0.16469818327701982,0.15066843406974345,-0.0001631233127949802,0.0020923704404728193,0.15826995474822597,1.7304499955959405,1.0313376258472227e-12,0.9960901386335191,1.9364022233630322,1.0,1.0,6.0,3.0,5.232162485018179,1.0,2.625286227874791e-32,0.13619598113004758,1.5342094669651987,0.0,0.0,4.0,2.0,6.0,3.0,7.178917268663334,1.0
192.0,0.8,4.890012118648334,0.16469818327701982,0.15066843406974345,-0.0001631233127949802,0.0020923704404728193,0.15826995474822597,1.7304499955959405,1.0313376258472227e-12,0.9960901386335191,1.9364022233630322,1.0,1.0,6.0,3.0,5.232162485018179,1.0,4.567549241590702e-32,0.1393751667590628,1.5700220999724641,0.0,0.0,4.0,2.0,6.0,3.0,7.346492775833633,1.0
192.0,0.85,4.890012118648334,0.16469818327701982,0.15066843406974345,-0.0001631233127949802,0.0020923704404728193,0.15826995474822597,1.7304499955959405,1.0313376258472227e-12,0.9960901386335191,1.9364022233630322,1.0,1.0,6.0,3.0,5.232162485018179,1.0,1.0860814340604483e-31,0.14449723317825683,1.627720739282889,0.0,0.0,4.0,2.0,6.0,3.0,7.616477916091785,1.0
192.0,0.9,4.890012118648334,0.16469818327701982,0.15066843406974345,-0.0001631233127949802,0.0020923704404728193,0.15826995474822597,1.7304499955959405,1.0313376258472227e-12,0.9960901386335191,1.9364022233630322,1.0,1.0,6.0,3.0,5.232162485018179,1.0,2.2285306404909034e-31,0.14889017504374286,1.6772059953230136,0.0,1.0,4.0,2.0,6.0,3.0,7.848030756026601,1.0
192.0,0.95,4.890012118648334,0.16469818327701982,0.15066843406974345,-0.0001631233127949802,0.0020923704404728193,0.15826995474822597,1.7304499955959405,1.0313376258472227e-12,0.9960901386335191,1.9364022233630322,1.0,1.0,6.0,3.0,5.232162485018179,1.0,5.454884405050714e-31,0.1545484533103204,1.7409449104604409,0.0,1.0,4.0,2.0,6.0,3.0,8.146279729467675,1.0
193.0,0.4,-0.15560009927884,-0.9432685094651555,-1.0209767372110172,0.0015013071316795584,-0.0027317892092466028,-0.05500172333444647,-0.7325175245669582,2.1114268301054293e-18,0.6157101445637922,0.9451346320776444,0.0,0.0,4.0,2.0,0.951613939402907,0.0,5.866420251082509e-34,0.1690770580268794,1.0860637250780467,0.0,0.0,4.0,2.0,4.0,2.0,1.9247547630069846,1.0
193.0,0.45,-0.15560009927884,-0.9432685094651555,-1.0209767372110172,0.0015013071316795584,-0.0027317892092466028,-0.05500172333444647,-0.7325175245669582,2.1114268301054293e-18,0.6157101445637922,0.9451346320776444,0.0,0.0,4.0,2.0,0.951613939402907,0.0,1.1274094198225831e-33,0.1737424212212292,1.1160316094783775,0.0,0.0,4.0,2.0,4.0,2.0,1.9778647480887852,1.0
193.0,0.5,-0.15560009927884,-0.9432685094651555,-1.0209767372110172,0.0015013071316795584,-0.0027317892092466028,-0.05500172333444647,-0.7325175245669582,2.1114268301054293e-18,0.6157101445637922,0.9451346320776444,0.0,0.0,4.0,2.0,0.951613939402907,0.0,2.028840731076567e-33,0.17804828647800916,1.1436902647390996,0.0,0.0,4.0,2.0,4.0,2.0,2.026882247911474,1.0
193.0,0.55,-0.15560009927884,-0.9432685094651555,-1.0209767372110172,0.0015013071316795584,-0.0027317892092466028,-0.05500172333444647,-0.7325175245669582,3.533582123263848e-18,0.6290636742124966,0.9656327243096761,0.0,0.0,4.0,2.0,0.9722525549367469,0.0,2.924461054711649e-33,0.18078166296513423,1.161248064030686,0.0,0.0,4.0,2.0,4.0,2.0,2.0579987073181023,1.0
193.0,0.6,-0.15560009927884,-0.9432685094651555,-1.0209767372110172,0.0015013071316795584,-0.0027317892092466028,-0.05500172333444647,-0.7325175245669582,3.533582123263848e-18,0.6290636742124966,0.9656327243096761,0.0,0.0,4.0,2.0,0.9722525549367469,0.0,5.328032087636938e-33,0.18535718202164567,1.19063883607671,0.0,0.0,4.0,2.0,4.0,2.0,2.110085916546983,1.0
193.0,0.65,-0.15560009927884,-0.9432685094651555,-1.0209767372110172,0.0015013071316795584,-0.0027317892092466028,-0.05500172333444647,-0.7325175245669582,3.533582123263848e-18,0.6290636742124966,0.9656327243096761,0.0,0.0,4.0,2.0,0.9722525549367469,0.0,8.658298698902095e-33,0.1891452722647251,1.2149715719803391,0.0,0.0,4.0,2.0,4.0,2.0,2.153209122161952,1.0
193.0,0.7,-0.15560009927884,-0.9432685094651555,-1.0209767372110172,0.0015013071316795584,-0.0027317892092466028,-0.05500172333444647,-0.7325175245669582,3.533582123263848e-18,0.6290636742124966,0.9656327243096761,0.0,0.0,4.0,2.0,0.9722525549367469,0.0,1.4004886630606648e-32,0.19297340063516633,1.239561492142171,0.0,0.0,4.0,2.0,4.0,2.0,2.196788117446088,1.0
193.0,0.75,-0.15560009927884,-0.9432685094651555,-1.0209767372110172,0.0015013071316795584,-0.0027317892092466028,-0.05500172333444647,-0.7325175245669582,3.533582123263848e-18,0.6290636742124966,0.9656327243096761,0.0,0.0,4.0,2.0,0.9722525549367469,0.0,4.411663998318119e-32,0.2024234868147037,1.3002639666128661,0.0,0.0,4.0,2.0,4.0,2.0,2.3043668664328343,1.0
193.0,0.8,-0.15560009927884,-0.9432685094651555,-1.0209767372110172,0.0015013071316795584,-0.0027317892092466028,-0.05500172333444647,-0.7325175245669582,3.533582123263848e-18,0.6290636742124966,0.9656327243096761,0.0,0.0,4.0,2.0,0.9722525549367469,0.0,7.374756528145307e-32,0.20680385045615268,1.3284011610326567,0.0,0.0,4.0,2.0,4.0,2.0,2.3542324477303334,1.0
193.0,0.85,-0.15560009927884,-0.9432685094651555,-1.0209767372110172,0.0015013071316795584,-0.0027317892092466028,-0.05500172333444647,-0.7325175245669582,3.533582123263848e-18,0.6290636742124966,0.9656327243096761,0.0,0.0,4.0,2.0,0.9722525549367469,0.0,2.123269420205468e-31,0.21611969517759266,1.3882413376863534,0.0,0.0,4.0,2.0,4.0,2.0,2.460283006619135,1.0
193.0,0.9,-0.15560009927884,-0.9432685094651555,-1.0209767372110172,0.0015013071316795584,-0.0027317892092466028,-0.05500172333444647,-0.7325175245669582,3.533582123263848e-18,0.6290636742124966,0.9656327243096761,0.0,0.0,4.0,2.0,0.9722525549367469,0.0,5.568035325011363e-31,0.22497799888218126,1.445142507079475,0.0,0.0,4.0,2.0,5.0,3.0,2.5611249685419573,1.0
193.0,0.95,-0.15560009927884,-0.9432685094651555,-1.0209767372110172,0.0015013071316795584,-0.0027317892092466028,-0.05500172333444647,-0.7325175245669582,3.533582123263848e-18,0.6290636742124966,0.9656327243096761,0.0,0.0,4.0,2.0,0.9722525549367469,0.0,1.065606912156133e-30,0.23114562432323904,1.484760148523984,0.0,0.0,4.0,2.0,5.0,3.0,2.6313365429723103,1.0
194.0,0.4,-1.191056681038749,-1.010010501172561,-0.7212093043876892,0.003429793902709278,-0.003904722586645257,0.026406717015198367,-0.8778247632713756,1.1996908364804448e-14,0.8547800815100876,1.1591128646928144,0.0,0.0,4.0,1.0,1.195922454505821,0.0,1.1646659550743628e-31,0.2155809501780895,1.0635031237864427,0.0,0.0,4.0,1.0,5.0,2.0,1.9372693490442827,1.0
194.0,0.45,-1.191056681038749,-1.010010501172561,-0.7212093043876892,0.003429793902709278,-0.003904722586645257,0.026406717015198367,-0.8778247632713756,1.1996908364804448e-14,0.8547800815100876,1.1591128646928144,0.0,0.0,4.0,1.0,1.195922454505821,0.0,1.6689424380623914e-31,0.21883681272557748,1.0795649325270218,0.0,0.0,4.0,1.0,5.0,2.0,1.966527419911581,1.0
194.0,0.5,-1.191056681038749,-1.010010501172561,-0.7212093043876892,0.003429793902709278,-0.003904722586645257,0.026406717015198367,-0.8778247632713756,1.1996908364804448e-14,0.8547800815100876,1.1591128646928144,0.0,0.0,4.0,1.0,1.195922454505821,0.0,2.542991188322088e-31,0.22271084200755256,1.098676279051922,0.0,0.0,4.0,1.0,5.0,2.0,2.0013405060357057,1.0
194.0,0.55,-1.191056681038749,-1.010010501172561,-0.7212093043876892,0.003429793902709278,-0.003904722586645257,0.026406717015198367,-0.8778247632713756,3.709026075058038e-14,0.895940150684916,1.2149274148024811,0.0,0.0,4.0,1.0,1.2535094900720087,0.0,3.0929062356473155e-31,0.22453494392797163,1.1076749317105539,0.0,0.0,4.0,1.0,5.0,2.0,2.0177323845251602,1.0
194.0,0.6,-1.191056681038749,-1.010010501172561,-0.7212093043876892,0.003429793902709278,-0.003904722586645257,0.026406717015198367,-0.8778247632713756,3.709026075058038e-14,0.895940150684916,1.2149274148024811,0.0,0.0,4.0,1.0,1.2535094900720087,0.0,4.262803052895855e-31,0.22755652535198076,1.1225809857035167,0.0,0.0,4.0,1.0,5.0,2.0,2.0448851411742948,1.0
194.0,0.65,-1.191056681038749,-1.010010501172561,-0.7212093043876892,0.003429793902709278,-0.003904722586645257,0.026406717015198367,-0.8778247632713756,3.709026075058038e-14,0.895940150684916,1.2149274148024811,0.0,0.0,4.0,1.0,1.2535094900720087,0.0,5.567270053675348e-31,0.23010201382468212,1.1351383797591785,0.0,0.0,4.0,1.0,5.0,2.0,2.067759596419231,1.0
194.0,0.7,-1.191056681038749,-1.010010501172561,-0.7212093043876892,0.003429793902709278,-0.003904722586645257,0.026406717015198367,-0.8778247632713756,3.709026075058038e-14,0.895940150684916,1.2149274148024811,0.0,0.0,4.0,1.0,1.2535094900720087,0.0,8.687273644779354e-31,0.23440784205764792,1.1563798752274195,0.0,0.0,4.0,1.0,5.0,2.0,2.106452945952588,1.0
194.0,0.75,-1.191056681038749,-1.010010501172561,-0.7212093043876892,0.003429793902709278,-0.003904722586645257,0.026406717015198367,-0.8778247632713756,3.709026075058038e-14,0.895940150684916,1.2149274148024811,0.0,0.0,4.0,1.0,1.2535094900720087,0.0,1.5203228220424986e-30,0.2399381558218614,1.1836619980629557,0.0,0.0,4.0,1.0,5.0,2.0,2.156149857192464,1.0
194.0,0.8,-1.191056681038749,-1.010010501172561,-0.7212093043876892,0.003429793902709278,-0.003904722586645257,0.026406717015198367,-0.8778247632713756,3.709026075058038e-14,0.895940150684916,1.2149274148024811,0.0,0.0,4.0,1.0,1.2535094900720087,0.0,3.0199798375654805e-30,0.24689871296352492,1.217999792090387,0.0,0.0,4.0,1.0,5.0,2.0,2.2186993263903516,1.0
194.0,0.85,-1.191056681038749,-1.010010501172561,-0.7212093043876892,0.003429793902709278,-0.003904722586645257,0.026406717015198367,-0.8778247632713756,3.709026075058038e-14,0.895940150684916,1.2149274148024811,0.0,0.0,4.0,1.0,1.2535094900720087,0.0,8.72283522153561e-30,0.25805526669401946,1.2730372605367901,0.0,0.0,5.0,2.0,6.0,3.0,2.318955167944061,1.0
194.0,0.9,-1.191056681038749,-1.010010501172561,-0.7212093043876892,0.003429793902709278,-0.003904722586645257,0.026406717015198367,-0.8778247632713756,3.709026075058038e-14,0.895940150684916,1.2149274148024811,0.0,0.0,4.0,1.0,1.2535094900720087,0.0,1.3280353161698702e-29,0.26261471588783497,1.295529917964836,0.0,0.0,5.0,2.0,6.0,3.0,2.359927624760896,1.0
194.0,0.95,-1.191056681038749,-1.010010501172561,-0.7212093043876892,0.003429793902709278,-0.003904722586645257,0.026406717015198367,-0.8778247632713756,3.709026075058038e-14,0.895940150684916,1.2149274148024811,0.0,0.0,4.0,1.0,1.2535094900720087,0.0,4.2247799851689477e-29,0.27558812176732306,1.3595302745250386,0.0,1.0,5.0,2.0,6.0,3.0,2.4765101963762497,1.0
195.0,0.4,-0.5573622588798468,0.8850110548562269,0.9356668425215485,-0.002950703673623122,-0.0016908368127368143,-0.006517354020240063,0.4379908087210835,1.6157865942193282e-13,1.1050059062133502,1.6680209988844386,1.0,1.0,6.0,3.0,1.6737745158303274,1.0,6.910567710576462e-32,0.17087254815866737,1.3823613458591972,0.0,0.0,4.0,2.0,6.0,3.0,2.7978844765083735,1.0
195.0,0.45,-0.5573622588798468,0.8850110548562269,0.9356668425215485,-0.002950703673623122,-0.0016908368127368143,-0.006517354020240063,0.4379908087210835,1.6157865942193282e-13,1.1050059062133502,1.6680209988844386,1.0,1.0,6.0,3.0,1.6737745158303274,1.0,1.0033910367351236e-31,0.1735483476259173,1.4040086016217919,0.0,0.0,4.0,2.0,6.0,3.0,2.8416982890390803,1.0
195.0,0.5,-0.5573622588798468,0.8850110548562269,0.9356668425215485,-0.002950703673623122,-0.0016908368127368143,-0.006517354020240063,0.4379908087210835,1.6157865942193282e-13,1.1050059062133502,1.6680209988844386,1.0,1.0,6.0,3.0,1.6737745158303274,1.0,1.5199485054159404e-31,0.17657752576692187,1.4285146958831005,0.0,0.0,4.0,2.0,6.0,3.0,2.8912983599025703,1.0
195.0,0.55,-0.5573622588798468,0.8850110548562269,0.9356668425215485,-0.002950703673623122,-0.0016908368127368143,-0.006517354020240063,0.4379908087210835,7.655840749921641e-13,1.1790031617506807,1.7797208327061904,1.0,1.0,6.0,3.0,1.7858596367001296,1.0,2.476857062720962e-31,0.18020704421869585,1.4578775518004603,0.0,0.0,4.0,2.0,6.0,3.0,2.9507284640524163,1.0
195.0,0.6,-0.5573622588798468,0.8850110548562269,0.9356668425215485,-0.002950703673623122,-0.0016908368127368143,-0.006517354020240063,0.4379908087210835,7.655840749921641e-13,1.1790031617506807,1.7797208327061904,1.0,1.0,6.0,3.0,1.7858596367001296,1.0,4.40560356086778e-31,0.18458346017422114,1.4932828191503797,0.0,0.0,4.0,2.0,6.0,3.0,3.0223883438672696,1.0
195.0,0.65,-0.5573622588798468,0.8850110548562269,0.9356668425215485,-0.002950703673623122,-0.0016908368127368143,-0.006517354020240063,0.4379908087210835,7.655840749921641e-13,1.1790031617506807,1.7797208327061904,1.0,1.0,6.0,3.0,1.7858596367001296,1.0,6.498597693906447e-31,0.18759735443681919,1.5176652666179133,0.0,0.0,4.0,2.0,6.0,3.0,3.0717381549517877,1.0
195.0,0.7,-0.5573622588798468,0.8850110548562269,0.9356668425215485,-0.002950703673623122,-0.0016908368127368143,-0.006517354020240063,0.4379908087210835,7.655840749921641e-13,1.1790031617506807,1.7797208327061904,1.0,1.0,6.0,3.0,1.7858596367001296,1.0,9.453418349691711e-31,0.1905499155235167,1.5415515278197345,0.0,0.0,4.0,2.0,6.0,3.0,3.1200836903782445,1.0
195.0,0.75,-0.5573622588798468,0.8850110548562269,0.9356668425215485,-0.002950703673623122,-0.0016908368127368143,-0.006517354020240063,0.4379908087210835,7.655840749921641e-13,1.1790031617506807,1.7797208327061904,1.0,1.0,6.0,3.0,1.7858596367001296,1.0,1.6636063224698192e-30,0.19509059387685634,1.5782856803051752,0.0,0.0,4.0,2.0,6.0,3.0,3.1944332193958003,1.0
195.0,0.8,-0.5573622588798468,0.8850110548562269,0.9356668425215485,-0.002950703673623122,-0.0016908368127368143,-0.006517354020240063,0.4379908087210835,7.655840749921641e-13,1.1790031617506807,1.7797208327061904,1.0,1.0,6.0,3.0,1.7858596367001296,1.0,2.6077711584823125e-30,0.19877897747672466,1.6081247561081793,0.0,0.0,4.0,2.0,6.0,3.0,3.25482718746548,1.0
195.0,0.85,-0.5573622588798468,0.8850110548562269,0.9356668425215485,-0.002950703673623122,-0.0016908368127368143,-0.006517354020240063,0.4379908087210835,7.655840749921641e-13,1.1790031617506807,1.7797208327061904,1.0,1.0,6.0,3.0,1.7858596367001296,1.0,7.315888658834834e-30,0.20750903908698,1.6787510787505984,0.0,1.0,4.0,2.0,6.0,3.0,3.397774103874864,1.0
195.0,0.9,-0.5573622588798468,0.8850110548562269,0.9356668425215485,-0.002950703673623122,-0.0016908368127368143,-0.006517354020240063,0.4379908087210835,7.655840749921641e-13,1.1790031617506807,1.7797208327061904,1.0,1.0,6.0,3.0,1.7858596367001296,1.0,1.0833246131640704e-29,0.21093120456032957,1.7064364461221881,0.0,1.0,4.0,2.0,6.0,3.0,3.4538089892739894,1.0
195.0,0.95,-0.5573622588798468,0.8850110548562269,0.9356668425215485,-0.002950703673623122,-0.0016908368127368143,-0.006517354020240063,0.4379908087210835,7.655840749921641e-13,1.1790031617506807,1.7797208327061904,1.0,1.0,6.0,3.0,1.7858596367001296,1.0,3.1422465248282984e-29,0.22050117155739093,1.7838576152944394,0.0,1.0,4.0,2.0,6.0,3.0,3.6105086018818198,1.0
196.0,0.4,3.848470276903085,1.0694173260759032,0.07439797691245509,-0.0020815636956710726,-0.0008737648874005483,0.0124107219139315,1.3324224102426652,5.1461184545967086e-17,0.7958861365115928,1.9153390520603535,0.0,0.0,5.0,2.0,2.8233846234357705,1.0,8.55823513322353e-32,0.25191166299479034,2.2934567004350246,1.0,1.0,6.0,3.0,6.0,3.0,5.252975592580995,1.0
196.0,0.45,3.848470276903085,1.0694173260759032,0.07439797691245509,-0.0020815636956710726,-0.0008737648874005483,0.0124107219139315,1.3324224102426652,5.1461184545967086e-17,0.7958861365115928,1.9153390520603535,0.0,0.0,5.0,2.0,2.8233846234357705,1.0,1.075752605586262e-31,0.2543237681363588,2.31541701236865,1.0,1.0,6.0,3.0,6.0,3.0,5.30327389669588,1.0
196.0,0.5,3.848470276903085,1.0694173260759032,0.07439797691245509,-0.0020815636956710726,-0.0008737648874005483,0.0124107219139315,1.3324224102426652,5.1461184545967086e-17,0.7958861365115928,1.9153390520603535,0.0,0.0,5.0,2.0,2.8233846234357705,1.0,1.6648180019158127e-31,0.25899370859817,2.357933131374204,1.0,1.0,6.0,3.0,6.0,3.0,5.400653601045683,1.0
196.0,0.55,3.848470276903085,1.0694173260759032,0.07439797691245509,-0.0020815636956710726,-0.0008737648874005483,0.0124107219139315,1.3324224102426652,3.14196027990066e-16,0.8582015827382721,2.065304232039069,0.0,0.0,5.0,2.0,3.044446989781414,1.0,2.2621213145316142e-31,0.2623234375543464,2.388247683286527,1.0,1.0,6.0,3.0,6.0,3.0,5.470086610731569,1.0
196.0,0.6,3.848470276903085,1.0694173260759032,0.07439797691245509,-0.0020815636956710726,-0.0008737648874005483,0.0124107219139315,1.3324224102426652,3.14196027990066e-16,0.8582015827382721,2.065304232039069,0.0,0.0,5.0,2.0,3.044446989781414,1.0,3.281092136213611e-31,0.2664197197100931,2.425541096561974,1.0,1.0,6.0,3.0,6.0,3.0,5.555504133400647,1.0
196.0,0.65,3.848470276903085,1.0694173260759032,0.07439797691245509,-0.0020815636956710726,-0.0008737648874005483,0.0124107219139315,1.3324224102426652,3.14196027990066e-16,0.8582015827382721,2.065304232039069,0.0,0.0,5.0,2.0,3.044446989781414,1.0,5.244448946993233e-31,0.27167713804973703,2.47340573758217,1.0,1.0,6.0,3.0,6.0,3.0,5.66513419137342,1.0
196.0,0.7,3.848470276903085,1.0694173260759032,0.07439797691245509,-0.0020815636956710726,-0.0008737648874005483,0.0124107219139315,1.3324224102426652,3.14196027990066e-16,0.8582015827382721,2.065304232039069,0.0,0.0,5.0,2.0,3.044446989781414,1.0,9.105106782594611e-31,0.27799424765813996,2.5309180305285826,1.0,1.0,6.0,3.0,6.0,3.0,5.796861409534359,1.0
196.0,0.75,3.848470276903085,1.0694173260759032,0.07439797691245509,-0.0020815636956710726,-0.0008737648874005483,0.0124107219139315,1.3324224102426652,3.14196027990066e-16,0.8582015827382721,2.065304232039069,0.0,0.0,5.0,2.0,3.044446989781414,1.0,1.1499616643766014e-30,0.2807118455095548,2.5556596122692583,1.0,1.0,6.0,3.0,6.0,3.0,5.85352998539235,1.0
196.0,0.8,3.848470276903085,1.0694173260759032,0.07439797691245509,-0.0020815636956710726,-0.0008737648874005483,0.0124107219139315,1.3324224102426652,3.14196027990066e-16,0.8582015827382721,2.065304232039069,0.0,0.0,5.0,2.0,3.044446989781414,1.0,1.6610397313011406e-30,0.28504587912551255,2.5951175647842804,1.0,1.0,6.0,3.0,6.0,3.0,5.943905208720225,1.0
196.0,0.85,3.848470276903085,1.0694173260759032,0.07439797691245509,-0.0020815636956710726,-0.0008737648874005483,0.0124107219139315,1.3324224102426652,3.14196027990066e-16,0.8582015827382721,2.065304232039069,0.0,0.0,5.0,2.0,3.044446989781414,1.0,2.074796322164737e-30,0.28769981141094614,2.619279521837672,1.0,1.0,6.0,3.0,6.0,3.0,5.999246201487334,1.0
196.0,0.9,3.848470276903085,1.0694173260759032,0.07439797691245509,-0.0020815636956710726,-0.0008737648874005483,0.0124107219139315,1.3324224102426652,3.14196027990066e-16,0.8582015827382721,2.065304232039069,0.0,0.0,5.0,2.0,3.044446989781414,1.0,3.411151136363581e-30,0.2937219972946453,2.6741067672380603,1.0,1.0,6.0,3.0,6.0,3.0,6.124823537149294,1.0
196.0,0.95,3.848470276903085,1.0694173260759032,0.07439797691245509,-0.0020815636956710726,-0.0008737648874005483,0.0124107219139315,1.3324224102426652,3.14196027990066e-16,0.8582015827382721,2.065304232039069,0.0,0.0,5.0,2.0,3.044446989781414,1.0,7.602980443849268e-30,0.30369659826523476,2.7649176298960434,1.0,1.0,6.0,3.0,6.0,3.0,6.332818414485817,1.0
197.0,0.4,2.8951261914895365,-0.03527922433100844,-0.04827029753200063,-0.004856664324711625,0.0016317123332709573,-0.6959929487572665,0.9328621988085118,5.1963119784375916e-14,0.8908697722314184,1.840832269110615,1.0,1.0,6.0,3.0,1.9631154326664837,1.0,1.9256361808140395e-30,0.17904156484910905,1.9392489046158647,1.0,1.0,6.0,3.0,6.0,3.0,3.809147329795142,1.0
197.0,0.45,2.8951261914895365,-0.03527922433100844,-0.04827029753200063,-0.004856664324711625,0.0016317123332709573,-0.6959929487572665,0.9328621988085118,5.1963119784375916e-14,0.8908697722314184,1.840832269110615,1.0,1.0,6.0,3.0,1.9631154326664837,1.0,3.068180186768294e-30,0.18255061805133893,1.9772564342327892,1.0,1.0,6.0,3.0,6.0,3.0,3.8838031821758308,1.0
197.0,0.5,2.8951261914895365,-0.03527922433100844,-0.04827029753200063,-0.004856664324711625,0.0016317123332709573,-0.6959929487572665,0.9328621988085118,5.1963119784375916e-14,0.8908697722314184,1.840832269110615,1.0,1.0,6.0,3.0,1.9631154326664837,1.0,4.746896034789577e-30,0.18590040822020268,2.0135389417116354,1.0,1.0,6.0,3.0,6.0,3.0,3.9550706796860036,1.0
197.0,0.55,2.8951261914895365,-0.03527922433100844,-0.04827029753200063,-0.004856664324711625,0.0016317123332709573,-0.6959929487572665,0.9328621988085118,1.6683643096362462e-12,1.029411564905519,2.127105538812113,1.0,1.0,6.0,3.0,2.2684053187365634,1.0,7.038881141146014e-30,0.1889771332064973,2.0468638043741376,1.0,1.0,6.0,3.0,6.0,3.0,4.020528657423939,1.0
197.0,0.6,2.8951261914895365,-0.03527922433100844,-0.04827029753200063,-0.004856664324711625,0.0016317123332709573,-0.6959929487572665,0.9328621988085118,1.6683643096362462e-12,1.029411564905519,2.127105538812113,1.0,1.0,6.0,3.0,2.2684053187365634,1.0,8.97413218699333e-30,0.19089942680058983,2.067684700068585,1.0,1.0,6.0,3.0,6.0,3.0,4.0614258620322135,1.0
197.0,0.65,2.8951261914895365,-0.03527922433100844,-0.04827029753200063,-0.004856664324711625,0.0016317123332709573,-0.6959929487572665,0.9328621988085118,1.6683643096362462e-12,1.029411564905519,2.127105538812113,1.0,1.0,6.0,3.0,2.2684053187365634,1.0,1.4949895903486362e-29,0.19500235763355342,2.112124683210181,1.0,1.0,6.0,3.0,6.0,3.0,4.148716587176898,1.0
197.0,0.7,2.8951261914895365,-0.03527922433100844,-0.04827029753200063,-0.004856664324711625,0.0016317123332709573,-0.6959929487572665,0.9328621988085118,1.6683643096362462e-12,1.029411564905519,2.127105538812113,1.0,1.0,6.0,3.0,2.2684053187365634,1.0,1.6607310895547603e-29,0.19585849361391666,2.1213977297428164,1.0,1.0,6.0,3.0,6.0,3.0,4.166931062046409,1.0
197.0,0.75,2.8951261914895365,-0.03527922433100844,-0.04827029753200063,-0.004856664324711625,0.0016317123332709573,-0.6959929487572665,0.9328621988085118,1.6683643096362462e-12,1.029411564905519,2.127105538812113,1.0,1.0,6.0,3.0,2.2684053187365634,1.0,2.322355176682129e-29,0.19861420143933523,2.1512455663967693,1.0,1.0,6.0,3.0,6.0,3.0,4.225559331486161,1.0
197.0,0.8,2.8951261914895365,-0.03527922433100844,-0.04827029753200063,-0.004856664324711625,0.0016317123332709573,-0.6959929487572665,0.9328621988085118,1.6683643096362462e-12,1.029411564905519,2.127105538812113,1.0,1.0,6.0,3.0,2.2684053187365634,1.0,3.317444996276821e-29,0.20158742028958507,2.1834493253584917,1.0,1.0,6.0,3.0,6.0,3.0,4.288815194189724,1.0
197.0,0.85,2.8951261914895365,-0.03527922433100844,-0.04827029753200063,-0.004856664324711625,0.0016317123332709573,-0.6959929487572665,0.9328621988085118,1.6683643096362462e-12,1.029411564905519,2.127105538812113,1.0,1.0,6.0,3.0,2.2684053187365634,1.0,5.31817144697747e-29,0.2055906544551295,2.226809466211793,1.0,1.0,6.0,3.0,6.0,3.0,4.373984851554367,1.0
197.0,0.9,2.8951261914895365,-0.03527922433100844,-0.04827029753200063,-0.004856664324711625,0.0016317123332709573,-0.6959929487572665,0.9328621988085118,1.6683643096362462e-12,1.029411564905519,2.127105538812113,1.0,1.0,6.0,3.0,2.2684053187365634,1.0,1.0775586967701743e-28,0.21172963270220332,2.293302444259274,1.0,1.0,6.0,3.0,6.0,3.0,4.5045929179953585,1.0
197.0,0.95,2.8951261914895365,-0.03527922433100844,-0.04827029753200063,-0.004856664324711625,0.0016317123332709573,-0.6959929487572665,0.9328621988085118,1.6683643096362462e-12,1.029411564905519,2.127105538812113,1.0,1.0,6.0,3.0,2.2684053187365634,1.0,3.6174010729157555e-28,0.22268782117839467,2.411993626482451,1.0,1.0,6.0,3.0,6.0,3.0,4.737730705908766,1.0
198.0,0.4,-0.12404294033077967,1.013810980941276,1.0355335585595244,-0.002329610737023112,0.0004219326587689181,0.29287157817686976,0.6490083922627565,1.105719106179132e-17,0.6998134297498029,1.0073209279453905,0.0,0.0,4.0,2.0,1.028936258364598,0.0,4.4661827563893554e-33,0.18432341891399548,1.227449285550293,0.0,1.0,4.0,2.0,6.0,3.0,2.033028437262089,1.0
198.0,0.45,-0.12404294033077967,1.013810980941276,1.0355335585595244,-0.002329610737023112,0.0004219326587689181,0.29287157817686976,0.6490083922627565,1.105719106179132e-17,0.6998134297498029,1.0073209279453905,0.0,0.0,4.0,2.0,1.028936258364598,0.0,6.91504874245389e-33,0.18771168093851728,1.2500124510219415,0.0,1.0,4.0,2.0,6.0,3.0,2.070399885173231,1.0
198.0,0.5,-0.12404294033077967,1.013810980941276,1.0355335585595244,-0.002329610737023112,0.0004219326587689181,0.29287157817686976,0.6490083922627565,1.105719106179132e-17,0.6998134297498029,1.0073209279453905,0.0,0.0,4.0,2.0,1.028936258364598,0.0,1.0288186349856665e-32,0.19084492451440688,1.2708773938020839,0.0,1.0,4.0,2.0,6.0,3.0,2.104958561049488,1.0
198.0,0.55,-0.12404294033077967,1.013810980941276,1.0355335585595244,-0.002329610737023112,0.0004219326587689181,0.29287157817686976,0.6490083922627565,1.2149230727782847e-13,1.0312246154328397,1.4843586767251933,1.0,1.0,6.0,3.0,1.5162103958426305,1.0,1.6343548801984752e-32,0.19456106224354666,1.2956239541009,0.0,1.0,4.0,2.0,6.0,3.0,2.145946373258249,1.0
198.0,0.6,-0.12404294033077967,1.013810980941276,1.0355335585595244,-0.002329610737023112,0.0004219326587689181,0.29287157817686976,0.6490083922627565,1.2149230727782847e-13,1.0312246154328397,1.4843586767251933,1.0,1.0,6.0,3.0,1.5162103958426305,1.0,2.0625606057467565e-32,0.19645666930530867,1.3082472091780506,0.0,1.0,4.0,2.0,6.0,3.0,2.166854313687866,1.0
198.0,0.65,-0.12404294033077967,1.013810980941276,1.0355335585595244,-0.002329610737023112,0.0004219326587689181,0.29287157817686976,0.6490083922627565,1.2149230727782847e-13,1.0312246154328397,1.4843586767251933,1.0,1.0,6.0,3.0,1.5162103958426305,1.0,3.56189122868528e-32,0.20098016144359943,1.338370116110067,1.0,1.0,4.0,2.0,6.0,3.0,2.216746987158553,1.0
198.0,0.7,-0.12404294033077967,1.013810980941276,1.0355335585595244,-0.002329610737023112,0.0004219326587689181,0.29287157817686976,0.6490083922627565,1.2149230727782847e-13,1.0312246154328397,1.4843586767251933,1.0,1.0,6.0,3.0,1.5162103958426305,1.0,6.360160257327394e-32,0.20589430423069713,1.3710944497224422,1.0,1.0,4.0,2.0,6.0,3.0,2.270948412510789,1.0
198.0,0.75,-0.12404294033077967,1.013810980941276,1.0355335585595244,-0.002329610737023112,0.0004219326587689181,0.29287157817686976,0.6490083922627565,1.2149230727782847e-13,1.0312246154328397,1.4843586767251933,1.0,1.0,6.0,3.0,1.5162103958426305,1.0,1.2739327162944137e-31,0.21194065263238862,1.4113583840047554,1.0,1.0,4.0,2.0,6.0,3.0,2.3376377041627014,1.0
198.0,0.8,-0.12404294033077967,1.013810980941276,1.0355335585595244,-0.002329610737023112,0.0004219326587689181,0.29287157817686976,0.6490083922627565,1.2149230727782847e-13,1.0312246154328397,1.4843586767251933,1.0,1.0,6.0,3.0,1.5162103958426305,1.0,2.2001750278780143e-31,0.21682143521371527,1.4438605648327436,1.0,1.0,4.0,2.0,6.0,3.0,2.391471177100617,1.0
198.0,0.85,-0.12404294033077967,1.013810980941276,1.0355335585595244,-0.002329610737023112,0.0004219326587689181,0.29287157817686976,0.6490083922627565,1.2149230727782847e-13,1.0312246154328397,1.4843586767251933,1.0,1.0,6.0,3.0,1.5162103958426305,1.0,4.60438852387703e-31,0.22359666860583655,1.4889783010140374,1.0,1.0,4.0,2.0,6.0,3.0,2.4661998373892855,1.0
198.0,0.9,-0.12404294033077967,1.013810980941276,1.0355335585595244,-0.002329610737023112,0.0004219326587689181,0.29287157817686976,0.6490083922627565,1.2149230727782847e-13,1.0312246154328397,1.4843586767251933,1.0,1.0,6.0,3.0,1.5162103958426305,1.0,7.186463608869493e-31,0.22778299457410242,1.5168559459118145,1.0,1.0,4.0,2.0,6.0,3.0,2.512373675696315,1.0
198.0,0.95,-0.12404294033077967,1.013810980941276,1.0355335585595244,-0.002329610737023112,0.0004219326587689181,0.29287157817686976,0.6490083922627565,1.2149230727782847e-13,1.0312246154328397,1.4843586767251933,1.0,1.0,6.0,3.0,1.5162103958426305,1.0,2.1781523313690672e-30,0.2385540755397481,1.5885828903976642,1.0,1.0,4.0,2.0,6.0,3.0,2.6311752584372887,1.0
199.0,0.4,-0.29231681179383107,0.030564398347294297,0.025569506875072534,0.0012038206088788091,-0.00031977855052889255,0.19452053217373882,-0.08039226601456195,3.621977936313027e-19,0.3948255008566486,0.5506019085077949,1.0,1.0,6.0,3.0,0.4316701035646185,1.0,1.7131216881105157e-36,0.06950036808451045,0.5388823527109757,0.0,0.0,6.0,3.0,6.0,3.0,0.7825949802233824,1.0
199.0,0.45,-0.29231681179383107,0.030564398347294297,0.025569506875072534,0.0012038206088788091,-0.00031977855052889255,0.19452053217373882,-0.08039226601456195,3.621977936313027e-19,0.3948255008566486,0.5506019085077949,1.0,1.0,6.0,3.0,0.4316701035646185,1.0,3.420470355983007e-36,0.07153185794605711,0.5546338381530038,0.0,0.0,6.0,3.0,6.0,3.0,0.8054701650869778,1.0
199.0,0.5,-0.29231681179383107,0.030564398347294297,0.025569506875072534,0.0012038206088788091,-0.00031977855052889255,0.19452053217373882,-0.08039226601456195,3.621977936313027e-19,0.3948255008566486,0.5506019085077949,1.0,1.0,6.0,3.0,0.4316701035646185,1.0,5.060206056520018e-36,0.07270868177985694,0.5637585322195628,0.0,0.0,6.0,3.0,6.0,3.0,0.8187215542568758,1.0
199.0,0.55,-0.29231681179383107,0.030564398347294297,0.025569506875072534,0.0012038206088788091,-0.00031977855052889255,0.19452053217373882,-0.08039226601456195,1.5824664662612989e-16,0.5086527436915409,0.7093391152208616,1.0,1.0,6.0,3.0,0.5561195567949785,1.0,8.410852379299848e-36,0.07426444325351526,0.5758213806085476,0.0,0.0,6.0,3.0,6.0,3.0,0.8362398948537121,1.0
199.0,0.6,-0.29231681179383107,0.030564398347294297,0.025569506875072534,0.0012038206088788091,-0.00031977855052889255,0.19452053217373882,-0.08039226601456195,1.5824664662612989e-16,0.5086527436915409,0.7093391152208616,1.0,1.0,6.0,3.0,0.5561195567949785,1.0,1.3041189230843842e-35,0.07563407136401636,0.5864410138402515,0.0,0.0,6.0,3.0,6.0,3.0,0.851662317980272,1.0
199.0,0.65,-0.29231681179383107,0.030564398347294297,0.025569506875072534,0.0012038206088788091,-0.00031977855052889255,0.19452053217373882,-0.08039226601456195,1.5824664662612989e-16,0.5086527436915409,0.7093391152208616,1.0,1.0,6.0,3.0,0.5561195567949785,1.0,2.365861256679299e-35,0.07753458775926132,0.6011769753130032,0.0,0.0,6.0,3.0,6.0,3.0,0.8730627023486315,1.0
199.0,0.7,-0.29231681179383107,0.030564398347294297,0.025569506875072534,0.0012038206088788091,-0.00031977855052889255,0.19452053217373882,-0.08039226601456195,1.5824664662612989e-16,0.5086527436915409,0.7093391152208616,1.0,1.0,6.0,3.0,0.5561195567949785,1.0,4.1515960554450666e-35,0.07937277384927004,0.6154296486758261,0.0,0.0,6.0,3.0,6.0,3.0,0.8937612287939595,1.0
199.0,0.75,-0.29231681179383107,0.030564398347294297,0.025569506875072534,0.0012038206088788091,-0.00031977855052889255,0.19452053217373882,-0.08039226601456195,1.5824664662612989e-16,0.5086527436915409,0.7093391152208616,1.0,1.0,6.0,3.0,0.5561195567949785,1.0,6.132797113530848e-35,0.0806736495195937,0.6255161987348998,0.0,0.0,6.0,3.0,6.0,3.0,0.9084094788327512,1.0
199.0,0.8,-0.29231681179383107,0.030564398347294297,0.025569506875072534,0.0012038206088788091,-0.00031977855052889255,0.19452053217373882,-0.08039226601456195,1.5824664662612989e-16,0.5086527436915409,0.7093391152208616,1.0,1.0,6.0,3.0,0.5561195567949785,1.0,9.102093820312498e-35,0.08201188932675373,0.6358924576763916,0.0,0.0,6.0,3.0,6.0,3.0,0.923478460253757,1.0
199.0,0.85,-0.29231681179383107,0.030564398347294297,0.025569506875072534,0.0012038206088788091,-0.00031977855052889255,0.19452053217373882,-0.08039226601456195,1.5824664662612989e-16,0.5086527436915409,0.7093391152208616,1.0,1.0,6.0,3.0,0.5561195567949785,1.0,2.027010213680512e-34,0.08479396167754051,0.657463705931957,0.0,1.0,6.0,3.0,6.0,3.0,0.9548054289641466,1.0
199.0,0.9,-0.29231681179383107,0.030564398347294297,0.025569506875072534,0.0012038206088788091,-0.00031977855052889255,0.19452053217373882,-0.08039226601456195,1.5824664662612989e-16,0.5086527436915409,0.7093391152208616,1.0,1.0,6.0,3.0,0.5561195567949785,1.0,4.36831949639447e-34,0.08755058028267726,0.6788375944508872,0.0,1.0,6.0,3.0,6.0,3.0,0.9858457808677104,1.0
199.0,0.95,-0.29231681179383107,0.030564398347294297,0.025569506875072534,0.0012038206088788091,-0.00031977855052889255,0.19452053217373882,-0.08039226601456195,1.5824664662612989e-16,0.5086527436915409,0.7093391152208616,1.0,1.0,6.0,3.0,0.5561195567949785,1.0,1.7374936753168476e-33,0.09273479803880648,0.7190342658986109,1.0,1.0,6.0,3.0,6.0,3.0,1.0442216269840683,1.0
200.0,0.4,0.06995680148986472,1.3496448150607456,0.145620743732152,-0.0021700630847758338,0.002770366952436747,0.21687524491742904,0.12039976298472294,5.005264556817804e-20,0.5322030821258942,0.8827230222274624,0.0,0.0,4.0,1.0,0.5216704662244255,1.0,1.0298095384650727e-33,0.18822370441548306,1.2300918786124952,0.0,1.0,6.0,3.0,6.0,3.0,1.109401426565117,1.0
200.0,0.45,0.06995680148986472,1.3496448150607456,0.145620743732152,-0.0021700630847758338,0.002770366952436747,0.21687524491742904,0.12039976298472294,5.005264556817804e-20,0.5322030821258942,0.8827230222274624,0.0,0.0,4.0,1.0,0.5216704662244255,1.0,1.3099279638911576e-33,0.19012012337535808,1.2424854799829141,0.0,1.0,6.0,3.0,6.0,3.0,1.1205790298642546,1.0
200.0,0.5,0.06995680148986472,1.3496448150607456,0.145620743732152,-0.0021700630847758338,0.002770366952436747,0.21687524491742904,0.12039976298472294,5.005264556817804e-20,0.5322030821258942,0.8827230222274624,0.0,0.0,4.0,1.0,0.5216704662244255,1.0,1.81625433713604e-33,0.19272666497117333,1.2595199213049297,0.0,1.0,6.0,3.0,6.0,3.0,1.1359421371507608,1.0
200.0,0.55,0.06995680148986472,1.3496448150607456,0.145620743732152,-0.0021700630847758338,0.002770366952436747,0.21687524491742904,0.12039976298472294,1.414209591926149e-19,0.555741291772925,0.9217639828217783,0.0,0.0,5.0,2.0,0.5447428406864548,1.0,3.486301573287172e-33,0.19803471068103293,1.294209409216555,0.0,1.0,6.0,3.0,6.0,3.0,1.1672280663119061,1.0
200.0,0.6,0.06995680148986472,1.3496448150607456,0.145620743732152,-0.0021700630847758338,0.002770366952436747,0.21687524491742904,0.12039976298472294,1.414209591926149e-19,0.555741291772925,0.9217639828217783,0.0,0.0,5.0,2.0,0.5447428406864548,1.0,4.0755725764831505e-33,0.199327539043534,1.3026583857898884,0.0,1.0,6.0,3.0,6.0,3.0,1.174848071635447,1.0
200.0,0.65,0.06995680148986472,1.3496448150607456,0.145620743732152,-0.0021700630847758338,0.002770366952436747,0.21687524491742904,0.12039976298472294,1.414209591926149e-19,0.555741291772925,0.9217639828217783,0.0,0.0,5.0,2.0,0.5447428406864548,1.0,5.4453182966452505e-33,0.20174854664672018,1.3184803132138896,0.0,1.0,6.0,3.0,6.0,3.0,1.1891176308126004,1.0
200.0,0.7,0.06995680148986472,1.3496448150607456,0.145620743732152,-0.0021700630847758338,0.002770366952436747,0.21687524491742904,0.12039976298472294,1.414209591926149e-19,0.555741291772925,0.9217639828217783,0.0,0.0,5.0,2.0,0.5447428406864548,1.0,7.485786667118118e-33,0.20444163184576777,1.3360803399589134,0.0,1.0,6.0,3.0,6.0,3.0,1.2049908311141404,1.0
200.0,0.75,0.06995680148986472,1.3496448150607456,0.145620743732152,-0.0021700630847758338,0.002770366952436747,0.21687524491742904,0.12039976298472294,1.414209591926149e-19,0.555741291772925,0.9217639828217783,0.0,0.0,5.0,2.0,0.5447428406864548,1.0,9.850340605208289e-33,0.2067933556277499,1.351449479217646,0.0,1.0,6.0,3.0,6.0,3.0,1.2188520274322137,1.0
200.0,0.8,0.06995680148986472,1.3496448150607456,0.145620743732152,-0.0021700630847758338,0.002770366952436747,0.21687524491742904,0.12039976298472294,1.414209591926149e-19,0.555741291772925,0.9217639828217783,0.0,0.0,5.0,2.0,0.5447428406864548,1.0,1.4534685525693184e-32,0.21017272101138812,1.3735345291649237,0.0,1.0,6.0,3.0,6.0,3.0,1.2387702029305423,1.0
200.0,0.85,0.06995680148986472,1.3496448150607456,0.145620743732152,-0.0021700630847758338,0.002770366952436747,0.21687524491742904,0.12039976298472294,1.414209591926149e-19,0.555741291772925,0.9217639828217783,0.0,0.0,5.0,2.0,0.5447428406864548,1.0,2.2517377807925503e-32,0.2140413529644662,1.398817066035613,0.0,1.0,6.0,3.0,6.0,3.0,1.261572143955602,1.0
200.0,0.9,0.06995680148986472,1.3496448150607456,0.145620743732152,-0.0021700630847758338,0.002770366952436747,0.21687524491742904,0.12039976298472294,1.414209591926149e-19,0.555741291772925,0.9217639828217783,0.0,0.0,5.0,2.0,0.5447428406864548,1.0,3.780829056732748e-32,0.2187134906647565,1.4293507262817218,0.0,1.0,6.0,3.0,6.0,3.0,1.2891099944399875,1.0
200.0,0.95,0.06995680148986472,1.3496448150607456,0.145620743732152,-0.0021700630847758338,0.002770366952436747,0.21687524491742904,0.12039976298472294,1.414209591926149e-19,0.555741291772925,0.9217639828217783,0.0,0.0,5.0,2.0,0.5447428406864548,1.0,1.0569322429462217e-31,0.22828536808265756,1.4919054863816716,1.0,1.0,6.0,3.0,6.0,3.0,1.3455271948946412,1.0
201.0,0.4,1.6097122155605859,0.049787546833907736,0.04787142492279689,0.0019019756940192641,-0.004203169468489521,0.15903584667484977,0.5684853551353932,1.6261810221314177e-15,0.7567302648870988,1.1623452841408093,1.0,1.0,6.0,3.0,1.1029083489859763,0.0,1.1246317076982182e-33,0.12120753556889123,1.1256721107482912,1.0,1.0,6.0,3.0,6.0,3.0,1.9087492512698387,1.0
201.0,0.45,1.6097122155605859,0.049787546833907736,0.04787142492279689,0.0019019756940192641,-0.004203169468489521,0.15903584667484977,0.5684853551353932,1.6261810221314177e-15,0.7567302648870988,1.1623452841408093,1.0,1.0,6.0,3.0,1.1029083489859763,0.0,2.126341006932376e-33,0.12446738415928509,1.1559468013955807,1.0,1.0,6.0,3.0,6.0,3.0,1.9600846202051379,1.0
201.0,0.5,1.6097122155605859,0.049787546833907736,0.04787142492279689,0.0019019756940192641,-0.004203169468489521,0.15903584667484977,0.5684853551353932,1.6261810221314177e-15,0.7567302648870988,1.1623452841408093,1.0,1.0,6.0,3.0,1.1029083489859763,0.0,2.6984074691032762e-33,0.12570918324429828,1.1674795711247166,1.0,1.0,6.0,3.0,6.0,3.0,1.9796401953813962,1.0
201.0,0.55,1.6097122155605859,0.049787546833907736,0.04787142492279689,0.0019019756940192641,-0.004203169468489521,0.15903584667484977,0.5684853551353932,1.79251525876582e-14,0.8363152558520714,1.2845886292650144,1.0,1.0,6.0,3.0,1.218900737637615,1.0,5.072596345636445e-33,0.12905914598949797,1.198591165107863,1.0,1.0,6.0,3.0,6.0,3.0,2.0323946619388606,1.0
201.0,0.6,1.6097122155605859,0.049787546833907736,0.04787142492279689,0.0019019756940192641,-0.004203169468489521,0.15903584667484977,0.5684853551353932,1.79251525876582e-14,0.8363152558520714,1.2845886292650144,1.0,1.0,6.0,3.0,1.218900737637615,1.0,7.594701469646684e-33,0.1312478316332669,1.2189178088006183,1.0,1.0,6.0,3.0,6.0,3.0,2.066861595568038,1.0
201.0,0.65,1.6097122155605859,0.049787546833907736,0.04787142492279689,0.0019019756940192641,-0.004203169468489521,0.15903584667484977,0.5684853551353932,1.79251525876582e-14,0.8363152558520714,1.2845886292650144,1.0,1.0,6.0,3.0,1.218900737637615,1.0,1.1518851664816705e-32,0.13354559693285153,1.24025749121102,1.0,1.0,6.0,3.0,6.0,3.0,2.1030462913016046,1.0
201.0,0.7,1.6097122155605859,0.049787546833907736,0.04787142492279689,0.0019019756940192641,-0.004203169468489521,0.15903584667484977,0.5684853551353932,1.79251525876582e-14,0.8363152558520714,1.2845886292650144,1.0,1.0,6.0,3.0,1.218900737637615,1.0,1.835442854829732e-32,0.13616329754555231,1.26456845966835,1.0,1.0,6.0,3.0,6.0,3.0,2.1442692570280335,1.0
201.0,0.75,1.6097122155605859,0.049787546833907736,0.04787142492279689,0.0019019756940192641,-0.004203169468489521,0.15903584667484977,0.5684853551353932,1.79251525876582e-14,0.8363152558520714,1.2845886292650144,1.0,1.0,6.0,3.0,1.218900737637615,1.0,2.9019031445641427e-32,0.1387871674884237,1.288936723597306,1.0,1.0,6.0,3.0,6.0,3.0,2.185589375990758,1.0
201.0,0.8,1.6097122155605859,0.049787546833907736,0.04787142492279689,0.0019019756940192641,-0.004203169468489521,0.15903584667484977,0.5684853551353932,1.79251525876582e-14,0.8363152558520714,1.2845886292650144,1.0,1.0,6.0,3.0,1.218900737637615,1.0,4.068150910688907e-32,0.14075453668391633,1.307207969064982,1.0,1.0,6.0,3.0,6.0,3.0,2.2165710675270365,1.0
201.0,0.85,1.6097122155605859,0.049787546833907736,0.04787142492279689,0.0019019756940192641,-0.004203169468489521,0.15903584667484977,0.5684853551353932,1.79251525876582e-14,0.8363152558520714,1.2845886292650144,1.0,1.0,6.0,3.0,1.218900737637615,1.0,9.347741861738731e-32,0.1457192645119608,1.353316122549459,1.0,1.0,6.0,3.0,6.0,3.0,2.2947544946552307,1.0
201.0,0.9,1.6097122155605859,0.049787546833907736,0.04787142492279689,0.0019019756940192641,-0.004203169468489521,0.15903584667484977,0.5684853551353932,1.79251525876582e-14,0.8363152558520714,1.2845886292650144,1.0,1.0,6.0,3.0,1.218900737637615,1.0,2.3277494196327678e-31,0.15136537240889666,1.4057523523929738,1.0,1.0,6.0,3.0,6.0,3.0,2.383668143219099,1.0
201.0,0.95,1.6097122155605859,0.049787546833907736,0.04787142492279689,0.0019019756940192641,-0.004203169468489521,0.15903584667484977,0.5684853551353932,1.79251525876582e-14,0.8363152558520714,1.2845886292650144,1.0,1.0,6.0,3.0,1.218900737637615,1.0,2.2693818339869717e-30,0.16643078944029951,1.5456670838446633,1.0,1.0,6.0,3.0,6.0,3.0,2.6209149723357106,1.0
202.0,0.4,-0.2916968142744525,0.251241979541956,0.056330979391020664,-0.003541033421892878,-0.0026768088718836605,0.13269813682911502,-0.0596779518308036,8.419801166880796e-18,0.570798210184167,0.9369509387414693,1.0,1.0,6.0,3.0,0.484632760244893,1.0,1.0973218040193292e-33,0.1595942953634012,1.1186645735003302,0.0,1.0,6.0,3.0,6.0,3.0,0.9077089766433744,1.0
202.0,0.45,-0.2916968142744525,0.251241979541956,0.056330979391020664,-0.003541033421892878,-0.0026768088718836605,0.13269813682911502,-0.0596779518308036,8.419801166880796e-18,0.570798210184167,0.9369509387414693,1.0,1.0,6.0,3.0,0.484632760244893,1.0,1.703249888507303e-33,0.16254491159239315,1.1393467027572222,0.0,1.0,6.0,3.0,6.0,3.0,0.9244909100551358,1.0
202.0,0.5,-0.2916968142744525,0.251241979541956,0.056330979391020664,-0.003541033421892878,-0.0026768088718836605,0.13269813682911502,-0.0596779518308036,8.419801166880796e-18,0.570798210184167,0.9369509387414693,1.0,1.0,6.0,3.0,0.484632760244893,1.0,3.339361920605853e-33,0.16716913375087106,1.1717598507140803,0.0,1.0,6.0,3.0,6.0,3.0,0.9507916493997715,1.0
202.0,0.55,-0.2916968142744525,0.251241979541956,0.056330979391020664,-0.003541033421892878,-0.0026768088718836605,0.13269813682911502,-0.0596779518308036,1.3932692217515268e-16,0.6415982237904911,1.0531673844621925,1.0,1.0,6.0,3.0,0.5447450826159427,1.0,5.5454803749778006e-33,0.17073959441262307,1.1967867343146734,0.0,1.0,6.0,3.0,6.0,3.0,0.9710990118029484,1.0
202.0,0.6,-0.2916968142744525,0.251241979541956,0.056330979391020664,-0.003541033421892878,-0.0026768088718836605,0.13269813682911502,-0.0596779518308036,1.3932692217515268e-16,0.6415982237904911,1.0531673844621925,1.0,1.0,6.0,3.0,0.5447450826159427,1.0,6.66045609500949e-33,0.17204792744532935,1.205957399285474,0.0,1.0,6.0,3.0,6.0,3.0,0.9785402905499264,1.0
202.0,0.65,-0.2916968142744525,0.251241979541956,0.056330979391020664,-0.003541033421892878,-0.0026768088718836605,0.13269813682911502,-0.0596779518308036,1.3932692217515268e-16,0.6415982237904911,1.0531673844621925,1.0,1.0,6.0,3.0,0.5447450826159427,1.0,1.1365646839468333e-32,0.17592188498074166,1.2331116220867497,0.0,1.0,6.0,3.0,6.0,3.0,1.0005738226509453,1.0
202.0,0.7,-0.2916968142744525,0.251241979541956,0.056330979391020664,-0.003541033421892878,-0.0026768088718836605,0.13269813682911502,-0.0596779518308036,1.3932692217515268e-16,0.6415982237904911,1.0531673844621925,1.0,1.0,6.0,3.0,0.5447450826159427,1.0,1.3948366711740153e-32,0.17742926484171817,1.2436774912830302,0.0,1.0,6.0,3.0,6.0,3.0,1.0091472007150184,1.0
202.0,0.75,-0.2916968142744525,0.251241979541956,0.056330979391020664,-0.003541033421892878,-0.0026768088718836605,0.13269813682911502,-0.0596779518308036,1.3932692217515268e-16,0.6415982237904911,1.0531673844621925,1.0,1.0,6.0,3.0,0.5447450826159427,1.0,2.2689121288671692e-32,0.18106277956110106,1.269146347701803,0.0,1.0,6.0,3.0,6.0,3.0,1.029813189559041,1.0
202.0,0.8,-0.2916968142744525,0.251241979541956,0.056330979391020664,-0.003541033421892878,-0.0026768088718836605,0.13269813682911502,-0.0596779518308036,1.3932692217515268e-16,0.6415982237904911,1.0531673844621925,1.0,1.0,6.0,3.0,0.5447450826159427,1.0,3.3363314155665093e-32,0.18399513044819144,1.2897004473768,0.0,1.0,6.0,3.0,6.0,3.0,1.04649123695929,1.0
202.0,0.85,-0.2916968142744525,0.251241979541956,0.056330979391020664,-0.003541033421892878,-0.0026768088718836605,0.13269813682911502,-0.0596779518308036,1.3932692217515268e-16,0.6415982237904911,1.0531673844621925,1.0,1.0,6.0,3.0,0.5447450826159427,1.0,6.26366659624587e-32,0.18888811804612454,1.3239974870793825,0.0,1.0,6.0,3.0,6.0,3.0,1.0743206073959672,1.0
202.0,0.9,-0.2916968142744525,0.251241979541956,0.056330979391020664,-0.003541033421892878,-0.0026768088718836605,0.13269813682911502,-0.0596779518308036,1.3932692217515268e-16,0.6415982237904911,1.0531673844621925,1.0,1.0,6.0,3.0,0.5447450826159427,1.0,1.0452229195223242e-31,0.1929614193978354,1.3525489958220622,0.0,1.0,6.0,3.0,6.0,3.0,1.0974879279640528,1.0
202.0,0.95,-0.2916968142744525,0.251241979541956,0.056330979391020664,-0.003541033421892878,-0.0026768088718836605,0.13269813682911502,-0.0596779518308036,1.3932692217515268e-16,0.6415982237904911,1.0531673844621925,1.0,1.0,6.0,3.0,0.5447450826159427,1.0,3.904847678663692e-31,0.20385449117871318,1.4289031879948895,1.0,1.0,6.0,3.0,6.0,3.0,1.1594433945815066,1.0
203.0,0.4,-0.06639170317430643,0.003962227920989103,0.006161731774303958,-0.004006763221693694,-0.0034407712389532817,0.09691344979172789,-0.018022413208566124,3.171466656229501e-18,0.4469256215534917,0.626663614865489,1.0,1.0,6.0,3.0,0.4654988282815814,1.0,6.029483434818672e-36,0.06877636811856085,0.5822505397071056,0.0,1.0,6.0,3.0,6.0,3.0,0.8203098286833375,1.0
203.0,0.45,-0.06639170317430643,0.003962227920989103,0.006161731774303958,-0.004006763221693694,-0.0034407712389532817,0.09691344979172789,-0.018022413208566124,3.171466656229501e-18,0.4469256215534917,0.626663614865489,1.0,1.0,6.0,3.0,0.4654988282815814,1.0,1.1071511353557546e-35,0.07054011906759364,0.5971821938504728,0.0,1.0,6.0,3.0,6.0,3.0,0.8413464474874447,1.0
203.0,0.5,-0.06639170317430643,0.003962227920989103,0.006161731774303958,-0.004006763221693694,-0.0034407712389532817,0.09691344979172789,-0.018022413208566124,3.171466656229501e-18,0.4469256215534917,0.626663614865489,1.0,1.0,6.0,3.0,0.4654988282815814,1.0,1.8414649584954643e-35,0.07205144769084104,0.6099768779931953,0.0,1.0,6.0,3.0,6.0,3.0,0.859372373513128,1.0
203.0,0.55,-0.06639170317430643,0.003962227920989103,0.006161731774303958,-0.004006763221693694,-0.0034407712389532817,0.09691344979172789,-0.018022413208566124,1.2166163923227658e-17,0.472676650355613,0.6627708148500201,1.0,1.0,6.0,3.0,0.4923200109489933,1.0,2.584190676461712e-35,0.07307594220195114,0.6186500966922771,0.0,1.0,6.0,3.0,6.0,3.0,0.871591729374534,1.0
203.0,0.6,-0.06639170317430643,0.003962227920989103,0.006161731774303958,-0.004006763221693694,-0.0034407712389532817,0.09691344979172789,-0.018022413208566124,1.2166163923227658e-17,0.472676650355613,0.6627708148500201,1.0,1.0,6.0,3.0,0.4923200109489933,1.0,4.503252765527819e-35,0.07478672189587098,0.6331333040402956,0.0,1.0,6.0,3.0,6.0,3.0,0.8919965491698312,1.0
203.0,0.65,-0.06639170317430643,0.003962227920989103,0.006161731774303958,-0.004006763221693694,-0.0034407712389532817,0.09691344979172789,-0.018022413208566124,1.2166163923227658e-17,0.472676650355613,0.6627708148500201,1.0,1.0,6.0,3.0,0.4923200109489933,1.0,8.390774989073292e-35,0.07675134360432465,0.6497655002635029,0.0,1.0,6.0,3.0,6.0,3.0,0.9154289946620249,1.0
203.0,0.7,-0.06639170317430643,0.003962227920989103,0.006161731774303958,-0.004006763221693694,-0.0034407712389532817,0.09691344979172789,-0.018022413208566124,1.2166163923227658e-17,0.472676650355613,0.6627708148500201,1.0,1.0,6.0,3.0,0.4923200109489933,1.0,1.2443866246307163e-34,0.0780220528219116,0.6605231361781441,0.0,1.0,6.0,3.0,6.0,3.0,0.9305850037549763,1.0
203.0,0.75,-0.06639170317430643,0.003962227920989103,0.006161731774303958,-0.004006763221693694,-0.0034407712389532817,0.09691344979172789,-0.018022413208566124,1.2166163923227658e-17,0.472676650355613,0.6627708148500201,1.0,1.0,6.0,3.0,0.4923200109489933,1.0,1.8522326528096887e-34,0.07932587680778753,0.6715611168134498,0.0,1.0,6.0,3.0,6.0,3.0,0.9461359794715682,1.0
203.0,0.8,-0.06639170317430643,0.003962227920989103,0.006161731774303958,-0.004006763221693694,-0.0034407712389532817,0.09691344979172789,-0.018022413208566124,1.2166163923227658e-17,0.472676650355613,0.6627708148500201,1.0,1.0,6.0,3.0,0.4923200109489933,1.0,3.890046243442801e-34,0.08181677353603313,0.6926486793592868,0.0,1.0,6.0,3.0,6.0,3.0,0.9758454149115536,1.0
203.0,0.85,-0.06639170317430643,0.003962227920989103,0.006161731774303958,-0.004006763221693694,-0.0034407712389532817,0.09691344979172789,-0.018022413208566124,1.2166163923227658e-17,0.472676650355613,0.6627708148500201,1.0,1.0,6.0,3.0,0.4923200109489933,1.0,5.671137921965938e-34,0.08311201772539233,0.7036140247088234,0.0,1.0,6.0,3.0,6.0,3.0,0.9912940576378565,1.0
203.0,0.9,-0.06639170317430643,0.003962227920989103,0.006161731774303958,-0.004006763221693694,-0.0034407712389532817,0.09691344979172789,-0.018022413208566124,1.2166163923227658e-17,0.472676650355613,0.6627708148500201,1.0,1.0,6.0,3.0,0.4923200109489933,1.0,1.2654817590021424e-33,0.08593859105082093,0.7275433755785207,1.0,1.0,6.0,3.0,6.0,3.0,1.0250071766025877,1.0
203.0,0.95,-0.06639170317430643,0.003962227920989103,0.006161731774303958,-0.004006763221693694,-0.0034407712389532817,0.09691344979172789,-0.018022413208566124,1.2166163923227658e-17,0.472676650355613,0.6627708148500201,1.0,1.0,6.0,3.0,0.4923200109489933,1.0,3.103965995039673e-33,0.08921217074906121,0.7552570161532727,1.0,1.0,6.0,3.0,6.0,3.0,1.064051832127514,1.0
204.0,0.4,0.2516581420760584,1.2300579201891204,0.7820944507960348,-0.0017797318650157742,0.0008373117716302788,0.05580995661523991,0.6052826812227093,3.3958804290434634e-15,0.8587321114849971,1.2394244654779367,0.0,0.0,4.0,2.0,1.1599490069143197,0.0,3.935117604878854e-31,0.2413150359553148,1.5205435019945635,1.0,1.0,4.0,2.0,6.0,3.0,2.1957777949587727,1.0
204.0,0.45,0.2516581420760584,1.2300579201891204,0.7820944507960348,-0.0017797318650157742,0.0008373117716302788,0.05580995661523991,0.6052826812227093,3.3958804290434634e-15,0.8587321114849971,1.2394244654779367,0.0,0.0,4.0,2.0,1.1599490069143197,0.0,6.451513132069222e-31,0.2463374137337987,1.5521898677728223,1.0,1.0,4.0,2.0,6.0,3.0,2.241477498502863,1.0
204.0,0.5,0.2516581420760584,1.2300579201891204,0.7820944507960348,-0.0017797318650157742,0.0008373117716302788,0.05580995661523991,0.6052826812227093,3.3958804290434634e-15,0.8587321114849971,1.2394244654779367,0.0,0.0,4.0,2.0,1.1599490069143197,0.0,9.532017859816982e-31,0.25037666291721594,1.577641469138927,1.0,1.0,4.0,2.0,6.0,3.0,2.278231501957896,1.0
204.0,0.55,0.2516581420760584,1.2300579201891204,0.7820944507960348,-0.0017797318650157742,0.0008373117716302788,0.05580995661523991,0.6052826812227093,5.836523899295246e-15,0.8783301311439433,1.2677106617379212,0.0,0.0,5.0,2.0,1.1864214109817193,0.0,1.446168552594288e-30,0.2547633393498259,1.6052822347404248,1.0,1.0,4.0,2.0,6.0,3.0,2.3181468212261804,1.0
204.0,0.6,0.2516581420760584,1.2300579201891204,0.7820944507960348,-0.0017797318650157742,0.0008373117716302788,0.05580995661523991,0.6052826812227093,5.836523899295246e-15,0.8783301311439433,1.2677106617379212,0.0,0.0,5.0,2.0,1.1864214109817193,0.0,2.72358706531311e-30,0.261572468394211,1.6481870495261863,1.0,1.0,4.0,2.0,6.0,3.0,2.3801045616524252,1.0
204.0,0.65,0.2516581420760584,1.2300579201891204,0.7820944507960348,-0.0017797318650157742,0.0008373117716302788,0.05580995661523991,0.6052826812227093,5.836523899295246e-15,0.8783301311439433,1.2677106617379212,0.0,0.0,5.0,2.0,1.1864214109817193,0.0,3.77124624983621e-30,0.2651437220654274,1.6706897773079226,1.0,1.0,4.0,2.0,6.0,3.0,2.4126001725470343,1.0
204.0,0.7,0.2516581420760584,1.2300579201891204,0.7820944507960348,-0.0017797318650157742,0.0008373117716302788,0.05580995661523991,0.6052826812227093,5.836523899295246e-15,0.8783301311439433,1.2677106617379212,0.0,0.0,5.0,2.0,1.1864214109817193,0.0,5.28247437955693e-30,0.26889292150252114,1.6943137542357845,1.0,1.0,4.0,2.0,6.0,3.0,2.4467149505187096,1.0
204.0,0.75,0.2516581420760584,1.2300579201891204,0.7820944507960348,-0.0017797318650157742,0.0008373117716302788,0.05580995661523991,0.6052826812227093,5.836523899295246e-15,0.8783301311439433,1.2677106617379212,0.0,0.0,5.0,2.0,1.1864214109817193,0.0,7.626398309392399e-30,0.2730388566056582,1.7204375913013439,1.0,1.0,4.0,2.0,6.0,3.0,2.484439712271617,1.0
204.0,0.8,0.2516581420760584,1.2300579201891204,0.7820944507960348,-0.0017797318650157742,0.0008373117716302788,0.05580995661523991,0.6052826812227093,5.836523899295246e-15,0.8783301311439433,1.2677106617379212,0.0,0.0,5.0,2.0,1.1864214109817193,0.0,1.0529082276657688e-29,0.2767328716328566,1.7437138472695664,1.0,1.0,4.0,2.0,6.0,3.0,2.5180523553415166,1.0
204.0,0.85,0.2516581420760584,1.2300579201891204,0.7820944507960348,-0.0017797318650157742,0.0008373117716302788,0.05580995661523991,0.6052826812227093,5.836523899295246e-15,0.8783301311439433,1.2677106617379212,0.0,0.0,5.0,2.0,1.1864214109817193,0.0,1.8180437391564015e-29,0.2831031218169279,1.7838532546012462,1.0,1.0,4.0,2.0,6.0,3.0,2.5760166419312074,1.0
204.0,0.9,0.2516581420760584,1.2300579201891204,0.7820944507960348,-0.0017797318650157742,0.0008373117716302788,0.05580995661523991,0.6052826812227093,5.836523899295246e-15,0.8783301311439433,1.2677106617379212,0.0,0.0,5.0,2.0,1.1864214109817193,0.0,3.367625113696305e-29,0.2904688958943777,1.8302655300166089,1.0,1.0,4.0,2.0,6.0,3.0,2.643039416114838,1.0
204.0,0.95,0.2516581420760584,1.2300579201891204,0.7820944507960348,-0.0017797318650157742,0.0008373117716302788,0.05580995661523991,0.6052826812227093,5.836523899295246e-15,0.8783301311439433,1.2677106617379212,0.0,0.0,5.0,2.0,1.1864214109817193,0.0,6.912440068975199e-29,0.2993039526495329,1.8859358618946944,1.0,1.0,4.0,2.0,6.0,3.0,2.72343151171456,1.0
205.0,0.4,-0.19101273830949284,0.34353482117549283,0.06938283940340184,-0.0004254301388538814,6.165417321207195e-5,0.22683569382947422,-0.01741535316756293,2.803880655916047e-16,0.6176926042379148,1.0445925675804153,1.0,1.0,6.0,3.0,0.5403030811329308,1.0,4.939453097957587e-34,0.14985328076548723,1.0684388218163703,0.0,1.0,6.0,3.0,6.0,3.0,0.8530438192792323,1.0
205.0,0.45,-0.19101273830949284,0.34353482117549283,0.06938283940340184,-0.0004254301388538814,6.165417321207195e-5,0.22683569382947422,-0.01741535316756293,2.803880655916047e-16,0.6176926042379148,1.0445925675804153,1.0,1.0,6.0,3.0,0.5403030811329308,1.0,1.0506351973721434e-33,0.15464057901740608,1.1025717769164214,0.0,1.0,6.0,3.0,6.0,3.0,0.8802956429562634,1.0
205.0,0.5,-0.19101273830949284,0.34353482117549283,0.06938283940340184,-0.0004254301388538814,6.165417321207195e-5,0.22683569382947422,-0.01741535316756293,2.803880655916047e-16,0.6176926042379148,1.0445925675804153,1.0,1.0,6.0,3.0,0.5403030811329308,1.0,1.4456674693267343e-33,0.15671088133871122,1.1173328242667333,0.0,1.0,6.0,3.0,6.0,3.0,0.8920808944382951,1.0
205.0,0.55,-0.19101273830949284,0.34353482117549283,0.06938283940340184,-0.0004254301388538814,6.165417321207195e-5,0.22683569382947422,-0.01741535316756293,4.8116168651257e-15,0.6953624175674593,1.1759415738219576,1.0,1.0,6.0,3.0,0.6082417923382358,1.0,2.709995448111205e-33,0.16086812235568737,1.1469735346435441,0.0,1.0,6.0,3.0,6.0,3.0,0.9157461004095641,1.0
205.0,0.6,-0.19101273830949284,0.34353482117549283,0.06938283940340184,-0.0004254301388538814,6.165417321207195e-5,0.22683569382947422,-0.01741535316756293,4.8116168651257e-15,0.6953624175674593,1.1759415738219576,1.0,1.0,6.0,3.0,0.6082417923382358,1.0,3.374060318406469e-33,0.1623439110795203,1.157495759831323,0.0,1.0,6.0,3.0,6.0,3.0,0.9241470672952855,1.0
205.0,0.65,-0.19101273830949284,0.34353482117549283,0.06938283940340184,-0.0004254301388538814,6.165417321207195e-5,0.22683569382947422,-0.01741535316756293,4.8116168651257e-15,0.6953624175674593,1.1759415738219576,1.0,1.0,6.0,3.0,0.6082417923382358,1.0,8.106927503074631e-33,0.16838315711912571,1.2005549767550627,0.0,1.0,6.0,3.0,6.0,3.0,0.9585256373264237,1.0
205.0,0.7,-0.19101273830949284,0.34353482117549283,0.06938283940340184,-0.0004254301388538814,6.165417321207195e-5,0.22683569382947422,-0.01741535316756293,4.8116168651257e-15,0.6953624175674593,1.1759415738219576,1.0,1.0,6.0,3.0,0.6082417923382358,1.0,1.4635928659425615e-32,0.1725793442850878,1.2304733692575118,0.0,1.0,6.0,3.0,6.0,3.0,0.9824125452951887,1.0
205.0,0.75,-0.19101273830949284,0.34353482117549283,0.06938283940340184,-0.0004254301388538814,6.165417321207195e-5,0.22683569382947422,-0.01741535316756293,4.8116168651257e-15,0.6953624175674593,1.1759415738219576,1.0,1.0,6.0,3.0,0.6082417923382358,1.0,2.4210587498330537e-32,0.17623677004149704,1.2565504470905566,0.0,1.0,6.0,3.0,6.0,3.0,1.0032325394924473,1.0
205.0,0.8,-0.19101273830949284,0.34353482117549283,0.06938283940340184,-0.0004254301388538814,6.165417321207195e-5,0.22683569382947422,-0.01741535316756293,4.8116168651257e-15,0.6953624175674593,1.1759415738219576,1.0,1.0,6.0,3.0,0.6082417923382358,1.0,5.8538042396624e-32,0.18284070794608565,1.3036358602232143,0.0,1.0,6.0,3.0,6.0,3.0,1.0408256331079904,1.0
205.0,0.85,-0.19101273830949284,0.34353482117549283,0.06938283940340184,-0.0004254301388538814,6.165417321207195e-5,0.22683569382947422,-0.01741535316756293,4.8116168651257e-15,0.6953624175674593,1.1759415738219576,1.0,1.0,6.0,3.0,0.6082417923382358,1.0,1.1995974040665484e-31,0.18838924947882016,1.3431964033608152,1.0,1.0,6.0,3.0,6.0,3.0,1.0724108545748487,1.0
205.0,0.9,-0.19101273830949284,0.34353482117549283,0.06938283940340184,-0.0004254301388538814,6.165417321207195e-5,0.22683569382947422,-0.01741535316756293,4.8116168651257e-15,0.6953624175674593,1.1759415738219576,1.0,1.0,6.0,3.0,0.6082417923382358,1.0,3.396593576131292e-31,0.19673869457947663,1.4027271072639653,1.0,1.0,6.0,3.0,6.0,3.0,1.1199402947121833,1.0
205.0,0.95,-0.19101273830949284,0.34353482117549283,0.06938283940340184,-0.0004254301388538814,6.165417321207195e-5,0.22683569382947422,-0.01741535316756293,4.8116168651257e-15,0.6953624175674593,1.1759415738219576,1.0,1.0,6.0,3.0,0.6082417923382358,1.0,1.2357228332432747e-30,0.20761545558424718,1.4802773194031433,1.0,1.0,6.0,3.0,6.0,3.0,1.181856548407135,1.0
206.0,0.4,-0.04700155816050455,1.0914578075625603,0.878665086215075,-0.002088795507969535,0.00155715445561355,0.24565599356043205,0.5701098714232152,1.7214233631763695e-16,0.7360802526148269,1.0476250592177296,0.0,0.0,4.0,2.0,0.9828859720408021,0.0,8.538764694647954e-33,0.18936118924810694,1.2265493075791625,0.0,1.0,4.0,2.0,6.0,3.0,1.8212978014206627,1.0
206.0,0.45,-0.04700155816050455,1.0914578075625603,0.878665086215075,-0.002088795507969535,0.00155715445561355,0.24565599356043205,0.5701098714232152,1.7214233631763695e-16,0.7360802526148269,1.0476250592177296,0.0,0.0,4.0,2.0,0.9828859720408021,0.0,1.1059789041320066e-32,0.19141338228201826,1.239841978346374,0.0,1.0,4.0,2.0,6.0,3.0,1.8410360311793281,1.0
206.0,0.5,-0.04700155816050455,1.0914578075625603,0.878665086215075,-0.002088795507969535,0.00155715445561355,0.24565599356043205,0.5701098714232152,1.7214233631763695e-16,0.7360802526148269,1.0476250592177296,0.0,0.0,4.0,2.0,0.9828859720408021,0.0,1.4475321515812987e-32,0.19357191861267808,1.2538234665925547,0.0,1.0,4.0,2.0,6.0,3.0,1.8617970830555204,1.0
206.0,0.55,-0.04700155816050455,1.0914578075625603,0.878665086215075,-0.002088795507969535,0.00155715445561355,0.24565599356043205,0.5701098714232152,2.198037194378826e-15,0.8184923778179786,1.1649179865031851,0.0,0.0,4.0,2.0,1.092930660103687,0.0,2.1680248605011514e-32,0.1968576016011224,1.2751058223403353,0.0,1.0,4.0,2.0,6.0,3.0,1.8933991617432415,1.0
206.0,0.6,-0.04700155816050455,1.0914578075625603,0.878665086215075,-0.002088795507969535,0.00155715445561355,0.24565599356043205,0.5701098714232152,2.198037194378826e-15,0.8184923778179786,1.1649179865031851,0.0,0.0,4.0,2.0,1.092930660103687,0.0,2.7889792218844275e-32,0.19893432842745407,1.2885574058510978,0.0,1.0,4.0,2.0,6.0,3.0,1.9133733603526153,1.0
206.0,0.65,-0.04700155816050455,1.0914578075625603,0.878665086215075,-0.002088795507969535,0.00155715445561355,0.24565599356043205,0.5701098714232152,2.198037194378826e-15,0.8184923778179786,1.1649179865031851,0.0,0.0,4.0,2.0,1.092930660103687,0.0,4.0254649011107254e-32,0.2019994470926097,1.3084111002185785,0.0,1.0,4.0,2.0,6.0,3.0,1.9428540258897713,1.0
206.0,0.7,-0.04700155816050455,1.0914578075625603,0.878665086215075,-0.002088795507969535,0.00155715445561355,0.24565599356043205,0.5701098714232152,2.198037194378826e-15,0.8184923778179786,1.1649179865031851,0.0,0.0,4.0,2.0,1.092930660103687,0.0,6.851840437202959e-32,0.20652603813816942,1.3377311902257807,0.0,1.0,4.0,2.0,6.0,3.0,1.9863913016744439,1.0
206.0,0.75,-0.04700155816050455,1.0914578075625603,0.878665086215075,-0.002088795507969535,0.00155715445561355,0.24565599356043205,0.5701098714232152,2.198037194378826e-15,0.8184923778179786,1.1649179865031851,0.0,0.0,4.0,2.0,1.092930660103687,0.0,1.2003632920454572e-31,0.21140773582126463,1.3693514125996804,0.0,1.0,4.0,2.0,6.0,3.0,2.033344034136281,1.0
206.0,0.8,-0.04700155816050455,1.0914578075625603,0.878665086215075,-0.002088795507969535,0.00155715445561355,0.24565599356043205,0.5701098714232152,2.198037194378826e-15,0.8184923778179786,1.1649179865031851,0.0,0.0,4.0,2.0,1.092930660103687,0.0,1.8888260025705985e-31,0.21543892675521284,1.3954626472639027,0.0,1.0,4.0,2.0,6.0,3.0,2.0721164943973265,1.0
206.0,0.85,-0.04700155816050455,1.0914578075625603,0.878665086215075,-0.002088795507969535,0.00155715445561355,0.24565599356043205,0.5701098714232152,2.198037194378826e-15,0.8184923778179786,1.1649179865031851,0.0,0.0,4.0,2.0,1.092930660103687,0.0,3.229071965855169e-31,0.22030672309372767,1.4269928264529386,0.0,1.0,4.0,2.0,6.0,3.0,2.1189355221205037,1.0
206.0,0.9,-0.04700155816050455,1.0914578075625603,0.878665086215075,-0.002088795507969535,0.00155715445561355,0.24565599356043205,0.5701098714232152,2.198037194378826e-15,0.8184923778179786,1.1649179865031851,0.0,0.0,4.0,2.0,1.092930660103687,0.0,4.445528233839684e-31,0.2232610619068095,1.44612896643985,0.0,1.0,4.0,2.0,6.0,3.0,2.1473506942383094,1.0
206.0,0.95,-0.04700155816050455,1.0914578075625603,0.878665086215075,-0.002088795507969535,0.00155715445561355,0.24565599356043205,0.5701098714232152,2.198037194378826e-15,0.8184923778179786,1.1649179865031851,0.0,0.0,4.0,2.0,1.092930660103687,0.0,1.180984568944798e-30,0.23253751200239156,1.5062153203897133,1.0,1.0,4.0,2.0,6.0,3.0,2.2365726632761977,1.0
207.0,0.4,0.10553583730240967,0.9096382937342725,0.9125925286127686,-0.0012780999901356564,-0.0005723434451213583,0.13550902197737613,0.6435739648426491,1.259698524545996e-13,0.9168070125537644,1.2324425967904544,0.0,1.0,5.0,3.0,1.172924511168023,0.0,2.8578677200451913e-32,0.19788961711952655,1.21252091474022,1.0,1.0,4.0,2.0,6.0,3.0,1.839628420267487,1.0
207.0,0.45,0.10553583730240967,0.9096382937342725,0.9125925286127686,-0.0012780999901356564,-0.0005723434451213583,0.13550902197737613,0.6435739648426491,1.259698524545996e-13,0.9168070125537644,1.2324425967904544,0.0,1.0,5.0,3.0,1.172924511168023,0.0,4.068048610456861e-32,0.2008224874144503,1.2304913703132756,1.0,1.0,4.0,2.0,6.0,3.0,1.8668930722792263,1.0
207.0,0.5,0.10553583730240967,0.9096382937342725,0.9125925286127686,-0.0012780999901356564,-0.0005723434451213583,0.13550902197737613,0.6435739648426491,1.259698524545996e-13,0.9168070125537644,1.2324425967904544,0.0,1.0,5.0,3.0,1.172924511168023,0.0,7.299690295891694e-32,0.20577483930479365,1.260835712434912,1.0,1.0,4.0,2.0,6.0,3.0,1.9129313001420762,1.0
207.0,0.55,0.10553583730240967,0.9096382937342725,0.9125925286127686,-0.0012780999901356564,-0.0005723434451213583,0.13550902197737613,0.6435739648426491,9.194956409763426e-13,0.9959741203686305,1.3388651203965571,0.0,1.0,5.0,3.0,1.274207594699076,0.0,1.0177369605840244e-31,0.20864408041165156,1.2784162955000469,1.0,1.0,4.0,2.0,6.0,3.0,1.9396044402572916,1.0
207.0,0.6,0.10553583730240967,0.9096382937342725,0.9125925286127686,-0.0012780999901356564,-0.0005723434451213583,0.13550902197737613,0.6435739648426491,9.194956409763426e-13,0.9959741203686305,1.3388651203965571,0.0,1.0,5.0,3.0,1.274207594699076,0.0,1.5865197817296942e-31,0.21253957863455236,1.302285021597726,1.0,1.0,4.0,2.0,6.0,3.0,1.9758179078775826,1.0
207.0,0.65,0.10553583730240967,0.9096382937342725,0.9125925286127686,-0.0012780999901356564,-0.0005723434451213583,0.13550902197737613,0.6435739648426491,9.194956409763426e-13,0.9959741203686305,1.3388651203965571,0.0,1.0,5.0,3.0,1.274207594699076,0.0,2.9995319176754374e-31,0.21825547575293544,1.3373078030019507,1.0,1.0,4.0,2.0,6.0,3.0,2.028954231750256,1.0
207.0,0.7,0.10553583730240967,0.9096382937342725,0.9125925286127686,-0.0012780999901356564,-0.0005723434451213583,0.13550902197737613,0.6435739648426491,9.194956409763426e-13,0.9959741203686305,1.3388651203965571,0.0,1.0,5.0,3.0,1.274207594699076,0.0,4.610510678364467e-31,0.22220003828763388,1.361477158840027,1.0,1.0,4.0,2.0,6.0,3.0,2.0656238127519244,1.0
207.0,0.75,0.10553583730240967,0.9096382937342725,0.9125925286127686,-0.0012780999901356564,-0.0005723434451213583,0.13550902197737613,0.6435739648426491,9.194956409763426e-13,0.9959741203686305,1.3388651203965571,0.0,1.0,5.0,3.0,1.274207594699076,0.0,6.74340411692708e-31,0.22574833327011343,1.3832184807979424,1.0,1.0,4.0,2.0,6.0,3.0,2.0986095973942764,1.0
207.0,0.8,0.10553583730240967,0.9096382937342725,0.9125925286127686,-0.0012780999901356564,-0.0005723434451213583,0.13550902197737613,0.6435739648426491,9.194956409763426e-13,0.9959741203686305,1.3388651203965571,0.0,1.0,5.0,3.0,1.274207594699076,0.0,7.950067954994424e-31,0.22730205988852514,1.3927385660254301,1.0,1.0,4.0,2.0,6.0,3.0,2.1130534054432344,1.0
207.0,0.85,0.10553583730240967,0.9096382937342725,0.9125925286127686,-0.0012780999901356564,-0.0005723434451213583,0.13550902197737613,0.6435739648426491,9.194956409763426e-13,0.9959741203686305,1.3388651203965571,0.0,1.0,5.0,3.0,1.274207594699076,0.0,1.2626665864444516e-30,0.2317260978688176,1.4198457920476504,1.0,1.0,4.0,2.0,6.0,3.0,2.154180302949802,1.0
207.0,0.9,0.10553583730240967,0.9096382937342725,0.9125925286127686,-0.0012780999901356564,-0.0005723434451213583,0.13550902197737613,0.6435739648426491,9.194956409763426e-13,0.9959741203686305,1.3388651203965571,0.0,1.0,5.0,3.0,1.274207594699076,0.0,1.816221384911246e-30,0.23526281316059752,1.4415161622428414,1.0,1.0,4.0,2.0,6.0,3.0,2.187058440064106,1.0
207.0,0.95,0.10553583730240967,0.9096382937342725,0.9125925286127686,-0.0012780999901356564,-0.0005723434451213583,0.13550902197737613,0.6435739648426491,9.194956409763426e-13,0.9959741203686305,1.3388651203965571,0.0,1.0,5.0,3.0,1.274207594699076,0.0,4.9874807343322414e-30,0.24537650202075403,1.5034853521711233,1.0,1.0,4.0,2.0,6.0,3.0,2.2810776702375057,1.0
208.0,0.4,0.16334642834274404,0.997319375281745,0.08129385399980965,-0.003399598634438828,0.0020873084290880723,0.2065547831591644,0.10864504544745457,1.1685031812377952e-16,0.6153276337359596,1.1302955084487318,0.0,0.0,5.0,2.0,0.5400524526921903,1.0,2.6018345636362406e-33,0.16450744926895786,1.1896573167481435,1.0,1.0,6.0,3.0,6.0,3.0,0.9139010857743846,1.0
208.0,0.45,0.16334642834274404,0.997319375281745,0.08129385399980965,-0.003399598634438828,0.0020873084290880723,0.2065547831591644,0.10864504544745457,1.1685031812377952e-16,0.6153276337359596,1.1302955084487318,0.0,0.0,5.0,2.0,0.5400524526921903,1.0,3.8177305142411666e-33,0.16715683321225544,1.2088166861689527,1.0,1.0,6.0,3.0,6.0,3.0,0.9286194153890773,1.0
208.0,0.5,0.16334642834274404,0.997319375281745,0.08129385399980965,-0.003399598634438828,0.0020873084290880723,0.2065547831591644,0.10864504544745457,1.1685031812377952e-16,0.6153276337359596,1.1302955084487318,0.0,0.0,5.0,2.0,0.5400524526921903,1.0,8.327475392095897e-33,0.1726779848773196,1.248743622635405,1.0,1.0,6.0,3.0,6.0,3.0,0.9592915005976789,1.0
208.0,0.55,0.16334642834274404,0.997319375281745,0.08129385399980965,-0.003399598634438828,0.0020873084290880723,0.2065547831591644,0.10864504544745457,3.5546940046495537e-14,0.7808577637898623,1.4343578522393006,1.0,1.0,6.0,3.0,0.6853327031293537,1.0,1.7360359243229305e-32,0.17804530588886278,1.2875581124417534,1.0,1.0,6.0,3.0,6.0,3.0,0.9891089983580953,1.0
208.0,0.6,0.16334642834274404,0.997319375281745,0.08129385399980965,-0.003399598634438828,0.0020873084290880723,0.2065547831591644,0.10864504544745457,3.5546940046495537e-14,0.7808577637898623,1.4343578522393006,1.0,1.0,6.0,3.0,0.6853327031293537,1.0,2.118558968164449e-32,0.17952872165761813,1.2982856292254714,1.0,1.0,6.0,3.0,6.0,3.0,0.9973499338764859,1.0
208.0,0.65,0.16334642834274404,0.997319375281745,0.08129385399980965,-0.003399598634438828,0.0020873084290880723,0.2065547831591644,0.10864504544745457,3.5546940046495537e-14,0.7808577637898623,1.4343578522393006,1.0,1.0,6.0,3.0,0.6853327031293537,1.0,2.754425732256763e-32,0.18150288939306053,1.312562083582972,1.0,1.0,6.0,3.0,6.0,3.0,1.0083171821375165,1.0
208.0,0.7,0.16334642834274404,0.997319375281745,0.08129385399980965,-0.003399598634438828,0.0020873084290880723,0.2065547831591644,0.10864504544745457,3.5546940046495537e-14,0.7808577637898623,1.4343578522393006,1.0,1.0,6.0,3.0,0.6853327031293537,1.0,3.9674182899155434e-32,0.18428362571297197,1.3326713450397065,1.0,1.0,6.0,3.0,6.0,3.0,1.0237652238724801,1.0
208.0,0.75,0.16334642834274404,0.997319375281745,0.08129385399980965,-0.003399598634438828,0.0020873084290880723,0.2065547831591644,0.10864504544745457,3.5546940046495537e-14,0.7808577637898623,1.4343578522393006,1.0,1.0,6.0,3.0,0.6853327031293537,1.0,5.846560067787026e-32,0.18728504483283054,1.3543765032707467,1.0,1.0,6.0,3.0,6.0,3.0,1.0404392420077813,1.0
208.0,0.8,0.16334642834274404,0.997319375281745,0.08129385399980965,-0.003399598634438828,0.0020873084290880723,0.2065547831591644,0.10864504544745457,3.5546940046495537e-14,0.7808577637898623,1.4343578522393006,1.0,1.0,6.0,3.0,0.6853327031293537,1.0,1.1652066003136143e-31,0.19274466719620922,1.3938584824767843,1.0,1.0,6.0,3.0,6.0,3.0,1.0707695086794893,1.0
208.0,0.85,0.16334642834274404,0.997319375281745,0.08129385399980965,-0.003399598634438828,0.0020873084290880723,0.2065547831591644,0.10864504544745457,3.5546940046495537e-14,0.7808577637898623,1.4343578522393006,1.0,1.0,6.0,3.0,0.6853327031293537,1.0,2.344911558610639e-31,0.19844379239049836,1.4350724579932663,1.0,1.0,6.0,3.0,6.0,3.0,1.1024303041399406,1.0
208.0,0.9,0.16334642834274404,0.997319375281745,0.08129385399980965,-0.003399598634438828,0.0020873084290880723,0.2065547831591644,0.10864504544745457,3.5546940046495537e-14,0.7808577637898623,1.4343578522393006,1.0,1.0,6.0,3.0,0.6853327031293537,1.0,4.658349595204696e-31,0.2042013388407801,1.476708914527806,1.0,1.0,6.0,3.0,6.0,3.0,1.1344156517682187,1.0
208.0,0.95,0.16334642834274404,0.997319375281745,0.08129385399980965,-0.003399598634438828,0.0020873084290880723,0.2065547831591644,0.10864504544745457,3.5546940046495537e-14,0.7808577637898623,1.4343578522393006,1.0,1.0,6.0,3.0,0.6853327031293537,1.0,9.16010775029554e-31,0.21003650009253114,1.5189066527360102,1.0,1.0,6.0,3.0,6.0,3.0,1.1668321789670881,1.0
209.0,0.4,0.7685384890535116,0.16983965786962926,0.21662589672707722,-0.002248937057336457,-0.000794991246386672,0.026838311879621546,0.40059709416922207,1.3501911746076323e-16,0.7499793780448963,1.212506920886552,1.0,1.0,6.0,3.0,1.5474968804335145,1.0,3.728177831669329e-33,0.18417702178266918,1.2811796707700176,1.0,1.0,6.0,3.0,6.0,3.0,2.987825022457628,1.0
209.0,0.45,0.7685384890535116,0.16983965786962926,0.21662589672707722,-0.002248937057336457,-0.000794991246386672,0.026838311879621546,0.40059709416922207,1.3501911746076323e-16,0.7499793780448963,1.212506920886552,1.0,1.0,6.0,3.0,1.5474968804335145,1.0,6.146884386738461e-33,0.18805449284068101,1.3081522922482054,1.0,1.0,6.0,3.0,6.0,3.0,3.0507275764182076,1.0
209.0,0.5,0.7685384890535116,0.16983965786962926,0.21662589672707722,-0.002248937057336457,-0.000794991246386672,0.026838311879621546,0.40059709416922207,1.3501911746076323e-16,0.7499793780448963,1.212506920886552,1.0,1.0,6.0,3.0,1.5474968804335145,1.0,8.597068687348497e-33,0.19070160725337448,1.3265662569161056,1.0,1.0,6.0,3.0,6.0,3.0,3.0936705809417937,1.0
209.0,0.55,0.7685384890535116,0.16983965786962926,0.21662589672707722,-0.002248937057336457,-0.000794991246386672,0.026838311879621546,0.40059709416922207,1.5485980615505094e-15,0.8302272149283312,1.3422452316398314,1.0,1.0,6.0,3.0,1.7130791362581792,1.0,1.9443033550064636e-32,0.19729750256025716,1.372448891437567,1.0,1.0,6.0,3.0,6.0,3.0,3.2006729683876576,1.0
209.0,0.6,0.7685384890535116,0.16983965786962926,0.21662589672707722,-0.002248937057336457,-0.000794991246386672,0.026838311879621546,0.40059709416922207,1.5485980615505094e-15,0.8302272149283312,1.3422452316398314,1.0,1.0,6.0,3.0,1.7130791362581792,1.0,4.046048382963293e-32,0.20341487812054573,1.4150028274847863,1.0,1.0,6.0,3.0,6.0,3.0,3.2999125347238363,1.0
209.0,0.65,0.7685384890535116,0.16983965786962926,0.21662589672707722,-0.002248937057336457,-0.000794991246386672,0.026838311879621546,0.40059709416922207,1.5485980615505094e-15,0.8302272149283312,1.3422452316398314,1.0,1.0,6.0,3.0,1.7130791362581792,1.0,7.242843352237681e-32,0.20841035770704086,1.4497525852451025,1.0,1.0,6.0,3.0,6.0,3.0,3.3809520626912226,1.0
209.0,0.7,0.7685384890535116,0.16983965786962926,0.21662589672707722,-0.002248937057336457,-0.000794991246386672,0.026838311879621546,0.40059709416922207,1.5485980615505094e-15,0.8302272149283312,1.3422452316398314,1.0,1.0,6.0,3.0,1.7130791362581792,1.0,1.2288878527486858e-31,0.2130522363797819,1.4820426099839887,1.0,1.0,6.0,3.0,6.0,3.0,3.4562552743263524,1.0
209.0,0.75,0.7685384890535116,0.16983965786962926,0.21662589672707722,-0.002248937057336457,-0.000794991246386672,0.026838311879621546,0.40059709416922207,1.5485980615505094e-15,0.8302272149283312,1.3422452316398314,1.0,1.0,6.0,3.0,1.7130791362581792,1.0,2.1717117598219344e-31,0.2181673942057844,1.5176248783691713,1.0,1.0,6.0,3.0,6.0,3.0,3.5392362911677706,1.0
209.0,0.8,0.7685384890535116,0.16983965786962926,0.21662589672707722,-0.002248937057336457,-0.000794991246386672,0.026838311879621546,0.40059709416922207,1.5485980615505094e-15,0.8302272149283312,1.3422452316398314,1.0,1.0,6.0,3.0,1.7130791362581792,1.0,3.341907762219983e-31,0.2221209501790666,1.5451267648216382,1.0,1.0,6.0,3.0,6.0,3.0,3.603373138155114,1.0
209.0,0.85,0.7685384890535116,0.16983965786962926,0.21662589672707722,-0.002248937057336457,-0.000794991246386672,0.026838311879621546,0.40059709416922207,1.5485980615505094e-15,0.8302272149283312,1.3422452316398314,1.0,1.0,6.0,3.0,1.7130791362581792,1.0,5.24089122049686e-31,0.22632453385144896,1.574367904097916,1.0,1.0,6.0,3.0,6.0,3.0,3.6715660775281846,1.0
209.0,0.9,0.7685384890535116,0.16983965786962926,0.21662589672707722,-0.002248937057336457,-0.000794991246386672,0.026838311879621546,0.40059709416922207,1.5485980615505094e-15,0.8302272149283312,1.3422452316398314,1.0,1.0,6.0,3.0,1.7130791362581792,1.0,1.0733633722076991e-30,0.23318692864815876,1.622104373182084,1.0,1.0,6.0,3.0,6.0,3.0,3.7828917721731274,1.0
209.0,0.95,0.7685384890535116,0.16983965786962926,0.21662589672707722,-0.002248937057336457,-0.000794991246386672,0.026838311879621546,0.40059709416922207,1.5485980615505094e-15,0.8302272149283312,1.3422452316398314,1.0,1.0,6.0,3.0,1.7130791362581792,1.0,2.3570333003464826e-30,0.240956321809198,1.6761501410840587,1.0,1.0,6.0,3.0,6.0,3.0,3.9089313132145556,1.0
210.0,0.4,-0.4359203927129507,0.9881296825747679,0.9846541787853897,-0.0027849847413242306,0.002321737282890514,-0.2331632934133942,0.5111296549526096,5.244251757904448e-12,1.1926924909616223,1.8156125651057753,1.0,1.0,6.0,3.0,1.7129935378495829,1.0,8.600283995212434e-32,0.1483078795960998,1.3586710699651132,0.0,0.0,4.0,2.0,6.0,3.0,2.5361781744337053,1.0
210.0,0.45,-0.4359203927129507,0.9881296825747679,0.9846541787853897,-0.0027849847413242306,0.002321737282890514,-0.2331632934133942,0.5111296549526096,5.244251757904448e-12,1.1926924909616223,1.8156125651057753,1.0,1.0,6.0,3.0,1.7129935378495829,1.0,1.2230687619314105e-31,0.15050005053811147,1.3787538817984484,0.0,0.0,4.0,2.0,6.0,3.0,2.573665974224918,1.0
210.0,0.5,-0.4359203927129507,0.9881296825747679,0.9846541787853897,-0.0027849847413242306,0.002321737282890514,-0.2331632934133942,0.5111296549526096,5.244251757904448e-12,1.1926924909616223,1.8156125651057753,1.0,1.0,6.0,3.0,1.7129935378495829,1.0,2.2529153289857236e-31,0.15437983138772673,1.4142971449921027,0.0,0.0,4.0,2.0,6.0,3.0,2.640013194205256,1.0
210.0,0.55,-0.4359203927129507,0.9881296825747679,0.9846541787853897,-0.0027849847413242306,0.002321737282890514,-0.2331632934133942,0.5111296549526096,1.0302645148705344e-11,1.2267268435556296,1.8674223976344415,1.0,1.0,6.0,3.0,1.761875061377431,1.0,3.4375911752069865e-31,0.157121922875451,1.4394178626890637,0.0,0.0,4.0,2.0,6.0,3.0,2.6869050559351,1.0
210.0,0.6,-0.4359203927129507,0.9881296825747679,0.9846541787853897,-0.0027849847413242306,0.002321737282890514,-0.2331632934133942,0.5111296549526096,1.0302645148705344e-11,1.2267268435556296,1.8674223976344415,1.0,1.0,6.0,3.0,1.761875061377431,1.0,5.802777444605783e-31,0.1605872357318336,1.4711641214796791,0.0,0.0,4.0,2.0,6.0,3.0,2.7461645562251533,1.0
210.0,0.65,-0.4359203927129507,0.9881296825747679,0.9846541787853897,-0.0027849847413242306,0.002321737282890514,-0.2331632934133942,0.5111296549526096,1.0302645148705344e-11,1.2267268435556296,1.8674223976344415,1.0,1.0,6.0,3.0,1.761875061377431,1.0,8.187162645763766e-31,0.16290712718436567,1.4924170003597408,0.0,1.0,4.0,2.0,6.0,3.0,2.785836474433347,1.0
210.0,0.7,-0.4359203927129507,0.9881296825747679,0.9846541787853897,-0.0027849847413242306,0.002321737282890514,-0.2331632934133942,0.5111296549526096,1.0302645148705344e-11,1.2267268435556296,1.8674223976344415,1.0,1.0,6.0,3.0,1.761875061377431,1.0,1.3430436579301808e-30,0.166301671667497,1.5235149393060776,0.0,1.0,4.0,2.0,6.0,3.0,2.843885781413583,1.0
210.0,0.75,-0.4359203927129507,0.9881296825747679,0.9846541787853897,-0.0027849847413242306,0.002321737282890514,-0.2331632934133942,0.5111296549526096,1.0302645148705344e-11,1.2267268435556296,1.8674223976344415,1.0,1.0,6.0,3.0,1.761875061377431,1.0,2.3979229781826977e-30,0.17036720318057968,1.560759892614696,0.0,1.0,4.0,2.0,6.0,3.0,2.9134094798106847,1.0
210.0,0.8,-0.4359203927129507,0.9881296825747679,0.9846541787853897,-0.0027849847413242306,0.002321737282890514,-0.2331632934133942,0.5111296549526096,1.0302645148705344e-11,1.2267268435556296,1.8674223976344415,1.0,1.0,6.0,3.0,1.761875061377431,1.0,3.666016967210624e-30,0.17340740092056725,1.5886116070855911,0.0,1.0,4.0,2.0,6.0,3.0,2.965399186460917,1.0
210.0,0.85,-0.4359203927129507,0.9881296825747679,0.9846541787853897,-0.0027849847413242306,0.002321737282890514,-0.2331632934133942,0.5111296549526096,1.0302645148705344e-11,1.2267268435556296,1.8674223976344415,1.0,1.0,6.0,3.0,1.761875061377431,1.0,6.425756848694701e-30,0.17751008747101682,1.6261969433496624,0.0,1.0,4.0,2.0,6.0,3.0,3.0355582644150343,1.0
210.0,0.9,-0.4359203927129507,0.9881296825747679,0.9846541787853897,-0.0027849847413242306,0.002321737282890514,-0.2331632934133942,0.5111296549526096,1.0302645148705344e-11,1.2267268435556296,1.8674223976344415,1.0,1.0,6.0,3.0,1.761875061377431,1.0,1.7350586295664645e-29,0.18501102779211495,1.694914199907883,1.0,1.0,4.0,2.0,6.0,3.0,3.1638300810029856,1.0
210.0,0.95,-0.4359203927129507,0.9881296825747679,0.9846541787853897,-0.0027849847413242306,0.002321737282890514,-0.2331632934133942,0.5111296549526096,1.0302645148705344e-11,1.2267268435556296,1.8674223976344415,1.0,1.0,6.0,3.0,1.761875061377431,1.0,5.3911093953785e-29,0.19396027090931697,1.7768995789352189,1.0,1.0,4.0,2.0,6.0,3.0,3.3168689831392806,1.0
211.0,0.4,0.2721972512007169,-0.5864296521111796,-0.8749016170460518,0.0005783582978192765,-0.0011129246265133693,-0.04162553364750976,-0.4925349942971289,8.612479449419588e-14,0.9351241089157902,1.579788270415855,0.0,1.0,5.0,3.0,1.525207971389208,1.0,2.911953770897775e-32,0.22173384233254312,1.4710963337084368,0.0,1.0,5.0,3.0,5.0,3.0,2.3543068072420756,1.0
211.0,0.45,0.2721972512007169,-0.5864296521111796,-0.8749016170460518,0.0005783582978192765,-0.0011129246265133693,-0.04162553364750976,-0.4925349942971289,8.612479449419588e-14,0.9351241089157902,1.579788270415855,0.0,1.0,5.0,3.0,1.525207971389208,1.0,5.915510121296175e-32,0.2283795982701067,1.5151876960896855,0.0,1.0,5.0,3.0,5.0,3.0,2.424869551649895,1.0
211.0,0.5,0.2721972512007169,-0.5864296521111796,-0.8749016170460518,0.0005783582978192765,-0.0011129246265133693,-0.04162553364750976,-0.4925349942971289,8.612479449419588e-14,0.9351241089157902,1.579788270415855,0.0,1.0,5.0,3.0,1.525207971389208,1.0,1.0617986055340484e-31,0.23401447371922093,1.552572357478738,0.0,1.0,5.0,3.0,5.0,3.0,2.4846990548428054,1.0
211.0,0.55,0.2721972512007169,-0.5864296521111796,-0.8749016170460518,0.0005783582978192765,-0.0011129246265133693,-0.04162553364750976,-0.4925349942971289,4.982304983011491e-12,1.1073846735664323,1.8708033526874668,0.0,1.0,5.0,3.0,1.806168737833125,1.0,1.59750320413123e-31,0.23803146452641874,1.5792231401776937,0.0,1.0,5.0,3.0,5.0,3.0,2.527350319541637,1.0
211.0,0.6,0.2721972512007169,-0.5864296521111796,-0.8749016170460518,0.0005783582978192765,-0.0011129246265133693,-0.04162553364750976,-0.4925349942971289,4.982304983011491e-12,1.1073846735664323,1.8708033526874668,0.0,1.0,5.0,3.0,1.806168737833125,1.0,2.486660615897894e-31,0.24246086549740276,1.6086100639796401,0.0,1.0,5.0,3.0,5.0,3.0,2.5743804379407633,1.0
211.0,0.65,0.2721972512007169,-0.5864296521111796,-0.8749016170460518,0.0005783582978192765,-0.0011129246265133693,-0.04162553364750976,-0.4925349942971289,4.982304983011491e-12,1.1073846735664323,1.8708033526874668,0.0,1.0,5.0,3.0,1.806168737833125,1.0,5.08115254602867e-31,0.2497886625559368,1.6572264378879666,0.0,1.0,5.0,3.0,5.0,3.0,2.6521849007846514,1.0
211.0,0.7,0.2721972512007169,-0.5864296521111796,-0.8749016170460518,0.0005783582978192765,-0.0011129246265133693,-0.04162553364750976,-0.4925349942971289,4.982304983011491e-12,1.1073846735664323,1.8708033526874668,0.0,1.0,5.0,3.0,1.806168737833125,1.0,7.429703426150649e-31,0.2537745742605522,1.683671025838377,0.0,1.0,5.0,3.0,5.0,3.0,2.6945061764209086,1.0
211.0,0.75,0.2721972512007169,-0.5864296521111796,-0.8749016170460518,0.0005783582978192765,-0.0011129246265133693,-0.04162553364750976,-0.4925349942971289,4.982304983011491e-12,1.1073846735664323,1.8708033526874668,0.0,1.0,5.0,3.0,1.806168737833125,1.0,1.2248923424516516e-30,0.259116484537823,1.719112005623983,0.0,1.0,5.0,3.0,5.0,3.0,2.751225058830359,1.0
211.0,0.8,0.2721972512007169,-0.5864296521111796,-0.8749016170460518,0.0005783582978192765,-0.0011129246265133693,-0.04162553364750976,-0.4925349942971289,4.982304983011491e-12,1.1073846735664323,1.8708033526874668,0.0,1.0,5.0,3.0,1.806168737833125,1.0,2.0996636039088173e-30,0.2650008099234319,1.7581516461680475,0.0,1.0,5.0,3.0,6.0,3.0,2.8137031504271737,1.0
211.0,0.85,0.2721972512007169,-0.5864296521111796,-0.8749016170460518,0.0005783582978192765,-0.0011129246265133693,-0.04162553364750976,-0.4925349942971289,4.982304983011491e-12,1.1073846735664323,1.8708033526874668,0.0,1.0,5.0,3.0,1.806168737833125,1.0,4.550675144261571e-30,0.2736806689326131,1.8157382943368126,0.0,1.0,5.0,3.0,6.0,3.0,2.9058634221125828,1.0
211.0,0.9,0.2721972512007169,-0.5864296521111796,-0.8749016170460518,0.0005783582978192765,-0.0011129246265133693,-0.04162553364750976,-0.4925349942971289,4.982304983011491e-12,1.1073846735664323,1.8708033526874668,0.0,1.0,5.0,3.0,1.806168737833125,1.0,9.07569712924034e-30,0.2816669964415173,1.8687236978934059,1.0,1.0,5.0,3.0,6.0,3.0,2.990659973785913,1.0
211.0,0.95,0.2721972512007169,-0.5864296521111796,-0.8749016170460518,0.0005783582978192765,-0.0011129246265133693,-0.04162553364750976,-0.4925349942971289,4.982304983011491e-12,1.1073846735664323,1.8708033526874668,0.0,1.0,5.0,3.0,1.806168737833125,1.0,2.567841784639206e-29,0.29414150294990704,1.9514859889188423,1.0,1.0,5.0,3.0,6.0,3.0,3.123110732230093,1.0
