seed,cw_alpha,ec1,ec2,ec3,ec4,ec5,ec6,bm,cw_energy_volume,cw_ec_volume,cw_ec_volume_red,cw_fullcov,cw_redcov,cw_cwfullcov,cw_cwredcov,cw_Mvol,cw_Mcov,mv_energy_volume,mv_ec_volume,mv_ec_volume_red,mv_fullcov,mv_redcov,mv_cwfullcov,mv_cwredcov,mv_cwfullcov_upper,mv_cwredcov_upper,mv_Mvol,mv_Mcov
2.0,0.4,0.17934199142997764,-0.19237615777190986,-0.18861650162007837,-0.02825423182094043,0.018059192734683253,0.11552921422647955,-0.06596333727005965,7.150736254159077e-61,0.10534207423820313,0.11062416510199533,0.0,0.0,2.0,0.0,0.022511744999432932,0.0,1.624772549919419e-54,0.12611357099743084,0.2801657000603689,0.0,0.0,4.0,2.0,4.0,2.0,0.17726481193877255,1.0
2.0,0.45,0.17934199142997764,-0.19237615777190986,-0.18861650162007837,-0.02825423182094043,0.018059192734683253,0.11552921422647955,-0.06596333727005965,6.26648302636853e-60,0.11531343565796402,0.12109551323111026,0.0,0.0,2.0,0.0,0.024642638540329567,0.0,2.5198960396264015e-54,0.1284408217126887,0.28533576875876054,0.0,0.0,4.0,2.0,4.0,2.0,0.1805359877298613,1.0
2.0,0.5,0.17934199142997764,-0.19237615777190986,-0.18861650162007837,-0.02825423182094043,0.018059192734683253,0.11552921422647955,-0.06596333727005965,2.079329108324411e-59,0.12122272766770777,0.12730111056388735,0.0,0.0,2.0,0.0,0.025905462305786563,0.0,4.94682607361699e-54,0.1321019036550023,0.2934689900864443,0.0,0.0,4.0,2.0,4.0,2.0,0.18568199221505574,1.0
2.0,0.55,0.17934199142997764,-0.19237615777190986,-0.18861650162007837,-0.02825423182094043,0.018059192734683253,0.11552921422647955,-0.06596333727005965,2.267480591020267e-58,0.13391161045664915,0.1406262427558891,0.0,0.0,2.0,0.0,0.028617093871218073,0.0,8.081789612741957e-54,0.13483157682819866,0.2995330543220066,0.0,0.0,4.0,2.0,4.0,2.0,0.18951881166179727,1.0
2.0,0.6,0.17934199142997764,-0.19237615777190986,-0.18861650162007837,-0.02825423182094043,0.018059192734683253,0.11552921422647955,-0.06596333727005965,2.972325481670938e-57,0.1490674877946701,0.15654207020689997,0.0,0.0,2.0,0.0,0.031855925537895846,0.0,1.2482902732443792e-53,0.13729623103887717,0.30500836968164824,0.0,0.0,4.0,2.0,4.0,2.0,0.19298312134468557,1.0
2.0,0.65,0.17934199142997764,-0.19237615777190986,-0.18861650162007837,-0.02825423182094043,0.018059192734683253,0.11552921422647955,-0.06596333727005965,1.3416357307884845e-55,0.17471171476097344,0.18347215695854824,0.0,0.0,2.0,0.0,0.037336131831039454,0.0,2.6795454434354396e-53,0.14173638318914492,0.314872322670337,0.0,0.0,4.0,2.0,4.0,2.0,0.19922418429827365,1.0
2.0,0.7,0.17934199142997764,-0.19237615777190986,-0.18861650162007837,-0.02825423182094043,0.018059192734683253,0.11552921422647955,-0.06596333727005965,4.56656390643075e-55,0.18385981328387427,0.19307896191929286,0.0,0.0,2.0,0.0,0.039291092967570294,0.0,4.520462474595053e-53,0.1448587562987546,0.3218087835221297,0.0,0.0,4.0,2.0,5.0,3.0,0.20361298145705758,1.0
2.0,0.75,0.17934199142997764,-0.19237615777190986,-0.18861650162007837,-0.02825423182094043,0.018059192734683253,0.11552921422647955,-0.06596333727005965,5.0573512926424713e-54,0.2032360352143315,0.2134267516261948,0.0,0.0,2.0,0.0,0.04343181803213033,0.0,6.522556616560257e-53,0.14708877918758698,0.3267628572103064,0.0,0.0,4.0,2.0,5.0,3.0,0.2067474941417877,1.0
2.0,0.8,0.17934199142997764,-0.19237615777190986,-0.18861650162007837,-0.02825423182094043,0.018059192734683253,0.11552921422647955,-0.06596333727005965,6.752398989920152e-53,0.22641125113036897,0.23776402550569817,0.0,0.0,2.0,0.0,0.04838439329497278,0.0,1.0367852315064976e-52,0.14995668555174452,0.3331340113047229,0.0,0.0,4.0,2.0,5.0,3.0,0.21077861369759437,1.0
2.0,0.85,0.17934199142997764,-0.19237615777190986,-0.18861650162007837,-0.02825423182094043,0.018059192734683253,0.11552921422647955,-0.06596333727005965,2.255772651537089e-51,0.2620542590841138,0.27519425483354304,0.0,0.0,3.0,1.0,0.05600135272803919,0.0,1.6700628740535788e-52,0.15296520987545198,0.339817553104656,0.0,0.0,4.0,2.0,5.0,3.0,0.21500738538518788,1.0
2.0,0.9,0.17934199142997764,-0.19237615777190986,-0.18861650162007837,-0.02825423182094043,0.018059192734683253,0.11552921422647955,-0.06596333727005965,8.591477848091558e-50,0.30496973709353553,0.32026161238348205,0.0,0.0,3.0,1.0,0.0651724489349763,0.0,3.3497659867543814e-52,0.15746634081959707,0.3498169726124542,0.0,0.0,4.0,2.0,5.0,3.0,0.22133415992669953,1.0
2.0,0.95,0.17934199142997764,-0.19237615777190986,-0.18861650162007837,-0.02825423182094043,0.018059192734683253,0.11552921422647955,-0.06596333727005965,3.2573293081099067e-47,0.3905768393804317,0.41016124921685815,1.0,1.0,6.0,3.0,0.08346680350089465,0.0,1.2283487808397569e-51,0.16622660570336442,0.3692782068354146,0.0,0.0,4.0,2.0,6.0,3.0,0.23364755883272595,1.0
3.0,0.4,-0.36078428516781247,-0.25162476218833296,0.02612502196608507,0.1537687278425728,0.18318498197423486,0.19463313269573657,-0.10284441374521403,1.5597535845994845e-62,0.09628189561540994,0.10927503068029995,0.0,0.0,1.0,0.0,0.029005477090335453,0.0,7.336308619780525e-52,0.2227671436023689,0.4751000769069285,0.0,0.0,1.0,0.0,5.0,2.0,0.3439051602034424,1.0
3.0,0.45,-0.36078428516781247,-0.25162476218833296,0.02612502196608507,0.1537687278425728,0.18318498197423486,0.19463313269573657,-0.10284441374521403,3.7070688819661125e-61,0.10986943971130488,0.12469619878733096,0.0,0.0,1.0,0.0,0.03309880321845465,0.0,1.5379278406761195e-51,0.2297445589706237,0.489980954420834,0.0,0.0,1.0,0.0,5.0,2.0,0.35467680772390764,1.0
3.0,0.5,-0.36078428516781247,-0.25162476218833296,0.02612502196608507,0.1537687278425728,0.18318498197423486,0.19463313269573657,-0.10284441374521403,2.2551927816411933e-59,0.13038169384213472,0.147976558871037,0.0,0.0,1.0,0.0,0.039278238235391505,0.0,3.306709240552506e-51,0.23719074374651858,0.5058615861086266,0.0,0.0,1.0,0.0,6.0,3.0,0.3661721356562416,1.0
3.0,0.55,-0.36078428516781247,-0.25162476218833296,0.02612502196608507,0.1537687278425728,0.18318498197423486,0.19463313269573657,-0.10284441374521403,3.946608267397188e-58,0.14689599886567742,0.1667194510479815,0.0,0.0,1.0,0.0,0.04425326799525961,0.0,7.712388345361438e-51,0.2457097784051915,0.5240303068457061,0.0,0.0,1.0,0.0,6.0,3.0,0.3793237159642385,1.0
3.0,0.6,-0.36078428516781247,-0.25162476218833296,0.02612502196608507,0.1537687278425728,0.18318498197423486,0.19463313269573657,-0.10284441374521403,1.0984595272124997e-56,0.16873297674798837,0.19150330488470055,0.0,0.0,1.0,0.0,0.05083178369272328,0.0,1.280282220032576e-50,0.25095391461833494,0.5352145841941739,0.0,0.0,1.0,0.0,6.0,3.0,0.3874195485692876,1.0
3.0,0.65,-0.36078428516781247,-0.25162476218833296,0.02612502196608507,0.1537687278425728,0.18318498197423486,0.19463313269573657,-0.10284441374521403,4.0094204907838514e-54,0.21575574370509856,0.24487174210820295,0.0,0.0,1.0,0.0,0.06499766379905916,0.0,2.396797829998953e-50,0.2575970459205513,0.5493825271930726,0.0,0.0,1.0,0.0,6.0,3.0,0.39767513248438746,1.0
3.0,0.7,-0.36078428516781247,-0.25162476218833296,0.02612502196608507,0.1537687278425728,0.18318498197423486,0.19463313269573657,-0.10284441374521403,4.261036382989023e-53,0.23808412270159957,0.270213311094652,0.0,0.0,1.0,0.0,0.07172421692005607,0.0,3.7956374783140957e-50,0.26257886501419114,0.5600073554161674,0.0,0.0,2.0,1.0,6.0,3.0,0.405366003165752,1.0
3.0,0.75,-0.36078428516781247,-0.25162476218833296,0.02612502196608507,0.1537687278425728,0.18318498197423486,0.19463313269573657,-0.10284441374521403,1.4379534533158376e-52,0.25046093660917584,0.2842603623167959,0.0,0.0,1.0,0.0,0.07545280358687377,0.0,7.066339733216312e-50,0.26946726094559215,0.5746983793429974,0.0,0.0,2.0,1.0,6.0,3.0,0.416000223580957,1.0
3.0,0.8,-0.36078428516781247,-0.25162476218833296,0.02612502196608507,0.1537687278425728,0.18318498197423486,0.19463313269573657,-0.10284441374521403,1.433375466617802e-51,0.2756442671340477,0.31284215537506493,0.0,0.0,1.0,0.0,0.08303942734338202,0.0,1.2113212882479526e-49,0.2755869887423083,0.5877500489018578,0.0,0.0,2.0,1.0,6.0,3.0,0.42544778363984875,1.0
3.0,0.85,-0.36078428516781247,-0.25162476218833296,0.02612502196608507,0.1537687278425728,0.18318498197423486,0.19463313269573657,-0.10284441374521403,1.8156875861130086e-50,0.3064037051541664,0.34775254545279505,0.0,0.0,1.0,0.0,0.09230588568533171,0.0,3.5414460710634186e-49,0.2881854805134794,0.6146191118731849,0.0,0.0,2.0,1.0,6.0,3.0,0.44489717936680606,1.0
3.0,0.9,-0.36078428516781247,-0.25162476218833296,0.02612502196608507,0.1537687278425728,0.18318498197423486,0.19463313269573657,-0.10284441374521403,1.5724048567409734e-46,0.44705142288084604,0.507380516749584,0.0,0.0,5.0,2.0,0.13467682290310953,0.0,5.113510866365229e-49,0.29263046392077036,0.624099019567398,0.0,0.0,2.0,1.0,6.0,3.0,0.45175928975735175,1.0
3.0,0.95,-0.36078428516781247,-0.25162476218833296,0.02612502196608507,0.1537687278425728,0.18318498197423486,0.19463313269573657,-0.10284441374521403,1.457754656920727e-42,0.6541150637460257,0.742387166376616,1.0,1.0,6.0,3.0,0.1970559405240048,0.0,1.149425297343009e-48,0.3026748025796138,0.6455207875719907,0.0,0.0,4.0,3.0,6.0,3.0,0.4672656155096495,1.0
4.0,0.4,0.3665110131912812,-0.05404563445479432,-0.10372736279353795,-0.049750977852820656,0.038672069601846826,0.10696828676260361,0.05301909586806852,2.372151878109203e-60,0.11546460123105345,0.12775882916130993,0.0,0.0,2.0,1.0,0.03617491298331153,0.0,4.506388429064123e-52,0.177705329490426,0.4275533865602408,0.0,0.0,6.0,3.0,6.0,3.0,0.3371521479653182,1.0
4.0,0.45,0.3665110131912812,-0.05404563445479432,-0.10372736279353795,-0.049750977852820656,0.038672069601846826,0.10696828676260361,0.05301909586806852,1.810019438673252e-58,0.13832098018788763,0.1530488676948428,0.0,0.0,3.0,1.0,0.043335787494301496,0.0,6.3338085845801705e-52,0.18024378514454995,0.43366083035309644,0.0,1.0,6.0,3.0,6.0,3.0,0.34196824311990254,1.0
4.0,0.5,0.3665110131912812,-0.05404563445479432,-0.10372736279353795,-0.049750977852820656,0.038672069601846826,0.10696828676260361,0.05301909586806852,1.840129777698748e-57,0.1523537944750228,0.16857584223117644,0.0,0.0,3.0,1.0,0.04773225039579515,0.0,8.456917933530393e-52,0.1824279725893853,0.43891591607055686,0.0,1.0,6.0,3.0,6.0,3.0,0.3461122014958091,1.0
4.0,0.55,0.3665110131912812,-0.05404563445479432,-0.10372736279353795,-0.049750977852820656,0.038672069601846826,0.10696828676260361,0.05301909586806852,2.18853304662216e-56,0.16891088435665486,0.1868958675466667,0.0,0.0,3.0,1.0,0.05291956563647537,0.0,1.362626020306999e-51,0.18609010818668445,0.44772689816748046,0.0,1.0,6.0,3.0,6.0,3.0,0.3530602029221602,1.0
4.0,0.6,0.3665110131912812,-0.05404563445479432,-0.10372736279353795,-0.049750977852820656,0.038672069601846826,0.10696828676260361,0.05301909586806852,2.0557885395342814e-55,0.1854351349012094,0.20517955691840675,0.0,0.0,4.0,1.0,0.05809659235453874,0.0,2.0227518781913942e-51,0.18917853980911556,0.4551575666967622,0.0,1.0,6.0,3.0,6.0,3.0,0.3589197421848965,1.0
4.0,0.65,0.3665110131912812,-0.05404563445479432,-0.10372736279353795,-0.049750977852820656,0.038672069601846826,0.10696828676260361,0.05301909586806852,1.222757595512378e-54,0.19973634799828124,0.22100350834064503,0.0,0.0,4.0,1.0,0.06257714426245314,0.0,2.918290924244747e-51,0.19208993863912355,0.46216229994233715,0.0,1.0,6.0,3.0,6.0,3.0,0.3644434052733116,1.0
4.0,0.7,0.3665110131912812,-0.05404563445479432,-0.10372736279353795,-0.049750977852820656,0.038672069601846826,0.10696828676260361,0.05301909586806852,4.68952544357931e-53,0.2325135642284568,0.2572707168537948,0.0,0.0,4.0,1.0,0.07284620449667231,0.0,4.2204317352363075e-51,0.19506564890508526,0.46932176446308216,0.0,1.0,6.0,3.0,6.0,3.0,0.3700890834911139,1.0
4.0,0.75,0.3665110131912812,-0.05404563445479432,-0.10372736279353795,-0.049750977852820656,0.038672069601846826,0.10696828676260361,0.05301909586806852,7.426142146535848e-52,0.2608753583381661,0.28865236603231453,0.0,0.0,4.0,1.0,0.08173191858593033,0.0,6.592934501934925e-51,0.19872501655893682,0.47812608697586045,0.0,1.0,6.0,3.0,6.0,3.0,0.37703183342567503,1.0
4.0,0.8,0.3665110131912812,-0.05404563445479432,-0.10372736279353795,-0.049750977852820656,0.038672069601846826,0.10696828676260361,0.05301909586806852,9.374430887135473e-50,0.3191407741506089,0.3531216598715469,0.0,0.0,5.0,2.0,0.09998639939198987,0.0,1.0504826254424922e-50,0.20261991548275055,0.48749709025393667,0.0,1.0,6.0,3.0,6.0,3.0,0.38442144600531564,1.0
4.0,0.85,0.3665110131912812,-0.05404563445479432,-0.10372736279353795,-0.049750977852820656,0.038672069601846826,0.10696828676260361,0.05301909586806852,1.4315172744988704e-46,0.43315445044818873,0.4792750751767903,0.0,0.0,5.0,2.0,0.13570673943559416,1.0,1.6400077464126956e-50,0.20641575350418112,0.49662975614274557,0.0,1.0,6.0,3.0,6.0,3.0,0.39162311489123774,1.0
4.0,0.9,0.3665110131912812,-0.05404563445479432,-0.10372736279353795,-0.049750977852820656,0.038672069601846826,0.10696828676260361,0.05301909586806852,4.0715176036419495e-46,0.4524366409889398,0.5006103594187723,0.0,0.0,5.0,2.0,0.14174782525325952,1.0,5.179226549677468e-50,0.21654689686770856,0.5210049657508335,0.0,1.0,6.0,3.0,6.0,3.0,0.41084446720606443,1.0
4.0,0.95,0.3665110131912812,-0.05404563445479432,-0.10372736279353795,-0.049750977852820656,0.038672069601846826,0.10696828676260361,0.05301909586806852,3.258238657056517e-44,0.5430738318486091,0.6008982507659193,1.0,1.0,6.0,3.0,0.17014434208562812,1.0,2.0762311169932616e-49,0.2294443744730599,0.5520358878062688,0.0,1.0,6.0,3.0,6.0,3.0,0.43531425823848835,1.0
5.0,0.4,0.4085420043463831,0.00372577121676948,0.01818256123148032,-0.03238000385923912,0.015979913116686055,0.2328241618455203,0.14830270893644798,5.171632797817333e-58,0.14369664463914214,0.14798152526124805,0.0,0.0,4.0,1.0,0.06629184538876458,0.0,2.0291378317631125e-51,0.17590874061249898,0.4388099743808053,0.0,0.0,4.0,1.0,4.0,1.0,0.5458856377073154,1.0
5.0,0.45,0.4085420043463831,0.00372577121676948,0.01818256123148032,-0.03238000385923912,0.015979913116686055,0.2328241618455203,0.14830270893644798,3.419116836933101e-57,0.1554623475775176,0.16009806890750997,0.0,0.0,4.0,1.0,0.07171973942233523,0.0,3.288821969971876e-51,0.17948415719631003,0.44772896529666295,0.0,0.0,4.0,1.0,4.0,1.0,0.5569809849602555,1.0
5.0,0.5,0.4085420043463831,0.00372577121676948,0.01818256123148032,-0.03238000385923912,0.015979913116686055,0.2328241618455203,0.14830270893644798,9.098689454902069e-57,0.1619333345715392,0.16676201382929823,0.0,0.0,4.0,1.0,0.07470501211535911,0.0,4.79998954109549e-51,0.18233405211540007,0.45483811923682266,0.0,0.0,4.0,1.0,5.0,2.0,0.565824870146912,1.0
5.0,0.55,0.4085420043463831,0.00372577121676948,0.01818256123148032,-0.03238000385923912,0.015979913116686055,0.2328241618455203,0.14830270893644798,3.273924266078283e-56,0.17080739404328732,0.1759006882860753,0.0,0.0,4.0,1.0,0.07879889878855971,0.0,6.912793115355791e-51,0.18512639175652826,0.46180369969700646,0.0,0.0,4.0,1.0,5.0,2.0,0.5744901479516719,1.0
5.0,0.6,0.4085420043463831,0.00372577121676948,0.01818256123148032,-0.03238000385923912,0.015979913116686055,0.2328241618455203,0.14830270893644798,3.336853084146785e-55,0.18815590498771573,0.19376651331640207,0.0,0.0,4.0,1.0,0.08680232021945973,0.0,8.823608483577524e-51,0.18701855528697425,0.46652376208519863,0.0,0.0,4.0,1.0,5.0,2.0,0.5803619704197734,1.0
5.0,0.65,0.4085420043463831,0.00372577121676948,0.01818256123148032,-0.03238000385923912,0.015979913116686055,0.2328241618455203,0.14830270893644798,2.8943382364015105e-54,0.20587804111680091,0.21201710463574286,0.0,0.0,4.0,1.0,0.09497810686484909,0.0,1.3037138922899375e-50,0.19008537346798796,0.47417403803371283,0.0,0.0,4.0,1.0,5.0,2.0,0.5898790188202446,1.0
5.0,0.7,0.4085420043463831,0.00372577121676948,0.01818256123148032,-0.03238000385923912,0.015979913116686055,0.2328241618455203,0.14830270893644798,4.16112262396412e-52,0.25322849782661516,0.26077950144278933,0.0,0.0,4.0,1.0,0.11682238279193892,0.0,2.0768243947738296e-50,0.19380921784722965,0.48346328682807904,0.0,0.0,5.0,2.0,5.0,2.0,0.6014349719616701,1.0
5.0,0.75,0.4085420043463831,0.00372577121676948,0.01818256123148032,-0.03238000385923912,0.015979913116686055,0.2328241618455203,0.14830270893644798,8.279029638080485e-51,0.28683223075203246,0.29538526182962804,0.0,0.0,4.0,1.0,0.13232485658435966,0.0,3.3730871946548035e-50,0.1977655251549699,0.4933324218256196,0.0,0.0,5.0,2.0,5.0,2.0,0.6137123115079143,1.0
5.0,0.8,0.4085420043463831,0.00372577121676948,0.01818256123148032,-0.03238000385923912,0.015979913116686055,0.2328241618455203,0.14830270893644798,1.4360757462760822e-50,0.29349082572186713,0.30224240899689475,0.0,0.0,4.0,1.0,0.13539667882039855,0.0,6.135735905137797e-50,0.20275763440867778,0.5057853978750092,0.0,0.0,5.0,2.0,5.0,2.0,0.6292039848265697,1.0
5.0,0.85,0.4085420043463831,0.00372577121676948,0.01818256123148032,-0.03238000385923912,0.015979913116686055,0.2328241618455203,0.14830270893644798,4.8924211951989707e-48,0.3742044667832138,0.38536284471508175,0.0,0.0,4.0,1.0,0.17263245581045877,0.0,9.468781673563658e-50,0.20645640423761372,0.5150120974024149,0.0,0.0,5.0,2.0,5.0,2.0,0.6406821258204225,1.0
5.0,0.9,0.4085420043463831,0.00372577121676948,0.01818256123148032,-0.03238000385923912,0.015979913116686055,0.2328241618455203,0.14830270893644798,1.1485234139004861e-45,0.4697693030549731,0.4837773224389703,0.0,0.0,4.0,1.0,0.2167195628312194,0.0,1.1627842371964095e-49,0.20823092844174265,0.5194387047321055,0.0,0.0,5.0,2.0,5.0,2.0,0.6461888861634563,1.0
5.0,0.95,0.4085420043463831,0.00372577121676948,0.01818256123148032,-0.03238000385923912,0.015979913116686055,0.2328241618455203,0.14830270893644798,3.586097904644778e-42,0.6568830615037394,0.6764706135185782,1.0,1.0,6.0,3.0,0.30304110761290914,1.0,2.4681865922250477e-49,0.21486475757394932,0.535987003477321,0.0,0.0,5.0,2.0,5.0,2.0,0.6667751971885191,1.0
6.0,0.4,-0.1523295542887626,-0.18358253337422348,-0.15604107920722765,-0.015785257434098945,-0.007387605607977691,0.20851561270934188,-0.15480357090107255,3.599614495698569e-61,0.10622421212817,0.11519538865172657,0.0,0.0,2.0,0.0,0.038568823979346516,0.0,1.8651471761095814e-53,0.13307821412141208,0.35505674907529494,0.0,0.0,3.0,1.0,5.0,2.0,0.30420387599673016,0.0
6.0,0.45,-0.1523295542887626,-0.18358253337422348,-0.15604107920722765,-0.015785257434098945,-0.007387605607977691,0.20851561270934188,-0.15480357090107255,5.554873205806365e-60,0.11905316399486897,0.12910781093917573,0.0,0.0,2.0,0.0,0.043226872991648894,0.0,2.707638248192257e-53,0.13516114473154878,0.3606140717059535,0.0,0.0,3.0,1.0,5.0,2.0,0.3089652531253538,0.0
6.0,0.5,-0.1523295542887626,-0.18358253337422348,-0.15604107920722765,-0.015785257434098945,-0.007387605607977691,0.20851561270934188,-0.15480357090107255,2.809484793937154e-59,0.12737151001566757,0.13812868371015222,0.0,0.0,2.0,0.0,0.04624717144383574,0.0,3.8670676919974205e-53,0.13718337774690928,0.3660094512956704,0.0,0.0,3.0,1.0,5.0,2.0,0.31358788144586935,1.0
6.0,0.55,-0.1523295542887626,-0.18358253337422348,-0.15604107920722765,-0.015785257434098945,-0.007387605607977691,0.20851561270934188,-0.15480357090107255,1.6410013718507368e-58,0.13709103594883712,0.1486690731839856,0.0,0.0,2.0,0.0,0.04977622265889012,0.0,5.683622411864776e-53,0.13940230946341334,0.3719296290413923,0.0,0.0,3.0,1.0,5.0,2.0,0.3186601438983604,1.0
6.0,0.6,-0.1523295542887626,-0.18358253337422348,-0.15604107920722765,-0.015785257434098945,-0.007387605607977691,0.20851561270934188,-0.15480357090107255,2.8110503017736687e-57,0.15431768915216515,0.16735060511694513,0.0,0.0,2.0,0.0,0.05603102786611278,0.0,8.384821804893236e-53,0.14167922129690688,0.3780044995141334,0.0,0.0,3.0,1.0,5.0,2.0,0.3238649432685985,1.0
6.0,0.65,-0.1523295542887626,-0.18358253337422348,-0.15604107920722765,-0.015785257434098945,-0.007387605607977691,0.20851561270934188,-0.15480357090107255,5.3537407905926785e-56,0.17447782605984735,0.1892133684156771,0.0,0.0,2.0,0.0,0.06335094821396839,0.0,1.2844977843312465e-52,0.14421966240833817,0.38478247416758865,0.0,0.0,3.0,1.0,5.0,2.0,0.32967214498032094,1.0
6.0,0.7,-0.1523295542887626,-0.18358253337422348,-0.15604107920722765,-0.015785257434098945,-0.007387605607977691,0.20851561270934188,-0.15480357090107255,4.611843415087155e-55,0.19085679444066042,0.2069756242191423,0.0,0.0,2.0,0.0,0.06929796853811666,0.0,1.874067831304953e-52,0.14650753871627656,0.3908865981937939,0.0,0.0,3.0,1.0,5.0,2.0,0.3349020080745235,1.0
6.0,0.75,-0.1523295542887626,-0.18358253337422348,-0.15604107920722765,-0.015785257434098945,-0.007387605607977691,0.20851561270934188,-0.15480357090107255,6.96049333179216e-54,0.21370902018179572,0.2317578369846343,0.0,0.0,2.0,0.0,0.07759535624745229,0.0,3.3943842711491626e-52,0.15017891415611528,0.40068194025567894,0.0,0.0,3.0,1.0,6.0,3.0,0.3432944158507447,1.0
6.0,0.8,-0.1523295542887626,-0.18358253337422348,-0.15604107920722765,-0.015785257434098945,-0.007387605607977691,0.20851561270934188,-0.15480357090107255,4.910589218224934e-53,0.2318337992947998,0.25141334614134103,0.0,0.0,2.0,0.0,0.08417626093263382,0.0,5.581712698811447e-52,0.1533236782921581,0.4090722672383754,0.0,0.0,3.0,1.0,6.0,3.0,0.350483041318824,1.0
6.0,0.85,-0.1523295542887626,-0.18358253337422348,-0.15604107920722765,-0.015785257434098945,-0.007387605607977691,0.20851561270934188,-0.15480357090107255,5.437350830194727e-52,0.2562638375375776,0.2779066257220611,0.0,0.0,3.0,1.0,0.09304653472348572,0.0,8.898722215253864e-52,0.1563324869470184,0.41709986083539846,0.0,0.0,4.0,2.0,6.0,3.0,0.3573608857577792,1.0
6.0,0.9,-0.1523295542887626,-0.18358253337422348,-0.15604107920722765,-0.015785257434098945,-0.007387605607977691,0.20851561270934188,-0.15480357090107255,5.256006486005458e-51,0.2816697323496598,0.3054581779368369,0.0,0.0,3.0,1.0,0.10227113112588289,0.0,3.440089224237193e-51,0.16539320221861584,0.4412741265472544,0.0,0.0,4.0,2.0,6.0,3.0,0.3780728011010978,1.0
6.0,0.95,-0.1523295542887626,-0.18358253337422348,-0.15604107920722765,-0.015785257434098945,-0.007387605607977691,0.20851561270934188,-0.15480357090107255,7.728308516193385e-47,0.42012936502943693,0.4556114328263821,0.0,0.0,5.0,2.0,0.15254427595869927,0.0,5.927487890957507e-51,0.16918565202914898,0.45139249873648907,0.0,0.0,4.0,2.0,6.0,3.0,0.38674197313277753,1.0
7.0,0.4,-0.038119846319169204,-0.1419663392162253,-0.14495851672722848,-0.013291727196549112,-0.03822168560767661,0.07596743144427875,-0.10934529325787534,7.206269724629366e-62,0.09583420227672217,0.09771137656081808,0.0,0.0,3.0,1.0,0.03411385770369175,0.0,5.87306553253766e-54,0.1140811048835186,0.3049365367832509,0.0,1.0,4.0,2.0,6.0,3.0,0.31385322465675225,1.0
7.0,0.45,-0.038119846319169204,-0.1419663392162253,-0.14495851672722848,-0.013291727196549112,-0.03822168560767661,0.07596743144427875,-0.10934529325787534,8.066299248118178e-60,0.11665249296647756,0.11893745026533478,0.0,0.0,3.0,1.0,0.041524491792069934,0.0,1.0247490640711622e-53,0.11675802689164431,0.31209189636037094,0.0,1.0,4.0,2.0,6.0,3.0,0.3212178150090521,1.0
7.0,0.5,-0.038119846319169204,-0.1419663392162253,-0.14495851672722848,-0.013291727196549112,-0.03822168560767661,0.07596743144427875,-0.10934529325787534,6.408678647064396e-58,0.13997955698861433,0.14272143847179738,0.0,0.0,3.0,1.0,0.049828167554907384,0.0,1.3806760348208554e-53,0.11821742840334075,0.31599284773358327,0.0,1.0,4.0,2.0,6.0,3.0,0.32523283459518376,1.0
7.0,0.55,-0.038119846319169204,-0.1419663392162253,-0.14495851672722848,-0.013291727196549112,-0.03822168560767661,0.07596743144427875,-0.10934529325787534,3.2007584057861127e-57,0.14968150160640645,0.1526134221415102,0.0,0.0,3.0,1.0,0.05328174415154643,0.0,1.82508341397182e-53,0.11959998633030897,0.31968839772481433,0.0,1.0,4.0,2.0,6.0,3.0,0.32903644663152204,1.0
7.0,0.6,-0.038119846319169204,-0.1419663392162253,-0.14495851672722848,-0.013291727196549112,-0.03822168560767661,0.07596743144427875,-0.10934529325787534,1.1559988256957903e-55,0.17380908987313118,0.17721361504369457,0.0,0.0,4.0,2.0,0.06187038049755205,0.0,3.4474039645814527e-53,0.12281173234890407,0.3282733313028838,0.0,1.0,4.0,2.0,6.0,3.0,0.33787241333910073,1.0
7.0,0.65,-0.038119846319169204,-0.1419663392162253,-0.14495851672722848,-0.013291727196549112,-0.03822168560767661,0.07596743144427875,-0.10934529325787534,2.6848334781734773e-54,0.19814699200304844,0.2020282413798113,0.0,0.0,4.0,2.0,0.07053388173554422,0.0,5.297894277158717e-53,0.12503031357713196,0.334203555041503,1.0,1.0,4.0,2.0,6.0,3.0,0.34397604350075817,1.0
7.0,0.7,-0.038119846319169204,-0.1419663392162253,-0.14495851672722848,-0.013291727196549112,-0.03822168560767661,0.07596743144427875,-0.10934529325787534,2.499157425622253e-53,0.21744895654469112,0.2217082875521172,0.0,0.0,4.0,2.0,0.0774047530542617,0.0,7.340464938893682e-53,0.1267407186777426,0.33877543404293053,1.0,1.0,4.0,2.0,6.0,3.0,0.3486816093948134,1.0
7.0,0.75,-0.038119846319169204,-0.1419663392162253,-0.14495851672722848,-0.013291727196549112,-0.03822168560767661,0.07596743144427875,-0.10934529325787534,1.2529207031471835e-52,0.23255699666569507,0.23711225985312037,0.0,0.0,4.0,2.0,0.082782723743488,0.0,1.5130474756889004e-52,0.13061855447711823,0.3491408124295011,1.0,1.0,4.0,2.0,6.0,3.0,0.35935008312292216,1.0
7.0,0.8,-0.038119846319169204,-0.1419663392162253,-0.14495851672722848,-0.013291727196549112,-0.03822168560767661,0.07596743144427875,-0.10934529325787534,1.2288383150072967e-51,0.2557672153129503,0.26077711394928427,0.0,0.0,4.0,2.0,0.09104480635484775,0.0,2.040193473012837e-52,0.1322555755537074,0.353516537386285,1.0,1.0,4.0,2.0,6.0,3.0,0.3638537592070833,1.0
7.0,0.85,-0.038119846319169204,-0.1419663392162253,-0.14495851672722848,-0.013291727196549112,-0.03822168560767661,0.07596743144427875,-0.10934529325787534,8.909082935238883e-50,0.3057447223584768,0.31173356680726905,1.0,1.0,6.0,3.0,0.10883517266700582,0.0,3.685348335685656e-52,0.1355546092332254,0.3623347891554162,1.0,1.0,4.0,2.0,6.0,3.0,0.3729298665924837,1.0
7.0,0.9,-0.038119846319169204,-0.1419663392162253,-0.14495851672722848,-0.013291727196549112,-0.03822168560767661,0.07596743144427875,-0.10934529325787534,1.988875452150686e-47,0.3830227560193519,0.39052530156928983,1.0,1.0,6.0,3.0,0.13634363813443875,0.0,5.865605138233342e-52,0.13820509412679285,0.3694194828482588,1.0,1.0,4.0,2.0,6.0,3.0,0.3802217247104386,1.0
7.0,0.95,-0.038119846319169204,-0.1419663392162253,-0.14495851672722848,-0.013291727196549112,-0.03822168560767661,0.07596743144427875,-0.10934529325787534,1.1945485381787837e-45,0.45428955584541625,0.4631880560833998,1.0,1.0,6.0,3.0,0.1617122999535644,0.0,1.7817057094071506e-51,0.14475353629369792,0.38692333922956146,1.0,1.0,4.0,2.0,6.0,3.0,0.398237413571972,1.0
8.0,0.4,0.04342500053190135,-0.22119395089790972,-0.1217265439660517,0.008335236915974787,-0.062283439573710825,0.10952459720452812,-0.06667569580006727,3.703926938028699e-64,0.07758773703732638,0.08434772908652778,0.0,0.0,2.0,1.0,0.025200360662891698,0.0,4.534619553452734e-54,0.12802626585512245,0.3063342977454346,0.0,0.0,4.0,2.0,5.0,2.0,0.24032620112803435,1.0
8.0,0.45,0.04342500053190135,-0.22119395089790972,-0.1217265439660517,0.008335236915974787,-0.062283439573710825,0.10952459720452812,-0.06667569580006727,1.9190935096178207e-62,0.09145928960681765,0.09942786936150569,0.0,0.0,2.0,1.0,0.02970581656421887,0.0,6.509999220800874e-54,0.12996978941685802,0.3109846554002435,0.0,0.0,4.0,2.0,5.0,2.0,0.2439745121310536,1.0
8.0,0.5,0.04342500053190135,-0.22119395089790972,-0.1217265439660517,0.008335236915974787,-0.062283439573710825,0.10952459720452812,-0.06667569580006727,2.9491884722062456e-61,0.10248723033745528,0.1114166422352732,0.0,0.0,2.0,1.0,0.033287672336702136,0.0,1.226712709844504e-53,0.13344659461303726,0.31930376610034394,0.0,0.0,4.0,2.0,5.0,2.0,0.25050104306811555,1.0
8.0,0.55,0.04342500053190135,-0.22119395089790972,-0.1217265439660517,0.008335236915974787,-0.062283439573710825,0.10952459720452812,-0.06667569580006727,1.1834704280290647e-60,0.10859597032376356,0.11805761882642303,0.0,0.0,2.0,1.0,0.03527178035079124,0.0,1.7680474979101838e-53,0.13549464244908246,0.3242042237635701,0.0,0.0,4.0,2.0,5.0,2.0,0.2543455631974633,1.0
8.0,0.6,0.04342500053190135,-0.22119395089790972,-0.1217265439660517,0.008335236915974787,-0.062283439573710825,0.10952459720452812,-0.06667569580006727,4.984428859546782e-59,0.12691105658734222,0.13796844485829343,0.0,0.0,2.0,1.0,0.041220488188372734,0.0,2.3238721743251806e-53,0.1370467432160815,0.32791800620745437,0.0,0.0,4.0,2.0,6.0,3.0,0.25725910971551064,1.0
8.0,0.65,0.04342500053190135,-0.22119395089790972,-0.1217265439660517,0.008335236915974787,-0.062283439573710825,0.10952459720452812,-0.06667569580006727,3.9662304284118374e-58,0.13836658818099695,0.15042206333332264,0.0,0.0,3.0,1.0,0.04494122472185828,0.0,4.972917353318228e-53,0.14146055076817968,0.33847912527020635,0.0,0.0,5.0,2.0,6.0,3.0,0.2655445470390233,1.0
8.0,0.7,0.04342500053190135,-0.22119395089790972,-0.1217265439660517,0.008335236915974787,-0.062283439573710825,0.10952459720452812,-0.06667569580006727,3.176651902161279e-57,0.15089709737906914,0.1640443190597239,0.0,0.0,3.0,1.0,0.04901111209245123,0.0,7.714597505330788e-53,0.14407255650344786,0.34472899077457003,0.0,0.0,5.0,2.0,6.0,3.0,0.2704477082105911,1.0
8.0,0.75,0.04342500053190135,-0.22119395089790972,-0.1217265439660517,0.008335236915974787,-0.062283439573710825,0.10952459720452812,-0.06667569580006727,1.2164395550309461e-55,0.17564842380299925,0.1909521559867566,0.0,0.0,3.0,1.0,0.0570502994252114,0.0,1.3078982507424674e-52,0.14727661411880394,0.3523954858721207,0.0,0.0,5.0,2.0,6.0,3.0,0.27646224741276726,1.0
8.0,0.8,0.04342500053190135,-0.22119395089790972,-0.1217265439660517,0.008335236915974787,-0.062283439573710825,0.10952459720452812,-0.06667569580006727,1.884279350109979e-54,0.1968928166214283,0.21404751046519127,0.0,0.0,3.0,1.0,0.06395044088482117,0.0,1.9483171098578782e-52,0.14974271212744286,0.35829623129027344,0.0,0.0,5.0,2.0,6.0,3.0,0.28109151596220916,1.0
8.0,0.85,0.04342500053190135,-0.22119395089790972,-0.1217265439660517,0.008335236915974787,-0.062283439573710825,0.10952459720452812,-0.06667569580006727,1.5634079756297358e-51,0.26052645588969536,0.28322536215594835,0.0,0.0,5.0,2.0,0.08461853511060345,0.0,3.820341350498564e-52,0.15400357408168475,0.368491390430664,0.0,0.0,5.0,2.0,6.0,3.0,0.28908984943037935,1.0
8.0,0.9,0.04342500053190135,-0.22119395089790972,-0.1217265439660517,0.008335236915974787,-0.062283439573710825,0.10952459720452812,-0.06667569580006727,5.423692340810093e-50,0.30201448885610876,0.32832812579629594,0.0,0.0,5.0,2.0,0.09809377532085184,0.0,6.69924948813733e-52,0.15765011766903345,0.37721664193720006,0.0,0.0,5.0,2.0,6.0,3.0,0.2959350070372335,1.0
8.0,0.95,0.04342500053190135,-0.22119395089790972,-0.1217265439660517,0.008335236915974787,-0.062283439573710825,0.10952459720452812,-0.06667569580006727,6.0130572106715706e-49,0.3338574898231798,0.3629455140773902,0.0,0.0,5.0,2.0,0.10843632608467875,0.0,1.585910848691238e-51,0.1634135852240325,0.39100715417503384,0.0,0.0,5.0,2.0,6.0,3.0,0.30675397651639524,1.0
9.0,0.4,-0.0034784897542683435,-0.14024837410518587,-0.10594480878619378,-0.03090249833498828,0.021162591091231232,0.05144522494673037,-0.07178903577555185,3.208138286742784e-64,0.08066381705072016,0.0810134967518597,0.0,0.0,3.0,1.0,0.02228248245532425,0.0,1.242358808196751e-53,0.16336708057308127,0.3139881698235939,1.0,1.0,6.0,3.0,6.0,3.0,0.23680653227910023,1.0
9.0,0.45,-0.0034784897542683435,-0.14024837410518587,-0.10594480878619378,-0.03090249833498828,0.021162591091231232,0.05144522494673037,-0.07178903577555185,1.3100816187091318e-61,0.10362685604786692,0.10407608110784716,0.0,0.0,3.0,1.0,0.028625766622661832,0.0,2.456073426615463e-53,0.1680728808202613,0.32303262114135173,1.0,1.0,6.0,3.0,6.0,3.0,0.24362776109841744,1.0
9.0,0.5,-0.0034784897542683435,-0.14024837410518587,-0.10594480878619378,-0.03090249833498828,0.021162591091231232,0.05144522494673037,-0.07178903577555185,8.61231407824213e-61,0.11208518638000216,0.11257107851737622,0.0,0.0,3.0,1.0,0.03096228631783857,0.0,3.9600517081085203e-53,0.17145169790665438,0.3295266381085623,1.0,1.0,6.0,3.0,6.0,3.0,0.24852547950427573,1.0
9.0,0.55,-0.0034784897542683435,-0.14024837410518587,-0.10594480878619378,-0.03090249833498828,0.021162591091231232,0.05144522494673037,-0.07178903577555185,5.704865670140703e-58,0.14692480290183166,0.14756172566407072,0.0,0.0,4.0,2.0,0.040586342955398334,0.0,6.141690049614862e-53,0.17461555029203557,0.33560749734037965,1.0,1.0,6.0,3.0,6.0,3.0,0.2531115987481091,1.0
9.0,0.6,-0.0034784897542683435,-0.14024837410518587,-0.10594480878619378,-0.03090249833498828,0.021162591091231232,0.05144522494673037,-0.07178903577555185,4.722013914826118e-56,0.17660657172142283,0.1773721657073855,0.0,0.0,4.0,2.0,0.048785601521970555,0.0,1.1202048309339296e-52,0.17904339928489188,0.3441177320623637,1.0,1.0,6.0,3.0,6.0,3.0,0.2595299271027298,1.0
9.0,0.65,-0.0034784897542683435,-0.14024837410518587,-0.10594480878619378,-0.03090249833498828,0.021162591091231232,0.05144522494673037,-0.07178903577555185,8.392129998470234e-55,0.19910380784227244,0.19996692791974466,0.0,0.0,5.0,2.0,0.055000212824593546,0.0,1.6111856600582171e-52,0.18177548865716664,0.3493687516605946,1.0,1.0,6.0,3.0,6.0,3.0,0.26349019013647806,1.0
9.0,0.7,-0.0034784897542683435,-0.14024837410518587,-0.10594480878619378,-0.03090249833498828,0.021162591091231232,0.05144522494673037,-0.07178903577555185,1.670058253646152e-53,0.2255270859220168,0.22650475158287292,1.0,1.0,6.0,3.0,0.062299349559640976,0.0,2.4383947305641538e-52,0.18494116474012365,0.3554531160016551,1.0,1.0,6.0,3.0,6.0,3.0,0.2680789528963574,1.0
9.0,0.75,-0.0034784897542683435,-0.14024837410518587,-0.10594480878619378,-0.03090249833498828,0.021162591091231232,0.05144522494673037,-0.07178903577555185,6.330769248886943e-53,0.23840328994909812,0.2394367742823234,1.0,1.0,6.0,3.0,0.0658562577350154,0.0,3.92436529404862e-52,0.1886447170553653,0.3625712674017376,1.0,1.0,6.0,3.0,6.0,3.0,0.2734473868416177,1.0
9.0,0.8,-0.0034784897542683435,-0.14024837410518587,-0.10594480878619378,-0.03090249833498828,0.021162591091231232,0.05144522494673037,-0.07178903577555185,8.033106211284667e-52,0.26502593196534385,0.266174826129695,1.0,1.0,6.0,3.0,0.07321046654053681,0.0,6.577903541084932e-52,0.19274860068199653,0.3704588473509827,1.0,1.0,6.0,3.0,6.0,3.0,0.2793961156007437,1.0
9.0,0.85,-0.0034784897542683435,-0.14024837410518587,-0.10594480878619378,-0.03090249833498828,0.021162591091231232,0.05144522494673037,-0.07178903577555185,6.086292078856548e-51,0.2883586102464748,0.2896086521653762,1.0,1.0,6.0,3.0,0.07965585944957947,0.0,1.487052031375069e-51,0.19941194898842488,0.3832656657889032,1.0,1.0,6.0,3.0,6.0,3.0,0.28905488161576837,1.0
9.0,0.9,-0.0034784897542683435,-0.14024837410518587,-0.10594480878619378,-0.03090249833498828,0.021162591091231232,0.05144522494673037,-0.07178903577555185,4.212468358825497e-49,0.34403866306486486,0.3455300794307096,1.0,1.0,6.0,3.0,0.09503685486239483,0.0,2.376985186281704e-51,0.20334743147557383,0.39082958221060793,1.0,1.0,6.0,3.0,6.0,3.0,0.2947595067909116,1.0
9.0,0.95,-0.0034784897542683435,-0.14024837410518587,-0.10594480878619378,-0.03090249833498828,0.021162591091231232,0.05144522494673037,-0.07178903577555185,2.322713839582159e-47,0.40660062823028786,0.40836325230835874,1.0,1.0,6.0,3.0,0.1123189020322256,0.0,5.213052712183494e-51,0.2101114691647676,0.4038299235719001,1.0,1.0,6.0,3.0,6.0,3.0,0.30456422573284436,1.0
10.0,0.4,0.1643887305620677,-0.11545547111205057,-0.12478075356967194,-0.04639113874145057,-0.022416610005573434,0.12696650854630886,-0.028390592192425346,5.0863674556058964e-61,0.10933352558942484,0.11704611869558465,0.0,0.0,1.0,0.0,0.03865168288207604,0.0,1.882372235901465e-54,0.12794572918417474,0.31967872748273435,0.0,0.0,4.0,2.0,6.0,3.0,0.3037895683126745,1.0
10.0,0.45,0.1643887305620677,-0.11545547111205057,-0.12478075356967194,-0.04639113874145057,-0.022416610005573434,0.12696650854630886,-0.028390592192425346,1.105779916165488e-59,0.1243004095533501,0.13306879488297063,0.0,0.0,2.0,0.0,0.04394278869420235,0.0,2.7742916816264753e-54,0.13003025150262718,0.3248870095131021,0.0,0.0,4.0,2.0,6.0,3.0,0.30873898037432485,1.0
10.0,0.5,0.1643887305620677,-0.11545547111205057,-0.12478075356967194,-0.04639113874145057,-0.022416610005573434,0.12696650854630886,-0.028390592192425346,1.1945850122952298e-58,0.13725781299288972,0.14694023799975256,0.0,0.0,2.0,0.0,0.04852350120685775,0.0,3.6245848945804515e-54,0.13148680091351503,0.32852627019931147,0.0,0.0,4.0,2.0,6.0,3.0,0.31219735698119655,1.0
10.0,0.55,0.1643887305620677,-0.11545547111205057,-0.12478075356967194,-0.04639113874145057,-0.022416610005573434,0.12696650854630886,-0.028390592192425346,3.0044185134945734e-58,0.1426350904125391,0.15269683871052522,0.0,0.0,2.0,0.0,0.0504244809884275,0.0,5.581113655291952e-54,0.1338730322478289,0.3344883871163585,0.0,0.0,4.0,2.0,6.0,3.0,0.31786313567945934,1.0
10.0,0.6,0.1643887305620677,-0.11545547111205057,-0.12478075356967194,-0.04639113874145057,-0.022416610005573434,0.12696650854630886,-0.028390592192425346,4.416801135829525e-58,0.1449436490472217,0.15516824742541,0.0,0.0,2.0,0.0,0.05124060464108928,0.0,6.673586417332335e-54,0.13487393692257535,0.3369891969112198,0.0,0.0,4.0,2.0,6.0,3.0,0.3202396464157079,1.0
10.0,0.65,0.1643887305620677,-0.11545547111205057,-0.12478075356967194,-0.04639113874145057,-0.022416610005573434,0.12696650854630886,-0.028390592192425346,5.552799623793965e-57,0.16106741818720022,0.17242941765113867,0.0,0.0,2.0,0.0,0.05694069350498056,1.0,1.0020669285502551e-53,0.13717777717581128,0.3427454556404018,0.0,0.0,4.0,2.0,6.0,3.0,0.3257097988034006,1.0
10.0,0.7,0.1643887305620677,-0.11545547111205057,-0.12478075356967194,-0.04639113874145057,-0.022416610005573434,0.12696650854630886,-0.028390592192425346,3.6388690263674386e-55,0.191731424169584,0.2052565204500935,0.0,0.0,2.0,0.0,0.0677810595202133,1.0,1.5518199425917487e-53,0.13970055117932018,0.3490487311644121,0.0,0.0,4.0,2.0,6.0,3.0,0.33169977932376027,1.0
10.0,0.75,0.1643887305620677,-0.11545547111205057,-0.12478075356967194,-0.04639113874145057,-0.022416610005573434,0.12696650854630886,-0.028390592192425346,4.4421553181313947e-54,0.21279892824681856,0.2278101659998006,0.0,0.0,3.0,1.0,0.07522886185092748,1.0,1.844329265500533e-53,0.1407093639729677,0.35156929978516943,0.0,0.0,4.0,2.0,6.0,3.0,0.33409506680263595,1.0
10.0,0.8,0.1643887305620677,-0.11545547111205057,-0.12478075356967194,-0.04639113874145057,-0.022416610005573434,0.12696650854630886,-0.028390592192425346,1.5928286940846335e-52,0.24702642227465338,0.2644521320119334,0.0,0.0,4.0,1.0,0.08732899525355856,1.0,3.047216120569781e-53,0.14368420629009976,0.35900209033211783,0.0,0.0,4.0,2.0,6.0,3.0,0.341158421469355,1.0
10.0,0.85,0.1643887305620677,-0.11545547111205057,-0.12478075356967194,-0.04639113874145057,-0.022416610005573434,0.12696650854630886,-0.028390592192425346,1.7321638847774457e-50,0.3003269032479226,0.32151252944168973,1.0,1.0,6.0,3.0,0.1061718275589699,1.0,5.047937113556072e-53,0.1467380730160161,0.3666323272698237,0.0,0.0,4.0,2.0,6.0,3.0,0.3484094087454926,1.0
10.0,0.9,0.1643887305620677,-0.11545547111205057,-0.12478075356967194,-0.04639113874145057,-0.022416610005573434,0.12696650854630886,-0.028390592192425346,4.57182806708914e-49,0.34420996771363843,0.3684911880415088,1.0,1.0,6.0,3.0,0.12168540660509009,1.0,8.767759014949044e-53,0.15015279570122836,0.37516418065543944,0.0,0.0,4.0,2.0,6.0,3.0,0.3565171989551594,1.0
10.0,0.95,0.1643887305620677,-0.11545547111205057,-0.12478075356967194,-0.04639113874145057,-0.022416610005573434,0.12696650854630886,-0.028390592192425346,1.3485908701392204e-47,0.3963370806769993,0.42429544586887946,1.0,1.0,6.0,3.0,0.14011342883300276,1.0,1.5117385561516924e-52,0.15360001554132974,0.3837772297885648,0.0,0.0,4.0,2.0,6.0,3.0,0.3647021491975846,1.0
11.0,0.4,0.1786307787955892,0.06869869108759025,0.008820055101407154,0.020533860030983193,-0.0698216529215518,0.11056064319204989,0.06542396299946796,2.2743218150240836e-63,0.08819752714925488,0.09406751773074273,0.0,0.0,2.0,0.0,0.03849421340098593,0.0,4.505874564423788e-53,0.1550100377571571,0.34580391618512657,0.0,1.0,6.0,3.0,6.0,3.0,0.41090976267380885,1.0
11.0,0.45,0.1786307787955892,0.06869869108759025,0.008820055101407154,0.020533860030983193,-0.0698216529215518,0.11056064319204989,0.06542396299946796,2.1847622793192113e-62,0.09691613510878964,0.10336639305445815,0.0,0.0,2.0,0.0,0.042299489650805364,0.0,7.149707188844155e-53,0.1580208415451634,0.3525205634153446,0.0,1.0,6.0,3.0,6.0,3.0,0.4188909791671902,1.0
11.0,0.5,0.1786307787955892,0.06869869108759025,0.008820055101407154,0.020533860030983193,-0.0698216529215518,0.11056064319204989,0.06542396299946796,4.331122096673549e-62,0.09971930965777052,0.10635613301782913,0.0,0.0,2.0,0.0,0.043522947980947385,0.0,1.2570451456777225e-52,0.16178017944213102,0.36090707686856466,0.0,1.0,6.0,3.0,6.0,3.0,0.42885645408355405,1.0
11.0,0.55,0.1786307787955892,0.06869869108759025,0.008820055101407154,0.020533860030983193,-0.0698216529215518,0.11056064319204989,0.06542396299946796,7.492334505962921e-60,0.12360327000517685,0.13182969147324866,0.0,0.0,2.0,0.0,0.053947211519741065,0.0,2.7694069760468142e-52,0.16719314822536496,0.37298259036764914,0.0,1.0,6.0,3.0,6.0,3.0,0.4432054714134125,1.0
11.0,0.6,0.1786307787955892,0.06869869108759025,0.008820055101407154,0.020533860030983193,-0.0698216529215518,0.11056064319204989,0.06542396299946796,5.389423616451897e-58,0.14770726008388124,0.15753792374911618,0.0,0.0,3.0,1.0,0.06446750803933271,0.0,4.37710266425672e-52,0.17041264092384617,0.3801647909488035,0.0,1.0,6.0,3.0,6.0,3.0,0.45173989279543597,1.0
11.0,0.65,0.1786307787955892,0.06869869108759025,0.008820055101407154,0.020533860030983193,-0.0698216529215518,0.11056064319204989,0.06542396299946796,4.150550805325685e-57,0.16082071344155802,0.17152414361384122,0.0,0.0,3.0,1.0,0.07019093462838025,0.0,6.080044609248806e-52,0.1727621001748197,0.38540607868512955,0.0,1.0,6.0,3.0,6.0,3.0,0.45796797813234663,1.0
11.0,0.7,0.1786307787955892,0.06869869108759025,0.008820055101407154,0.020533860030983193,-0.0698216529215518,0.11056064319204989,0.06542396299946796,1.0469455785249631e-55,0.18397172617975371,0.19621597309733105,0.0,0.0,4.0,1.0,0.0802952998367712,0.0,1.0101701841317137e-51,0.17645560813928818,0.39364573552964366,0.0,1.0,6.0,3.0,6.0,3.0,0.4677589471758561,1.0
11.0,0.75,0.1786307787955892,0.06869869108759025,0.008820055101407154,0.020533860030983193,-0.0698216529215518,0.11056064319204989,0.06542396299946796,7.704390457947336e-54,0.22005690846931028,0.2347028063970402,0.0,0.0,4.0,1.0,0.09604484239840073,0.0,1.319939600776236e-51,0.17843311014266688,0.3980572429837841,0.0,1.0,6.0,3.0,6.0,3.0,0.4730010262737807,1.0
11.0,0.8,0.1786307787955892,0.06869869108759025,0.008820055101407154,0.020533860030983193,-0.0698216529215518,0.11056064319204989,0.06542396299946796,3.030726556286514e-52,0.25643975911799194,0.27350711938756306,0.0,0.0,5.0,2.0,0.11192430367441207,0.0,2.5374338831576117e-51,0.18335896137873217,0.40904607101468415,0.0,1.0,6.0,3.0,6.0,3.0,0.4860587636414027,1.0
11.0,0.85,0.1786307787955892,0.06869869108759025,0.008820055101407154,0.020533860030983193,-0.0698216529215518,0.11056064319204989,0.06542396299946796,1.2738929355765602e-49,0.3298385790743304,0.3517910012698091,1.0,1.0,6.0,3.0,0.14395955375572583,1.0,4.8728926472718137e-51,0.18841268769940978,0.42032016899120356,0.0,1.0,6.0,3.0,6.0,3.0,0.4994554798353648,1.0
11.0,0.9,0.1786307787955892,0.06869869108759025,0.008820055101407154,0.020533860030983193,-0.0698216529215518,0.11056064319204989,0.06542396299946796,6.06965982104353e-48,0.3874533558538188,0.41324033223671586,1.0,1.0,6.0,3.0,0.1691057861285065,1.0,8.417215883927527e-51,0.1927529554483176,0.4300026489556021,0.0,1.0,6.0,3.0,6.0,3.0,0.5109609179118235,1.0
11.0,0.95,0.1786307787955892,0.06869869108759025,0.008820055101407154,0.020533860030983193,-0.0698216529215518,0.11056064319204989,0.06542396299946796,9.494028508003241e-46,0.47824233446548087,0.5100717756042377,1.0,1.0,6.0,3.0,0.20873105035185147,1.0,1.6888896739531324e-50,0.19842775233778687,0.4426622613028227,0.0,1.0,6.0,3.0,6.0,3.0,0.5260040046487415,1.0
12.0,0.4,0.10235072490865726,-0.10017597474613199,-0.027506670537796374,-0.005808189383067221,-0.006076757772896661,0.1563538916672501,0.015779461277688256,9.787381702998606e-64,0.0860280077560751,0.09284258955492608,0.0,0.0,3.0,0.0,0.04049401689776593,1.0,1.7019629997953657e-54,0.12377353620572457,0.28813017309437633,0.0,0.0,4.0,1.0,5.0,2.0,0.3658237693458169,1.0
12.0,0.45,0.10235072490865726,-0.10017597474613199,-0.027506670537796374,-0.005808189383067221,-0.006076757772896661,0.1563538916672501,0.015779461277688256,1.6357949261884663e-62,0.0967388223144873,0.10440184549707433,0.0,0.0,3.0,0.0,0.04553567620187264,1.0,3.578399027479891e-54,0.12766599746434235,0.2971913631563989,0.0,0.0,5.0,2.0,5.0,2.0,0.3773282871394538,1.0
12.0,0.5,0.10235072490865726,-0.10017597474613199,-0.027506670537796374,-0.005808189383067221,-0.006076757772896661,0.1563538916672501,0.015779461277688256,1.0173154914605033e-61,0.10439332877397829,0.11266269240031872,0.0,0.0,3.0,0.0,0.04913870877230665,1.0,6.815124490949576e-54,0.13113932749225102,0.3052768652179368,0.0,0.0,5.0,2.0,5.0,2.0,0.3875940250503402,1.0
12.0,0.55,0.10235072490865726,-0.10017597474613199,-0.027506670537796374,-0.005808189383067221,-0.006076757772896661,0.1563538916672501,0.015779461277688256,4.443102846208722e-59,0.13448763576173578,0.14514087554651625,0.0,0.0,3.0,0.0,0.06330432073375239,1.0,2.2167910894000778e-53,0.1377452852583126,0.32065475465163495,0.0,0.0,5.0,2.0,5.0,2.0,0.40711852474713506,1.0
12.0,0.6,0.10235072490865726,-0.10017597474613199,-0.027506670537796374,-0.005808189383067221,-0.006076757772896661,0.1563538916672501,0.015779461277688256,2.904574464960173e-58,0.14543106967922168,0.15695117744730452,0.0,0.0,4.0,1.0,0.0684554756835538,1.0,4.504456145144878e-53,0.14187525090718986,0.33026882688196196,0.0,0.0,5.0,2.0,5.0,2.0,0.4193250080331086,1.0
12.0,0.65,0.10235072490865726,-0.10017597474613199,-0.027506670537796374,-0.005808189383067221,-0.006076757772896661,0.1563538916672501,0.015779461277688256,2.981250026703092e-57,0.16024901190980914,0.17294290112482846,0.0,0.0,4.0,1.0,0.07543039023436943,1.0,8.450337327278732e-53,0.14564356338192772,0.339041013238626,0.0,0.0,5.0,2.0,6.0,3.0,0.43046259297929806,1.0
12.0,0.7,0.10235072490865726,-0.10017597474613199,-0.027506670537796374,-0.005808189383067221,-0.006076757772896661,0.1563538916672501,0.015779461277688256,5.696401441253547e-57,0.16463119028867432,0.17767220730310287,0.0,0.0,4.0,1.0,0.07749311387462783,1.0,1.2272521459340073e-52,0.1479257520191404,0.34435367883122225,0.0,0.0,6.0,3.0,6.0,3.0,0.43720780585126184,1.0
12.0,0.75,0.10235072490865726,-0.10017597474613199,-0.027506670537796374,-0.005808189383067221,-0.006076757772896661,0.1563538916672501,0.015779461277688256,9.63919697123501e-56,0.18522394478379808,0.19989618648459365,0.0,0.0,4.0,1.0,0.08718627509325669,1.0,2.1548352748766855e-52,0.1514364652422659,0.3525262045558051,0.0,0.0,6.0,3.0,6.0,3.0,0.44758403314302586,1.0
12.0,0.8,0.10235072490865726,-0.10017597474613199,-0.027506670537796374,-0.005808189383067221,-0.006076757772896661,0.1563538916672501,0.015779461277688256,5.079567272796149e-54,0.21849334165456655,0.23580096957768543,0.0,0.0,5.0,2.0,0.10284642524904405,1.0,4.608157356843355e-52,0.15630943081903823,0.3638698928607482,0.0,0.0,6.0,3.0,6.0,3.0,0.4619865192465519,1.0
12.0,0.85,0.10235072490865726,-0.10017597474613199,-0.027506670537796374,-0.005808189383067221,-0.006076757772896661,0.1563538916672501,0.015779461277688256,1.3894886175934776e-52,0.2507924078246169,0.2706585586542106,0.0,0.0,5.0,2.0,0.11804983359694593,1.0,9.631068410666334e-52,0.1611850086775807,0.3752196622491095,0.0,0.0,6.0,3.0,6.0,3.0,0.47639672618276263,1.0
12.0,0.9,0.10235072490865726,-0.10017597474613199,-0.027506670537796374,-0.005808189383067221,-0.006076757772896661,0.1563538916672501,0.015779461277688256,1.1150933895014634e-51,0.2735269117174162,0.2951939427542217,0.0,0.0,5.0,2.0,0.1287511320323073,1.0,1.9055672700668392e-51,0.16583361041359798,0.38604105803293237,0.0,0.0,6.0,3.0,6.0,3.0,0.4901360848646605,1.0
12.0,0.95,0.10235072490865726,-0.10017597474613199,-0.027506670537796374,-0.005808189383067221,-0.006076757772896661,0.1563538916672501,0.015779461277688256,5.1209659046831395e-46,0.4708888663938922,0.5081896336894451,1.0,1.0,6.0,3.0,0.22165085778564436,1.0,4.591985343511779e-51,0.17202367893684306,0.4004508064310408,0.0,0.0,6.0,3.0,6.0,3.0,0.5084313866642198,1.0
13.0,0.4,0.09462962141452602,-0.20071941465564846,-0.1688161650258061,-0.002150774968004918,0.0008024653417500196,0.15690086134924908,-0.08100056954569534,2.827069943865718e-62,0.09178221802484184,0.09968668649661296,0.0,0.0,2.0,0.0,0.03099477657050109,0.0,1.3104413487680966e-54,0.07389790454496499,0.269172933573831,0.0,0.0,4.0,2.0,4.0,2.0,0.23174016723648494,1.0
13.0,0.45,0.09462962141452602,-0.20071941465564846,-0.1688161650258061,-0.002150774968004918,0.0008024653417500196,0.15690086134924908,-0.08100056954569534,1.9577712448350814e-61,0.09948927667452369,0.10805749247576131,0.0,0.0,2.0,0.0,0.033597443688416904,0.0,2.15402740416832e-54,0.07544408433143658,0.2748048896018111,0.0,0.0,4.0,2.0,5.0,2.0,0.23658891043835167,1.0
13.0,0.5,0.09462962141452602,-0.20071941465564846,-0.1688161650258061,-0.002150774968004918,0.0008024653417500196,0.15690086134924908,-0.08100056954569534,3.8625203545429655e-60,0.11265206096681815,0.12235388211861511,0.0,0.0,2.0,0.0,0.03804250469222644,0.0,3.2431145971880177e-54,0.07674141802277003,0.27953042434695274,0.0,0.0,4.0,2.0,5.0,2.0,0.24065728461543284,1.0
13.0,0.55,0.09462962141452602,-0.20071941465564846,-0.1688161650258061,-0.002150774968004918,0.0008024653417500196,0.15690086134924908,-0.08100056954569534,1.2239206438555783e-58,0.13009958508259908,0.14130402196162034,0.0,0.0,2.0,0.0,0.043934518671782816,0.0,4.949479515970007e-54,0.07810515608852418,0.2844978368608217,0.0,0.0,4.0,2.0,5.0,2.0,0.24493389962056236,1.0
13.0,0.6,0.09462962141452602,-0.20071941465564846,-0.1688161650258061,-0.002150774968004918,0.0008024653417500196,0.15690086134924908,-0.08100056954569534,1.159341560261608e-57,0.14287678444998939,0.15518161933344482,0.0,0.0,2.0,0.0,0.048249367976054613,0.0,6.353069363429217e-54,0.0789218712791407,0.2874727199120561,0.0,0.0,4.0,2.0,5.0,2.0,0.2474950779925808,1.0
13.0,0.65,0.09462962141452602,-0.20071941465564846,-0.1688161650258061,-0.002150774968004918,0.0008024653417500196,0.15690086134924908,-0.08100056954569534,3.362952021956601e-57,0.14935951234121625,0.16222265273667621,0.0,0.0,2.0,0.0,0.050438579643412106,0.0,8.676603062973429e-54,0.07995352755115644,0.29123052531788246,0.0,0.0,4.0,2.0,5.0,2.0,0.2507303009461899,1.0
13.0,0.7,0.09462962141452602,-0.20071941465564846,-0.1688161650258061,-0.002150774968004918,0.0008024653417500196,0.15690086134924908,-0.08100056954569534,2.55306599753528e-56,0.1625226059650628,0.17651937835133505,0.0,0.0,3.0,1.0,0.05488374510822235,0.0,1.0643238280564695e-53,0.08063701916451751,0.2937201418201958,0.0,0.0,4.0,2.0,5.0,2.0,0.25287369678075877,1.0
13.0,0.75,0.09462962141452602,-0.20071941465564846,-0.1688161650258061,-0.002150774968004918,0.0008024653417500196,0.15690086134924908,-0.08100056954569534,1.6186967729049216e-55,0.17552329168310005,0.19063970916600542,0.0,0.0,3.0,1.0,0.05927406556206891,0.0,1.571916571857069e-53,0.08195792473081298,0.29853153706128016,0.0,0.0,4.0,2.0,5.0,2.0,0.25701599118980584,1.0
13.0,0.8,0.09462962141452602,-0.20071941465564846,-0.1688161650258061,-0.002150774968004918,0.0008024653417500196,0.15690086134924908,-0.08100056954569534,5.521405485569017e-54,0.20333162309836098,0.22084294978759,0.0,0.0,3.0,1.0,0.06866491531012332,0.0,2.1593118979357984e-53,0.08304934245214057,0.30250702339764113,0.0,0.0,4.0,2.0,5.0,2.0,0.2604386230874589,1.0
13.0,0.85,0.09462962141452602,-0.20071941465564846,-0.1688161650258061,-0.002150774968004918,0.0008024653417500196,0.15690086134924908,-0.08100056954569534,6.055241510086092e-53,0.22466823330934324,0.24401711161081951,0.0,0.0,3.0,1.0,0.075870270339594,0.0,3.0967727177524345e-53,0.08430647796584946,0.3070861363807293,0.0,0.0,4.0,2.0,5.0,2.0,0.26438093777120697,1.0
13.0,0.9,0.09462962141452602,-0.20071941465564846,-0.1688161650258061,-0.002150774968004918,0.0008024653417500196,0.15690086134924908,-0.08100056954569534,2.06039790832763e-51,0.2602360678581011,0.28264811931936884,0.0,0.0,3.0,1.0,0.0878814976629184,0.0,6.186703085777633e-53,0.08677284975328216,0.31606988948435144,0.0,0.0,4.0,2.0,5.0,2.0,0.2721153574953715,1.0
13.0,0.95,0.09462962141452602,-0.20071941465564846,-0.1688161650258061,-0.002150774968004918,0.0008024653417500196,0.15690086134924908,-0.08100056954569534,1.411843520832207e-49,0.3103563477935175,0.33708485816231154,0.0,0.0,5.0,2.0,0.10480707335372094,0.0,1.497989143467809e-52,0.09002972396645344,0.32793304570831233,0.0,0.0,4.0,2.0,5.0,2.0,0.28232875365966004,1.0
14.0,0.4,0.2309515557714863,-0.09276009140852243,-0.10509560342105245,-0.008019892592051447,-0.035657502432566504,0.11617171946698313,0.006920449643127213,8.710519387817275e-62,0.09635413788735998,0.10063144857042888,0.0,0.0,2.0,0.0,0.02434238111306101,1.0,3.042381562559113e-54,0.09673081129726849,0.2751068367714105,0.0,0.0,4.0,2.0,6.0,3.0,0.22141362438491005,1.0
14.0,0.45,0.2309515557714863,-0.09276009140852243,-0.10509560342105245,-0.008019892592051447,-0.035657502432566504,0.11617171946698313,0.006920449643127213,2.19714363245946e-60,0.1102247958647768,0.1151178467210114,0.0,0.0,2.0,0.0,0.02784658809553555,1.0,4.80954423572739e-54,0.09859432629014897,0.2804067583588759,0.0,0.0,4.0,2.0,6.0,3.0,0.2256791485042236,1.0
14.0,0.5,0.2309515557714863,-0.09276009140852243,-0.10509560342105245,-0.008019892592051447,-0.035657502432566504,0.11617171946698313,0.006920449643127213,9.248844738011036e-60,0.11702774764423177,0.12222279215596123,0.0,0.0,2.0,0.0,0.029565248534414237,1.0,9.081414825203143e-54,0.10124043208481219,0.287932403860754,0.0,0.0,4.0,2.0,6.0,3.0,0.23173599705790524,1.0
14.0,0.55,0.2309515557714863,-0.09276009140852243,-0.10509560342105245,-0.008019892592051447,-0.035657502432566504,0.11617171946698313,0.006920449643127213,6.111450242493235e-59,0.12660704704105977,0.1322273316155904,0.0,0.0,2.0,0.0,0.03198531021340823,1.0,1.4226128149020864e-53,0.10315165653336707,0.2933680133149772,0.0,0.0,4.0,2.0,6.0,3.0,0.2361107265416383,1.0
14.0,0.6,0.2309515557714863,-0.09276009140852243,-0.10509560342105245,-0.008019892592051447,-0.035657502432566504,0.11617171946698313,0.006920449643127213,4.4256261812191025e-58,0.13749412708790743,0.14359770615100736,0.0,0.0,2.0,0.0,0.03473576242562748,1.0,2.1023905424986503e-53,0.10484409735375105,0.29818139215750317,0.0,0.0,4.0,2.0,6.0,3.0,0.23998466754422726,1.0
14.0,0.65,0.2309515557714863,-0.09276009140852243,-0.10509560342105245,-0.008019892592051447,-0.035657502432566504,0.11617171946698313,0.006920449643127213,1.526200568419023e-56,0.15935010413399306,0.1664239041565438,0.0,0.0,2.0,0.0,0.040257336636338396,1.0,2.915476329808263e-53,0.10628218891458314,0.30227139011143683,0.0,0.0,4.0,2.0,6.0,3.0,0.2432764115129888,1.0
14.0,0.7,0.2309515557714863,-0.09276009140852243,-0.10509560342105245,-0.008019892592051447,-0.035657502432566504,0.11617171946698313,0.006920449643127213,3.696340765647237e-55,0.18198085504225414,0.19005926944617108,0.0,0.0,2.0,0.0,0.04597464546772083,1.0,4.480332854392571e-53,0.10820205820285445,0.3077315858838858,0.0,0.0,4.0,2.0,6.0,3.0,0.24767092874860955,1.0
14.0,0.75,0.2309515557714863,-0.09276009140852243,-0.10509560342105245,-0.008019892592051447,-0.035657502432566504,0.11617171946698313,0.006920449643127213,8.274142662736793e-54,0.2071446207108312,0.21634009397781703,0.0,0.0,4.0,1.0,0.05233188126033765,1.0,6.261802752062028e-53,0.10972192065884606,0.3120541439911524,0.0,0.0,4.0,2.0,6.0,3.0,0.2511498435890267,1.0
14.0,0.8,0.2309515557714863,-0.09276009140852243,-0.10509560342105245,-0.008019892592051447,-0.035657502432566504,0.11617171946698313,0.006920449643127213,6.382386848809542e-52,0.24826157026716913,0.25928228914839235,0.0,0.0,4.0,1.0,0.06271944196351095,1.0,1.866777782893726e-52,0.11483116905642357,0.3265850793372579,0.0,0.0,4.0,2.0,6.0,3.0,0.2628447440082311,1.0
14.0,0.85,0.2309515557714863,-0.09276009140852243,-0.10509560342105245,-0.008019892592051447,-0.035657502432566504,0.11617171946698313,0.006920449643127213,1.7209726828682024e-50,0.2847906871869325,0.29743299062559975,0.0,0.0,5.0,2.0,0.07194795778318387,1.0,4.5021777986967385e-52,0.11912151376654082,0.33878701526677324,0.0,0.0,4.0,2.0,6.0,3.0,0.2726652010000408,1.0
14.0,0.9,0.2309515557714863,-0.09276009140852243,-0.10509560342105245,-0.008019892592051447,-0.035657502432566504,0.11617171946698313,0.006920449643127213,5.175020355052752e-48,0.36122810855833626,0.37726358852462033,1.0,1.0,6.0,3.0,0.0912586888334425,1.0,9.283165460407383e-52,0.12276792929507511,0.3491575872505685,0.0,0.0,5.0,3.0,6.0,3.0,0.28101172541515257,1.0
14.0,0.95,0.2309515557714863,-0.09276009140852243,-0.10509560342105245,-0.008019892592051447,-0.035657502432566504,0.11617171946698313,0.006920449643127213,2.468547537726655e-44,0.5141070942206366,0.5369291111528217,1.0,1.0,6.0,3.0,0.129881197578426,1.0,4.9782922504659677e-51,0.1316666976524531,0.3744660901063581,0.0,0.0,6.0,3.0,6.0,3.0,0.3013807115545715,1.0
15.0,0.4,-0.026278105497229753,-0.06436709604929447,-0.0033245205308155,0.007200861750177685,-0.0046788865299517025,0.11921544735500816,-0.010975382186286797,2.2607575342121513e-62,0.0963884824513887,0.10799382798710809,0.0,0.0,4.0,1.0,0.032895088165275366,1.0,8.810674326053233e-54,0.0910655926778461,0.33831142776803,0.0,1.0,6.0,3.0,6.0,3.0,0.25660594850768287,1.0
15.0,0.45,-0.026278105497229753,-0.06436709604929447,-0.0033245205308155,0.007200861750177685,-0.0046788865299517025,0.11921544735500816,-0.010975382186286797,2.1210035979082904e-61,0.10581253485733247,0.11855255314373929,0.0,0.0,4.0,1.0,0.036111292289290275,1.0,1.3630323678433973e-53,0.09273635621025746,0.3445183647624713,0.0,1.0,6.0,3.0,6.0,3.0,0.26131385023389386,1.0
15.0,0.5,-0.026278105497229753,-0.06436709604929447,-0.0033245205308155,0.007200861750177685,-0.0046788865299517025,0.11921544735500816,-0.010975382186286797,1.1070399572625336e-60,0.1133543081659459,0.12700236943604287,0.0,0.0,5.0,2.0,0.03868511948938626,1.0,2.638524718378721e-53,0.09532401343855902,0.3541315895352778,0.0,1.0,6.0,3.0,6.0,3.0,0.26860538832150155,1.0
15.0,0.55,-0.026278105497229753,-0.06436709604929447,-0.0033245205308155,0.007200861750177685,-0.0046788865299517025,0.11921544735500816,-0.010975382186286797,4.937870913614951e-59,0.13278898424242666,0.14877701524237263,0.0,0.0,5.0,2.0,0.045317710507943074,1.0,6.172613631644008e-53,0.09876016711657008,0.3668970042506985,0.0,1.0,6.0,3.0,6.0,3.0,0.2782878320177001,1.0
15.0,0.6,-0.026278105497229753,-0.06436709604929447,-0.0033245205308155,0.007200861750177685,-0.0046788865299517025,0.11921544735500816,-0.010975382186286797,4.3479877370546646e-58,0.14538733401392226,0.16289222883991508,0.0,0.0,5.0,2.0,0.0496172265489735,1.0,9.29613650103099e-53,0.10045962232003704,0.3732105316698483,0.0,1.0,6.0,3.0,6.0,3.0,0.28307658155095855,1.0
15.0,0.65,-0.026278105497229753,-0.06436709604929447,-0.0033245205308155,0.007200861750177685,-0.0046788865299517025,0.11921544735500816,-0.010975382186286797,2.2114988822573188e-57,0.15558217558068685,0.17431454754974895,0.0,0.0,5.0,2.0,0.053096482614021154,1.0,1.5973802872183592e-52,0.10275136909469582,0.3817244401683126,0.0,1.0,6.0,3.0,6.0,3.0,0.28953429886831156,1.0
15.0,0.7,-0.026278105497229753,-0.06436709604929447,-0.0033245205308155,0.007200861750177685,-0.0046788865299517025,0.11921544735500816,-0.010975382186286797,4.313880169382486e-57,0.15997448835770492,0.17923570263429017,0.0,0.0,5.0,2.0,0.0545954741156494,1.0,2.1227596056191496e-52,0.10397600764582164,0.38627400938043865,0.0,1.0,6.0,3.0,6.0,3.0,0.2929851031485013,1.0
15.0,0.75,-0.026278105497229753,-0.06436709604929447,-0.0033245205308155,0.007200861750177685,-0.0046788865299517025,0.11921544735500816,-0.010975382186286797,7.581644938366493e-56,0.18026913301476172,0.20197385877508225,0.0,0.0,5.0,2.0,0.06152155188239403,1.0,3.957410206840921e-52,0.10670982273984779,0.3964302150396456,0.0,1.0,6.0,3.0,6.0,3.0,0.3006884869910559,1.0
15.0,0.8,-0.026278105497229753,-0.06436709604929447,-0.0033245205308155,0.007200861750177685,-0.0046788865299517025,0.11921544735500816,-0.010975382186286797,7.826336814852204e-54,0.2186902891984839,0.24502099082286907,0.0,0.0,5.0,2.0,0.07463377533411981,1.0,6.335329901381392e-52,0.10882265616347668,0.4042794550343006,0.0,1.0,6.0,3.0,6.0,3.0,0.30664205967165115,1.0
15.0,0.85,-0.026278105497229753,-0.06436709604929447,-0.0033245205308155,0.007200861750177685,-0.0046788865299517025,0.11921544735500816,-0.010975382186286797,7.879527441198096e-53,0.2407790706332368,0.2697693010155582,0.0,0.0,5.0,2.0,0.08217214915514293,1.0,1.8030490933097434e-51,0.11367001533274966,0.4222875407803909,0.0,1.0,6.0,3.0,6.0,3.0,0.32030101867924243,1.0
15.0,0.9,-0.026278105497229753,-0.06436709604929447,-0.0033245205308155,0.007200861750177685,-0.0046788865299517025,0.11921544735500816,-0.010975382186286797,2.212131103631366e-51,0.2766718745266933,0.3099836626391038,1.0,1.0,6.0,3.0,0.09442150632465375,1.0,4.180510417231274e-51,0.11772358846075148,0.4373466874039436,0.0,1.0,6.0,3.0,6.0,3.0,0.33172323586104774,1.0
15.0,0.95,-0.026278105497229753,-0.06436709604929447,-0.0033245205308155,0.007200861750177685,-0.0046788865299517025,0.11921544735500816,-0.010975382186286797,8.135273785882726e-50,0.3215116645238966,0.36022224348177023,1.0,1.0,6.0,3.0,0.1097242562773187,1.0,1.7901340016547233e-50,0.1250784530967777,0.46467023170741084,1.0,1.0,6.0,3.0,6.0,3.0,0.3524478801594671,1.0
16.0,0.4,0.17697418898478157,-0.08588454904374637,-0.06870199319254916,-0.0037117105594283626,0.033723525247305666,0.12105491661524143,0.013190400866561203,1.6691597550298417e-62,0.09491372067494909,0.10528819091684677,0.0,0.0,2.0,0.0,0.037542921818995004,1.0,4.0923630344173814e-54,0.09772443055666619,0.2958616352871004,0.0,0.0,5.0,2.0,6.0,3.0,0.29015545124886066,1.0
16.0,0.45,0.17697418898478157,-0.08588454904374637,-0.06870199319254916,-0.0037117105594283626,0.033723525247305666,0.12105491661524143,0.013190400866561203,4.4534201026388634e-61,0.10883130119995901,0.12072702173074189,0.0,0.0,2.0,0.0,0.043047991411087415,1.0,7.647895377887346e-54,0.10030405089147505,0.30367146018276814,0.0,0.0,5.0,2.0,6.0,3.0,0.2978146506735447,1.0
16.0,0.5,0.17697418898478157,-0.08588454904374637,-0.06870199319254916,-0.0037117105594283626,0.033723525247305666,0.12105491661524143,0.013190400866561203,3.26175792904771e-60,0.11824571388138173,0.13117046945065863,0.0,0.0,2.0,0.0,0.04677184247031253,1.0,1.0334208963869576e-53,0.10157007591318332,0.3075043628776557,0.0,0.0,5.0,2.0,6.0,3.0,0.3015736294608716,1.0
16.0,0.55,0.17697418898478157,-0.08588454904374637,-0.06870199319254916,-0.0037117105594283626,0.033723525247305666,0.12105491661524143,0.013190400866561203,5.4907620350522175e-58,0.1464006297567977,0.16240283645574816,0.0,0.0,3.0,0.0,0.05790846000057555,1.0,1.5284797208593895e-53,0.10324009102848232,0.312560349391489,0.0,0.0,5.0,2.0,6.0,3.0,0.3065321028601209,1.0
16.0,0.6,0.17697418898478157,-0.08588454904374637,-0.06870199319254916,-0.0037117105594283626,0.033723525247305666,0.12105491661524143,0.013190400866561203,2.5856849160940895e-57,0.1561644714774731,0.1732339072836318,0.0,0.0,3.0,0.0,0.06177052697851781,1.0,2.9485215562820575e-53,0.10610546139572578,0.3212352852056637,0.0,0.0,6.0,3.0,6.0,3.0,0.31503972809944686,1.0
16.0,0.65,0.17697418898478157,-0.08588454904374637,-0.06870199319254916,-0.0037117105594283626,0.033723525247305666,0.12105491661524143,0.013190400866561203,8.156436120847386e-57,0.16382145188667346,0.1817278279669375,0.0,0.0,4.0,1.0,0.0647992294129811,1.0,4.238789121638556e-53,0.10772238681437077,0.3261305421621131,0.0,0.0,6.0,3.0,6.0,3.0,0.31984057187832793,1.0
16.0,0.7,0.17697418898478157,-0.08588454904374637,-0.06870199319254916,-0.0037117105594283626,0.033723525247305666,0.12105491661524143,0.013190400866561203,2.2399105811611916e-55,0.18806928090941757,0.20862604703696028,0.0,0.0,4.0,1.0,0.07439040698781098,1.0,5.481818049021553e-53,0.10888283440637218,0.3296438081927136,0.0,0.0,6.0,3.0,6.0,3.0,0.32328607872640924,1.0
16.0,0.75,0.17697418898478157,-0.08588454904374637,-0.06870199319254916,-0.0037117105594283626,0.033723525247305666,0.12105491661524143,0.013190400866561203,3.535071399867533e-54,0.21098010795302147,0.23404112416886427,0.0,0.0,4.0,1.0,0.08345273625264146,1.0,8.957711321830784e-53,0.1111336989841832,0.33645832193311176,0.0,0.0,6.0,3.0,6.0,3.0,0.3299691632279466,1.0
16.0,0.8,0.17697418898478157,-0.08588454904374637,-0.06870199319254916,-0.0037117105594283626,0.033723525247305666,0.12105491661524143,0.013190400866561203,2.194981763950646e-53,0.2276588514496634,0.25254292472035234,0.0,0.0,4.0,1.0,0.09004997802844264,1.0,1.460045103346619e-52,0.11341908868142286,0.34337736079823505,0.0,0.0,6.0,3.0,6.0,3.0,0.3367547569132183,1.0
16.0,0.85,0.17697418898478157,-0.08588454904374637,-0.06870199319254916,-0.0037117105594283626,0.033723525247305666,0.12105491661524143,0.013190400866561203,1.0267697593883675e-51,0.2672204125716036,0.29642873143780746,1.0,1.0,6.0,3.0,0.1056984700028006,1.0,2.54338798979578e-52,0.11607261027461642,0.35141092245072936,0.0,0.0,6.0,3.0,6.0,3.0,0.344633377959009,1.0
16.0,0.9,0.17697418898478157,-0.08588454904374637,-0.06870199319254916,-0.0037117105594283626,0.033723525247305666,0.12105491661524143,0.013190400866561203,7.1912514026260875e-50,0.31897631654503505,0.3538417741452028,1.0,1.0,6.0,3.0,0.1261704085458103,1.0,3.670266054592194e-52,0.11786005059994895,0.3568224148955416,0.0,0.0,6.0,3.0,6.0,3.0,0.34994050076569083,1.0
16.0,0.95,0.17697418898478157,-0.08588454904374637,-0.06870199319254916,-0.0037117105594283626,0.033723525247305666,0.12105491661524143,0.013190400866561203,1.0579148611459803e-48,0.3567881038448801,0.39578654937709434,1.0,1.0,6.0,3.0,0.14112678117918473,1.0,6.97735822979479e-52,0.12105740254733455,0.3665024280749828,0.0,1.0,6.0,3.0,6.0,3.0,0.3594338187805461,1.0
17.0,0.4,0.11848743677748674,-0.01575832051595949,-0.024896096992494954,-0.003337410663430975,-0.002037161759319055,0.1775905841507473,0.022898747597498992,3.9764832190123405e-60,0.11811402286647381,0.12995160200044287,0.0,0.0,4.0,1.0,0.03484328015307771,0.0,1.0887962911215849e-52,0.11433606206466526,0.37223966812875814,0.0,0.0,6.0,3.0,6.0,3.0,0.27278749473689556,1.0
17.0,0.45,0.11848743677748674,-0.01575832051595949,-0.024896096992494954,-0.003337410663430975,-0.002037161759319055,0.1775905841507473,0.022898747597498992,7.525673985831148e-59,0.13350936236876917,0.14688988742253606,0.0,0.0,4.0,1.0,0.03938485882690409,0.0,1.8383475627835218e-52,0.11685884912677509,0.3804530122111193,0.0,1.0,6.0,3.0,6.0,3.0,0.2788064597948172,1.0
17.0,0.5,0.11848743677748674,-0.01575832051595949,-0.024896096992494954,-0.003337410663430975,-0.002037161759319055,0.1775905841507473,0.022898747597498992,2.380316586263816e-58,0.14007117663044505,0.15410933736285445,0.0,0.0,4.0,1.0,0.04132057422363139,0.0,2.7585249297901475e-52,0.11885168008465818,0.38694099790000525,0.0,1.0,6.0,3.0,6.0,3.0,0.28356103463864574,1.0
17.0,0.55,0.11848743677748674,-0.01575832051595949,-0.024896096992494954,-0.003337410663430975,-0.002037161759319055,0.1775905841507473,0.022898747597498992,2.1775211616076694e-57,0.1536045555596702,0.16899905350028568,0.0,0.0,4.0,1.0,0.045312880149760315,0.0,4.596177201141079e-52,0.12140697894948314,0.3952601894502115,0.0,1.0,6.0,3.0,6.0,3.0,0.289657567640153,1.0
17.0,0.6,0.11848743677748674,-0.01575832051595949,-0.024896096992494954,-0.003337410663430975,-0.002037161759319055,0.1775905841507473,0.022898747597498992,4.191282969223611e-56,0.17374812275761572,0.1911614417066026,0.0,0.0,4.0,1.0,0.05125517165865095,1.0,6.582790703852035e-52,0.12323787634218526,0.40122097404896556,1.0,1.0,6.0,3.0,6.0,3.0,0.29402579498554693,1.0
17.0,0.65,0.11848743677748674,-0.01575832051595949,-0.024896096992494954,-0.003337410663430975,-0.002037161759319055,0.1775905841507473,0.022898747597498992,7.862207136756972e-55,0.19632247332756578,0.2159982303409291,0.0,0.0,5.0,2.0,0.05791453692361833,1.0,1.1117364274302801e-51,0.12595841790781379,0.4100781401191711,1.0,1.0,6.0,3.0,6.0,3.0,0.3005165705520142,1.0
17.0,0.7,0.11848743677748674,-0.01575832051595949,-0.024896096992494954,-0.003337410663430975,-0.002037161759319055,0.1775905841507473,0.022898747597498992,7.927253668148717e-54,0.21616519957995206,0.237829626833697,0.0,0.0,5.0,2.0,0.06376808126182387,1.0,1.5518998978862826e-51,0.12772123469458874,0.4158172772193257,1.0,1.0,6.0,3.0,6.0,3.0,0.3047223684976572,1.0
17.0,0.75,0.11848743677748674,-0.01575832051595949,-0.024896096992494954,-0.003337410663430975,-0.002037161759319055,0.1775905841507473,0.022898747597498992,5.118917418032087e-53,0.2336350978122433,0.2570503866298257,0.0,0.0,5.0,2.0,0.06892164849779563,1.0,2.2939864511577354e-51,0.1298180473975659,0.42264379241138245,1.0,1.0,6.0,3.0,6.0,3.0,0.3097250270976546,1.0
17.0,0.8,0.11848743677748674,-0.01575832051595949,-0.024896096992494954,-0.003337410663430975,-0.002037161759319055,0.1775905841507473,0.022898747597498992,4.705876872246869e-52,0.2562609037211963,0.28194378754076965,0.0,0.0,5.0,2.0,0.07559619293242248,1.0,3.5911740259489024e-51,0.1322651126141419,0.43061061169533243,1.0,1.0,6.0,3.0,6.0,3.0,0.31556333198443676,1.0
17.0,0.85,0.11848743677748674,-0.01575832051595949,-0.024896096992494954,-0.003337410663430975,-0.002037161759319055,0.1775905841507473,0.022898747597498992,1.0117562907751321e-50,0.29120611679857794,0.3203912666075551,0.0,0.0,5.0,2.0,0.08590492528878874,1.0,7.228867154587819e-51,0.1361774029295321,0.4433477098805102,1.0,1.0,6.0,3.0,6.0,3.0,0.324897428808719,1.0
17.0,0.9,0.11848743677748674,-0.01575832051595949,-0.024896096992494954,-0.003337410663430975,-0.002037161759319055,0.1775905841507473,0.022898747597498992,4.746798749348723e-48,0.3762752886050374,0.4139862089252653,1.0,1.0,6.0,3.0,0.1110000741433293,1.0,1.3854798897161632e-50,0.13991914092534422,0.4555295472171689,1.0,1.0,6.0,3.0,6.0,3.0,0.33382461516976536,1.0
17.0,0.95,0.11848743677748674,-0.01575832051595949,-0.024896096992494954,-0.003337410663430975,-0.002037161759319055,0.1775905841507473,0.022898747597498992,2.9604505130458814e-45,0.4919967553114605,0.5413054689028974,1.0,1.0,6.0,3.0,0.14513755745244664,1.0,4.62535893606142e-50,0.1471267067449692,0.47899495139731274,1.0,1.0,6.0,3.0,6.0,3.0,0.3510207105012171,1.0
18.0,0.4,0.02885606738267832,-0.06223881540905318,-0.058666271564600414,0.036817622581783636,-0.04488626156748769,0.13966894140478886,-0.029491825248840753,1.7229298509888233e-62,0.08996452323097927,0.09750151443174927,0.0,0.0,2.0,1.0,0.02692190218648228,0.0,9.73350244930908e-53,0.15607434856821778,0.3385028328105552,0.0,1.0,6.0,3.0,6.0,3.0,0.284918233362781,1.0
18.0,0.45,0.02885606738267832,-0.06223881540905318,-0.058666271564600414,0.036817622581783636,-0.04488626156748769,0.13966894140478886,-0.029491825248840753,9.065035261579814e-61,0.1061167308127004,0.11500691149354889,0.0,0.0,4.0,2.0,0.03175545364647727,0.0,1.4136835335065084e-52,0.15852033871350704,0.34380783392574626,0.0,1.0,6.0,3.0,6.0,3.0,0.2893834590543298,1.0
18.0,0.5,0.02885606738267832,-0.06223881540905318,-0.058666271564600414,0.036817622581783636,-0.04488626156748769,0.13966894140478886,-0.029491825248840753,6.562291486558832e-60,0.1152402290513275,0.12489475242499741,0.0,0.0,5.0,2.0,0.03448566238162767,0.0,2.3404860849631617e-52,0.1618855441089929,0.35110648081943124,0.0,1.0,6.0,3.0,6.0,3.0,0.29552673874750546,1.0
18.0,0.55,0.02885606738267832,-0.06223881540905318,-0.058666271564600414,0.036817622581783636,-0.04488626156748769,0.13966894140478886,-0.029491825248840753,1.916487834973913e-58,0.13263695785175286,0.14374893342082154,0.0,0.0,5.0,2.0,0.039691637073755365,0.0,4.7165667208087566e-52,0.1666817555385211,0.36150877415300897,0.0,1.0,6.0,3.0,6.0,3.0,0.30428236130734104,1.0
18.0,0.6,0.02885606738267832,-0.06223881540905318,-0.058666271564600414,0.036817622581783636,-0.04488626156748769,0.13966894140478886,-0.029491825248840753,6.118188239741245e-57,0.1532272772032566,0.1660642555867668,0.0,0.0,5.0,2.0,0.045853294398903434,0.0,9.005643373958064e-52,0.1712346949226407,0.3713834453803926,0.0,1.0,6.0,3.0,6.0,3.0,0.3125938837184962,1.0
18.0,0.65,0.02885606738267832,-0.06223881540905318,-0.058666271564600414,0.036817622581783636,-0.04488626156748769,0.13966894140478886,-0.029491825248840753,7.871246683147774e-56,0.17043624068841431,0.184714940782926,0.0,0.0,5.0,2.0,0.051003080281597064,0.0,1.2853599056211237e-51,0.17379196001261024,0.3769297858594231,0.0,1.0,6.0,3.0,6.0,3.0,0.31726224503705036,1.0
18.0,0.7,0.02885606738267832,-0.06223881540905318,-0.058666271564600414,0.036817622581783636,-0.04488626156748769,0.13966894140478886,-0.029491825248840753,1.5530163333579156e-52,0.23380787453724008,0.25339568348425706,0.0,0.0,5.0,2.0,0.06996705481959768,1.0,1.9232130357232398e-51,0.17673454985212814,0.3833118403457246,0.0,1.0,6.0,3.0,6.0,3.0,0.3226340278205633,1.0
18.0,0.75,0.02885606738267832,-0.06223881540905318,-0.058666271564600414,0.036817622581783636,-0.04488626156748769,0.13966894140478886,-0.029491825248840753,1.4226702359321655e-51,0.256412667360961,0.27789424641300253,0.0,0.0,5.0,2.0,0.07673154374801067,1.0,3.63384344157512e-51,0.18148284361277917,0.39361020714169115,0.0,1.0,6.0,3.0,6.0,3.0,0.33130217529119566,1.0
18.0,0.8,0.02885606738267832,-0.06223881540905318,-0.058666271564600414,0.036817622581783636,-0.04488626156748769,0.13966894140478886,-0.029491825248840753,2.4366891420838344e-50,0.2886313306776794,0.31281210462563797,0.0,0.0,5.0,2.0,0.08637298541013033,1.0,6.049448220232453e-51,0.18537812000065795,0.4020585018420898,0.0,1.0,6.0,3.0,6.0,3.0,0.3384131148983477,1.0
18.0,0.85,0.02885606738267832,-0.06223881540905318,-0.058666271564600414,0.036817622581783636,-0.04488626156748769,0.13966894140478886,-0.029491825248840753,6.0199373715808234e-49,0.3298955559312505,0.35753333816951327,1.0,1.0,6.0,3.0,0.09872131335297293,1.0,1.059855916073482e-50,0.1897604061283401,0.4115630506806098,0.0,1.0,6.0,3.0,6.0,3.0,0.34641310485854093,1.0
18.0,0.9,0.02885606738267832,-0.06223881540905318,-0.058666271564600414,0.036817622581783636,-0.04488626156748769,0.13966894140478886,-0.029491825248840753,2.912574795776247e-47,0.3877677424362751,0.4202539042889977,1.0,1.0,6.0,3.0,0.11603957713575286,1.0,2.8419502098141134e-50,0.19772170008291592,0.4288299531612794,0.0,1.0,6.0,3.0,6.0,3.0,0.3609466770286535,1.0
18.0,0.95,0.02885606738267832,-0.06223881540905318,-0.058666271564600414,0.036817622581783636,-0.04488626156748769,0.13966894140478886,-0.029491825248840753,4.2124000124503985e-44,0.5251082801397404,0.5691004711137687,1.0,1.0,6.0,3.0,0.1571387614530922,1.0,5.304792799372845e-50,0.2029308935702377,0.44012794522911747,0.0,1.0,6.0,3.0,6.0,3.0,0.3704562102688575,1.0
19.0,0.4,0.1944659090406513,-0.09359878187313925,-0.03961645566257549,-0.004718229232816773,-0.02906868718623115,0.13204974975576617,0.03841133257183349,5.732717009510054e-65,0.0753805249060261,0.0835970602089421,0.0,0.0,2.0,0.0,0.03242971890375581,0.0,5.921984963853518e-54,0.11261830112274078,0.2993542537994048,0.0,0.0,5.0,2.0,6.0,3.0,0.31889959718334243,1.0
19.0,0.45,0.1944659090406513,-0.09359878187313925,-0.03961645566257549,-0.004718229232816773,-0.02906868718623115,0.13204974975576617,0.03841133257183349,2.404900815003664e-63,0.08807916423222144,0.09767986100725183,0.0,0.0,3.0,0.0,0.03789284488121597,0.0,1.06907761233926e-53,0.11542455765957484,0.3068136526997495,0.0,0.0,5.0,2.0,6.0,3.0,0.3268460328005352,1.0
19.0,0.5,0.1944659090406513,-0.09359878187313925,-0.03961645566257549,-0.004718229232816773,-0.02906868718623115,0.13204974975576617,0.03841133257183349,2.394932818971378e-62,0.09693144610340901,0.10749704842395864,0.0,0.0,3.0,0.0,0.04170121598366338,0.0,1.564825362472073e-53,0.11727143666120177,0.311722899952443,0.0,0.0,5.0,2.0,6.0,3.0,0.33207581307419864,1.0
19.0,0.55,0.1944659090406513,-0.09359878187313925,-0.03961645566257549,-0.004718229232816773,-0.02906868718623115,0.13204974975576617,0.03841133257183349,5.238916006302101e-62,0.10014498276047734,0.11106086305299566,0.0,0.0,3.0,0.0,0.04308372281292148,0.0,2.598837337360699e-53,0.11977659508971765,0.3183819404861866,0.0,0.0,6.0,3.0,6.0,3.0,0.3391696335791223,1.0
19.0,0.6,0.1944659090406513,-0.09359878187313925,-0.03961645566257549,-0.004718229232816773,-0.02906868718623115,0.13204974975576617,0.03841133257183349,2.6280856005499826e-60,0.11789058309503918,0.13074074749876713,0.0,0.0,3.0,0.0,0.05071811951347074,0.0,3.5171903076799337e-53,0.12129633029842765,0.3224215965175826,0.0,0.0,6.0,3.0,6.0,3.0,0.3434730455561401,1.0
19.0,0.65,0.1944659090406513,-0.09359878187313925,-0.03961645566257549,-0.004718229232816773,-0.02906868718623115,0.13204974975576617,0.03841133257183349,1.592975183708096e-59,0.1270826254178194,0.1409347295181092,0.0,0.0,3.0,0.0,0.05467266014648981,0.0,6.1677199574476785e-53,0.12416847893164863,0.330056145274998,0.0,0.0,6.0,3.0,6.0,3.0,0.3516060668595479,1.0
19.0,0.7,0.1944659090406513,-0.09359878187313925,-0.03961645566257549,-0.004718229232816773,-0.02906868718623115,0.13204974975576617,0.03841133257183349,6.445037408441536e-58,0.14826723767263253,0.16442848083353856,0.0,0.0,3.0,0.0,0.06378656617679566,0.0,9.346832529567706e-53,0.12633795805785564,0.33582290608105253,0.0,0.0,6.0,3.0,6.0,3.0,0.35774934919064116,1.0
19.0,0.75,0.1944659090406513,-0.09359878187313925,-0.03961645566257549,-0.004718229232816773,-0.02906868718623115,0.13204974975576617,0.03841133257183349,4.259006490451202e-56,0.17655579722132675,0.19580051517217698,0.0,0.0,3.0,0.0,0.07595668618458264,0.0,1.3842286356515668e-52,0.12842211762803443,0.3413628762875805,0.0,0.0,6.0,3.0,6.0,3.0,0.3636510333820183,1.0
19.0,0.8,0.1944659090406513,-0.09359878187313925,-0.03961645566257549,-0.004718229232816773,-0.02906868718623115,0.13204974975576617,0.03841133257183349,3.728496873293894e-54,0.2127198626679983,0.2359064916205294,0.0,0.0,4.0,1.0,0.091514955091766,1.0,1.843218181236437e-52,0.12996363960067997,0.3454604444024977,0.0,0.0,6.0,3.0,6.0,3.0,0.3680161386200219,1.0
19.0,0.85,0.1944659090406513,-0.09359878187313925,-0.03961645566257549,-0.004718229232816773,-0.02906868718623115,0.13204974975576617,0.03841133257183349,4.097351306001507e-52,0.258730981719299,0.28693285810454533,0.0,0.0,4.0,1.0,0.11130955932331121,1.0,4.478839302795374e-52,0.13486152379615196,0.3584796646705554,0.0,0.0,6.0,3.0,6.0,3.0,0.38188540570552304,1.0
19.0,0.9,0.1944659090406513,-0.09359878187313925,-0.03961645566257549,-0.004718229232816773,-0.02906868718623115,0.13204974975576617,0.03841133257183349,1.7033129179589385e-50,0.30220251290933714,0.33514281969341736,1.0,1.0,6.0,3.0,0.13001159859096417,1.0,8.513858010053166e-52,0.13851966552476588,0.36820348643437495,0.0,0.0,6.0,3.0,6.0,3.0,0.3922441121685437,1.0
19.0,0.95,0.1944659090406513,-0.09359878187313925,-0.03961645566257549,-0.004718229232816773,-0.02906868718623115,0.13204974975576617,0.03841133257183349,2.7021002885404255e-47,0.41081695946705604,0.45559632462411453,1.0,1.0,6.0,3.0,0.17673899900566,1.0,4.162131053932375e-51,0.14798839396097135,0.39337261176472615,0.0,1.0,6.0,3.0,6.0,3.0,0.41905657207995173,1.0
20.0,0.4,-0.02325104612342621,-0.21848858364714097,-0.17968249475434261,0.055914872493311306,-0.0639814830416653,0.15258031732225974,-0.12753834521070373,1.1180323006990888e-58,0.133148997218981,0.14475452015260998,0.0,0.0,2.0,1.0,0.04211682017716213,0.0,5.134981973113468e-52,0.1892010806743812,0.45077308370503555,0.0,0.0,4.0,2.0,6.0,3.0,0.3434395223132751,1.0
20.0,0.45,-0.02325104612342621,-0.21848858364714097,-0.17968249475434261,0.055914872493311306,-0.0639814830416653,0.15258031732225974,-0.12753834521070373,1.165001594684835e-57,0.146807837121906,0.15960389083722357,0.0,0.0,2.0,1.0,0.046437295104014474,0.0,7.624205050976093e-52,0.19234279878941854,0.4582582521713017,0.0,0.0,4.0,2.0,6.0,3.0,0.3491423976077793,1.0
20.0,0.5,-0.02325104612342621,-0.21848858364714097,-0.17968249475434261,0.055914872493311306,-0.0639814830416653,0.15258031732225974,-0.12753834521070373,1.9638383929042708e-56,0.16514485250890806,0.17953919578744457,0.0,0.0,3.0,1.0,0.05223753991074087,0.0,1.1344002212862568e-51,0.19555387229585394,0.4659086604107268,0.0,0.0,4.0,2.0,6.0,3.0,0.35497116743949575,1.0
20.0,0.55,-0.02325104612342621,-0.21848858364714097,-0.17968249475434261,0.055914872493311306,-0.0639814830416653,0.15258031732225974,-0.12753834521070373,1.2590082556835355e-55,0.17843778604725954,0.193990767004312,0.0,0.0,3.0,1.0,0.056442273728908185,0.0,1.5524838887082945e-51,0.19812713223312123,0.4720394727346422,0.0,0.0,4.0,2.0,6.0,3.0,0.35964217227991696,1.0
20.0,0.6,-0.02325104612342621,-0.21848858364714097,-0.17968249475434261,0.055914872493311306,-0.0639814830416653,0.15258031732225974,-0.12753834521070373,7.521416092230324e-55,0.19223455322672253,0.2089900869724218,0.0,0.0,3.0,1.0,0.06080637691000808,0.0,2.2031384120569434e-51,0.20103788121015648,0.47897435538749333,0.0,0.0,4.0,2.0,6.0,3.0,0.36492579029459016,1.0
20.0,0.65,-0.02325104612342621,-0.21848858364714097,-0.17968249475434261,0.055914872493311306,-0.0639814830416653,0.15258031732225974,-0.12753834521070373,1.525739971678237e-53,0.21792011724312005,0.23691445419786825,0.0,0.0,3.0,1.0,0.0689310665691307,0.0,3.2183892383007815e-51,0.20423778783342494,0.48659815843871035,0.0,0.0,4.0,2.0,6.0,3.0,0.3707342898984261,1.0
20.0,0.7,-0.02325104612342621,-0.21848858364714097,-0.17968249475434261,0.055914872493311306,-0.0639814830416653,0.15258031732225974,-0.12753834521070373,1.3890339166601481e-52,0.23892705908894743,0.2597524015371595,0.0,0.0,3.0,1.0,0.07557584505542854,0.0,4.5512731031929024e-51,0.20720808397551344,0.49367491268722713,0.0,0.0,4.0,2.0,6.0,3.0,0.3761259984686506,1.0
20.0,0.75,-0.02325104612342621,-0.21848858364714097,-0.17968249475434261,0.055914872493311306,-0.0639814830416653,0.15258031732225974,-0.12753834521070373,9.333815675636858e-52,0.25866525887644226,0.2812110208177548,0.0,0.0,3.0,1.0,0.08181930334977543,0.0,7.516351615952537e-51,0.21158495634998195,0.5041028460277247,0.0,0.0,4.0,2.0,6.0,3.0,0.3840709370078794,1.0
20.0,0.8,-0.02325104612342621,-0.21848858364714097,-0.17968249475434261,0.055914872493311306,-0.0639814830416653,0.15258031732225974,-0.12753834521070373,2.7073924522898454e-50,0.29762901652817575,0.3235709345987294,0.0,0.0,3.0,1.0,0.0941440643973235,0.0,1.165446412406961e-50,0.21548729544859468,0.5134002000537928,0.0,0.0,4.0,2.0,6.0,3.0,0.3911544984291724,1.0
20.0,0.85,-0.02325104612342621,-0.21848858364714097,-0.17968249475434261,0.055914872493311306,-0.0639814830416653,0.15258031732225974,-0.12753834521070373,1.9771903034411114e-48,0.3558942639233484,0.3869146931280575,0.0,0.0,5.0,2.0,0.11257414647360464,0.0,2.2094834474972433e-50,0.2213077412070748,0.527267458495109,0.0,0.0,4.0,2.0,6.0,3.0,0.4017198245035146,1.0
20.0,0.9,-0.02325104612342621,-0.21848858364714097,-0.17968249475434261,0.055914872493311306,-0.0639814830416653,0.15258031732225974,-0.12753834521070373,9.699373085157274e-47,0.41856857677808107,0.45505181975065356,1.0,1.0,6.0,3.0,0.13239887530643799,0.0,3.113562499078576e-50,0.2244933894273055,0.5348572907873688,0.0,0.0,4.0,2.0,6.0,3.0,0.40750244212448405,1.0
20.0,0.95,-0.02325104612342621,-0.21848858364714097,-0.17968249475434261,0.055914872493311306,-0.0639814830416653,0.15258031732225974,-0.12753834521070373,4.839490445544922e-44,0.5422325945721143,0.5894946314113277,1.0,1.0,6.0,3.0,0.17151546881146365,0.0,4.767444587552547e-50,0.2285141301391733,0.5444367376013448,0.0,0.0,4.0,2.0,6.0,3.0,0.41480092723095074,1.0
21.0,0.4,0.1973609132467714,-0.185194026156154,-0.1905075578953469,-0.04834426476909173,-0.07847122463704312,0.024900514205430213,-0.06121773418130738,3.573733818055173e-60,0.12187312247996396,0.12576082760049093,0.0,0.0,2.0,1.0,0.04842759938824112,0.0,1.0896322993014769e-52,0.18741676620021394,0.4200268684790184,0.0,1.0,4.0,2.0,6.0,3.0,0.4968467794660974,1.0
21.0,0.45,0.1973609132467714,-0.185194026156154,-0.1905075578953469,-0.04834426476909173,-0.07847122463704312,0.024900514205430213,-0.06121773418130738,4.238560979227329e-59,0.13510205280870868,0.13941175565220865,0.0,0.0,2.0,1.0,0.053684257503329,0.0,1.5921367191490691e-52,0.19040175902527942,0.4267166498372411,0.0,1.0,4.0,2.0,6.0,3.0,0.504760074001757,1.0
21.0,0.5,0.1973609132467714,-0.185194026156154,-0.1905075578953469,-0.04834426476909173,-0.07847122463704312,0.024900514205430213,-0.06121773418130738,1.0855342344246356e-57,0.1546487188893829,0.15958195276470288,0.0,0.0,2.0,1.0,0.06145133604426187,0.0,2.9539484360137688e-52,0.19536880913109791,0.43784849542301213,0.0,1.0,4.0,2.0,6.0,3.0,0.5179278545507304,1.0
21.0,0.55,0.1973609132467714,-0.185194026156154,-0.1905075578953469,-0.04834426476909173,-0.07847122463704312,0.024900514205430213,-0.06121773418130738,9.889475984269379e-57,0.16956129827151925,0.17497023761859934,0.0,0.0,2.0,1.0,0.06737701026568156,0.0,5.694852256160868e-52,0.20078605362784563,0.44998928884233386,0.0,1.0,4.0,2.0,6.0,3.0,0.5322891122778763,1.0
21.0,0.6,0.1973609132467714,-0.185194026156154,-0.1905075578953469,-0.04834426476909173,-0.07847122463704312,0.024900514205430213,-0.06121773418130738,3.443729530048948e-55,0.19659420994321558,0.20286548863953233,0.0,0.0,2.0,1.0,0.07811882921718863,0.0,8.599250717822857e-52,0.20426359297230903,0.4577829350058109,0.0,1.0,4.0,2.0,6.0,3.0,0.5415081605988659,1.0
21.0,0.65,0.1973609132467714,-0.185194026156154,-0.1905075578953469,-0.04834426476909173,-0.07847122463704312,0.024900514205430213,-0.06121773418130738,1.0944506376414105e-53,0.22707065911825075,0.23431412466842236,0.0,0.0,2.0,1.0,0.09022897492767809,0.0,1.526985571897754e-51,0.20920957806449433,0.4688675709854712,0.0,1.0,4.0,2.0,6.0,3.0,0.5546200972423266,1.0
21.0,0.7,0.1973609132467714,-0.185194026156154,-0.1905075578953469,-0.04834426476909173,-0.07847122463704312,0.024900514205430213,-0.06121773418130738,1.2976440138367267e-50,0.30495984750861693,0.3146879478197359,0.0,0.0,5.0,2.0,0.12117908382198343,0.0,2.4615826632850054e-51,0.21341373950004275,0.4782896776526369,0.0,1.0,4.0,2.0,6.0,3.0,0.5657654398493823,1.0
21.0,0.75,0.1973609132467714,-0.185194026156154,-0.1905075578953469,-0.04834426476909173,-0.07847122463704312,0.024900514205430213,-0.06121773418130738,2.077310141301904e-49,0.34231327041092985,0.35323293035826314,1.0,1.0,6.0,3.0,0.13602186919814502,1.0,4.17226625370133e-51,0.21815773134076197,0.48892161884630064,0.0,1.0,4.0,2.0,6.0,3.0,0.5783418870673266,1.0
21.0,0.8,0.1973609132467714,-0.185194026156154,-0.1905075578953469,-0.04834426476909173,-0.07847122463704312,0.024900514205430213,-0.06121773418130738,6.883399715652389e-49,0.3598346416864797,0.37131322655048454,1.0,1.0,6.0,3.0,0.14298417500929267,1.0,5.649358807058656e-51,0.22093019352329496,0.4951350896691928,0.0,1.0,4.0,2.0,6.0,3.0,0.5856917572764384,1.0
21.0,0.85,0.1973609132467714,-0.185194026156154,-0.1905075578953469,-0.04834426476909173,-0.07847122463704312,0.024900514205430213,-0.06121773418130738,7.555152584858693e-48,0.39760757352926696,0.41029110020123005,1.0,1.0,6.0,3.0,0.15799365678656124,1.0,1.466395441256873e-50,0.22988761285327133,0.5152099040366767,0.0,1.0,4.0,2.0,6.0,3.0,0.6094381116536756,1.0
21.0,0.9,0.1973609132467714,-0.185194026156154,-0.1905075578953469,-0.04834426476909173,-0.07847122463704312,0.024900514205430213,-0.06121773418130738,1.55917446803446e-46,0.4510573799639498,0.4654459346350227,1.0,1.0,6.0,3.0,0.17923251372832374,1.0,3.0880488949864652e-50,0.23713297417948626,0.5314477598622223,0.0,1.0,4.0,2.0,6.0,3.0,0.6286457552065076,1.0
21.0,0.95,0.1973609132467714,-0.185194026156154,-0.1905075578953469,-0.04834426476909173,-0.07847122463704312,0.024900514205430213,-0.06121773418130738,4.650847805928427e-44,0.5719284296113382,0.590172723670026,1.0,1.0,6.0,3.0,0.22726192867108314,1.0,6.310974038652816e-50,0.2443013073689964,0.5475129849904141,0.0,1.0,4.0,2.0,6.0,3.0,0.6476491951417757,1.0
22.0,0.4,0.08521614657491305,-0.1991638235706119,-0.13303445672490422,0.006662395248206657,0.011495176491243401,0.11670070952349515,-0.06028392229163171,6.027873766661235e-57,0.1512266270700851,0.1537067010867646,0.0,0.0,2.0,0.0,0.041634271444093124,0.0,1.1223183051996834e-52,0.12929840901119644,0.370513278276506,0.0,0.0,4.0,2.0,6.0,3.0,0.27966036748782835,1.0
22.0,0.45,0.08521614657491305,-0.1991638235706119,-0.13303445672490422,0.006662395248206657,0.011495176491243401,0.11670070952349515,-0.06028392229163171,2.9963435814613453e-56,0.161676193931235,0.16432763789618343,0.0,0.0,2.0,0.0,0.044511146446857594,0.0,1.6569564103135455e-52,0.13141440535503063,0.37657680796856274,0.0,0.0,4.0,2.0,6.0,3.0,0.284237069704391,1.0
22.0,0.5,0.08521614657491305,-0.1991638235706119,-0.13303445672490422,0.006662395248206657,0.011495176491243401,0.11670070952349515,-0.06028392229163171,1.455165832439207e-55,0.17268029424169282,0.17551220234702217,0.0,0.0,3.0,1.0,0.04754069030563391,0.0,2.8863870987594156e-52,0.13448890358328122,0.38538698920989417,0.0,0.0,4.0,2.0,6.0,3.0,0.2908869218636606,1.0
22.0,0.55,0.08521614657491305,-0.1991638235706119,-0.13303445672490422,0.006662395248206657,0.011495176491243401,0.11670070952349515,-0.06028392229163171,5.48333481442517e-55,0.18249387441089612,0.1854867224621846,0.0,0.0,3.0,1.0,0.050242471523128274,0.0,4.085112450416278e-52,0.13644946789284848,0.3910051179646477,0.0,0.0,4.0,2.0,6.0,3.0,0.2951274391251656,1.0
22.0,0.6,0.08521614657491305,-0.1991638235706119,-0.13303445672490422,0.006662395248206657,0.011495176491243401,0.11670070952349515,-0.06028392229163171,1.945410534054333e-54,0.19238161325209993,0.1955366174306451,0.0,0.0,3.0,1.0,0.05296466939832254,0.0,6.959481993256702e-52,0.13951226316680043,0.3997817636041424,0.0,0.0,4.0,2.0,6.0,3.0,0.3017519788886767,1.0
22.0,0.65,0.08521614657491305,-0.1991638235706119,-0.13303445672490422,0.006662395248206657,0.011495176491243401,0.11670070952349515,-0.06028392229163171,4.735208561177882e-53,0.21974915949675036,0.223352983712194,0.0,0.0,3.0,1.0,0.060499240995826216,0.0,9.81780722099883e-52,0.1415268856350453,0.4055547996446268,0.0,0.0,4.0,2.0,6.0,3.0,0.30610941889220983,1.0
22.0,0.7,0.08521614657491305,-0.1991638235706119,-0.13303445672490422,0.006662395248206657,0.011495176491243401,0.11670070952349515,-0.06028392229163171,7.930628557013975e-52,0.24713025086827228,0.25118311725687353,0.0,0.0,3.0,1.0,0.06803754170836636,0.0,1.3813151257944945e-51,0.14355463228260873,0.411365443902731,0.0,0.0,4.0,2.0,6.0,3.0,0.3104952452683157,1.0
22.0,0.75,0.08521614657491305,-0.1991638235706119,-0.13303445672490422,0.006662395248206657,0.011495176491243401,0.11670070952349515,-0.06028392229163171,9.72588714260534e-51,0.2743374794036773,0.2788365366639777,0.0,0.0,5.0,2.0,0.07552797616445958,0.0,2.0202928862343987e-51,0.14584692478465744,0.4179341620810743,0.0,0.0,4.0,2.0,6.0,3.0,0.3154532595889482,1.0
22.0,0.8,0.08521614657491305,-0.1991638235706119,-0.13303445672490422,0.006662395248206657,0.011495176491243401,0.11670070952349515,-0.06028392229163171,7.438133672427308e-50,0.2986063865349489,0.3035034470249423,0.0,0.0,5.0,2.0,0.08220946001906262,0.0,4.0499839434745383e-51,0.15013509852459547,0.43022221204513916,0.0,0.0,4.0,2.0,6.0,3.0,0.3247281783844216,1.0
22.0,0.85,0.08521614657491305,-0.1991638235706119,-0.13303445672490422,0.006662395248206657,0.011495176491243401,0.11670070952349515,-0.06028392229163171,2.622050210974199e-49,0.3147010085988132,0.3198620163496972,0.0,0.0,5.0,2.0,0.08664047773584653,0.0,6.06171823186508e-51,0.15267918573945125,0.4375124648905235,0.0,0.0,4.0,2.0,6.0,3.0,0.3302308011225407,1.0
22.0,0.9,0.08521614657491305,-0.1991638235706119,-0.13303445672490422,0.006662395248206657,0.011495176491243401,0.11670070952349515,-0.06028392229163171,1.39700673833321e-48,0.33742042168854486,0.34295402140401676,0.0,0.0,5.0,2.0,0.09289536968149571,0.0,1.1367937595857763e-50,0.15673226715958075,0.4491268420168789,0.0,0.0,4.0,2.0,6.0,3.0,0.3389972372146766,1.0
22.0,0.95,0.08521614657491305,-0.1991638235706119,-0.13303445672490422,0.006662395248206657,0.011495176491243401,0.11670070952349515,-0.06028392229163171,2.532099766615502e-46,0.41905059360426816,0.42592290510791897,1.0,1.0,6.0,3.0,0.1153690094195039,0.0,4.883781344541577e-50,0.16654688765714937,0.4772512964738479,0.0,1.0,4.0,2.0,6.0,3.0,0.36022534354710595,1.0
23.0,0.4,-0.0339047958060803,-0.14992946028274423,-0.18412575116676622,-0.04188525138574899,-0.004344497807893832,-0.026973984132266704,-0.13405176604653746,5.852167170979264e-62,0.09866796596630774,0.10869717503460256,0.0,0.0,4.0,2.0,0.05399391243725034,0.0,2.1783566833820448e-52,0.13728342879701058,0.42914655857919476,1.0,1.0,4.0,2.0,6.0,3.0,0.5641894789828694,1.0
23.0,0.45,-0.0339047958060803,-0.14992946028274423,-0.18412575116676622,-0.04188525138574899,-0.004344497807893832,-0.026973984132266704,-0.13405176604653746,1.1345832049708742e-59,0.12288234573451813,0.1353728508757187,0.0,0.0,4.0,2.0,0.0672447085606196,0.0,3.0981638228761984e-52,0.13931314354409344,0.4354914255907552,1.0,1.0,4.0,2.0,6.0,3.0,0.5725309351635259,1.0
23.0,0.5,-0.0339047958060803,-0.14992946028274423,-0.18412575116676622,-0.04188525138574899,-0.004344497807893832,-0.026973984132266704,-0.13405176604653746,2.2806211210464678e-58,0.1392483932863611,0.15340244252631335,0.0,0.0,4.0,2.0,0.0762006744590129,0.0,5.282859677338923e-52,0.14244557228793006,0.44528336499080984,1.0,1.0,4.0,2.0,6.0,3.0,0.5854041810929328,1.0
23.0,0.55,-0.0339047958060803,-0.14992946028274423,-0.18412575116676622,-0.04188525138574899,-0.004344497807893832,-0.026973984132266704,-0.13405176604653746,4.8549886696441385e-56,0.1740988173838963,0.19179527459760035,0.0,0.0,4.0,2.0,0.09527181602653953,0.0,1.0704491232860154e-51,0.14669928400758497,0.4585804232131613,1.0,1.0,4.0,2.0,6.0,3.0,0.602885529132425,1.0
23.0,0.6,-0.0339047958060803,-0.14992946028274423,-0.18412575116676622,-0.04188525138574899,-0.004344497807893832,-0.026973984132266704,-0.13405176604653746,3.4034000289348536e-55,0.18881406984235757,0.20800627435310276,0.0,0.0,4.0,2.0,0.10332441997912839,0.0,1.690517457634966e-51,0.14951917614833238,0.46739537646986945,1.0,1.0,4.0,2.0,6.0,3.0,0.614474353010277,1.0
23.0,0.65,-0.0339047958060803,-0.14992946028274423,-0.18412575116676622,-0.04188525138574899,-0.004344497807893832,-0.026973984132266704,-0.13405176604653746,9.879278501193124e-54,0.21726254526122793,0.23934642494593508,0.0,1.0,5.0,3.0,0.11889223346039818,0.0,3.011089177605215e-51,0.15315913103282885,0.4787738372626494,1.0,1.0,4.0,2.0,6.0,3.0,0.6294333634880949,1.0
23.0,0.7,-0.0339047958060803,-0.14992946028274423,-0.18412575116676622,-0.04188525138574899,-0.004344497807893832,-0.026973984132266704,-0.13405176604653746,9.400000587337915e-52,0.26267473748059367,0.2893745871567481,1.0,1.0,6.0,3.0,0.14374307442243137,0.0,6.681471717230986e-51,0.1583309248189988,0.49494081039600424,1.0,1.0,5.0,3.0,6.0,3.0,0.6506877251193188,1.0
23.0,0.75,-0.0339047958060803,-0.14992946028274423,-0.18412575116676622,-0.04188525138574899,-0.004344497807893832,-0.026973984132266704,-0.13405176604653746,4.238443460992185e-51,0.27968654770719514,0.3081155807076617,1.0,1.0,6.0,3.0,0.15305241999146735,0.0,1.1205601278225846e-50,0.16177914709119215,0.5057199170536326,1.0,1.0,5.0,3.0,6.0,3.0,0.6648587779857393,1.0
23.0,0.8,-0.0339047958060803,-0.14992946028274423,-0.18412575116676622,-0.04188525138574899,-0.004344497807893832,-0.026973984132266704,-0.13405176604653746,2.4787247190937255e-50,0.30104458809943996,0.33164458155586696,1.0,1.0,6.0,3.0,0.16474014610881638,0.0,1.8105771932873721e-50,0.16504604424793848,0.5159322033021269,1.0,1.0,5.0,3.0,6.0,3.0,0.6782846446100398,1.0
23.0,0.85,-0.0339047958060803,-0.14992946028274423,-0.18412575116676622,-0.04188525138574899,-0.004344497807893832,-0.026973984132266704,-0.13405176604653746,8.967203994957218e-50,0.31761330642863145,0.3498974446679143,1.0,1.0,6.0,3.0,0.17380701921096703,0.0,5.654687517442098e-50,0.17306653620102552,0.5410041770278761,1.0,1.0,5.0,3.0,6.0,3.0,0.7112462133576364,1.0
23.0,0.9,-0.0339047958060803,-0.14992946028274423,-0.18412575116676622,-0.04188525138574899,-0.004344497807893832,-0.026973984132266704,-0.13405176604653746,5.729439406494407e-47,0.41571208572008206,0.45796757745006533,1.0,1.0,6.0,3.0,0.2274894565389283,0.0,1.3759980585611479e-49,0.17959951193357593,0.5614261906494245,1.0,1.0,5.0,3.0,6.0,3.0,0.738094582509352,1.0
23.0,0.95,-0.0339047958060803,-0.14992946028274423,-0.18412575116676622,-0.04188525138574899,-0.004344497807893832,-0.026973984132266704,-0.13405176604653746,1.5170922488243423e-45,0.47651891554904013,0.5249551813850093,1.0,1.0,6.0,3.0,0.26076468029790056,0.0,3.0094201323438642e-49,0.1855522367003578,0.5800343458377017,1.0,1.0,5.0,3.0,6.0,3.0,0.7625583121388396,1.0
24.0,0.4,-0.17947061078155047,-0.16191831502226817,-0.12910558977015357,-0.006062126014354999,-0.0171282612798329,0.13995144987738756,-0.14589359677395242,1.3208298849426098e-61,0.09990797079723734,0.11283908374226694,0.0,0.0,2.0,0.0,0.03149326393745731,0.0,1.102021489154252e-53,0.12557286136854218,0.3664206489896859,0.0,0.0,4.0,2.0,6.0,3.0,0.2586356816269674,0.0
24.0,0.45,-0.17947061078155047,-0.16191831502226817,-0.12910558977015357,-0.006062126014354999,-0.0171282612798329,0.13995144987738756,-0.14589359677395242,3.067931496623335e-60,0.11389817193307429,0.12864004001172924,0.0,0.0,2.0,0.0,0.03590329342152338,0.0,1.7183742641072465e-53,0.12791881996475926,0.37326613822964166,0.0,0.0,4.0,2.0,6.0,3.0,0.2634675266131265,0.0
24.0,0.5,-0.17947061078155047,-0.16191831502226817,-0.12910558977015357,-0.006062126014354999,-0.0171282612798329,0.13995144987738756,-0.14589359677395242,1.8387617158153416e-59,0.12272133711053848,0.13860518960276932,0.0,0.0,2.0,0.0,0.038684555691994256,0.0,3.288600462601937e-53,0.13142560982485985,0.38349892421862447,0.0,0.0,4.0,2.0,6.0,3.0,0.2706902734383962,0.0
24.0,0.55,-0.17947061078155047,-0.16191831502226817,-0.12910558977015357,-0.006062126014354999,-0.0171282612798329,0.13995144987738756,-0.14589359677395242,8.548040591241633e-58,0.14400999167279446,0.16264923989967536,0.0,0.0,2.0,0.0,0.045395223636228194,0.0,4.3112018982953015e-53,0.13291667529333245,0.38784984185074206,0.0,0.0,4.0,2.0,6.0,3.0,0.2737613409412465,0.0
24.0,0.6,-0.17947061078155047,-0.16191831502226817,-0.12910558977015357,-0.006062126014354999,-0.0171282612798329,0.13995144987738756,-0.14589359677395242,1.1294174578899542e-56,0.16036162752856756,0.18111727195887176,0.0,0.0,2.0,0.0,0.0505496310344144,0.0,6.404051089587889e-53,0.13512638363019452,0.3942977538760528,0.0,0.0,4.0,2.0,6.0,3.0,0.27831255858232395,0.0
24.0,0.65,-0.17947061078155047,-0.16191831502226817,-0.12910558977015357,-0.006062126014354999,-0.0171282612798329,0.13995144987738756,-0.14589359677395242,1.9614313159099227e-55,0.1806156578719055,0.20399278637271787,0.0,0.0,2.0,0.0,0.05693416190127141,0.0,9.704019032724316e-53,0.1374867532147599,0.40118529426978183,0.0,0.0,4.0,2.0,6.0,3.0,0.28317408510758135,0.0
24.0,0.7,-0.17947061078155047,-0.16191831502226817,-0.12910558977015357,-0.006062126014354999,-0.0171282612798329,0.13995144987738756,-0.14589359677395242,2.6239032020596123e-54,0.20122765986148786,0.2272726047899945,0.0,0.0,2.0,0.0,0.06343153356999179,0.0,1.5271126526539193e-52,0.14010893522181406,0.408836801309778,0.0,0.0,4.0,2.0,6.0,3.0,0.28857485262496707,0.0
24.0,0.75,-0.17947061078155047,-0.16191831502226817,-0.12910558977015357,-0.006062126014354999,-0.0171282612798329,0.13995144987738756,-0.14589359677395242,2.5385068306934644e-53,0.22118497148609761,0.24981299610922378,0.0,0.0,2.0,0.0,0.0697225319504063,0.0,2.3134777916277596e-52,0.14255493620168025,0.41597421346001595,0.0,0.0,4.0,2.0,6.0,3.0,0.29361274953830774,1.0
24.0,0.8,-0.17947061078155047,-0.16191831502226817,-0.12910558977015357,-0.006062126014354999,-0.0171282612798329,0.13995144987738756,-0.14589359677395242,2.385101949069747e-52,0.24282550881191411,0.2742544734413105,0.0,0.0,3.0,0.0,0.07654412134224271,0.0,4.245164395806174e-52,0.14620654322638396,0.42662957482763086,0.0,0.0,4.0,2.0,6.0,3.0,0.30113376850351437,1.0
24.0,0.85,-0.17947061078155047,-0.16191831502226817,-0.12910558977015357,-0.006062126014354999,-0.0171282612798329,0.13995144987738756,-0.14589359677395242,2.0969628189130071e-50,0.2926158174547935,0.3304891538344242,1.0,1.0,6.0,3.0,0.09223915867615101,0.0,7.242962135787709e-52,0.14949765487801206,0.43623301345397403,0.0,0.0,4.0,2.0,6.0,3.0,0.307912294500713,1.0
24.0,0.9,-0.17947061078155047,-0.16191831502226817,-0.12910558977015357,-0.006062126014354999,-0.0171282612798329,0.13995144987738756,-0.14589359677395242,4.44672698036548e-49,0.33232769653985544,0.37534095108227694,1.0,1.0,6.0,3.0,0.10475724586677614,0.0,1.6393939384810105e-51,0.1546736531466451,0.45133653681158653,0.0,0.0,4.0,2.0,6.0,3.0,0.3185730202795023,1.0
24.0,0.95,-0.17947061078155047,-0.16191831502226817,-0.12910558977015357,-0.006062126014354999,-0.0171282612798329,0.13995144987738756,-0.14589359677395242,2.3633657772062337e-46,0.4316469142198029,0.4875150792481743,1.0,1.0,6.0,3.0,0.13606492143556922,0.0,4.320620932750088e-51,0.1610468722632316,0.46993354144620514,0.0,0.0,4.0,2.0,6.0,3.0,0.3316995975702647,1.0
25.0,0.4,0.11114381650837202,-0.06831850841814774,-0.06152317389462081,-0.006693547399674453,-0.007798270741260622,0.18121840682851875,-0.003967177093623153,2.3981224287782478e-60,0.11734977624461373,0.12736883503694182,0.0,0.0,3.0,0.0,0.04404479574683991,1.0,1.2346606898383024e-52,0.09820020183561544,0.39370194483754634,0.0,0.0,6.0,3.0,6.0,3.0,0.39615312323470975,1.0
25.0,0.45,0.11114381650837202,-0.06831850841814774,-0.06152317389462081,-0.006693547399674453,-0.007798270741260622,0.18121840682851875,-0.003967177093623153,2.033766945331491e-59,0.12828233082801133,0.13923478643307025,0.0,0.0,4.0,1.0,0.04814810253639185,1.0,1.845350927246789e-52,0.09985838083288898,0.40034987716265685,0.0,0.0,6.0,3.0,6.0,3.0,0.4028424454191155,1.0
25.0,0.5,0.11114381650837202,-0.06831850841814774,-0.06152317389462081,-0.006693547399674453,-0.007798270741260622,0.18121840682851875,-0.003967177093623153,1.6985846939665572e-58,0.1401440271578282,0.1521092075989145,0.0,0.0,4.0,1.0,0.05260014333933974,1.0,2.885743722239045e-52,0.10173615099597114,0.4078781892368102,0.0,0.0,6.0,3.0,6.0,3.0,0.41041762857471814,1.0
25.0,0.55,0.11114381650837202,-0.06831850841814774,-0.06152317389462081,-0.006693547399674453,-0.007798270741260622,0.18121840682851875,-0.003967177093623153,5.516946456114995e-57,0.16201618748415508,0.17584876356277462,0.0,0.0,4.0,1.0,0.060809403424396107,1.0,4.4550329302245824e-52,0.10359370151275767,0.4153254371795085,0.0,1.0,6.0,3.0,6.0,3.0,0.41791124289562426,1.0
25.0,0.6,0.11114381650837202,-0.06831850841814774,-0.06152317389462081,-0.006693547399674453,-0.007798270741260622,0.18121840682851875,-0.003967177093623153,6.000060568638709e-55,0.1969748496536206,0.21379211733358525,0.0,0.0,5.0,2.0,0.07393040956613184,1.0,6.873304762195834e-52,0.10548234988878036,0.42289736192971544,0.0,1.0,6.0,3.0,6.0,3.0,0.4255303102587037,1.0
25.0,0.65,0.11114381650837202,-0.06831850841814774,-0.06152317389462081,-0.006693547399674453,-0.007798270741260622,0.18121840682851875,-0.003967177093623153,3.124013422259923e-54,0.2109926515835293,0.22900672752482543,0.0,0.0,5.0,2.0,0.07919169972432949,1.0,1.2459742480439242e-51,0.1081294782211356,0.43351016672239207,0.0,1.0,6.0,3.0,6.0,3.0,0.43620919010684367,1.0
25.0,0.7,0.11114381650837202,-0.06831850841814774,-0.06152317389462081,-0.006693547399674453,-0.007798270741260622,0.18121840682851875,-0.003967177093623153,1.0583577157494118e-53,0.22199710598558897,0.24095071738370527,0.0,0.0,5.0,2.0,0.08332199261414126,1.0,2.047860334374926e-51,0.11039144294845561,0.4425787826279943,1.0,1.0,6.0,3.0,6.0,3.0,0.44533426698677303,1.0
25.0,0.75,0.11114381650837202,-0.06831850841814774,-0.06152317389462081,-0.006693547399674453,-0.007798270741260622,0.18121840682851875,-0.003967177093623153,4.26730598988789e-53,0.23527585876604135,0.2553631800786856,0.0,0.0,5.0,2.0,0.0883058960582235,1.0,3.121774266008584e-51,0.1123478136473499,0.4504222181258888,1.0,1.0,6.0,3.0,6.0,3.0,0.4532265355166195,1.0
25.0,0.8,0.11114381650837202,-0.06831850841814774,-0.06152317389462081,-0.006693547399674453,-0.007798270741260622,0.18121840682851875,-0.003967177093623153,1.4104699346780859e-49,0.32976998103805993,0.35792499703977904,0.0,0.0,5.0,2.0,0.12377229785239827,1.0,4.431658461384586e-51,0.11399999299773417,0.4570460968074783,1.0,1.0,6.0,3.0,6.0,3.0,0.45989165430012563,1.0
25.0,0.85,0.11114381650837202,-0.06831850841814774,-0.06152317389462081,-0.006693547399674453,-0.007798270741260622,0.18121840682851875,-0.003967177093623153,2.1492741516703352e-48,0.3694024616656252,0.40094120933007593,0.0,0.0,5.0,2.0,0.13864752446163367,1.0,8.014933945591655e-51,0.11684955443152242,0.46847049164013355,1.0,1.0,6.0,3.0,6.0,3.0,0.4713871771274016,1.0
25.0,0.9,0.11114381650837202,-0.06831850841814774,-0.06152317389462081,-0.006693547399674453,-0.007798270741260622,0.18121840682851875,-0.003967177093623153,7.014047456967612e-47,0.42713942175961744,0.46360762064403654,1.0,1.0,6.0,3.0,0.1603178905736446,1.0,1.9949886552342283e-50,0.12137486153566915,0.4866132466914126,1.0,1.0,6.0,3.0,6.0,3.0,0.48964288851488835,1.0
25.0,0.95,0.11114381650837202,-0.06831850841814774,-0.06152317389462081,-0.006693547399674453,-0.007798270741260622,0.18121840682851875,-0.003967177093623153,2.2993472433288726e-44,0.5437356598984602,0.5901585821940453,1.0,1.0,6.0,3.0,0.20407986147822008,1.0,5.72662489667146e-50,0.1268265981468847,0.5084702211828762,1.0,1.0,6.0,3.0,6.0,3.0,0.5116359439792891,1.0
26.0,0.4,0.34740691052570427,-0.05348477597085166,-0.04028938489974365,0.009336527901983516,-0.015030728808147008,0.2315536670536854,0.08894304690873905,3.0336093993575805e-60,0.12173078614113761,0.1375157127276571,0.0,0.0,4.0,1.0,0.04818910755178204,0.0,1.7216701228989886e-52,0.16166023364384116,0.4564320667204995,0.0,0.0,5.0,2.0,5.0,2.0,0.3785651345987951,1.0
26.0,0.45,0.34740691052570427,-0.05348477597085166,-0.04028938489974365,0.009336527901983516,-0.015030728808147008,0.2315536670536854,0.08894304690873905,1.938032216695559e-59,0.13151001142697488,0.14856301783211148,0.0,0.0,4.0,1.0,0.05206037261143539,0.0,2.265992386479859e-52,0.16352132208469558,0.4616866703064394,0.0,0.0,5.0,2.0,5.0,2.0,0.38292330716994505,1.0
26.0,0.5,0.34740691052570427,-0.05348477597085166,-0.04028938489974365,0.009336527901983516,-0.015030728808147008,0.2315536670536854,0.08894304690873905,8.157360792617306e-59,0.13962612235617416,0.1577315512359092,0.0,0.0,4.0,1.0,0.05527326685838387,0.0,3.1970128185513288e-52,0.16588341605156554,0.46835581463949627,0.0,0.0,5.0,2.0,5.0,2.0,0.3884547010096523,1.0
26.0,0.55,0.34740691052570427,-0.05348477597085166,-0.04028938489974365,0.009336527901983516,-0.015030728808147008,0.2315536670536854,0.08894304690873905,1.3372642639599694e-57,0.15688370088557904,0.17722693351885194,0.0,0.0,4.0,1.0,0.06210495943344546,0.0,5.1562766689352205e-52,0.16922036599471266,0.4777773707313245,0.0,0.0,5.0,2.0,5.0,2.0,0.3962689474443075,1.0
26.0,0.6,0.34740691052570427,-0.05348477597085166,-0.04028938489974365,0.009336527901983516,-0.015030728808147008,0.2315536670536854,0.08894304690873905,8.280906593015347e-56,0.1863110811707393,0.21047018530340666,0.0,0.0,4.0,1.0,0.07375426556611614,0.0,7.79307438458452e-52,0.17215771459923773,0.4860706910119056,0.0,0.0,5.0,2.0,5.0,2.0,0.4031474341616127,1.0
26.0,0.65,0.34740691052570427,-0.05348477597085166,-0.04028938489974365,0.009336527901983516,-0.015030728808147008,0.2315536670536854,0.08894304690873905,2.4929740596040883e-55,0.1950661956832808,0.22036058238675818,0.0,0.0,4.0,1.0,0.07722011975343623,0.0,1.0151978209342206e-51,0.1740650447374402,0.49145585356719435,0.0,0.0,5.0,2.0,5.0,2.0,0.4076138924501968,1.0
26.0,0.7,0.34740691052570427,-0.05348477597085166,-0.04028938489974365,0.009336527901983516,-0.015030728808147008,0.2315536670536854,0.08894304690873905,1.324554203720097e-54,0.20912454695958116,0.23624189110758387,0.0,0.0,4.0,1.0,0.08278534629250506,0.0,1.5342518766058445e-51,0.17708603556703534,0.49998532959735803,0.0,0.0,5.0,2.0,5.0,2.0,0.4146882469420196,1.0
26.0,0.75,0.34740691052570427,-0.05348477597085166,-0.04028938489974365,0.009336527901983516,-0.015030728808147008,0.2315536670536854,0.08894304690873905,6.634841596203006e-54,0.22364629819689114,0.25264668922609007,0.0,0.0,4.0,1.0,0.08853401722775724,0.0,2.570315679661992e-51,0.18093450248691006,0.5108511045028541,0.0,0.0,5.0,2.0,5.0,2.0,0.42370032965823706,1.0
26.0,0.8,0.34740691052570427,-0.05348477597085166,-0.04028938489974365,0.009336527901983516,-0.015030728808147008,0.2315536670536854,0.08894304690873905,6.60852216572705e-52,0.27090880596163847,0.30603776346946326,0.0,0.0,4.0,1.0,0.10724364806183163,0.0,4.666970921112609e-51,0.18548768605830007,0.5237065788567138,0.0,0.0,6.0,3.0,6.0,3.0,0.43436267074673107,1.0
26.0,0.85,0.34740691052570427,-0.05348477597085166,-0.04028938489974365,0.009336527901983516,-0.015030728808147008,0.2315536670536854,0.08894304690873905,1.6505474277452746e-50,0.3097799280046558,0.34994933441809495,0.0,0.0,4.0,1.0,0.12263141265424636,0.0,8.070720430035702e-51,0.18976959635132734,0.5357961392916196,0.0,0.0,6.0,3.0,6.0,3.0,0.44438976219577064,1.0
26.0,0.9,0.34740691052570427,-0.05348477597085166,-0.04028938489974365,0.009336527901983516,-0.015030728808147008,0.2315536670536854,0.08894304690873905,2.0644073981219697e-48,0.3788220495678212,0.4279442020761435,0.0,0.0,4.0,1.0,0.149962857123463,0.0,1.3176000161096167e-50,0.19368512616089073,0.5468512597934378,0.0,0.0,6.0,3.0,6.0,3.0,0.45355888830657776,1.0
26.0,0.95,0.34740691052570427,-0.05348477597085166,-0.04028938489974365,0.009336527901983516,-0.015030728808147008,0.2315536670536854,0.08894304690873905,1.0577777269258684e-46,0.44634280828373385,0.5042204305724045,0.0,0.0,4.0,1.0,0.1766920454157866,0.0,4.163500629317232e-50,0.20319642570574864,0.5737054960555331,0.0,0.0,6.0,3.0,6.0,3.0,0.47583181412914777,1.0
27.0,0.4,0.20907421715769847,-0.08250734601775611,-0.13094034583204428,-0.11823018970328185,-0.08498506935425951,0.11926828969201653,-0.017601824835463242,1.4532489767364185e-60,0.11365658775822199,0.1238210031474202,0.0,0.0,0.0,0.0,0.0307453224418161,0.0,2.684883745715791e-52,0.17229028962091242,0.3944823143209878,0.0,0.0,4.0,3.0,6.0,3.0,0.26252533499212233,1.0
27.0,0.45,0.20907421715769847,-0.08250734601775611,-0.13094034583204428,-0.11823018970328185,-0.08498506935425951,0.11926828969201653,-0.017601824835463242,5.256957914272254e-59,0.13198595417654718,0.14378958201943093,0.0,0.0,0.0,0.0,0.03570361207377663,1.0,4.109014598058455e-52,0.1753724258087032,0.401539289029704,0.0,0.0,4.0,3.0,6.0,3.0,0.2672217043404556,1.0
27.0,0.5,0.20907421715769847,-0.08250734601775611,-0.13094034583204428,-0.11823018970328185,-0.08498506935425951,0.11926828969201653,-0.017601824835463242,2.7740391915011918e-58,0.14145776877085908,0.15410846988881646,0.0,0.0,0.0,0.0,0.03826583921392893,1.0,6.51105203120333e-52,0.17876851713239666,0.4093151072024155,0.0,1.0,4.0,3.0,6.0,3.0,0.2723964591938961,1.0
27.0,0.55,0.20907421715769847,-0.08250734601775611,-0.13094034583204428,-0.11823018970328185,-0.08498506935425951,0.11926828969201653,-0.017601824835463242,3.9977124627836155e-57,0.15809055606002914,0.1722287429667288,0.0,0.0,1.0,1.0,0.04276518604809148,1.0,1.065262291258927e-51,0.18247341314719773,0.4177979761873889,0.0,1.0,5.0,3.0,6.0,3.0,0.2780417516217902,1.0
27.0,0.6,0.20907421715769847,-0.08250734601775611,-0.13094034583204428,-0.11823018970328185,-0.08498506935425951,0.11926828969201653,-0.017601824835463242,2.3627928302599038e-55,0.18737997677583887,0.20413754408570345,0.0,0.0,1.0,1.0,0.050688287575274486,1.0,1.6307738295051047e-51,0.18573994446937223,0.4252771489173706,0.0,1.0,5.0,3.0,6.0,3.0,0.28301909092224037,1.0
27.0,0.65,0.20907421715769847,-0.08250734601775611,-0.13094034583204428,-0.11823018970328185,-0.08498506935425951,0.11926828969201653,-0.017601824835463242,3.8521148329145404e-54,0.21049150823929055,0.22931596151422376,0.0,0.0,2.0,1.0,0.05694020399282151,1.0,3.216750833477385e-51,0.1910724028146076,0.43748654570738804,0.0,1.0,5.0,3.0,6.0,3.0,0.2911443626162786,1.0
27.0,0.7,0.20907421715769847,-0.08250734601775611,-0.13094034583204428,-0.11823018970328185,-0.08498506935425951,0.11926828969201653,-0.017601824835463242,4.55078309866947e-53,0.2333014123734845,0.25416577679814295,0.0,0.0,2.0,1.0,0.06311052699217597,1.0,4.679956475282664e-51,0.19408068427810843,0.444374419867109,0.0,1.0,5.0,3.0,6.0,3.0,0.295728196683154,1.0
27.0,0.75,0.20907421715769847,-0.08250734601775611,-0.13094034583204428,-0.11823018970328185,-0.08498506935425951,0.11926828969201653,-0.017601824835463242,2.9577575722185307e-51,0.27762200489398337,0.3024500015335388,0.0,0.0,5.0,2.0,0.07509972123715723,1.0,7.875228156859841e-51,0.19833523275113224,0.454115793752556,0.0,1.0,5.0,3.0,6.0,3.0,0.3022110156834491,1.0
27.0,0.8,0.20907421715769847,-0.08250734601775611,-0.13094034583204428,-0.11823018970328185,-0.08498506935425951,0.11926828969201653,-0.017601824835463242,2.715142390992613e-50,0.30448913775706543,0.3317198873221096,1.0,1.0,6.0,3.0,0.08236756799602507,1.0,1.500737445054997e-50,0.20373623165408566,0.46648212357630936,0.0,1.0,5.0,3.0,6.0,3.0,0.310440725259129,1.0
27.0,0.85,0.20907421715769847,-0.08250734601775611,-0.13094034583204428,-0.11823018970328185,-0.08498506935425951,0.11926828969201653,-0.017601824835463242,1.5195926748407522e-49,0.32714157877924194,0.35639815742001485,1.0,1.0,6.0,3.0,0.0884952955396549,1.0,3.397100156526835e-50,0.2107908493567862,0.48263464107531834,0.0,1.0,5.0,3.0,6.0,3.0,0.321190117344532,1.0
27.0,0.9,0.20907421715769847,-0.08250734601775611,-0.13094034583204428,-0.11823018970328185,-0.08498506935425951,0.11926828969201653,-0.017601824835463242,2.611001280545184e-48,0.3682963437847891,0.4012334317124595,1.0,1.0,6.0,3.0,0.09962809958621299,1.0,6.72084555576964e-50,0.21686937887545774,0.49655227042906763,0.0,1.0,5.0,3.0,6.0,3.0,0.33045220635523553,1.0
27.0,0.95,0.20907421715769847,-0.08250734601775611,-0.13094034583204428,-0.11823018970328185,-0.08498506935425951,0.11926828969201653,-0.017601824835463242,2.0291233778662498e-46,0.4415382152825096,0.4810253925668021,1.0,1.0,6.0,3.0,0.1194408090811501,1.0,2.128809447632042e-49,0.22754184333625024,0.5209883456673492,0.0,1.0,5.0,3.0,6.0,3.0,0.34671425057099364,1.0
28.0,0.4,-0.04030945774691841,-0.17079569406538087,-0.16526418834626466,-0.007056104670355978,-0.00108599882297786,0.10531580321439049,-0.12361227814648246,3.816733057193639e-64,0.07939662020273801,0.08742195348230841,0.0,0.0,3.0,1.0,0.03182012110752426,0.0,3.519848215691732e-55,0.07466812430546563,0.2804262527458216,0.0,0.0,4.0,2.0,4.0,2.0,0.2629849703601256,1.0
28.0,0.45,-0.04030945774691841,-0.17079569406538087,-0.16526418834626466,-0.007056104670355978,-0.00108599882297786,0.10531580321439049,-0.12361227814648246,7.479629397926608e-63,0.08987588801468546,0.09896045550979314,0.0,0.0,3.0,1.0,0.036019941830911305,0.0,5.13513888644483e-55,0.07585247439850704,0.2848742399106265,0.0,0.0,4.0,2.0,4.0,2.0,0.26715631224143893,1.0
28.0,0.5,-0.04030945774691841,-0.17079569406538087,-0.16526418834626466,-0.007056104670355978,-0.00108599882297786,0.10531580321439049,-0.12361227814648246,1.9895702026079573e-62,0.09361522683165951,0.10307776306365826,0.0,0.0,3.0,1.0,0.03751857254988084,0.0,6.647521121678802e-55,0.07667272518885973,0.28795480283610453,0.0,0.0,4.0,2.0,4.0,2.0,0.2700452776707337,1.0
28.0,0.55,-0.04030945774691841,-0.17079569406538087,-0.16526418834626466,-0.007056104670355978,-0.00108599882297786,0.10531580321439049,-0.12361227814648246,7.649381933579766e-61,0.10898898854114268,0.1200054896795096,0.0,0.0,3.0,1.0,0.04367998040609463,0.0,1.130419503852982e-54,0.07838778562120136,0.294395944551499,0.0,0.0,4.0,2.0,4.0,2.0,0.27608580863572785,1.0
28.0,0.6,-0.04030945774691841,-0.17079569406538087,-0.16526418834626466,-0.007056104670355978,-0.00108599882297786,0.10531580321439049,-0.12361227814648246,3.2879135703799105e-60,0.11581635007883684,0.1275229542923751,0.0,0.0,3.0,1.0,0.04641621112245943,0.0,1.658290866602959e-54,0.07964941810748918,0.2991341762100943,0.0,0.0,4.0,2.0,4.0,2.0,0.2805293430769364,1.0
28.0,0.65,-0.04030945774691841,-0.17079569406538087,-0.16526418834626466,-0.007056104670355978,-0.00108599882297786,0.10531580321439049,-0.12361227814648246,1.598271508356748e-58,0.13616023668737837,0.14992318120631543,0.0,0.0,3.0,1.0,0.05456951706959606,0.0,2.9724760022950493e-54,0.08160999339057193,0.30649738219624933,0.0,0.0,4.0,2.0,5.0,2.0,0.28743458996114885,1.0
28.0,0.7,-0.04030945774691841,-0.17079569406538087,-0.16526418834626466,-0.007056104670355978,-0.00108599882297786,0.10531580321439049,-0.12361227814648246,1.7352163066561294e-57,0.15038502486421096,0.16558579716043723,0.0,0.0,3.0,1.0,0.06027044591719561,0.0,4.595943169628792e-54,0.0831053573997119,0.31211342424196326,0.0,0.0,4.0,2.0,5.0,2.0,0.29270133883530636,1.0
28.0,0.75,-0.04030945774691841,-0.17079569406538087,-0.16526418834626466,-0.007056104670355978,-0.00108599882297786,0.10531580321439049,-0.12361227814648246,1.2751929679846944e-55,0.17987212026647764,0.19805341953533087,0.0,0.0,3.0,1.0,0.07208811453348377,0.0,5.927792262756319e-54,0.08399123203108438,0.3154404463894874,0.0,0.0,4.0,2.0,5.0,2.0,0.2958214348045208,1.0
28.0,0.8,-0.04030945774691841,-0.17079569406538087,-0.16526418834626466,-0.007056104670355978,-0.00108599882297786,0.10531580321439049,-0.12361227814648246,3.4634057874516597e-54,0.20640054127605134,0.22726330758265698,0.0,0.0,3.0,1.0,0.08272002263184532,0.0,9.040708973940662e-54,0.0854814436637975,0.3210371379877708,0.0,0.0,4.0,2.0,6.0,3.0,0.30107003674416666,1.0
28.0,0.85,-0.04030945774691841,-0.17079569406538087,-0.16526418834626466,-0.007056104670355978,-0.00108599882297786,0.10531580321439049,-0.12361227814648246,1.065771875173368e-52,0.2380770513735132,0.2621416485643136,0.0,0.0,4.0,2.0,0.09541515228586794,0.0,2.0310811847319951e-53,0.08841352674922595,0.3320489730918959,0.0,0.0,4.0,2.0,6.0,3.0,0.3113969840257174,1.0
28.0,0.9,-0.04030945774691841,-0.17079569406538087,-0.16526418834626466,-0.007056104670355978,-0.00108599882297786,0.10531580321439049,-0.12361227814648246,5.2895812876391926e-52,0.25451150071487355,0.2802372760879926,0.0,0.0,4.0,2.0,0.1020016564348131,0.0,4.359634068658024e-53,0.09127261554840718,0.3427866682687822,0.0,0.0,4.0,2.0,6.0,3.0,0.3214668416805536,1.0
28.0,0.95,-0.04030945774691841,-0.17079569406538087,-0.16526418834626466,-0.007056104670355978,-0.00108599882297786,0.10531580321439049,-0.12361227814648246,4.264846779570386e-50,0.3055935386808052,0.3364826368531753,1.0,1.0,6.0,3.0,0.12247402201340538,0.0,1.610198582858751e-52,0.09637921569167379,0.3619651966671808,0.0,0.0,4.0,2.0,6.0,3.0,0.33945254976964345,1.0
29.0,0.4,0.11771127356996758,-0.04272648581009414,0.0542082580037353,0.013819700021600956,-0.018479502368388325,0.25999450202788854,0.07537626319247948,1.7684651165721973e-63,0.08460857333647866,0.08634026580992527,0.0,0.0,3.0,1.0,0.02532227395246441,0.0,6.598952176990777e-53,0.16857445530167908,0.2978259319512996,0.0,0.0,5.0,2.0,5.0,2.0,0.24401027711794573,1.0
29.0,0.45,0.11771127356996758,-0.04272648581009414,0.0542082580037353,0.013819700021600956,-0.018479502368388325,0.25999450202788854,0.07537626319247948,6.385911538041836e-62,0.09824613451075609,0.10025694836765571,0.0,0.0,4.0,1.0,0.02940382321491553,0.0,1.16720682336895e-52,0.1726280904640119,0.30498762004841845,0.0,0.0,5.0,2.0,5.0,2.0,0.24987788403102004,1.0
29.0,0.5,0.11771127356996758,-0.04272648581009414,0.0542082580037353,0.013819700021600956,-0.018479502368388325,0.25999450202788854,0.07537626319247948,7.052819786018558e-61,0.10858744989359287,0.11080992052837922,0.0,0.0,4.0,1.0,0.032498847877624554,0.0,3.4520690861666726e-52,0.18060660091951966,0.31908351202530394,0.0,0.0,5.0,2.0,5.0,2.0,0.261426718898989,1.0
29.0,0.55,0.11771127356996758,-0.04272648581009414,0.0542082580037353,0.013819700021600956,-0.018479502368388325,0.25999450202788854,0.07537626319247948,7.315683218851099e-60,0.11970394732380216,0.12215394046809153,0.0,0.0,4.0,1.0,0.03582587470503781,0.0,9.142123951112565e-52,0.1880863463686456,0.3322982197647288,0.0,0.0,5.0,2.0,5.0,2.0,0.27225359510954333,1.0
29.0,0.6,0.11771127356996758,-0.04272648581009414,0.0542082580037353,0.013819700021600956,-0.018479502368388325,0.25999450202788854,0.07537626319247948,1.2825445680350929e-58,0.13487585292134077,0.1376363710360325,0.0,0.0,4.0,1.0,0.040366633812202186,0.0,1.6169559751525266e-51,0.19260877346689048,0.3402881377081456,0.0,0.0,5.0,2.0,5.0,2.0,0.27879977488223534,1.0
29.0,0.65,0.11771127356996758,-0.04272648581009414,0.0542082580037353,0.013819700021600956,-0.018479502368388325,0.25999450202788854,0.07537626319247948,6.855649158131782e-58,0.14463271620696308,0.14759292905765953,0.0,0.0,4.0,1.0,0.04328673936761343,0.0,2.1405490059880625e-51,0.1948732327896032,0.34428883109283304,0.0,0.0,5.0,2.0,5.0,2.0,0.2820775630018447,1.0
29.0,0.7,0.11771127356996758,-0.04272648581009414,0.0542082580037353,0.013819700021600956,-0.018479502368388325,0.25999450202788854,0.07537626319247948,2.489623120458625e-56,0.1679848380549936,0.17142300121318926,0.0,0.0,4.0,1.0,0.050275733549745676,0.0,3.242481843475931e-51,0.19827450404171584,0.35029796681073755,0.0,0.0,5.0,2.0,5.0,2.0,0.28700087798035684,1.0
29.0,0.75,0.11771127356996758,-0.04272648581009414,0.0542082580037353,0.013819700021600956,-0.018479502368388325,0.25999450202788854,0.07537626319247948,3.465668091266878e-55,0.18746591171270188,0.19130279603232822,0.0,0.0,4.0,1.0,0.05610617205728094,0.0,5.67235428511691e-51,0.20294909250536936,0.35855671315035886,0.0,0.0,5.0,2.0,5.0,2.0,0.29376731020395314,1.0
29.0,0.8,0.11771127356996758,-0.04272648581009414,0.0542082580037353,0.013819700021600956,-0.018479502368388325,0.25999450202788854,0.07537626319247948,1.8221802704161638e-53,0.2211171817881711,0.22564281015362672,0.0,0.0,4.0,1.0,0.06617757080679759,0.0,8.120761103522746e-51,0.20600614321379854,0.36395770332191796,0.0,0.0,5.0,2.0,5.0,2.0,0.29819236849165426,1.0
29.0,0.85,0.11771127356996758,-0.04272648581009414,0.0542082580037353,0.013819700021600956,-0.018479502368388325,0.25999450202788854,0.07537626319247948,6.961103436485498e-52,0.2573610214762627,0.26262845627954906,0.0,0.0,5.0,2.0,0.07702489279178329,0.0,1.2771991267420753e-50,0.20992995679203427,0.37089003143562826,0.0,0.0,5.0,2.0,5.0,2.0,0.3038720596220277,1.0
29.0,0.9,0.11771127356996758,-0.04272648581009414,0.0542082580037353,0.013819700021600956,-0.018479502368388325,0.25999450202788854,0.07537626319247948,2.72326633493184e-50,0.29984255705967827,0.3059794658716764,0.0,0.0,5.0,2.0,0.08973907812246558,0.0,1.8443054269782204e-50,0.21316865386543088,0.3766119421039208,0.0,0.0,5.0,2.0,5.0,2.0,0.3085600496793962,1.0
29.0,0.95,0.11771127356996758,-0.04272648581009414,0.0542082580037353,0.013819700021600956,-0.018479502368388325,0.25999450202788854,0.07537626319247948,3.2990700314036546e-46,0.4436401382376527,0.4527201671048186,0.0,0.0,5.0,2.0,0.1327758721576214,0.0,3.63919076253079e-50,0.21929169028223958,0.387429708199883,0.0,0.0,5.0,2.0,5.0,2.0,0.3174230996011352,1.0
31.0,0.4,-0.020530421324656545,-0.12746743421485318,-0.11975946171777796,-0.03973403481947286,-0.025220022533946385,0.07889909953094021,-0.08668278158673737,3.526891230552272e-63,0.08787534642705808,0.09247344936874674,0.0,0.0,2.0,1.0,0.04015921868780579,0.0,7.244757764862758e-55,0.09208353166978576,0.2710068387393081,0.0,1.0,4.0,2.0,6.0,3.0,0.3025931199211547,1.0
31.0,0.45,-0.020530421324656545,-0.12746743421485318,-0.11975946171777796,-0.03973403481947286,-0.025220022533946385,0.07889909953094021,-0.08668278158673737,2.07891567836581e-62,0.09461694407247477,0.0995678030626508,0.0,0.0,3.0,1.0,0.04324014303297709,0.0,1.0712901017678583e-54,0.0935966780653112,0.2754601108256966,0.0,1.0,4.0,2.0,6.0,3.0,0.3075654280029237,1.0
31.0,0.5,-0.020530421324656545,-0.12746743421485318,-0.11975946171777796,-0.03973403481947286,-0.025220022533946385,0.07889909953094021,-0.08668278158673737,5.726826432136944e-62,0.09869734381401293,0.10386171090193984,0.0,0.0,3.0,1.0,0.045104894322351714,0.0,1.7792775899261357e-54,0.09559630966335371,0.2813451353051231,0.0,1.0,4.0,2.0,6.0,3.0,0.31413636151266805,1.0
31.0,0.55,-0.020530421324656545,-0.12746743421485318,-0.11975946171777796,-0.03973403481947286,-0.025220022533946385,0.07889909953094021,-0.08668278158673737,4.4753361929452165e-61,0.10752516477992126,0.11315145015554148,0.0,0.0,3.0,1.0,0.04913922712581874,0.0,2.733581871557405e-54,0.0973221011034882,0.2864242333157358,0.0,1.0,4.0,2.0,6.0,3.0,0.3198074365326422,1.0
31.0,0.6,-0.020530421324656545,-0.12746743421485318,-0.11975946171777796,-0.03973403481947286,-0.025220022533946385,0.07889909953094021,-0.08668278158673737,2.1411141436193196e-59,0.12632880070733415,0.1329389917765045,0.0,0.0,3.0,1.0,0.05773252841040221,0.0,4.19983909838895e-54,0.09907916397193499,0.29159536483957404,0.0,1.0,4.0,2.0,6.0,3.0,0.325581271719237,1.0
31.0,0.65,-0.020530421324656545,-0.12746743421485318,-0.11975946171777796,-0.03973403481947286,-0.025220022533946385,0.07889909953094021,-0.08668278158673737,5.316149655685709e-58,0.144419420266596,0.15197620824143498,0.0,0.0,3.0,1.0,0.0659999797106521,0.0,6.160934153070989e-54,0.10067375011988473,0.2962883185438589,0.0,1.0,4.0,2.0,6.0,3.0,0.3308211966954148,1.0
31.0,0.7,-0.020530421324656545,-0.12746743421485318,-0.11975946171777796,-0.03973403481947286,-0.025220022533946385,0.07889909953094021,-0.08668278158673737,2.222172599189202e-56,0.1687231941404742,0.17755168411920097,0.0,0.0,3.0,1.0,0.07710685563916088,0.0,8.198795632426785e-54,0.10187959864579574,0.2998371962973479,0.0,1.0,4.0,2.0,6.0,3.0,0.3347837018360323,1.0
31.0,0.75,-0.020530421324656545,-0.12746743421485318,-0.11975946171777796,-0.03973403481947286,-0.025220022533946385,0.07889909953094021,-0.08668278158673737,1.58048523967198e-55,0.18309450725776583,0.19267498035584676,0.0,0.0,3.0,1.0,0.08367457604965514,0.0,1.2092726773415886e-53,0.10354269936171434,0.30473179209915147,0.0,1.0,4.0,2.0,6.0,3.0,0.34024877061920583,1.0
31.0,0.8,-0.020530421324656545,-0.12746743421485318,-0.11975946171777796,-0.03973403481947286,-0.025220022533946385,0.07889909953094021,-0.08668278158673737,7.150666109051031e-54,0.21461339174807934,0.22584309960182575,0.0,0.0,5.0,2.0,0.09807877274995332,0.0,1.9827353280354111e-53,0.10569805698625702,0.3110751267387767,0.0,1.0,4.0,2.0,6.0,3.0,0.34733143107248887,1.0
31.0,0.85,-0.020530421324656545,-0.12746743421485318,-0.11975946171777796,-0.03973403481947286,-0.025220022533946385,0.07889909953094021,-0.08668278158673737,2.6784181016474347e-53,0.2267534897045024,0.23861843169837435,1.0,1.0,6.0,3.0,0.10362682312524332,0.0,2.834270917029132e-53,0.10728344139730812,0.3157409992312249,0.0,1.0,4.0,2.0,6.0,3.0,0.3525411184782091,1.0
31.0,0.9,-0.020530421324656545,-0.12746743421485318,-0.11975946171777796,-0.03973403481947286,-0.025220022533946385,0.07889909953094021,-0.08668278158673737,2.5579287658683803e-52,0.24910803307975882,0.2621426830273763,1.0,1.0,6.0,3.0,0.11384289660403346,0.0,4.640612587831811e-53,0.10951029383595084,0.32229474699471883,0.0,1.0,4.0,2.0,6.0,3.0,0.35985871604200903,1.0
31.0,0.95,-0.020530421324656545,-0.12746743421485318,-0.11975946171777796,-0.03973403481947286,-0.025220022533946385,0.07889909953094021,-0.08668278158673737,1.0244627282677631e-50,0.29051131630050625,0.30571240502889035,1.0,1.0,6.0,3.0,0.13276428437500876,0.0,1.35795915125463e-52,0.1145208560146994,0.337041103826892,0.0,1.0,4.0,2.0,6.0,3.0,0.37632378438521136,1.0
32.0,0.4,-0.09672911236597082,-0.26732027928320956,-0.1320432900413986,0.05887407594024634,-0.004104863255961205,0.14839852433022022,-0.12027156414958928,1.6505143905275358e-60,0.12724696858499107,0.14272151688445361,0.0,0.0,1.0,0.0,0.030188989893497456,0.0,6.610335467620264e-53,0.16692614491841073,0.443428233109262,0.0,1.0,4.0,2.0,6.0,3.0,0.2522489902505781,1.0
32.0,0.45,-0.09672911236597082,-0.26732027928320956,-0.1320432900413986,0.05887407594024634,-0.004104863255961205,0.14839852433022022,-0.12027156414958928,7.440318671225574e-59,0.14912929135139538,0.16726495656640145,0.0,0.0,1.0,0.0,0.03538051019600272,0.0,1.0442908525188489e-52,0.17013719922912515,0.4519581859223094,1.0,1.0,4.0,2.0,6.0,3.0,0.25710134700939113,1.0
32.0,0.5,-0.09672911236597082,-0.26732027928320956,-0.1320432900413986,0.05887407594024634,-0.004104863255961205,0.14839852433022022,-0.12027156414958928,1.3350705503942963e-57,0.16819354171529918,0.18864761707657313,0.0,0.0,1.0,0.0,0.03990345064765353,0.0,1.3470860270845977e-52,0.17195171958940283,0.45677833891686875,1.0,1.0,4.0,2.0,6.0,3.0,0.259843343650438,1.0
32.0,0.55,-0.09672911236597082,-0.26732027928320956,-0.1320432900413986,0.05887407594024634,-0.004104863255961205,0.14839852433022022,-0.12027156414958928,5.72436529878077e-57,0.17871127198808617,0.2004444122018816,0.0,0.0,1.0,0.0,0.04239875294395634,0.0,1.8321913071720217e-52,0.17416952547115402,0.4626697931525424,1.0,1.0,4.0,2.0,6.0,3.0,0.2631947616953282,1.0
32.0,0.6,-0.09672911236597082,-0.26732027928320956,-0.1320432900413986,0.05887407594024634,-0.004104863255961205,0.14839852433022022,-0.12027156414958928,1.1288378809887137e-55,0.20235143521362378,0.22695946393524571,0.0,0.0,2.0,0.0,0.0480073160133367,0.0,2.930234639155076e-52,0.17761077845169615,0.47181125346476394,1.0,1.0,4.0,2.0,6.0,3.0,0.26839498116941246,1.0
32.0,0.65,-0.09672911236597082,-0.26732027928320956,-0.1320432900413986,0.05887407594024634,-0.004104863255961205,0.14839852433022022,-0.12027156414958928,1.553198852887008e-54,0.22570842364357305,0.2531569038872116,0.0,0.0,3.0,1.0,0.05354869664892574,0.0,5.933939301399238e-52,0.1829100971102544,0.4858885420201066,1.0,1.0,4.0,2.0,6.0,3.0,0.27640300041223853,1.0
32.0,0.7,-0.09672911236597082,-0.26732027928320956,-0.1320432900413986,0.05887407594024634,-0.004104863255961205,0.14839852433022022,-0.12027156414958928,2.8602344531850724e-53,0.25483752283043487,0.28582840300154877,0.0,0.0,4.0,2.0,0.060459494530696094,0.0,7.869393726780087e-52,0.1850742242200696,0.49163740215821305,1.0,1.0,4.0,2.0,6.0,3.0,0.27967330224836856,1.0
32.0,0.75,-0.09672911236597082,-0.26732027928320956,-0.1320432900413986,0.05887407594024634,-0.004104863255961205,0.14839852433022022,-0.12027156414958928,7.160126198772694e-53,0.26476973146895444,0.29696847100211243,0.0,0.0,4.0,2.0,0.06281588344543952,0.0,1.2897442427768131e-51,0.18892352248485564,0.5018628077056717,1.0,1.0,4.0,2.0,6.0,3.0,0.28549013580035715,1.0
32.0,0.8,-0.09672911236597082,-0.26732027928320956,-0.1320432900413986,0.05887407594024634,-0.004104863255961205,0.14839852433022022,-0.12027156414958928,7.59402915618669e-52,0.2921458025786871,0.3276737556824941,0.0,0.0,4.0,2.0,0.06931078028459982,0.0,1.7008735054891392e-51,0.19111424181400796,0.5076823083107994,1.0,1.0,4.0,2.0,6.0,3.0,0.2888006222371658,1.0
32.0,0.85,-0.09672911236597082,-0.26732027928320956,-0.1320432900413986,0.05887407594024634,-0.004104863255961205,0.14839852433022022,-0.12027156414958928,5.536769211200957e-51,0.3173576641831998,0.3559516405837252,0.0,0.0,4.0,2.0,0.07529222442931056,0.0,3.356184836093108e-51,0.1966038247800732,0.5222650213803356,1.0,1.0,4.0,2.0,6.0,3.0,0.297096157731402,1.0
32.0,0.9,-0.09672911236597082,-0.26732027928320956,-0.1320432900413986,0.05887407594024634,-0.004104863255961205,0.14839852433022022,-0.12027156414958928,2.9078387239332146e-48,0.41199828028528557,0.4621015350697941,0.0,0.0,5.0,2.0,0.09774544775393475,0.0,6.482934376705717e-51,0.20207171881000296,0.5367901192294804,1.0,1.0,4.0,2.0,6.0,3.0,0.30535891817867106,1.0
32.0,0.95,-0.09672911236597082,-0.26732027928320956,-0.1320432900413986,0.05887407594024634,-0.004104863255961205,0.14839852433022022,-0.12027156414958928,1.2411373342016623e-45,0.5302603246973622,0.5947454680140564,1.0,1.0,6.0,3.0,0.12580278934125835,0.0,1.881708036191707e-50,0.2112457893527325,0.5611604291840453,1.0,1.0,4.0,2.0,6.0,3.0,0.3192222349887622,1.0
33.0,0.4,0.15240839079073165,-0.06578026767306422,-0.044583113162198595,-0.0019066764689867647,-0.026179323379588552,0.0834437447831684,0.021081054822111533,6.81153439810765e-63,0.08982887235052972,0.10307124201483296,0.0,0.0,3.0,0.0,0.03381178086262341,0.0,8.670283249778387e-54,0.11245940507084959,0.3422940604643688,1.0,1.0,6.0,3.0,6.0,3.0,0.3045235309678367,1.0
33.0,0.45,0.15240839079073165,-0.06578026767306422,-0.044583113162198595,-0.0019066764689867647,-0.026179323379588552,0.0834437447831684,0.021081054822111533,4.784341713635449e-62,0.09742939357772079,0.11179221493086515,0.0,0.0,3.0,0.0,0.036672633408703324,0.0,1.2851751907565307e-53,0.11431884430222956,0.34795365829253455,1.0,1.0,6.0,3.0,6.0,3.0,0.30955861896250647,1.0
33.0,0.5,0.15240839079073165,-0.06578026767306422,-0.044583113162198595,-0.0019066764689867647,-0.026179323379588552,0.0834437447831684,0.021081054822111533,4.4619061243659426e-61,0.10692865218478594,0.12269183280683782,0.0,0.0,3.0,0.0,0.04024817479061162,0.0,2.107133953237784e-53,0.11669839977580454,0.355196340259748,1.0,1.0,6.0,3.0,6.0,3.0,0.3160021052542077,1.0
33.0,0.55,0.15240839079073165,-0.06578026767306422,-0.044583113162198595,-0.0019066764689867647,-0.026179323379588552,0.0834437447831684,0.021081054822111533,1.2672805091101634e-59,0.12292789350434724,0.14104964617966143,0.0,0.0,4.0,1.0,0.04627032365333246,1.0,3.1716683917631054e-53,0.11870382642980479,0.3613002817836139,1.0,1.0,6.0,3.0,6.0,3.0,0.3214325057208332,1.0
33.0,0.6,0.15240839079073165,-0.06578026767306422,-0.044583113162198595,-0.0019066764689867647,-0.026179323379588552,0.0834437447831684,0.021081054822111533,5.989981892205373e-58,0.14435222123611052,0.16563229996194104,0.0,0.0,4.0,1.0,0.05433448671628038,1.0,4.40449890893035e-53,0.12033909725538602,0.3662775755056862,1.0,1.0,6.0,3.0,6.0,3.0,0.3258605786381759,1.0
33.0,0.65,0.15240839079073165,-0.06578026767306422,-0.044583113162198595,-0.0019066764689867647,-0.026179323379588552,0.0834437447831684,0.021081054822111533,1.2016184551510397e-56,0.16356398490066168,0.18767621847484062,0.0,0.0,4.0,1.0,0.061565835902937335,1.0,6.75170666143647e-53,0.12250015174542161,0.3728552033689406,1.0,1.0,6.0,3.0,6.0,3.0,0.33171239639859285,1.0
33.0,0.7,0.15240839079073165,-0.06578026767306422,-0.044583113162198595,-0.0019066764689867647,-0.026179323379588552,0.0834437447831684,0.021081054822111533,5.3805433063218095e-55,0.19163808847281802,0.21988894304677653,0.0,0.0,5.0,2.0,0.0721329889023899,1.0,1.2469397580553879e-52,0.12567183489829514,0.38250889399819077,1.0,1.0,6.0,3.0,6.0,3.0,0.3403008479577643,1.0
33.0,0.75,0.15240839079073165,-0.06578026767306422,-0.044583113162198595,-0.0019066764689867647,-0.026179323379588552,0.0834437447831684,0.021081054822111533,8.898715552479218e-54,0.2154034789899918,0.24715777380771606,1.0,1.0,6.0,3.0,0.08107833303568525,1.0,1.880061872110809e-52,0.12784043332099077,0.38910948342113366,1.0,1.0,6.0,3.0,6.0,3.0,0.3461730935784353,1.0
33.0,0.8,0.15240839079073165,-0.06578026767306422,-0.044583113162198595,-0.0019066764689867647,-0.026179323379588552,0.0834437447831684,0.021081054822111533,1.9548194982337246e-52,0.24499667240038944,0.28111352901404163,1.0,1.0,6.0,3.0,0.09221727471930194,1.0,3.063217140037162e-52,0.13046733833389132,0.3971050261927984,1.0,1.0,6.0,3.0,6.0,3.0,0.35328636604810193,1.0
33.0,0.85,0.15240839079073165,-0.06578026767306422,-0.044583113162198595,-0.0019066764689867647,-0.026179323379588552,0.0834437447831684,0.021081054822111533,2.4897556606501303e-51,0.27239801499219135,0.3125543156999752,1.0,1.0,6.0,3.0,0.10253119903798132,1.0,4.889422178674314e-52,0.1330342479518683,0.40491796025045973,1.0,1.0,6.0,3.0,6.0,3.0,0.3602371798110702,1.0
33.0,0.9,0.15240839079073165,-0.06578026767306422,-0.044583113162198595,-0.0019066764689867647,-0.026179323379588552,0.0834437447831684,0.021081054822111533,6.696729304951145e-49,0.3439075332871479,0.39460560582173215,1.0,1.0,6.0,3.0,0.1294475356112142,1.0,8.719919513233632e-52,0.1362800909180192,0.4147973720063156,1.0,1.0,6.0,3.0,6.0,3.0,0.3690264452388633,1.0
33.0,0.95,0.15240839079073165,-0.06578026767306422,-0.044583113162198595,-0.0019066764689867647,-0.026179323379588552,0.0834437447831684,0.021081054822111533,3.9702795939085904e-47,0.4076758201842069,0.46777446968089564,1.0,1.0,6.0,3.0,0.15345005602730785,1.0,2.2116622314763606e-51,0.14166884227763787,0.43119918013036446,1.0,1.0,6.0,3.0,6.0,3.0,0.38361839146608157,1.0
34.0,0.4,0.20245294290971783,-0.07231975757832321,-0.07925428057908168,-0.023838284827679995,0.004447658291916627,0.07482543372528844,0.014648460583851608,4.014333432465307e-62,0.09242023035945827,0.0974093643384378,0.0,0.0,2.0,0.0,0.028029881746193357,0.0,2.8186385953676577e-55,0.09389573885276206,0.2668665203181682,0.0,0.0,4.0,2.0,6.0,3.0,0.2530774137996867,1.0
34.0,0.45,0.20245294290971783,-0.07231975757832321,-0.07925428057908168,-0.023838284827679995,0.004447658291916627,0.07482543372528844,0.014648460583851608,9.69680472113459e-60,0.1161607338339749,0.1224314546700972,0.0,0.0,2.0,0.0,0.03523007484674746,1.0,3.7588361106225665e-55,0.09502870264192041,0.2700865823545647,0.0,0.0,4.0,2.0,6.0,3.0,0.25613109386219207,1.0
34.0,0.5,0.20245294290971783,-0.07231975757832321,-0.07925428057908168,-0.023838284827679995,0.004447658291916627,0.07482543372528844,0.014648460583851608,6.188607707017853e-59,0.12548722812480786,0.13226142238217325,0.0,0.0,2.0,0.0,0.038058682079837335,1.0,5.209053667640177e-55,0.0963294750496619,0.2737835829897499,0.0,0.0,4.0,2.0,6.0,3.0,0.25963706890339616,1.0
34.0,0.55,0.20245294290971783,-0.07231975757832321,-0.07925428057908168,-0.023838284827679995,0.004447658291916627,0.07482543372528844,0.014648460583851608,5.529115144959281e-57,0.1513191191959641,0.1594877999741177,0.0,0.0,4.0,1.0,0.045893166469119714,1.0,8.2194702642445e-55,0.09817767319294123,0.27903645402928534,0.0,0.0,4.0,2.0,6.0,3.0,0.2646185218639398,1.0
34.0,0.6,0.20245294290971783,-0.07231975757832321,-0.07925428057908168,-0.023838284827679995,0.004447658291916627,0.07482543372528844,0.014648460583851608,1.7082881281237105e-56,0.158601223527561,0.1671630151432221,0.0,0.0,4.0,1.0,0.048101736199840074,1.0,1.1762759558664174e-54,0.09965493106979254,0.28323505424293405,0.0,0.0,4.0,2.0,6.0,3.0,0.2686001786202171,1.0
34.0,0.65,0.20245294290971783,-0.07231975757832321,-0.07925428057908168,-0.023838284827679995,0.004447658291916627,0.07482543372528844,0.014648460583851608,1.273177034947242e-55,0.17244615671917085,0.18175534126335316,0.0,0.0,5.0,2.0,0.05230072854854348,1.0,2.256174345128413e-54,0.10239641919557871,0.29102679650473545,0.0,0.0,4.0,2.0,6.0,3.0,0.27598931824799594,1.0
34.0,0.7,0.20245294290971783,-0.07231975757832321,-0.07925428057908168,-0.023838284827679995,0.004447658291916627,0.07482543372528844,0.014648460583851608,6.711830957124904e-54,0.20342369034178964,0.2144051393347888,0.0,0.0,5.0,2.0,0.06169582095259385,1.0,3.872858255948309e-54,0.10472785913362075,0.2976531170513125,0.0,0.0,4.0,2.0,6.0,3.0,0.28227325399586006,1.0
34.0,0.75,0.20245294290971783,-0.07231975757832321,-0.07925428057908168,-0.023838284827679995,0.004447658291916627,0.07482543372528844,0.014648460583851608,5.774661046161191e-52,0.24491389431842558,0.258135114686691,0.0,0.0,5.0,2.0,0.07427927272032178,1.0,6.955850551519278e-54,0.10731460606949735,0.3050050604105692,0.0,0.0,5.0,3.0,6.0,3.0,0.2892453193172954,1.0
34.0,0.8,0.20245294290971783,-0.07231975757832321,-0.07925428057908168,-0.023838284827679995,0.004447658291916627,0.07482543372528844,0.014648460583851608,2.5312559582162602e-51,0.2604686680427888,0.2745295838957086,0.0,0.0,5.0,2.0,0.0789968379805135,1.0,1.1377759850018866e-53,0.10953761333461359,0.31132319817413534,0.0,0.0,5.0,3.0,6.0,3.0,0.2952369962175192,1.0
34.0,0.85,0.20245294290971783,-0.07231975757832321,-0.07925428057908168,-0.023838284827679995,0.004447658291916627,0.07482543372528844,0.014648460583851608,8.574123335124985e-51,0.27405184181502024,0.2888460200018019,0.0,0.0,5.0,2.0,0.0831164420227542,1.0,1.6367612872362352e-53,0.11120994644788507,0.31607623302113125,0.0,0.0,5.0,3.0,6.0,3.0,0.29974443973401366,1.0
34.0,0.9,0.20245294290971783,-0.07231975757832321,-0.07925428057908168,-0.023838284827679995,0.004447658291916627,0.07482543372528844,0.014648460583851608,3.2345686589973954e-49,0.31880527755458815,0.3360153866047308,0.0,0.0,5.0,2.0,0.09668959052754554,1.0,3.5148183088650035e-53,0.11480836414944233,0.32630350448625844,0.0,0.0,5.0,3.0,6.0,3.0,0.30944326373612474,1.0
34.0,0.95,0.20245294290971783,-0.07231975757832321,-0.07925428057908168,-0.023838284827679995,0.004447658291916627,0.07482543372528844,0.014648460583851608,1.0701284922050273e-46,0.4059846843078234,0.42790101123697544,1.0,1.0,6.0,3.0,0.12312999705425787,1.0,7.512244606454015e-53,0.11849989911796863,0.33679542993165346,0.0,0.0,5.0,3.0,6.0,3.0,0.3193930669348697,1.0
35.0,0.4,-0.001747409263631483,-0.06952344552178963,-0.06773117075142626,-0.011490543434696176,-0.015070443257469984,0.15898685685300668,-0.04573625025549455,5.537747871047468e-64,0.07908708500474294,0.08590600913157544,0.0,0.0,3.0,1.0,0.02076631550702526,0.0,8.763159860352399e-56,0.06958809210016874,0.22694482647050712,0.0,0.0,3.0,1.0,5.0,2.0,0.1613408640453764,1.0
35.0,0.45,-0.001747409263631483,-0.06952344552178963,-0.06773117075142626,-0.011490543434696176,-0.015070443257469984,0.15898685685300668,-0.04573625025549455,6.02830149682633e-63,0.08735909836214686,0.0948912392102291,0.0,0.0,3.0,1.0,0.0229383419415294,0.0,1.2127690931768532e-55,0.07053664851048015,0.2300383150752203,0.0,0.0,3.0,1.0,5.0,2.0,0.1635401039758968,1.0
35.0,0.5,-0.001747409263631483,-0.06952344552178963,-0.06773117075142626,-0.011490543434696176,-0.015070443257469984,0.15898685685300668,-0.04573625025549455,5.9039943859229685e-62,0.09607220683184468,0.10435559582063363,0.0,0.0,3.0,1.0,0.025226189059903117,0.0,1.6215661216120086e-55,0.07139558282878994,0.23283952278095513,0.0,0.0,3.0,1.0,5.0,2.0,0.16553155396240957,1.0
35.0,0.55,-0.001747409263631483,-0.06952344552178963,-0.06773117075142626,-0.011490543434696176,-0.015070443257469984,0.15898685685300668,-0.04573625025549455,1.9980647020004982e-61,0.10107849121095172,0.1097935242960736,0.0,0.0,3.0,1.0,0.02654071571021769,0.0,2.5217987722461033e-55,0.07272136132958033,0.23716323051197194,0.0,0.0,4.0,2.0,5.0,2.0,0.16860538803940087,1.0
35.0,0.6,-0.001747409263631483,-0.06952344552178963,-0.06773117075142626,-0.011490543434696176,-0.015070443257469984,0.15898685685300668,-0.04573625025549455,1.4722087712481566e-60,0.10984966694421973,0.11932095475569404,0.0,0.0,3.0,1.0,0.02884380985806351,0.0,3.305269841654161e-55,0.07354576798816079,0.23985183455939077,0.0,0.0,4.0,2.0,5.0,2.0,0.17051678521391547,1.0
35.0,0.65,-0.001747409263631483,-0.06952344552178963,-0.06773117075142626,-0.011490543434696176,-0.015070443257469984,0.15898685685300668,-0.04573625025549455,9.787955492921342e-60,0.11887180361819692,0.12912098412148137,0.0,0.0,3.0,1.0,0.031212800151587117,0.0,5.163714729136973e-55,0.07492570287257012,0.2443521603109875,0.0,0.0,5.0,2.0,6.0,3.0,0.17371618154535218,1.0
35.0,0.7,-0.001747409263631483,-0.06952344552178963,-0.06773117075142626,-0.011490543434696176,-0.015070443257469984,0.15898685685300668,-0.04573625025549455,8.416021016893966e-58,0.1431131266228848,0.15545240492523582,0.0,0.0,5.0,2.0,0.03757797294551255,0.0,7.710391582696258e-55,0.07618782643991868,0.24846827278557523,0.0,0.0,5.0,2.0,6.0,3.0,0.17664243086103876,1.0
35.0,0.75,-0.001747409263631483,-0.06952344552178963,-0.06773117075142626,-0.011490543434696176,-0.015070443257469984,0.15898685685300668,-0.04573625025549455,3.627965837518495e-57,0.15209653456661176,0.16521036635218936,0.0,0.0,5.0,2.0,0.03993679403085871,0.0,1.1869909332626821e-54,0.0775698063761731,0.2529752679819304,0.0,0.0,6.0,3.0,6.0,3.0,0.17984656867081963,1.0
35.0,0.8,-0.001747409263631483,-0.06952344552178963,-0.06773117075142626,-0.011490543434696176,-0.015070443257469984,0.15898685685300668,-0.04573625025549455,1.2956976765963538e-55,0.17653101006611538,0.19175159334594857,0.0,0.0,5.0,2.0,0.04635268390012043,0.0,1.9159290967092388e-54,0.07913280166704198,0.2580726012232249,0.0,0.0,6.0,3.0,6.0,3.0,0.1834703928498853,1.0
35.0,0.85,-0.001747409263631483,-0.06952344552178963,-0.06773117075142626,-0.011490543434696176,-0.015070443257469984,0.15898685685300668,-0.04573625025549455,7.086553473911297e-54,0.2085618228725798,0.2265441172742094,0.0,0.0,5.0,2.0,0.05476318435851531,0.0,4.28209897155417e-54,0.08182947437449441,0.2668671507096458,0.0,0.0,6.0,3.0,6.0,3.0,0.1897226623336021,1.0
35.0,0.9,-0.001747409263631483,-0.06952344552178963,-0.06773117075142626,-0.011490543434696176,-0.015070443257469984,0.15898685685300668,-0.04573625025549455,1.3324807213237239e-52,0.23568262053117095,0.25600328233478553,0.0,0.0,5.0,2.0,0.061884436089398046,0.0,5.350297971574031e-54,0.0825923483120141,0.269355080585925,0.0,0.0,6.0,3.0,6.0,3.0,0.19149139512282629,1.0
35.0,0.95,-0.001747409263631483,-0.06952344552178963,-0.06773117075142626,-0.011490543434696176,-0.015070443257469984,0.15898685685300668,-0.04573625025549455,1.8112567939677063e-51,0.2627539099214609,0.285408670501846,0.0,0.0,5.0,2.0,0.06899268817160631,0.0,1.7940455707857849e-53,0.08686279379354885,0.2832821114831596,0.0,0.0,6.0,3.0,6.0,3.0,0.20139247651556957,1.0
36.0,0.4,0.0987477784116434,-0.10498458184184767,-0.037637291945501694,-0.005439668499165769,0.00854344891834959,0.12822546460991074,0.007824731506880123,1.0220374349668605e-60,0.11272655602938403,0.11908363008656453,0.0,0.0,3.0,0.0,0.04119069095560759,1.0,6.358459707286452e-52,0.15173265375531417,0.36750984305708306,0.0,1.0,6.0,3.0,6.0,3.0,0.3275125920554699,1.0
36.0,0.45,0.0987477784116434,-0.10498458184184767,-0.037637291945501694,-0.005439668499165769,0.00854344891834959,0.12822546460991074,0.007824731506880123,5.839320499571553e-59,0.133422851586678,0.14094706751531527,0.0,0.0,3.0,0.0,0.048753192146579784,1.0,8.383416056270452e-52,0.15349065259469402,0.37176787098689773,0.0,1.0,6.0,3.0,6.0,3.0,0.33130720542619685,1.0
36.0,0.5,0.0987477784116434,-0.10498458184184767,-0.037637291945501694,-0.005439668499165769,0.00854344891834959,0.12822546460991074,0.007824731506880123,3.416077141843747e-58,0.14361355789582708,0.15171246604415167,0.0,0.0,3.0,0.0,0.05247691306013364,1.0,1.5150936637948283e-51,0.15732257101010616,0.3810491146783621,0.0,1.0,6.0,3.0,6.0,3.0,0.33957834220339006,1.0
36.0,0.55,0.0987477784116434,-0.10498458184184767,-0.037637291945501694,-0.005439668499165769,0.00854344891834959,0.12822546460991074,0.007824731506880123,8.303500423840213e-57,0.16403417518874383,0.17328467867535383,0.0,0.0,3.0,0.0,0.05993868041702878,1.0,2.3934779637663522e-51,0.16034876393326,0.3883788203068039,0.0,1.0,6.0,3.0,6.0,3.0,0.3461103329370414,1.0
36.0,0.6,0.0987477784116434,-0.10498458184184767,-0.037637291945501694,-0.005439668499165769,0.00854344891834959,0.12822546460991074,0.007824731506880123,8.350140334457732e-56,0.18059360299666602,0.19077795483833496,0.0,0.0,5.0,2.0,0.06598955518215528,1.0,2.9238355572200605e-51,0.1616915891341134,0.39163126114010366,0.0,1.0,6.0,3.0,6.0,3.0,0.349008800414702,1.0
36.0,0.65,0.0987477784116434,-0.10498458184184767,-0.037637291945501694,-0.005439668499165769,0.00854344891834959,0.12822546460991074,0.007824731506880123,3.0686378447214533e-55,0.19065777636882675,0.20140968476242702,0.0,0.0,5.0,2.0,0.06966704050325626,1.0,4.141176750801016e-51,0.16405376949676737,0.3973526698999572,0.0,1.0,6.0,3.0,6.0,3.0,0.3541075302815303,1.0
36.0,0.7,0.0987477784116434,-0.10498458184184767,-0.037637291945501694,-0.005439668499165769,0.00854344891834959,0.12822546460991074,0.007824731506880123,5.0143517955102935e-54,0.21419405136269454,0.22627325873921753,0.0,0.0,5.0,2.0,0.07826728044375346,1.0,7.550898763584732e-51,0.16821162270606102,0.407423356351313,0.0,1.0,6.0,3.0,6.0,3.0,0.36308219228248556,1.0
36.0,0.75,0.0987477784116434,-0.10498458184184767,-0.037637291945501694,-0.005439668499165769,0.00854344891834959,0.12822546460991074,0.007824731506880123,2.8776319268157916e-53,0.23036947036261574,0.24336087039462637,0.0,0.0,5.0,2.0,0.08417783700266705,1.0,1.1243536771723836e-50,0.17102529417075663,0.41423831630101504,0.0,1.0,6.0,3.0,6.0,3.0,0.3691554587270375,1.0
36.0,0.8,0.0987477784116434,-0.10498458184184767,-0.037637291945501694,-0.005439668499165769,0.00854344891834959,0.12822546460991074,0.007824731506880123,9.404411122279798e-52,0.26639164865404463,0.28141447467089487,0.0,0.0,5.0,2.0,0.09734047113089567,1.0,1.3310079713020032e-50,0.17223189663022662,0.41716081366422075,0.0,1.0,6.0,3.0,6.0,3.0,0.37175989151919564,1.0
36.0,0.85,0.0987477784116434,-0.10498458184184767,-0.037637291945501694,-0.005439668499165769,0.00854344891834959,0.12822546460991074,0.007824731506880123,4.8319978594867637e-51,0.28519182296776985,0.3012748614546001,1.0,1.0,6.0,3.0,0.10421012276707577,1.0,2.1850590669414594e-50,0.17582624015413678,0.425866630056885,0.0,1.0,6.0,3.0,6.0,3.0,0.37951822655861267,1.0
36.0,0.9,0.0987477784116434,-0.10498458184184767,-0.037637291945501694,-0.005439668499165769,0.00854344891834959,0.12822546460991074,0.007824731506880123,3.092731365843502e-49,0.33915329986586246,0.35827942879170677,1.0,1.0,6.0,3.0,0.1239278414370057,1.0,3.8955390897610906e-50,0.18011354413556446,0.43625085767273736,1.0,1.0,6.0,3.0,6.0,3.0,0.3887723060539299,1.0
36.0,0.95,0.0987477784116434,-0.10498458184184767,-0.037637291945501694,-0.005439668499165769,0.00854344891834959,0.12822546460991074,0.007824731506880123,5.128962172333242e-47,0.4196459322221984,0.4433113431324339,1.0,1.0,6.0,3.0,0.15334014019231346,1.0,9.309395675016427e-50,0.1867717202311062,0.45237754623553633,1.0,1.0,6.0,3.0,6.0,3.0,0.4031438764274976,1.0
37.0,0.4,0.15951967242402532,-0.12517913589120316,-0.12571223868930098,-0.01047806889662722,-0.0052492164412827995,-0.029783037720022054,-0.03063460165152554,4.1492682490635484e-61,0.10888662386343602,0.12289826080920073,0.0,0.0,3.0,1.0,0.03162145142666098,0.0,1.5309016701064902e-53,0.07624179122488181,0.330387386462397,0.0,1.0,4.0,2.0,6.0,3.0,0.23489559080949368,1.0
37.0,0.45,0.15951967242402532,-0.12517913589120316,-0.12571223868930098,-0.01047806889662722,-0.0052492164412827995,-0.029783037720022054,-0.03063460165152554,3.3247234331271794e-60,0.1187496120399419,0.13403042792271638,0.0,0.0,3.0,1.0,0.034485733470489166,0.0,2.1063453726749174e-53,0.07726225029300743,0.33480945996163364,0.0,1.0,4.0,2.0,6.0,3.0,0.2380395533509462,1.0
37.0,0.5,0.15951967242402532,-0.12517913589120316,-0.12571223868930098,-0.01047806889662722,-0.0052492164412827995,-0.029783037720022054,-0.03063460165152554,6.481780642707033e-60,0.122099246262606,0.13781109634374025,0.0,0.0,3.0,1.0,0.035458491116110526,0.0,2.6490752698521777e-53,0.07800382203543486,0.33802299870355923,0.0,1.0,4.0,2.0,6.0,3.0,0.2403242836775375,1.0
37.0,0.55,0.15951967242402532,-0.12517913589120316,-0.12571223868930098,-0.01047806889662722,-0.0052492164412827995,-0.029783037720022054,-0.03063460165152554,2.9881131134360354e-59,0.1301269535022484,0.14687181677965752,0.0,0.0,3.0,1.0,0.03778979449883067,0.0,3.617616595273759e-53,0.07902319039358309,0.34244034570289295,0.0,1.0,4.0,2.0,6.0,3.0,0.2434648858183433,1.0
37.0,0.6,0.15951967242402532,-0.12517913589120316,-0.12571223868930098,-0.01047806889662722,-0.0052492164412827995,-0.029783037720022054,-0.03063460165152554,2.4040757836450493e-57,0.15623028523314944,0.17633415069384753,0.0,0.0,3.0,1.0,0.04537038802919802,0.0,4.213793974374054e-53,0.07952707469681937,0.34462388592868093,0.0,1.0,4.0,2.0,6.0,3.0,0.24501731787964146,1.0
37.0,0.65,0.15951967242402532,-0.12517913589120316,-0.12571223868930098,-0.01047806889662722,-0.0052492164412827995,-0.029783037720022054,-0.03063460165152554,3.0757600345927456e-56,0.17373623455110954,0.19609278264197028,0.0,0.0,3.0,1.0,0.050454240447376904,0.0,7.044513409923623e-53,0.08124826182173629,0.3520825054951694,0.0,1.0,4.0,2.0,6.0,3.0,0.25032017422792086,1.0
37.0,0.7,0.15951967242402532,-0.12517913589120316,-0.12571223868930098,-0.01047806889662722,-0.0052492164412827995,-0.029783037720022054,-0.03063460165152554,7.458575244621602e-55,0.19842042738112425,0.22395336147755343,0.0,0.0,3.0,1.0,0.05762270592904707,0.0,8.474244227039967e-53,0.08187622818853844,0.35480374490181044,0.0,1.0,4.0,2.0,6.0,3.0,0.25225489439082194,1.0
37.0,0.75,0.15951967242402532,-0.12517913589120316,-0.12571223868930098,-0.01047806889662722,-0.0052492164412827995,-0.029783037720022054,-0.03063460165152554,3.5440483155694456e-54,0.21173283083545644,0.23897881799074056,0.0,0.0,3.0,1.0,0.06148872274789193,1.0,1.3563860593330687e-52,0.08349675393194016,0.36182615684224234,0.0,1.0,4.0,2.0,6.0,3.0,0.25724762010991703,1.0
37.0,0.8,0.15951967242402532,-0.12517913589120316,-0.12571223868930098,-0.01047806889662722,-0.0052492164412827995,-0.029783037720022054,-0.03063460165152554,6.8765207491088885e-53,0.23957936941687275,0.27040867631295806,1.0,1.0,6.0,3.0,0.06957555596863049,1.0,1.930093383780632e-52,0.08473302616263553,0.36718343852061647,0.0,1.0,4.0,2.0,6.0,3.0,0.2610564878104938,1.0
37.0,0.85,0.15951967242402532,-0.12517913589120316,-0.12571223868930098,-0.01047806889662722,-0.0052492164412827995,-0.029783037720022054,-0.03063460165152554,8.318198542309071e-51,0.292568078463616,0.33021602411480583,1.0,1.0,6.0,3.0,0.08496385463959075,1.0,3.7956022111902916e-52,0.08715460036251943,0.37767712653831487,0.0,1.0,4.0,2.0,6.0,3.0,0.2685171874246068,1.0
37.0,0.9,0.15951967242402532,-0.12517913589120316,-0.12571223868930098,-0.01047806889662722,-0.0052492164412827995,-0.029783037720022054,-0.03063460165152554,1.6726323569444685e-49,0.331538580107063,0.3742012879140447,1.0,1.0,6.0,3.0,0.09628116599581764,1.0,5.8346675452757744e-52,0.0887300974519575,0.38450441059599433,0.0,1.0,4.0,2.0,6.0,3.0,0.2733711830311713,1.0
37.0,0.95,0.15951967242402532,-0.12517913589120316,-0.12571223868930098,-0.01047806889662722,-0.0052492164412827995,-0.029783037720022054,-0.03063460165152554,5.754130026946693e-48,0.38420074757152256,0.4336400744443549,1.0,1.0,6.0,3.0,0.11157463466455542,1.0,1.4642751290885193e-51,0.09219794311159181,0.39953202793990095,0.0,1.0,4.0,2.0,6.0,3.0,0.28405537134796033,1.0
38.0,0.4,0.1576374651572059,-0.1258633646576206,-0.13713338985093215,0.04434600160040195,-0.020879397992798976,0.15867990798756698,-0.03887610484821935,1.3800925642968934e-58,0.13131419175619158,0.14128755655808103,0.0,0.0,2.0,0.0,0.02993193953294677,0.0,1.0629613846737468e-52,0.1384548845794264,0.3480443596795956,0.0,0.0,4.0,2.0,6.0,3.0,0.23958780748667002,1.0
38.0,0.45,0.1576374651572059,-0.1258633646576206,-0.13713338985093215,0.04434600160040195,-0.020879397992798976,0.15867990798756698,-0.03887610484821935,1.390253881685858e-57,0.14458095112821487,0.15556193155174058,0.0,0.0,2.0,0.0,0.03295598311887421,0.0,1.8078475655370137e-52,0.14155279920745278,0.3558318185065535,0.0,0.0,4.0,2.0,6.0,3.0,0.2449485614663097,1.0
38.0,0.5,0.1576374651572059,-0.1258633646576206,-0.13713338985093215,0.04434600160040195,-0.020879397992798976,0.15867990798756698,-0.03887610484821935,3.5894730608939695e-56,0.16555479671989684,0.17812874901178485,0.0,0.0,2.0,0.0,0.03773679065861972,0.0,2.7531778313016235e-52,0.14405549007644944,0.3621230190201492,0.0,0.0,4.0,2.0,6.0,3.0,0.24927931671514916,1.0
38.0,0.55,0.1576374651572059,-0.1258633646576206,-0.13713338985093215,0.04434600160040195,-0.020879397992798976,0.15867990798756698,-0.03887610484821935,2.64960330416767e-55,0.1799346036653198,0.19360070798228152,0.0,0.0,2.0,0.0,0.041014543856727884,0.0,3.85450294329471e-52,0.14608941023560398,0.3672358356721776,0.0,0.0,4.0,2.0,6.0,3.0,0.25279889259009947,1.0
38.0,0.6,0.1576374651572059,-0.1258633646576206,-0.13713338985093215,0.04434600160040195,-0.020879397992798976,0.15867990798756698,-0.03887610484821935,5.472474254336213e-54,0.20412983187754935,0.21963357334704045,0.0,0.0,2.0,0.0,0.04652963783209143,0.0,4.8613089830825834e-52,0.14750885921388887,0.3708040103324339,0.0,0.0,4.0,2.0,6.0,3.0,0.2552551632343568,1.0
38.0,0.65,0.1576374651572059,-0.1258633646576206,-0.13713338985093215,0.04434600160040195,-0.020879397992798976,0.15867990798756698,-0.03887610484821935,1.786389933588945e-52,0.23603758735338248,0.2539647354715686,0.0,0.0,3.0,1.0,0.05380273600039857,0.0,6.615827322214553e-52,0.14941506680031458,0.37559578637449414,0.0,0.0,4.0,2.0,6.0,3.0,0.2585537402230522,1.0
38.0,0.7,0.1576374651572059,-0.1258633646576206,-0.13713338985093215,0.04434600160040195,-0.020879397992798976,0.15867990798756698,-0.03887610484821935,6.726083854867707e-52,0.24944353402391323,0.2683888690941092,0.0,0.0,4.0,2.0,0.05685850613276366,0.0,9.021355913693757e-52,0.15135834799928202,0.38048075711876594,0.0,0.0,4.0,2.0,6.0,3.0,0.26191647085696923,1.0
38.0,0.75,0.1576374651572059,-0.1258633646576206,-0.13713338985093215,0.04434600160040195,-0.020879397992798976,0.15867990798756698,-0.03887610484821935,3.750899393475274e-51,0.2679607172359065,0.28831243969505677,0.0,0.0,5.0,2.0,0.061079338632353306,0.0,1.3186919858551915e-51,0.15377156234153921,0.38654703382017547,0.0,0.0,4.0,2.0,6.0,3.0,0.26609239238558163,1.0
38.0,0.8,0.1576374651572059,-0.1258633646576206,-0.13713338985093215,0.04434600160040195,-0.020879397992798976,0.15867990798756698,-0.03887610484821935,1.4812468598337226e-49,0.31231412948036014,0.3360345111423468,0.0,0.0,5.0,2.0,0.07118931711697699,0.0,2.070808298227908e-51,0.1566904576295122,0.3938844783932599,0.0,0.0,4.0,2.0,6.0,3.0,0.27114336421985796,1.0
38.0,0.85,0.1576374651572059,-0.1258633646576206,-0.13713338985093215,0.04434600160040195,-0.020879397992798976,0.15867990798756698,-0.03887610484821935,6.43334460830817e-48,0.3654548163891912,0.39321125424035797,1.0,1.0,6.0,3.0,0.08330227921209944,1.0,3.067083227121975e-51,0.15927597965664153,0.40038389776082656,0.0,0.0,4.0,2.0,6.0,3.0,0.2756174537802955,1.0
38.0,0.9,0.1576374651572059,-0.1258633646576206,-0.13713338985093215,0.04434600160040195,-0.020879397992798976,0.15867990798756698,-0.03887610484821935,3.912214813414914e-46,0.43367704472750473,0.4666149878045431,1.0,1.0,6.0,3.0,0.09885294883977132,1.0,4.134298116998588e-51,0.16126995366305016,0.40539629879229844,0.0,0.0,4.0,2.0,6.0,3.0,0.27906790525286024,1.0
38.0,0.95,0.1576374651572059,-0.1258633646576206,-0.13713338985093215,0.04434600160040195,-0.020879397992798976,0.15867990798756698,-0.03887610484821935,2.901135685911353e-44,0.5189065559020902,0.5583177140632154,1.0,1.0,6.0,3.0,0.11828028217505049,1.0,8.727975403509347e-51,0.16636991050818467,0.4182164403131283,0.0,0.0,4.0,2.0,6.0,3.0,0.28789307225591704,1.0
39.0,0.4,0.07256765665087406,-0.1902669219215284,-0.21512723526135025,-0.005157972517091713,0.00839655636281767,0.1426563376753172,-0.11922860462394202,2.8642213781612286e-61,0.09901222881771425,0.10704103336975909,0.0,0.0,2.0,0.0,0.025228881573273194,0.0,4.139963508000564e-53,0.12753983975703606,0.32393177870242434,0.0,0.0,4.0,2.0,5.0,3.0,0.2339548085861712,0.0
39.0,0.45,0.07256765665087406,-0.1902669219215284,-0.21512723526135025,-0.005157972517091713,0.00839655636281767,0.1426563376753172,-0.11922860462394202,3.2001678339404475e-59,0.12051166702960071,0.13028383994576745,0.0,0.0,2.0,0.0,0.030707061258917704,0.0,6.48699680940361e-53,0.12994896728241692,0.33005059589636354,0.0,0.0,4.0,2.0,5.0,3.0,0.23837403139634467,0.0
39.0,0.5,0.07256765665087406,-0.1902669219215284,-0.21512723526135025,-0.005157972517091713,0.00839655636281767,0.1426563376753172,-0.11922860462394202,4.0246419146449766e-58,0.13391951397097007,0.14477891604904342,0.0,0.0,3.0,1.0,0.03412345726045749,0.0,1.0644437509067437e-52,0.13265830954538665,0.33693191282470025,0.0,0.0,4.0,2.0,5.0,3.0,0.24334395806188738,1.0
39.0,0.55,0.07256765665087406,-0.1902669219215284,-0.21512723526135025,-0.005157972517091713,0.00839655636281767,0.1426563376753172,-0.11922860462394202,6.294174363487314e-57,0.1501767418821493,0.16235442663111585,0.0,0.0,3.0,1.0,0.0382658918120113,0.0,1.5895368903356845e-52,0.13489337511000624,0.342608639134244,0.0,0.0,5.0,3.0,5.0,3.0,0.2474438874435162,1.0
39.0,0.6,0.07256765665087406,-0.1902669219215284,-0.21512723526135025,-0.005157972517091713,0.00839655636281767,0.1426563376753172,-0.11922860462394202,2.4551703379864616e-55,0.17494450146948692,0.18913057955827886,0.0,0.0,3.0,1.0,0.04457685845649158,0.0,2.1718560386479926e-52,0.13665923084496157,0.3470936439001716,0.0,0.0,5.0,3.0,5.0,3.0,0.2506831140353739,1.0
39.0,0.65,0.07256765665087406,-0.1902669219215284,-0.21512723526135025,-0.005157972517091713,0.00839655636281767,0.1426563376753172,-0.11922860462394202,2.0183300796844036e-54,0.19099481197877488,0.2064823940092259,0.0,0.0,3.0,1.0,0.04866656927189583,0.0,3.257758826609962e-52,0.13898757183798044,0.3530072755993424,0.0,0.0,5.0,3.0,5.0,3.0,0.2549541447374885,1.0
39.0,0.7,0.07256765665087406,-0.1902669219215284,-0.21512723526135025,-0.005157972517091713,0.00839655636281767,0.1426563376753172,-0.11922860462394202,1.5819542348067394e-52,0.2290586213013048,0.24763276030765757,0.0,0.0,3.0,1.0,0.058365445351069106,0.0,4.180099467868447e-52,0.14043880367999126,0.35669318356964963,0.0,0.0,5.0,3.0,5.0,3.0,0.257616235802199,1.0
39.0,0.75,0.07256765665087406,-0.1902669219215284,-0.21512723526135025,-0.005157972517091713,0.00839655636281767,0.1426563376753172,-0.11922860462394202,2.484494982968818e-51,0.2569104783399317,0.277743097124437,0.0,0.0,3.0,1.0,0.06546225764601198,0.0,6.08845139936058e-52,0.1426566859647114,0.36232626696391,0.0,0.0,5.0,3.0,5.0,3.0,0.26168464475093856,1.0
39.0,0.8,0.07256765665087406,-0.1902669219215284,-0.21512723526135025,-0.005157972517091713,0.00839655636281767,0.1426563376753172,-0.11922860462394202,3.6923441357807603e-50,0.287486741043002,0.3107987589896744,0.0,0.0,3.0,1.0,0.0732532640691604,0.0,9.212088574046503e-52,0.14513960383863525,0.3686325004106854,0.0,0.0,5.0,3.0,5.0,3.0,0.26623922610399375,1.0
39.0,0.85,0.07256765665087406,-0.1902669219215284,-0.21512723526135025,-0.005157972517091713,0.00839655636281767,0.1426563376753172,-0.11922860462394202,2.008058434526837e-49,0.3085052627588285,0.33352165202250234,0.0,0.0,4.0,2.0,0.07860890348406657,0.0,1.6014011627768987e-51,0.14852236340132763,0.37722419477185953,0.0,0.0,5.0,3.0,5.0,3.0,0.2724444469000242,1.0
39.0,0.9,0.07256765665087406,-0.1902669219215284,-0.21512723526135025,-0.005157972517091713,0.00839655636281767,0.1426563376753172,-0.11922860462394202,8.60296131823284e-48,0.36079227317161117,0.39004856484156075,0.0,1.0,5.0,3.0,0.09193193246014582,0.0,4.8043722584562764e-51,0.15547928665228794,0.39489372083738455,0.0,0.0,5.0,3.0,5.0,3.0,0.28520599380668243,1.0
39.0,0.95,0.07256765665087406,-0.1902669219215284,-0.21512723526135025,-0.005157972517091713,0.00839655636281767,0.1426563376753172,-0.11922860462394202,8.020386849358035e-46,0.4358345957221835,0.47117599574778163,1.0,1.0,6.0,3.0,0.11105314497317069,0.0,1.3127205720443144e-50,0.16212930627284755,0.4117837583989618,0.0,0.0,5.0,3.0,5.0,3.0,0.2974045669771218,1.0
40.0,0.4,0.39645260036384045,-0.19074691379924136,-0.19174034933183337,0.0002534108158938777,-0.029003774340511417,0.07817969405809988,0.004324300566724615,2.391880607874923e-63,0.08537497185129822,0.09590990909260241,0.0,0.0,2.0,0.0,0.023150099214663378,1.0,4.548712855595368e-54,0.08398178993994433,0.32295623913656807,0.0,0.0,3.0,1.0,6.0,3.0,0.22230689378503402,1.0
40.0,0.45,0.39645260036384045,-0.19074691379924136,-0.19174034933183337,0.0002534108158938777,-0.029003774340511417,0.07817969405809988,0.004324300566724615,1.62586578492053e-61,0.10178371307603287,0.11434342473614996,0.0,0.0,2.0,0.0,0.02759945924493048,1.0,7.335735933800448e-54,0.08567088606363284,0.32945174407920713,0.0,0.0,3.0,1.0,6.0,3.0,0.22677807394004196,1.0
40.0,0.5,0.39645260036384045,-0.19074691379924136,-0.19174034933183337,0.0002534108158938777,-0.029003774340511417,0.07817969405809988,0.004324300566724615,4.4411960881403625e-59,0.12858656421358974,0.14445364275769237,0.0,0.0,2.0,0.0,0.03486726442969857,1.0,9.0626068566976e-54,0.08642883368790026,0.33236647016888626,0.0,0.0,3.0,1.0,6.0,3.0,0.2287844253422106,1.0
40.0,0.55,0.39645260036384045,-0.19074691379924136,-0.19174034933183337,0.0002534108158938777,-0.029003774340511417,0.07817969405809988,0.004324300566724615,5.57576312195601e-58,0.14288252208888264,0.16051366585906643,0.0,0.0,2.0,0.0,0.03874372653569041,1.0,1.7803571523179513e-53,0.08889504801492064,0.3418504226367819,0.0,0.0,3.0,1.0,6.0,3.0,0.23531270304193702,1.0
40.0,0.6,0.39645260036384045,-0.19074691379924136,-0.19174034933183337,0.0002534108158938777,-0.029003774340511417,0.07817969405809988,0.004324300566724615,2.3700631339755725e-57,0.1517625997418798,0.1704895103245574,0.0,0.0,2.0,0.0,0.04115162986195868,1.0,3.8977501559282737e-53,0.09184531786101181,0.35319583519125336,0.0,0.0,3.0,1.0,6.0,3.0,0.24312231659960476,1.0
40.0,0.65,0.39645260036384045,-0.19074691379924136,-0.19174034933183337,0.0002534108158938777,-0.029003774340511417,0.07817969405809988,0.004324300566724615,1.8913316503546353e-56,0.16548110599808985,0.1859008265380618,0.0,0.0,2.0,0.0,0.04487151139189224,1.0,5.6216144379979e-53,0.09325754581343217,0.3586266295175396,0.0,0.0,3.0,1.0,6.0,3.0,0.24686060331203932,1.0
40.0,0.7,0.39645260036384045,-0.19074691379924136,-0.19174034933183337,0.0002534108158938777,-0.029003774340511417,0.07817969405809988,0.004324300566724615,1.1977645399342864e-55,0.1787098834461215,0.20076198332598866,0.0,0.0,2.0,0.0,0.048458599080120596,1.0,6.738216915926209e-53,0.09396421273327418,0.36134415305350615,0.0,0.0,3.0,1.0,6.0,3.0,0.2487312103567694,1.0
40.0,0.75,0.39645260036384045,-0.19074691379924136,-0.19174034933183337,0.0002534108158938777,-0.029003774340511417,0.07817969405809988,0.004324300566724615,1.5970611099836208e-54,0.19907718527624024,0.22364253045390645,0.0,0.0,3.0,1.0,0.053981354143788296,1.0,1.3449235971989945e-52,0.09670943339677737,0.3719010385606974,0.0,0.0,3.0,1.0,6.0,3.0,0.25599804140305094,1.0
40.0,0.8,0.39645260036384045,-0.19074691379924136,-0.19174034933183337,0.0002534108158938777,-0.029003774340511417,0.07817969405809988,0.004324300566724615,3.454411730943218e-52,0.2490665176045555,0.2798003506586308,0.0,0.0,3.0,1.0,0.06753635718485436,1.0,2.161522984723157e-52,0.09864038659574204,0.37932661717163557,0.0,0.0,3.0,1.0,6.0,3.0,0.2611094376713739,1.0
40.0,0.85,0.39645260036384045,-0.19074691379924136,-0.19174034933183337,0.0002534108158938777,-0.029003774340511417,0.07817969405809988,0.004324300566724615,7.727532353091159e-51,0.2834989550249431,0.3184816160367099,0.0,0.0,3.0,1.0,0.07687298506536523,1.0,3.0029067330168692e-52,0.1000009245155001,0.3845586348516823,0.0,0.0,3.0,1.0,6.0,3.0,0.264710896499942,1.0
40.0,0.9,0.39645260036384045,-0.19074691379924136,-0.19174034933183337,0.0002534108158938777,-0.029003774340511417,0.07817969405809988,0.004324300566724615,3.237068573108953e-50,0.30093503877584904,0.33806924425160517,0.0,0.0,3.0,1.0,0.08160091715126627,1.0,6.5211723787881354e-52,0.10328486232761057,0.3971871845184134,0.0,0.0,3.0,1.0,6.0,3.0,0.2734037573560342,1.0
40.0,0.95,0.39645260036384045,-0.19074691379924136,-0.19174034933183337,0.0002534108158938777,-0.029003774340511417,0.07817969405809988,0.004324300566724615,4.802053831232077e-46,0.44903054758793703,0.5044391589841051,0.0,0.0,5.0,2.0,0.1217581862888462,1.0,3.429705993479667e-51,0.11068161193721743,0.4256317608659974,0.0,0.0,3.0,1.0,6.0,3.0,0.2929835785409988,1.0
41.0,0.4,0.44853742912638994,-0.2745444595990739,-0.12599148238408803,-0.043318082527265336,0.03021361086305753,0.09835935111136046,0.0655184881194047,4.1012234552878956e-60,0.12845760929416125,0.14562756557161124,0.0,0.0,2.0,0.0,0.08153157837314848,0.0,2.0628682232159282e-53,0.1808208734842856,0.42123370789773373,0.0,0.0,5.0,2.0,5.0,2.0,0.6523414340136979,1.0
41.0,0.45,0.44853742912638994,-0.2745444595990739,-0.12599148238408803,-0.043318082527265336,0.03021361086305753,0.09835935111136046,0.0655184881194047,2.0471722684900284e-58,0.1511888887860746,0.1713971631293145,0.0,0.0,2.0,0.0,0.09595903896190093,0.0,2.5809585736400594e-53,0.1825169183011252,0.4251847520066992,0.0,0.0,5.0,2.0,5.0,2.0,0.6584601983280668,1.0
41.0,0.5,0.44853742912638994,-0.2745444595990739,-0.12599148238408803,-0.043318082527265336,0.03021361086305753,0.09835935111136046,0.0655184881194047,5.579913699697022e-58,0.15763933249490367,0.1787097888222184,0.0,0.0,2.0,0.0,0.10005311217155924,0.0,3.740554395938877e-53,0.18536080912495112,0.4318097762834492,0.0,0.0,5.0,2.0,5.0,2.0,0.6687200083955933,1.0
41.0,0.55,0.44853742912638994,-0.2745444595990739,-0.12599148238408803,-0.043318082527265336,0.03021361086305753,0.09835935111136046,0.0655184881194047,1.4181905549808496e-56,0.1803892764823327,0.20450054561727252,0.0,0.0,2.0,0.0,0.11449241904787141,0.0,5.152474051290106e-53,0.18785073982479747,0.43761022797298177,0.0,0.0,5.0,2.0,5.0,2.0,0.6777028483301304,1.0
41.0,0.6,0.44853742912638994,-0.2745444595990739,-0.12599148238408803,-0.043318082527265336,0.03021361086305753,0.09835935111136046,0.0655184881194047,5.2019761237557515e-54,0.23070771805810808,0.2615446723942028,0.0,0.0,2.0,0.0,0.14642935128172152,1.0,6.638455397422468e-53,0.1898446564866047,0.44225518346129333,0.0,0.0,5.0,2.0,5.0,2.0,0.6848962349641139,1.0
41.0,0.65,0.44853742912638994,-0.2745444595990739,-0.12599148238408803,-0.043318082527265336,0.03021361086305753,0.09835935111136046,0.0655184881194047,3.1052378759225747e-53,0.2485377688207175,0.2817579310780937,0.0,0.0,2.0,0.0,0.15774601978533648,1.0,9.686289260671265e-53,0.1928570313381049,0.4492727019801694,0.0,0.0,5.0,2.0,6.0,3.0,0.6957638792385193,1.0
41.0,0.7,0.44853742912638994,-0.2745444595990739,-0.12599148238408803,-0.043318082527265336,0.03021361086305753,0.09835935111136046,0.0655184881194047,2.3003320029723065e-52,0.2701653910332622,0.30627635384200347,0.0,0.0,2.0,0.0,0.17147299310467473,1.0,1.5304295371117785e-52,0.19656799447804457,0.45791762628114874,0.0,0.0,5.0,2.0,6.0,3.0,0.7091517971798105,1.0
41.0,0.75,0.44853742912638994,-0.2745444595990739,-0.12599148238408803,-0.043318082527265336,0.03021361086305753,0.09835935111136046,0.0655184881194047,9.676838863829339e-52,0.2868318264499016,0.3251704655245879,0.0,0.0,3.0,0.0,0.1820511191716256,1.0,2.1430706586005576e-52,0.19934504173458972,0.4643869342229855,0.0,0.0,5.0,2.0,6.0,3.0,0.7191704579392161,1.0
41.0,0.8,0.44853742912638994,-0.2745444595990739,-0.12599148238408803,-0.043318082527265336,0.03021361086305753,0.09835935111136046,0.0655184881194047,1.1740338278005157e-50,0.3182671395661321,0.3608074989961899,0.0,0.0,4.0,1.0,0.20200299830983487,1.0,4.097864356878682e-52,0.2048026083004107,0.47710068212344153,0.0,0.0,5.0,2.0,6.0,3.0,0.7388595388023403,1.0
41.0,0.85,0.44853742912638994,-0.2745444595990739,-0.12599148238408803,-0.043318082527265336,0.03021361086305753,0.09835935111136046,0.0655184881194047,4.009696753478673e-50,0.33497939138738086,0.37975355101538155,0.0,0.0,4.0,1.0,0.21261020388249743,1.0,7.548966992258213e-52,0.2100829938641188,0.48940167562751136,0.0,0.0,5.0,2.0,6.0,3.0,0.7579094096739907,1.0
41.0,0.9,0.44853742912638994,-0.2745444595990739,-0.12599148238408803,-0.043318082527265336,0.03021361086305753,0.09835935111136046,0.0655184881194047,1.371276423050696e-47,0.42717121911355943,0.484267962509812,0.0,0.0,5.0,2.0,0.27112402232363186,1.0,1.3323130906908758e-51,0.21511507513763822,0.5011242285189039,0.0,0.0,5.0,2.0,6.0,3.0,0.7760634814400822,1.0
41.0,0.95,0.44853742912638994,-0.2745444595990739,-0.12599148238408803,-0.043318082527265336,0.03021361086305753,0.09835935111136046,0.0655184881194047,8.259525575990608e-47,0.4603571627087754,0.5218896199851686,0.0,0.0,5.0,2.0,0.29218702027281773,1.0,2.6566812639126955e-51,0.22139088081302516,0.5157441163877601,0.0,0.0,5.0,2.0,6.0,3.0,0.798704496246534,1.0
42.0,0.4,-0.08844815891814628,-0.1073292903274794,-0.05525934889363693,-0.00790084276073215,-0.04421790311288286,0.10547260123935537,-0.06632195223513992,2.4782068591865793e-59,0.12127881473052142,0.1344916485961711,0.0,0.0,3.0,0.0,0.03486563487983937,0.0,3.0356809459493214e-52,0.1451114188484197,0.3697429195575842,1.0,1.0,6.0,3.0,6.0,3.0,0.2715693416832375,1.0
42.0,0.45,-0.08844815891814628,-0.1073292903274794,-0.05525934889363693,-0.00790084276073215,-0.04421790311288286,0.10547260123935537,-0.06632195223513992,1.726024133240937e-58,0.13149406917256554,0.14581981348459422,0.0,0.0,3.0,0.0,0.037802350021493306,0.0,3.636315572844727e-52,0.14620710635296313,0.37253472395221865,1.0,1.0,6.0,3.0,6.0,3.0,0.2736198704194371,1.0
42.0,0.5,-0.08844815891814628,-0.1073292903274794,-0.05525934889363693,-0.00790084276073215,-0.04421790311288286,0.10547260123935537,-0.06632195223513992,2.520348248006055e-57,0.14703590609173095,0.16305487035842564,0.0,0.0,3.0,0.0,0.04227036871535725,0.0,6.6506451398306636e-52,0.1499317375259857,0.3820250591382256,1.0,1.0,6.0,3.0,6.0,3.0,0.280590346235177,1.0
42.0,0.55,-0.08844815891814628,-0.1073292903274794,-0.05525934889363693,-0.00790084276073215,-0.04421790311288286,0.10547260123935537,-0.06632195223513992,5.744770836804537e-56,0.167493866710821,0.18574164262521078,0.0,0.0,4.0,1.0,0.04815169091426078,0.0,9.520816533930111e-52,0.15218984503647834,0.38777870189239505,1.0,1.0,6.0,3.0,6.0,3.0,0.28481629051262236,1.0
42.0,0.6,-0.08844815891814628,-0.1073292903274794,-0.05525934889363693,-0.00790084276073215,-0.04421790311288286,0.10547260123935537,-0.06632195223513992,1.5779911492691556e-54,0.19228713820886525,0.21323604026814266,0.0,0.0,5.0,2.0,0.0552793426269551,0.0,1.3148810014439984e-51,0.15425095164518313,0.3930303876733603,1.0,1.0,6.0,3.0,6.0,3.0,0.28867355666925487,1.0
42.0,0.65,-0.08844815891814628,-0.1073292903274794,-0.05525934889363693,-0.00790084276073215,-0.04421790311288286,0.10547260123935537,-0.06632195223513992,5.538771832324998e-53,0.22301707076894314,0.2473138740632476,0.0,0.0,5.0,2.0,0.06411368530174483,0.0,1.9034235895534312e-51,0.15664681182916726,0.399135023313395,1.0,1.0,6.0,3.0,6.0,3.0,0.29315729873513097,1.0
42.0,0.7,-0.08844815891814628,-0.1073292903274794,-0.05525934889363693,-0.00790084276073215,-0.04421790311288286,0.10547260123935537,-0.06632195223513992,1.7277859009988083e-51,0.2573897764593117,0.28543134631328976,1.0,1.0,6.0,3.0,0.07399526444724885,0.0,3.334209611019379e-51,0.16034876552203456,0.4085675764324402,1.0,1.0,6.0,3.0,6.0,3.0,0.3000853346904818,1.0
42.0,0.75,-0.08844815891814628,-0.1073292903274794,-0.05525934889363693,-0.00790084276073215,-0.04421790311288286,0.10547260123935537,-0.06632195223513992,7.176735801004082e-51,0.2731237724620769,0.3028794972217512,1.0,1.0,6.0,3.0,0.0785185256701771,0.0,4.986872729718349e-51,0.16306112282295548,0.4154786445984362,1.0,1.0,6.0,3.0,6.0,3.0,0.3051613865440596,1.0
42.0,0.8,-0.08844815891814628,-0.1073292903274794,-0.05525934889363693,-0.00790084276073215,-0.04421790311288286,0.10547260123935537,-0.06632195223513992,8.975385043791377e-50,0.30344018268835227,0.33649875710575705,1.0,1.0,6.0,3.0,0.08723398757640842,0.0,6.336681368803289e-51,0.16469680005845988,0.4196463391968952,1.0,1.0,6.0,3.0,6.0,3.0,0.3082224812089541,1.0
42.0,0.85,-0.08844815891814628,-0.1073292903274794,-0.05525934889363693,-0.00790084276073215,-0.04421790311288286,0.10547260123935537,-0.06632195223513992,9.962593615899337e-49,0.33545020614701004,0.3719961424992635,1.0,1.0,6.0,3.0,0.09643633501758755,0.0,1.144175307047773e-50,0.16880220179079444,0.4301068752078879,1.0,1.0,6.0,3.0,6.0,3.0,0.31590555160164285,1.0
42.0,0.9,-0.08844815891814628,-0.1073292903274794,-0.05525934889363693,-0.00790084276073215,-0.04421790311288286,0.10547260123935537,-0.06632195223513992,2.1857176890658854e-47,0.38151559809369445,0.4230801716423947,1.0,1.0,6.0,3.0,0.1096793662904319,0.0,1.8759933709739298e-50,0.17231597992332676,0.43905995826441296,1.0,1.0,6.0,3.0,6.0,3.0,0.32248142565652665,1.0
42.0,0.95,-0.08844815891814628,-0.1073292903274794,-0.05525934889363693,-0.00790084276073215,-0.04421790311288286,0.10547260123935537,-0.06632195223513992,1.1684515773594236e-45,0.4503114526812811,0.49937105493166284,1.0,1.0,6.0,3.0,0.129457026161424,0.0,7.969367541718783e-50,0.18302071345999613,0.46633554734171745,1.0,1.0,6.0,3.0,6.0,3.0,0.34251484178957725,1.0
43.0,0.4,0.033832452768775445,-0.10289717277635257,-0.22389956667241084,0.0123649616466638,0.08778779901677719,0.040243646925528176,-0.13798856019201533,4.040352315499266e-62,0.09434746872752414,0.09728464008143266,0.0,0.0,3.0,2.0,0.06179621259825888,0.0,6.538660212864669e-54,0.1161352467712829,0.28663801133210626,0.0,1.0,3.0,2.0,5.0,3.0,0.5243936918935735,1.0
43.0,0.45,0.033832452768775445,-0.10289717277635257,-0.22389956667241084,0.0123649616466638,0.08778779901677719,0.040243646925528176,-0.13798856019201533,2.185104204862753e-61,0.10122181593513686,0.10437299552866577,0.0,0.0,3.0,2.0,0.0662988095120429,0.0,1.0488243760836173e-53,0.11844442679643545,0.2923373901909733,0.0,1.0,3.0,2.0,5.0,3.0,0.5348204957477166,1.0
43.0,0.5,0.033832452768775445,-0.10289717277635257,-0.22389956667241084,0.0123649616466638,0.08778779901677719,0.040243646925528176,-0.13798856019201533,2.4346267367742872e-60,0.11191736266607528,0.11540150989399015,0.0,0.0,3.0,2.0,0.07330423624530791,0.0,1.4161571145433618e-53,0.1199356587816087,0.2960179590324611,0.0,1.0,3.0,2.0,6.0,3.0,0.5415539609782575,1.0
43.0,0.55,0.033832452768775445,-0.10289717277635257,-0.22389956667241084,0.0123649616466638,0.08778779901677719,0.040243646925528176,-0.13798856019201533,9.311093546660441e-60,0.11835078605246759,0.12203521493216309,0.0,0.0,3.0,2.0,0.07751803450277114,0.0,1.974594133465627e-53,0.12160840484032429,0.30014652996216457,0.0,1.0,3.0,2.0,6.0,3.0,0.5491070295402749,1.0
43.0,0.6,0.033832452768775445,-0.10289717277635257,-0.22389956667241084,0.0123649616466638,0.08778779901677719,0.040243646925528176,-0.13798856019201533,1.9732976610694054e-58,0.1344092454463901,0.13859359708560287,0.0,0.0,3.0,2.0,0.08803609062119504,0.0,2.7349957347403087e-53,0.1232703253569869,0.3042483819419202,0.0,1.0,3.0,2.0,6.0,3.0,0.5566112167667653,1.0
43.0,0.65,0.033832452768775445,-0.10289717277635257,-0.22389956667241084,0.0123649616466638,0.08778779901677719,0.040243646925528176,-0.13798856019201533,2.275785485510138e-56,0.16381107352811353,0.16891074603771009,0.0,0.0,3.0,2.0,0.1072938581418364,0.0,4.632923033122781e-53,0.12600737863442216,0.3110038117547069,0.0,1.0,3.0,2.0,6.0,3.0,0.5689700269726833,1.0
43.0,0.7,0.033832452768775445,-0.10289717277635257,-0.22389956667241084,0.0123649616466638,0.08778779901677719,0.040243646925528176,-0.13798856019201533,1.450859172240074e-55,0.17695540691180872,0.1824642812791924,0.0,0.0,3.0,2.0,0.1159032043298837,0.0,7.089590108300225e-53,0.12826098238579137,0.31656602060672945,0.0,1.0,3.0,2.0,6.0,3.0,0.5791458833479065,1.0
43.0,0.75,0.033832452768775445,-0.10289717277635257,-0.22389956667241084,0.0123649616466638,0.08778779901677719,0.040243646925528176,-0.13798856019201533,1.3294275852573627e-54,0.19406571346303186,0.20010725609313257,0.0,1.0,4.0,3.0,0.12711020495768435,0.0,1.0695758970098633e-52,0.13047756163305038,0.3220368478108565,0.0,1.0,4.0,2.0,6.0,3.0,0.5891545603616468,1.0
43.0,0.8,0.033832452768775445,-0.10289717277635257,-0.22389956667241084,0.0123649616466638,0.08778779901677719,0.040243646925528176,-0.13798856019201533,4.588438327448052e-54,0.20434569312440926,0.21070726619292443,0.0,1.0,5.0,3.0,0.13384344133623416,0.0,1.713297217064405e-52,0.13306434828790403,0.328421398609185,0.0,1.0,5.0,3.0,6.0,3.0,0.6008348610609795,1.0
43.0,0.85,0.033832452768775445,-0.10289717277635257,-0.22389956667241084,0.0123649616466638,0.08778779901677719,0.040243646925528176,-0.13798856019201533,2.741777143274967e-51,0.26671501021012733,0.27501822913282076,0.0,1.0,5.0,3.0,0.17469443214943933,0.0,2.849295141672153e-52,0.13591458860901776,0.33545618985625236,0.0,1.0,5.0,3.0,6.0,3.0,0.6137047527288922,1.0
43.0,0.9,0.033832452768775445,-0.10289717277635257,-0.22389956667241084,0.0123649616466638,0.08778779901677719,0.040243646925528176,-0.13798856019201533,8.275215045097043e-50,0.3073998054762273,0.3169696001407706,0.0,1.0,5.0,3.0,0.20134237821189785,0.0,7.812566818683336e-52,0.14174848342804208,0.34985505717462195,0.0,1.0,5.0,3.0,6.0,3.0,0.6400469505311827,1.0
43.0,0.95,0.033832452768775445,-0.10289717277635257,-0.22389956667241084,0.0123649616466638,0.08778779901677719,0.040243646925528176,-0.13798856019201533,6.061853570489428e-48,0.3676246957140208,0.3790693771644468,1.0,1.0,6.0,3.0,0.24078880079255746,0.0,1.288410010099182e-51,0.14473412351632403,0.357224033960317,0.0,1.0,5.0,3.0,6.0,3.0,0.6535282223421693,1.0
44.0,0.4,0.18486740028364823,-0.07314574049218925,-0.08869320144820364,0.03472337098135681,-0.022703985825426296,0.11193093146327115,0.0024939991290804375,1.7238912013897255e-61,0.10227978931218935,0.11113067551062564,0.0,0.0,2.0,0.0,0.03410155606093948,1.0,8.063056318355369e-55,0.0978237850252703,0.3062089692774308,0.0,0.0,4.0,2.0,6.0,3.0,0.25055572426549905,1.0
44.0,0.45,0.18486740028364823,-0.07314574049218925,-0.08869320144820364,0.03472337098135681,-0.022703985825426296,0.11193093146327115,0.0024939991290804375,1.1707423214152754e-60,0.11077824207866521,0.12036455058100622,0.0,0.0,2.0,0.0,0.03693506271358453,1.0,1.0874079061468807e-54,0.09905049776382278,0.31004883749735923,0.0,0.0,4.0,2.0,6.0,3.0,0.25369769938529557,1.0
44.0,0.5,0.18486740028364823,-0.07314574049218925,-0.08869320144820364,0.03472337098135681,-0.022703985825426296,0.11193093146327115,0.0024939991290804375,3.0885837823346937e-60,0.11534759803092402,0.12532932042495928,0.0,0.0,2.0,0.0,0.038458551852701986,1.0,1.5372211099170533e-54,0.10048957040088731,0.3145534367499546,0.0,0.0,4.0,2.0,6.0,3.0,0.2573835911830545,1.0
44.0,0.55,0.18486740028364823,-0.07314574049218925,-0.08869320144820364,0.03472337098135681,-0.022703985825426296,0.11193093146327115,0.0024939991290804375,1.5280673893833365e-58,0.1357087505448023,0.1474524461007031,0.0,0.0,3.0,1.0,0.045247253595115625,1.0,3.578381042888029e-54,0.10409037739066096,0.3258247180300721,0.0,0.0,4.0,2.0,6.0,3.0,0.2666063257463301,1.0
44.0,0.6,0.18486740028364823,-0.07314574049218925,-0.08869320144820364,0.03472337098135681,-0.022703985825426296,0.11193093146327115,0.0024939991290804375,6.2949948362840034e-58,0.14395498931546494,0.1564122815791325,0.0,0.0,3.0,1.0,0.04799666846603705,1.0,7.109266247515674e-54,0.10711073707849715,0.3352790774848868,0.0,0.0,4.0,2.0,6.0,3.0,0.27434236263074036,1.0
44.0,0.65,0.18486740028364823,-0.07314574049218925,-0.08869320144820364,0.03472337098135681,-0.022703985825426296,0.11193093146327115,0.0024939991290804375,1.6040807324559097e-56,0.16474781882138612,0.17900443985702305,0.0,0.0,4.0,1.0,0.05492929753997298,1.0,1.0075925454690098e-53,0.10867855320098078,0.3401866708555402,0.0,1.0,5.0,3.0,6.0,3.0,0.27835800467508093,1.0
44.0,0.7,0.18486740028364823,-0.07314574049218925,-0.08869320144820364,0.03472337098135681,-0.022703985825426296,0.11193093146327115,0.0024939991290804375,1.057456684805511e-55,0.1782157935143822,0.1936378795175631,0.0,0.0,4.0,1.0,0.05941971443571628,1.0,1.6621465118150134e-53,0.1109689635406062,0.34735613571664636,0.0,1.0,5.0,3.0,6.0,3.0,0.28422442480349647,1.0
44.0,0.75,0.18486740028364823,-0.07314574049218925,-0.08869320144820364,0.03472337098135681,-0.022703985825426296,0.11193093146327115,0.0024939991290804375,4.605852151329331e-55,0.18948427042654256,0.2058814856067578,0.0,0.0,4.0,1.0,0.06317678706683523,1.0,3.278931967199931e-53,0.11415523322714496,0.35732982827314397,0.0,1.0,5.0,3.0,6.0,3.0,0.29238540639718247,1.0
44.0,0.8,0.18486740028364823,-0.07314574049218925,-0.08869320144820364,0.03472337098135681,-0.022703985825426296,0.11193093146327115,0.0024939991290804375,3.0893651825695113e-54,0.20512242059142913,0.2228728990936972,0.0,0.0,4.0,1.0,0.06839077174673637,1.0,5.493921183349941e-53,0.1166367499895058,0.3650974963290354,0.0,1.0,5.0,3.0,6.0,3.0,0.29874130674912325,1.0
44.0,0.85,0.18486740028364823,-0.07314574049218925,-0.08869320144820364,0.03472337098135681,-0.022703985825426296,0.11193093146327115,0.0024939991290804375,2.578208339415807e-53,0.22408192734763685,0.24347308616227303,0.0,0.0,4.0,1.0,0.07471214458962629,1.0,1.0489113916022194e-52,0.11982232957595104,0.3750690287274662,0.0,1.0,5.0,3.0,6.0,3.0,0.30690052079181224,1.0
44.0,0.9,0.18486740028364823,-0.07314574049218925,-0.08869320144820364,0.03472337098135681,-0.022703985825426296,0.11193093146327115,0.0024939991290804375,3.166457364749978e-51,0.27381620651966565,0.2975111720596881,0.0,0.0,5.0,2.0,0.09129427015657084,1.0,1.7017956206001916e-52,0.12226292563779274,0.38270860640610593,0.0,1.0,5.0,3.0,6.0,3.0,0.3131516110941993,1.0
44.0,0.95,0.18486740028364823,-0.07314574049218925,-0.08869320144820364,0.03472337098135681,-0.022703985825426296,0.11193093146327115,0.0024939991290804375,1.196477365734222e-48,0.35062908187732905,0.38097112816455764,1.0,1.0,6.0,3.0,0.11690479001417423,1.0,8.886238877058172e-52,0.1309795693246438,0.40999352978358294,0.0,1.0,6.0,3.0,6.0,3.0,0.33547752060137154,1.0
45.0,0.4,0.16888400510382673,-0.11631650652750603,-0.16094521470855794,0.04265472471964888,0.03103154282523452,0.0018783938397273214,-0.05100180810442967,1.4570465241753499e-61,0.10397850222875779,0.11249499507368765,0.0,0.0,2.0,1.0,0.031313016793168696,0.0,6.80207839275069e-53,0.15735822438495917,0.3568159376586924,1.0,1.0,5.0,3.0,6.0,3.0,0.2874585482547737,1.0
45.0,0.45,0.16888400510382673,-0.11631650652750603,-0.16094521470855794,0.04265472471964888,0.03103154282523452,0.0018783938397273214,-0.05100180810442967,1.54938300872346e-60,0.11474192042842118,0.12414000487276403,0.0,0.0,3.0,1.0,0.03455440888493458,0.0,1.1232639108446619e-52,0.16068158988869533,0.3643517991176853,1.0,1.0,5.0,3.0,6.0,3.0,0.2935295993660702,1.0
45.0,0.5,0.16888400510382673,-0.11631650652750603,-0.16094521470855794,0.04265472471964888,0.03103154282523452,0.0018783938397273214,-0.05100180810442967,9.100005218786684e-59,0.13596451146211627,0.14710085949763582,0.0,0.0,3.0,1.0,0.0409455698959926,0.0,1.7930893814894437e-52,0.16384359145651878,0.371521761531223,1.0,1.0,5.0,3.0,6.0,3.0,0.2993058743832706,1.0
45.0,0.55,0.16888400510382673,-0.11631650652750603,-0.16094521470855794,0.04265472471964888,0.03103154282523452,0.0018783938397273214,-0.05100180810442967,1.0143926652740523e-55,0.1821338853967366,0.19705179533535047,0.0,0.0,3.0,1.0,0.05484942838939767,0.0,2.732264920737439e-52,0.16674436338062723,0.37809937549503253,1.0,1.0,5.0,3.0,6.0,3.0,0.3046049408247077,1.0
45.0,0.6,0.16888400510382673,-0.11631650652750603,-0.16094521470855794,0.04265472471964888,0.03103154282523452,0.0018783938397273214,-0.05100180810442967,2.5600921565259802e-54,0.20835766484140972,0.22542346713488967,0.0,0.0,4.0,2.0,0.06274669204034775,0.0,3.649827307056629e-52,0.16876824136020838,0.3826885980908871,1.0,1.0,5.0,3.0,6.0,3.0,0.3083021166674644,1.0
45.0,0.65,0.16888400510382673,-0.11631650652750603,-0.16094521470855794,0.04265472471964888,0.03103154282523452,0.0018783938397273214,-0.05100180810442967,1.604712664130178e-52,0.2475656495010931,0.26784283216321586,0.0,0.0,4.0,2.0,0.07455413546143033,0.0,5.701015160509111e-52,0.17193358543017984,0.3898661397589743,1.0,1.0,5.0,3.0,6.0,3.0,0.31408449769417757,1.0
45.0,0.7,0.16888400510382673,-0.11631650652750603,-0.16094521470855794,0.04265472471964888,0.03103154282523452,0.0018783938397273214,-0.05100180810442967,1.2534659177565395e-51,0.2697036683863783,0.2917940939342532,0.0,0.0,4.0,2.0,0.08122097660901033,0.0,7.694750976220988e-52,0.17409547585064433,0.39476831097060566,1.0,1.0,5.0,3.0,6.0,3.0,0.31803379163277895,1.0
45.0,0.75,0.16888400510382673,-0.11631650652750603,-0.16094521470855794,0.04265472471964888,0.03103154282523452,0.0018783938397273214,-0.05100180810442967,1.8341608616292513e-51,0.2740156645902884,0.296459269728471,0.0,0.0,4.0,2.0,0.08251952973923395,0.0,1.1705661845881425e-51,0.17716552299877286,0.40172976313554626,1.0,1.0,5.0,3.0,6.0,3.0,0.3236420863356715,1.0
45.0,0.8,0.16888400510382673,-0.11631650652750603,-0.16094521470855794,0.04265472471964888,0.03103154282523452,0.0018783938397273214,-0.05100180810442967,2.6806658320790993e-50,0.3064142390818415,0.33151149109826245,1.0,1.0,6.0,3.0,0.09227632643646648,0.0,1.515590685183444e-51,0.17908269661836437,0.40607702941541696,1.0,1.0,5.0,3.0,6.0,3.0,0.3271443369971429,1.0
45.0,0.85,0.16888400510382673,-0.11631650652750603,-0.16094521470855794,0.04265472471964888,0.03103154282523452,0.0018783938397273214,-0.05100180810442967,1.4332620485675902e-49,0.3285834850467236,0.35549653764298,1.0,1.0,6.0,3.0,0.09895257158628598,0.0,2.4366824843679857e-51,0.18266107150629118,0.41419113464201335,1.0,1.0,5.0,3.0,6.0,3.0,0.33368123365071933,1.0
45.0,0.9,0.16888400510382673,-0.11631650652750603,-0.16094521470855794,0.04265472471964888,0.03103154282523452,0.0018783938397273214,-0.05100180810442967,1.3226646566448779e-48,0.3604617922221702,0.38998587853355815,1.0,1.0,6.0,3.0,0.1085526903274316,1.0,6.789858399144702e-51,0.1906295583004913,0.43225999058078934,1.0,1.0,5.0,3.0,6.0,3.0,0.34823789031484353,1.0
45.0,0.95,0.16888400510382673,-0.11631650652750603,-0.16094521470855794,0.04265472471964888,0.03103154282523452,0.0018783938397273214,-0.05100180810442967,2.9244157062837365e-46,0.4513884694381608,0.48836002209427026,1.0,1.0,6.0,3.0,0.13593516371935824,1.0,1.2025022998461131e-50,0.19522388819408662,0.4426778135786273,1.0,1.0,5.0,3.0,6.0,3.0,0.35663071125940077,1.0
46.0,0.4,0.059483470696278906,-0.1356898807448706,-0.13235943054331178,-0.018297130989924245,-0.012991782568104711,0.12519471817276256,-0.06841146346344817,5.1969708500620455e-59,0.12978210075980326,0.13563403856383496,0.0,0.0,3.0,1.0,0.04654584972416541,0.0,2.3552245111802055e-53,0.10718813240057165,0.3684550797976384,0.0,0.0,4.0,2.0,6.0,3.0,0.3276584815670624,1.0
46.0,0.45,0.059483470696278906,-0.1356898807448706,-0.13235943054331178,-0.018297130989924245,-0.012991782568104711,0.12519471817276256,-0.06841146346344817,1.1187427221865009e-57,0.14748764145001655,0.15413793066228784,0.0,0.0,3.0,1.0,0.052895873582825374,0.0,3.5028208567446736e-53,0.10897564243751581,0.37459957675407407,0.0,0.0,4.0,2.0,6.0,3.0,0.33312263894506605,1.0
46.0,0.5,0.059483470696278906,-0.1356898807448706,-0.13235943054331178,-0.018297130989924245,-0.012991782568104711,0.12519471817276256,-0.06841146346344817,9.407455452488119e-57,0.16117086810295556,0.16843814063467288,0.0,0.0,3.0,1.0,0.057803310030538166,0.0,4.519344988907266e-53,0.11013875678138461,0.3785977375465619,0.0,0.0,4.0,2.0,6.0,3.0,0.33667810979119217,1.0
46.0,0.55,0.059483470696278906,-0.1356898807448706,-0.13235943054331178,-0.018297130989924245,-0.012991782568104711,0.12519471817276256,-0.06841146346344817,1.888515734452146e-56,0.1659192961327843,0.17340067758502922,0.0,0.0,3.0,1.0,0.05950631542348893,0.0,6.017936328844975e-53,0.1114608474003393,0.3831423731661677,0.0,0.0,4.0,2.0,6.0,3.0,0.3407195479149746,1.0
46.0,0.6,0.059483470696278906,-0.1356898807448706,-0.13235943054331178,-0.018297130989924245,-0.012991782568104711,0.12519471817276256,-0.06841146346344817,1.02067608095319e-55,0.17800363403799854,0.1860299041413764,0.0,0.0,3.0,1.0,0.06384031659051544,0.0,8.890410832203841e-53,0.11328796282928989,0.38942301213334035,0.0,0.0,4.0,2.0,6.0,3.0,0.3463047731977553,1.0
46.0,0.65,0.059483470696278906,-0.1356898807448706,-0.13235943054331178,-0.018297130989924245,-0.012991782568104711,0.12519471817276256,-0.06841146346344817,7.278880510871387e-55,0.19318699891622101,0.20189789429845556,0.0,0.0,3.0,1.0,0.06928577182503114,0.0,1.9074167791224272e-52,0.11694920061755149,0.402008376121125,0.0,0.0,4.0,2.0,6.0,3.0,0.3574966429270886,1.0
46.0,0.7,0.059483470696278906,-0.1356898807448706,-0.13235943054331178,-0.018297130989924245,-0.012991782568104711,0.12519471817276256,-0.06841146346344817,1.4147115385139986e-53,0.21860983695942332,0.22846706042665427,0.0,0.0,3.0,1.0,0.07840357460517534,0.0,3.085189035531575e-52,0.11931602189204646,0.4101442331607999,0.0,1.0,4.0,2.0,6.0,3.0,0.36473167023443537,1.0
46.0,0.75,0.059483470696278906,-0.1356898807448706,-0.13235943054331178,-0.018297130989924245,-0.012991782568104711,0.12519471817276256,-0.06841146346344817,1.298215374502182e-52,0.2397625335946331,0.2505735424018463,0.0,0.0,4.0,1.0,0.08598990764400899,0.0,7.763626960618493e-52,0.12399325238004057,0.42622203295159683,0.0,1.0,4.0,2.0,6.0,3.0,0.3790292814094125,1.0
46.0,0.8,0.059483470696278906,-0.1356898807448706,-0.13235943054331178,-0.018297130989924245,-0.012991782568104711,0.12519471817276256,-0.06841146346344817,6.228648989431387e-52,0.2559518553820958,0.26749284855259975,0.0,0.0,5.0,2.0,0.09179614544293348,0.0,9.187153175812404e-52,0.12486610483682661,0.4292224296784917,0.0,1.0,4.0,2.0,6.0,3.0,0.3816974640171083,1.0
46.0,0.85,0.059483470696278906,-0.1356898807448706,-0.13235943054331178,-0.018297130989924245,-0.012991782568104711,0.12519471817276256,-0.06841146346344817,4.484595196565801e-51,0.27789474862826563,0.2904251574867985,1.0,1.0,6.0,3.0,0.09966587944762424,0.0,1.4719430730725382e-51,0.12734272818487674,0.43773572712008096,0.0,1.0,4.0,2.0,6.0,3.0,0.3892681402427471,1.0
46.0,0.9,0.059483470696278906,-0.1356898807448706,-0.13235943054331178,-0.018297130989924245,-0.012991782568104711,0.12519471817276256,-0.06841146346344817,1.0839534766218776e-48,0.3492882541666587,0.36503783078081065,1.0,1.0,6.0,3.0,0.12527088476512677,0.0,2.750218458709243e-51,0.1307030305167612,0.449286637058615,1.0,1.0,4.0,2.0,6.0,3.0,0.39954009418963454,1.0
46.0,0.95,0.059483470696278906,-0.1356898807448706,-0.13235943054331178,-0.018297130989924245,-0.012991782568104711,0.12519471817276256,-0.06841146346344817,1.9482381257465268e-47,0.3939674029732228,0.4117315840545731,1.0,1.0,6.0,3.0,0.14129488910762752,1.0,7.290828905435268e-51,0.13612181424785041,0.4679134975825323,1.0,1.0,4.0,2.0,6.0,3.0,0.41610452543313964,1.0
47.0,0.4,0.1057351683941764,-0.18249940418774335,-0.1484083054442919,-0.03694525354046635,-0.01793880712516555,0.11898541823177416,-0.06369348083146908,4.859916825817511e-64,0.08011078713355428,0.088929320331349,0.0,0.0,1.0,0.0,0.03167731307181288,0.0,1.661818893729222e-55,0.09968987560868181,0.25280945186940723,0.0,0.0,4.0,2.0,4.0,2.0,0.24130463196762048,1.0
47.0,0.45,0.1057351683941764,-0.18249940418774335,-0.1484083054442919,-0.03694525354046635,-0.01793880712516555,0.11898541823177416,-0.06369348083146908,1.017199442395285e-62,0.09093339074836236,0.10094326774240077,0.0,0.0,2.0,0.0,0.03595677424333862,0.0,2.3233753954260823e-55,0.10109159326086836,0.2563641505703663,0.0,0.0,4.0,2.0,4.0,2.0,0.2446975638989544,1.0
47.0,0.5,0.1057351683941764,-0.18249940418774335,-0.1484083054442919,-0.03694525354046635,-0.01793880712516555,0.11898541823177416,-0.06369348083146908,6.243587863105817e-62,0.09807490367108025,0.10887091285835845,0.0,0.0,2.0,0.0,0.03878066286999996,0.0,3.791742209881263e-55,0.10317592006960856,0.2616499182054141,0.0,0.0,4.0,2.0,4.0,2.0,0.2497427875027793,1.0
47.0,0.55,0.1057351683941764,-0.18249940418774335,-0.1484083054442919,-0.03694525354046635,-0.01793880712516555,0.11898541823177416,-0.06369348083146908,2.985721029349146e-61,0.10468276419919419,0.11620616153878736,0.0,0.0,2.0,0.0,0.04139353529546972,0.0,6.950842309747443e-55,0.105814445411029,0.2683411106784235,0.0,0.0,4.0,2.0,4.0,2.0,0.256129478052459,1.0
47.0,0.6,0.1057351683941764,-0.18249940418774335,-0.1484083054442919,-0.03694525354046635,-0.01793880712516555,0.11898541823177416,-0.06369348083146908,1.3160146768918772e-59,0.12256994595871396,0.1360623503672096,0.0,0.0,2.0,0.0,0.048466463634372535,0.0,1.0536214949844152e-54,0.1076643508391293,0.27303239526908807,0.0,0.0,4.0,2.0,4.0,2.0,0.26060727226954566,1.0
47.0,0.65,0.1057351683941764,-0.18249940418774335,-0.1484083054442919,-0.03694525354046635,-0.01793880712516555,0.11898541823177416,-0.06369348083146908,4.7621617808859e-59,0.12931730248602072,0.14355245065802746,0.0,0.0,2.0,0.0,0.051134495403506314,0.0,1.5304338037178355e-54,0.10935215342134835,0.2773125936650564,0.0,0.0,4.0,2.0,4.0,2.0,0.26469268794941925,1.0
47.0,0.7,0.1057351683941764,-0.18249940418774335,-0.1484083054442919,-0.03694525354046635,-0.01793880712516555,0.11898541823177416,-0.06369348083146908,3.5737712304228436e-58,0.14064633248871627,0.15612857148022818,0.0,0.0,2.0,0.0,0.05561420710072213,0.0,2.4329883521958368e-54,0.11148486222758937,0.2827210560691954,0.0,0.0,4.0,2.0,4.0,2.0,0.2698550227446216,1.0
47.0,0.75,0.1057351683941764,-0.18249940418774335,-0.1484083054442919,-0.03694525354046635,-0.01793880712516555,0.11898541823177416,-0.06369348083146908,1.2313312681119373e-57,0.1480859145866372,0.1643870969945814,0.0,0.0,2.0,0.0,0.05855595788949433,0.0,3.699974418385567e-54,0.11344926336062378,0.2877026970900297,0.0,0.0,4.0,2.0,4.0,2.0,0.27460995988893455,1.0
47.0,0.8,0.1057351683941764,-0.18249940418774335,-0.1484083054442919,-0.03694525354046635,-0.01793880712516555,0.11898541823177416,-0.06369348083146908,1.883915455723748e-56,0.1659111942581099,0.18417456960120523,0.0,0.0,3.0,1.0,0.06560440897766691,0.0,7.560107496397646e-54,0.11687781007894658,0.2963973514997735,0.0,0.0,4.0,2.0,4.0,2.0,0.28290893908814835,1.0
47.0,0.85,0.1057351683941764,-0.18249940418774335,-0.1484083054442919,-0.03694525354046635,-0.01793880712516555,0.11898541823177416,-0.06369348083146908,7.078263564536911e-55,0.19297234651257789,0.21421459246805105,0.0,0.0,3.0,1.0,0.0763048979220544,0.0,1.4088097212728428e-53,0.11994870983543401,0.30418502782541107,0.0,0.0,4.0,2.0,5.0,2.0,0.2903422148448306,1.0
47.0,0.9,0.1057351683941764,-0.18249940418774335,-0.1484083054442919,-0.03694525354046635,-0.01793880712516555,0.11898541823177416,-0.06369348083146908,2.513322171405313e-52,0.2464668251913243,0.2735977017920163,0.0,0.0,3.0,1.0,0.0974576216606819,0.0,2.3603704609423763e-53,0.12255590482972228,0.31079676781804555,0.0,0.0,4.0,2.0,5.0,2.0,0.2966530686273559,1.0
47.0,0.95,0.1057351683941764,-0.18249940418774335,-0.1484083054442919,-0.03694525354046635,-0.01793880712516555,0.11898541823177416,-0.06369348083146908,4.383048251265836e-51,0.27764432941412465,0.3082072014532685,0.0,0.0,4.0,2.0,0.10978579365101493,0.0,7.347026091468444e-53,0.12849356625346314,0.32585443461476615,0.0,0.0,4.0,2.0,5.0,2.0,0.311025493067209,1.0
48.0,0.4,0.05303094036438516,-0.2861574156133224,-0.23137842763023775,-0.05598798489465014,-0.08323124159512807,0.13317639232205009,-0.13657497163203003,3.30134810030428e-58,0.14048574783370857,0.15339070365177077,0.0,0.0,2.0,1.0,0.0342084753194062,0.0,4.90556924663315e-52,0.16991689332586868,0.36510559727883435,0.0,0.0,4.0,2.0,4.0,2.0,0.24223242466982636,0.0
48.0,0.45,0.05303094036438516,-0.2861574156133224,-0.23137842763023775,-0.05598798489465014,-0.08323124159512807,0.13317639232205009,-0.13657497163203003,1.5341127470630976e-57,0.14977207588222985,0.1635300694996854,0.0,0.0,2.0,1.0,0.03646970913674526,0.0,9.819400661817225e-52,0.17490197268172117,0.37581718892858484,0.0,0.0,4.0,2.0,4.0,2.0,0.24933912157266924,0.0
48.0,0.5,0.05303094036438516,-0.2861574156133224,-0.23137842763023775,-0.05598798489465014,-0.08323124159512807,0.13317639232205009,-0.13657497163203003,1.2173610948289483e-56,0.1632723355035409,0.17827045672562442,0.0,0.0,3.0,1.0,0.03975704116282273,0.0,2.2158713794481066e-51,0.18093483545003924,0.38878018466853037,0.0,0.0,4.0,2.0,4.0,2.0,0.2579395317347559,0.0
48.0,0.55,0.05303094036438516,-0.2861574156133224,-0.23137842763023775,-0.05598798489465014,-0.08323124159512807,0.13317639232205009,-0.13657497163203003,8.167805848991365e-56,0.1767493618987426,0.19298547653204953,0.0,0.0,3.0,1.0,0.043038715865974526,0.0,4.654043665397354e-51,0.1866168133482268,0.4009892234146918,0.0,0.0,4.0,2.0,4.0,2.0,0.2660397226943373,0.0
48.0,0.6,0.05303094036438516,-0.2861574156133224,-0.23137842763023775,-0.05598798489465014,-0.08323124159512807,0.13317639232205009,-0.13657497163203003,1.9569907339761805e-55,0.18330303737737044,0.20014116960891606,0.0,0.0,3.0,1.0,0.04463454497546832,0.0,7.811050412247485e-51,0.19068684226443364,0.4097346183504617,0.0,0.0,4.0,2.0,4.0,2.0,0.2718419296059146,0.0
48.0,0.65,0.05303094036438516,-0.2861574156133224,-0.23137842763023775,-0.05598798489465014,-0.08323124159512807,0.13317639232205009,-0.13657497163203003,2.3708568795395333e-54,0.20337981677724187,0.22206219267847996,0.0,0.0,3.0,1.0,0.049523268729899414,0.0,1.6421378917880913e-50,0.19668288403209092,0.42261849568625376,0.0,0.0,4.0,2.0,4.0,2.0,0.2803898479874944,1.0
48.0,0.7,0.05303094036438516,-0.2861574156133224,-0.23137842763023775,-0.05598798489465014,-0.08323124159512807,0.13317639232205009,-0.13657497163203003,2.5482146284974873e-53,0.2245328882342475,0.2451583754957362,0.0,0.0,4.0,2.0,0.05467407109971096,0.0,2.1497404554667154e-50,0.19890265711178406,0.4273881896243989,0.0,0.0,4.0,2.0,4.0,2.0,0.28355434213981906,1.0
48.0,0.75,0.05303094036438516,-0.2861574156133224,-0.23137842763023775,-0.05598798489465014,-0.08323124159512807,0.13317639232205009,-0.13657497163203003,3.338404573781307e-52,0.24993912952268446,0.2728984223579484,0.0,0.0,4.0,2.0,0.060860526248906074,0.0,2.7400439510274363e-50,0.20092365231062911,0.43173076348347283,0.0,0.0,4.0,2.0,4.0,2.0,0.2864354598302389,1.0
48.0,0.8,0.05303094036438516,-0.2861574156133224,-0.23137842763023775,-0.05598798489465014,-0.08323124159512807,0.13317639232205009,-0.13657497163203003,5.559784342530115e-51,0.28101588959643947,0.30682987923835064,0.0,0.0,4.0,2.0,0.06842776062237804,0.0,3.7477114205110303e-50,0.203562647004244,0.4374012516554765,0.0,0.0,4.0,2.0,4.0,2.0,0.29019759360524366,1.0
48.0,0.85,0.05303094036438516,-0.2861574156133224,-0.23137842763023775,-0.05598798489465014,-0.08323124159512807,0.13317639232205009,-0.13657497163203003,6.854420064874019e-50,0.3120222583369549,0.3406844786701995,0.0,0.0,4.0,2.0,0.07597785460813843,0.0,6.540502545374916e-50,0.2083411051581247,0.4476688700434765,0.0,0.0,4.0,2.0,4.0,2.0,0.2970097326582922,1.0
48.0,0.9,0.05303094036438516,-0.2861574156133224,-0.23137842763023775,-0.05598798489465014,-0.08323124159512807,0.13317639232205009,-0.13657497163203003,9.862856635773141e-49,0.3486879260057153,0.3807182376122838,0.0,0.0,4.0,2.0,0.08490599576734706,0.0,1.2067088381812874e-49,0.21372628530384932,0.4592401704308263,0.0,0.0,4.0,2.0,4.0,2.0,0.30468681066065983,1.0
48.0,0.95,0.05303094036438516,-0.2861574156133224,-0.23137842763023775,-0.05598798489465014,-0.08323124159512807,0.13317639232205009,-0.13657497163203003,3.5587604926228693e-42,0.6541202253502538,0.7142074067050336,1.0,1.0,6.0,3.0,0.15927918617983472,0.0,2.2971933701276724e-49,0.219537003277036,0.47172583689219755,0.0,0.0,4.0,2.0,4.0,2.0,0.3129705326388986,1.0
49.0,0.4,0.2351674805219488,-0.08634067314558652,-0.07819646948801129,0.018104781388739596,-0.024704995683986517,0.10559400133326519,0.026258513848642084,1.1540113651184244e-65,0.07086366172651312,0.0773833217301219,0.0,0.0,2.0,0.0,0.018447627128360095,0.0,3.559911864341545e-55,0.10937960810541694,0.2848169213865321,0.0,0.0,5.0,2.0,6.0,3.0,0.1893074858726841,1.0
49.0,0.45,0.2351674805219488,-0.08634067314558652,-0.07819646948801129,0.018104781388739596,-0.024704995683986517,0.10559400133326519,0.026258513848642084,1.2541150705881189e-64,0.07827004088427636,0.08547110900016677,0.0,0.0,2.0,0.0,0.02037569742200333,0.0,6.693284286970159e-55,0.11229524424354495,0.2924090358869297,0.0,0.0,5.0,2.0,6.0,3.0,0.19435368924266325,1.0
49.0,0.5,0.2351674805219488,-0.08634067314558652,-0.07819646948801129,0.018104781388739596,-0.024704995683986517,0.10559400133326519,0.026258513848642084,2.959887462670097e-62,0.0982806385506259,0.10732273901052793,0.0,0.0,2.0,0.0,0.02558496879424933,0.0,1.0575479847300111e-54,0.11445608794612941,0.2980357231792669,0.0,0.0,5.0,2.0,6.0,3.0,0.19809354437457996,1.0
49.0,0.55,0.2351674805219488,-0.08634067314558652,-0.07819646948801129,0.018104781388739596,-0.024704995683986517,0.10559400133326519,0.026258513848642084,2.3660470265938216e-60,0.11796390572884202,0.1288169231895818,0.0,0.0,2.0,0.0,0.030709027652130284,0.0,2.4643564289533487e-54,0.11856250717170413,0.3087285543386495,0.0,0.0,6.0,3.0,6.0,3.0,0.20520068173773093,1.0
49.0,0.6,0.2351674805219488,-0.08634067314558652,-0.07819646948801129,0.018104781388739596,-0.024704995683986517,0.10559400133326519,0.026258513848642084,1.2061987638496804e-58,0.13896026154572316,0.15174500392591686,0.0,0.0,3.0,0.0,0.03617491713239799,0.0,4.453876633443008e-54,0.12152262778816159,0.3164365033386099,0.0,0.0,6.0,3.0,6.0,3.0,0.21032387610172407,1.0
49.0,0.65,0.2351674805219488,-0.08634067314558652,-0.07819646948801129,0.018104781388739596,-0.024704995683986517,0.10559400133326519,0.026258513848642084,1.5529437810332436e-57,0.1545715843599109,0.16879261318756322,0.0,0.0,4.0,1.0,0.04023894452302387,0.0,7.339324607848982e-54,0.12407817540085377,0.3230909722666957,0.0,0.0,6.0,3.0,6.0,3.0,0.2147468604400886,1.0
49.0,0.7,0.2351674805219488,-0.08634067314558652,-0.07819646948801129,0.018104781388739596,-0.024704995683986517,0.10559400133326519,0.026258513848642084,4.75018764868359e-57,0.1619426039228164,0.17684178767866823,0.0,0.0,4.0,1.0,0.04215780980798634,0.0,1.1961311342275367e-53,0.12662919447754836,0.329733649200793,0.0,0.0,6.0,3.0,6.0,3.0,0.21916200706739103,1.0
49.0,0.75,0.2351674805219488,-0.08634067314558652,-0.07819646948801129,0.018104781388739596,-0.024704995683986517,0.10559400133326519,0.026258513848642084,4.243449823171153e-56,0.1774134184968623,0.1937359615393245,0.0,0.0,4.0,1.0,0.046185259302982125,0.0,1.9584940641054579e-53,0.12925771926426863,0.33657814563398863,0.0,0.0,6.0,3.0,6.0,3.0,0.2237112958018001,1.0
49.0,0.8,0.2351674805219488,-0.08634067314558652,-0.07819646948801129,0.018104781388739596,-0.024704995683986517,0.10559400133326519,0.026258513848642084,1.6927170051257325e-54,0.20686603215671773,0.22589830007934464,0.0,0.0,4.0,1.0,0.053852529403270705,1.0,3.7386992011814053e-53,0.1327872620715875,0.3457688305678173,0.0,0.0,6.0,3.0,6.0,3.0,0.22982001100664523,1.0
49.0,0.85,0.2351674805219488,-0.08634067314558652,-0.07819646948801129,0.018104781388739596,-0.024704995683986517,0.10559400133326519,0.026258513848642084,2.9652056147215026e-53,0.23307755489510362,0.25452135804280346,0.0,0.0,4.0,1.0,0.06067606047918972,1.0,1.0872502362429785e-52,0.13882684610309795,0.3614954889468839,0.0,0.0,6.0,3.0,6.0,3.0,0.24027295089668518,1.0
49.0,0.9,0.2351674805219488,-0.08634067314558652,-0.07819646948801129,0.018104781388739596,-0.024704995683986517,0.10559400133326519,0.026258513848642084,4.4295368894195304e-52,0.26087338071586025,0.2848744795134835,0.0,0.0,5.0,2.0,0.06791202624744345,1.0,3.1231553221836097e-52,0.14506672070167603,0.37774369008591335,0.0,0.0,6.0,3.0,6.0,3.0,0.25107254135854873,1.0
49.0,0.95,0.2351674805219488,-0.08634067314558652,-0.07819646948801129,0.018104781388739596,-0.024704995683986517,0.10559400133326519,0.026258513848642084,1.3790315658870815e-47,0.40146445061809666,0.4384003308392889,1.0,1.0,6.0,3.0,0.10451148458679851,1.0,1.6615008185382983e-51,0.15552990894815633,0.40498910736129917,0.0,0.0,6.0,3.0,6.0,3.0,0.26918158284683785,1.0
50.0,0.4,0.016448441089391808,-0.24825688475391072,-0.24652797023983009,-0.09754710345270734,-0.033088844830276756,0.0691485432405381,-0.15886883313008937,4.527476591768784e-56,0.16927814753388606,0.17755600523874038,0.0,0.0,2.0,1.0,0.05729738440683043,0.0,6.783367670270687e-53,0.13227435079709413,0.36635799739085345,0.0,0.0,4.0,2.0,4.0,2.0,0.34738354923753123,1.0
50.0,0.45,0.016448441089391808,-0.24825688475391072,-0.24652797023983009,-0.09754710345270734,-0.033088844830276756,0.0691485432405381,-0.15886883313008937,5.1802322438798305e-55,0.18737203495445895,0.19653470045983082,0.0,0.0,3.0,2.0,0.06342181593006023,0.0,1.062243987320438e-52,0.13476944106470523,0.3732686060481101,0.0,0.0,4.0,2.0,4.0,2.0,0.3539362429956758,1.0
50.0,0.5,0.016448441089391808,-0.24825688475391072,-0.24652797023983009,-0.09754710345270734,-0.033088844830276756,0.0691485432405381,-0.15886883313008937,1.352097301257604e-54,0.19501389353817367,0.20455025298383367,0.0,0.0,3.0,2.0,0.06600843750663489,0.0,1.792978949213348e-52,0.13774136477043794,0.3814998920885974,0.0,0.0,4.0,2.0,4.0,2.0,0.3617412134887405,1.0
50.0,0.55,0.016448441089391808,-0.24825688475391072,-0.24652797023983009,-0.09754710345270734,-0.033088844830276756,0.0691485432405381,-0.15886883313008937,4.180462676216088e-54,0.20440486906800806,0.2144004558875391,0.0,0.0,3.0,2.0,0.06918710139637499,0.0,2.86334386024414e-52,0.14045433403540417,0.3890139564624276,0.0,0.0,4.0,2.0,4.0,2.0,0.36886610872774234,1.0
50.0,0.6,0.016448441089391808,-0.24825688475391072,-0.24652797023983009,-0.09754710345270734,-0.033088844830276756,0.0691485432405381,-0.15886883313008937,1.4279869151019997e-53,0.21513962057235794,0.22566014665158984,0.0,0.0,4.0,2.0,0.07282060750698156,0.0,4.0810171736246906e-52,0.1425435048751004,0.3948002970524681,0.0,0.0,4.0,2.0,4.0,2.0,0.3743527626170553,1.0
50.0,0.65,0.016448441089391808,-0.24825688475391072,-0.24652797023983009,-0.09754710345270734,-0.033088844830276756,0.0691485432405381,-0.15886883313008937,2.7179708432504354e-52,0.24323930578856562,0.2551339324186345,0.0,0.0,4.0,2.0,0.08233180838553374,0.0,6.34427876659627e-52,0.14518820730329307,0.40212528394107266,0.0,0.0,4.0,2.0,4.0,2.0,0.3812983730898823,1.0
50.0,0.7,0.016448441089391808,-0.24825688475391072,-0.24652797023983009,-0.09754710345270734,-0.033088844830276756,0.0691485432405381,-0.15886883313008937,1.603574045272513e-51,0.261910110999077,0.2747177572422458,0.0,0.0,4.0,2.0,0.08865151544115099,0.0,8.508782362111917e-52,0.14697491728529663,0.40707390388878406,0.0,0.0,4.0,2.0,4.0,2.0,0.38599069364383937,1.0
50.0,0.75,0.016448441089391808,-0.24825688475391072,-0.24652797023983009,-0.09754710345270734,-0.033088844830276756,0.0691485432405381,-0.15886883313008937,1.5515570010183072e-50,0.2878871041417762,0.3019650493335567,0.0,0.0,4.0,2.0,0.09744422603915,0.0,1.7062068828784898e-51,0.15129807503789916,0.4190476796594,0.0,0.0,4.0,2.0,4.0,2.0,0.39734432248392015,1.0
50.0,0.8,0.016448441089391808,-0.24825688475391072,-0.24652797023983009,-0.09754710345270734,-0.033088844830276756,0.0691485432405381,-0.15886883313008937,6.660293795499533e-50,0.30590443961445396,0.32086344914582143,0.0,0.0,4.0,2.0,0.10354274620613245,0.0,2.6415519373615516e-51,0.15407879745081193,0.42674939876333506,0.0,0.0,4.0,2.0,4.0,2.0,0.40464715342144447,1.0
50.0,0.85,0.016448441089391808,-0.24825688475391072,-0.24652797023983009,-0.09754710345270734,-0.033088844830276756,0.0691485432405381,-0.15886883313008937,6.407418233307931e-49,0.33616463018572856,0.3526033909745384,0.0,0.0,4.0,2.0,0.11378523643092174,0.0,3.998272180064448e-51,0.15676295098819756,0.43418365271143894,0.0,0.0,4.0,2.0,5.0,3.0,0.41169637178386,1.0
50.0,0.9,0.016448441089391808,-0.24825688475391072,-0.24652797023983009,-0.09754710345270734,-0.033088844830276756,0.0691485432405381,-0.15886883313008937,5.658640925572956e-48,0.36810345567886743,0.3861040545226421,0.0,0.0,4.0,2.0,0.1245959121645791,0.0,9.838607716002374e-51,0.16275624092203791,0.45078316489738535,0.0,0.0,4.0,2.0,6.0,3.0,0.42743616046005406,1.0
50.0,0.95,0.016448441089391808,-0.24825688475391072,-0.24652797023983009,-0.09754710345270734,-0.033088844830276756,0.0691485432405381,-0.15886883313008937,1.2961119611400834e-45,0.461636699262503,0.4842111600745145,1.0,1.0,6.0,3.0,0.15625510911648616,0.0,2.0158138619002744e-50,0.16769399712271604,0.4644591834329792,0.0,0.0,4.0,2.0,6.0,3.0,0.44040386934635534,1.0
51.0,0.4,0.0666352158577368,-0.2350629301430346,-0.09364384057867353,-0.013996260360177362,0.011148677905265083,0.0892023705751791,-0.040217155099870006,8.6091841301686e-63,0.08871442081947807,0.08973686368979297,0.0,0.0,2.0,0.0,0.02955849267481739,0.0,2.3263787190543724e-54,0.14056318135105417,0.29097068015952793,0.0,0.0,5.0,2.0,5.0,2.0,0.2842184418596668,1.0
51.0,0.45,0.0666352158577368,-0.2350629301430346,-0.09364384057867353,-0.013996260360177362,0.011148677905265083,0.0892023705751791,-0.040217155099870006,1.0992027943968048e-60,0.10857980258325979,0.10983119603187795,0.0,0.0,2.0,0.0,0.03617737984020898,0.0,4.026688833268537e-54,0.14381341422829494,0.29769877539668455,0.0,0.0,5.0,2.0,5.0,2.0,0.2907904055500967,1.0
51.0,0.5,0.0666352158577368,-0.2350629301430346,-0.09364384057867353,-0.013996260360177362,0.011148677905265083,0.0892023705751791,-0.040217155099870006,6.494727883258944e-60,0.11692144616196676,0.11826897791510152,0.0,0.0,3.0,1.0,0.038956707128146494,0.0,6.696566932154985e-54,0.1468938914646504,0.30407547054589096,0.0,0.0,5.0,2.0,5.0,2.0,0.29701912371004296,1.0
51.0,0.55,0.0666352158577368,-0.2350629301430346,-0.09364384057867353,-0.013996260360177362,0.011148677905265083,0.0892023705751791,-0.040217155099870006,1.5382392275619159e-58,0.13340234590785158,0.13493982173418098,0.0,0.0,3.0,1.0,0.04444792884737997,0.0,9.961080700087465e-54,0.14934453317890553,0.3091483842318957,0.0,0.0,5.0,2.0,5.0,2.0,0.30197431583707895,1.0
51.0,0.6,0.0666352158577368,-0.2350629301430346,-0.09364384057867353,-0.013996260360177362,0.011148677905265083,0.0892023705751791,-0.040217155099870006,3.372534556021794e-57,0.15171749217397715,0.15346605195425228,0.0,0.0,4.0,1.0,0.05055029768149651,0.0,1.5987652719221308e-53,0.15231789293467285,0.31530334246618513,0.0,0.0,5.0,2.0,5.0,2.0,0.30798644268814857,1.0
51.0,0.65,0.0666352158577368,-0.2350629301430346,-0.09364384057867353,-0.013996260360177362,0.011148677905265083,0.0892023705751791,-0.040217155099870006,2.152267535437049e-55,0.1804020558093548,0.18248120815063823,0.0,0.0,4.0,1.0,0.060107621691106505,0.0,2.7309414272144974e-53,0.1557541319188713,0.3224164768219437,0.0,0.0,5.0,2.0,5.0,2.0,0.3149345103155252,1.0
51.0,0.7,0.0666352158577368,-0.2350629301430346,-0.09364384057867353,-0.013996260360177362,0.011148677905265083,0.0892023705751791,-0.040217155099870006,1.135661017065114e-53,0.21281692722600834,0.21526966431107966,0.0,0.0,5.0,2.0,0.07090783579918232,0.0,4.381484872860128e-53,0.15885252244354267,0.3288302531017497,0.0,0.0,5.0,2.0,5.0,2.0,0.321199449104834,1.0
51.0,0.75,0.0666352158577368,-0.2350629301430346,-0.09364384057867353,-0.013996260360177362,0.011148677905265083,0.0892023705751791,-0.040217155099870006,1.434225096234382e-52,0.23653560693725326,0.23926170425778612,0.0,0.0,5.0,2.0,0.07881059178885162,0.0,7.277360375244541e-53,0.16224655058469856,0.3358560095425227,0.0,0.0,5.0,2.0,5.0,2.0,0.3280621665009206,1.0
51.0,0.8,0.0666352158577368,-0.2350629301430346,-0.09364384057867353,-0.013996260360177362,0.011148677905265083,0.0892023705751791,-0.040217155099870006,2.0799747809680805e-51,0.2644173152115322,0.26746475210204596,0.0,0.0,5.0,2.0,0.08810041482070893,1.0,1.253132474699101e-52,0.16596242358035818,0.3435479960395641,0.0,0.0,5.0,2.0,5.0,2.0,0.33557565348110757,1.0
51.0,0.85,0.0666352158577368,-0.2350629301430346,-0.09364384057867353,-0.013996260360177362,0.011148677905265083,0.0892023705751791,-0.040217155099870006,4.956172825682358e-50,0.30176479602428025,0.3052426664917534,0.0,0.0,5.0,2.0,0.10054411030819742,1.0,2.4742397800065378e-52,0.17073398155761826,0.3534252872101199,0.0,0.0,5.0,2.0,6.0,3.0,0.34522373315961835,1.0
51.0,0.9,0.0666352158577368,-0.2350629301430346,-0.09364384057867353,-0.013996260360177362,0.011148677905265083,0.0892023705751791,-0.040217155099870006,9.047801892454874e-49,0.3405859802207839,0.3445112688490504,0.0,0.0,5.0,2.0,0.11347882462071138,1.0,4.487125235070473e-52,0.17502170161492195,0.36230101703791484,0.0,0.0,5.0,2.0,6.0,3.0,0.35389349363390454,1.0
51.0,0.95,0.0666352158577368,-0.2350629301430346,-0.09364384057867353,-0.013996260360177362,0.011148677905265083,0.0892023705751791,-0.040217155099870006,8.210791441876473e-47,0.4109637486973704,0.4157001483822483,0.0,0.0,5.0,2.0,0.13692778291598368,1.0,1.3254861163133569e-51,0.18310162272268465,0.3790267350941205,0.0,0.0,5.0,2.0,6.0,3.0,0.3702310762463953,1.0
52.0,0.4,-0.02567561277107311,-0.15850775977273057,-0.12644562571270013,-0.011569303794390633,-0.01338116211569893,0.09871836234257797,-0.09285528806549104,1.6483807052353275e-63,0.08326719611765272,0.08965306550106719,0.0,0.0,3.0,1.0,0.02817690179292665,0.0,1.7144143598136403e-55,0.09975493766210834,0.24759689722047065,0.0,0.0,4.0,2.0,5.0,2.0,0.21404445777461337,1.0
52.0,0.45,-0.02567561277107311,-0.15850775977273057,-0.12644562571270013,-0.011569303794390633,-0.01338116211569893,0.09871836234257797,-0.09285528806549104,3.6789664521278935e-62,0.09476947036169642,0.10203746409130465,0.0,0.0,3.0,1.0,0.03206917230137264,0.0,2.198450188863519e-55,0.10079394333709324,0.2501757628621103,0.0,0.0,4.0,2.0,5.0,2.0,0.21627385525145998,1.0
52.0,0.5,-0.02567561277107311,-0.15850775977273057,-0.12644562571270013,-0.011569303794390633,-0.01338116211569893,0.09871836234257797,-0.09285528806549104,2.145051259898406e-61,0.10199364526401687,0.10981567034666814,0.0,0.0,3.0,1.0,0.034513770849761344,0.0,4.239630901806138e-55,0.1035900983638323,0.25711596376838575,0.0,0.0,4.0,2.0,5.0,2.0,0.22227357316596927,1.0
52.0,0.55,-0.02567561277107311,-0.15850775977273057,-0.12644562571270013,-0.011569303794390633,-0.01338116211569893,0.09871836234257797,-0.09285528806549104,7.678206829827336e-61,0.10755956470263053,0.11580844737375366,0.0,0.0,3.0,1.0,0.03639723003562804,0.0,8.339987675823333e-55,0.10655196635596503,0.2644674727965674,0.0,0.0,4.0,2.0,5.0,2.0,0.2286288618688045,1.0
52.0,0.6,-0.02567561277107311,-0.15850775977273057,-0.12644562571270013,-0.011569303794390633,-0.01338116211569893,0.09871836234257797,-0.09285528806549104,6.095812441440189e-60,0.11725720209898548,0.12624980917333375,0.0,0.0,3.0,1.0,0.03967882698233461,0.0,1.339049825811459e-54,0.1086749479360327,0.269736822508974,0.0,0.0,4.0,2.0,5.0,2.0,0.23318414957506609,1.0
52.0,0.65,-0.02567561277107311,-0.15850775977273057,-0.12644562571270013,-0.011569303794390633,-0.01338116211569893,0.09871836234257797,-0.09285528806549104,3.1227411595786725e-59,0.12551690161597512,0.13514295577057847,0.0,0.0,3.0,1.0,0.04247383813895456,0.0,1.9651634029227882e-54,0.11042596111045286,0.2740829274651729,0.0,0.0,4.0,2.0,5.0,2.0,0.2369413035993057,1.0
52.0,0.7,-0.02567561277107311,-0.15850775977273057,-0.12644562571270013,-0.011569303794390633,-0.01338116211569893,0.09871836234257797,-0.09285528806549104,2.7577161081719218e-58,0.13744199239169014,0.14798259724128118,0.0,0.0,3.0,1.0,0.0465091861190197,0.0,2.9573943398264244e-54,0.11232268117241509,0.27879068442682203,0.0,0.0,4.0,2.0,5.0,2.0,0.24101110131285924,1.0
52.0,0.75,-0.02567561277107311,-0.15850775977273057,-0.12644562571270013,-0.011569303794390633,-0.01338116211569893,0.09871836234257797,-0.09285528806549104,2.1164118424380666e-56,0.1646884788894053,0.1773186521650249,0.0,0.0,3.0,1.0,0.05572916241272925,0.0,4.6404257218187496e-54,0.11445097220305456,0.28407321246922734,0.0,0.0,4.0,2.0,6.0,3.0,0.24557778152254328,1.0
52.0,0.8,-0.02567561277107311,-0.15850775977273057,-0.12644562571270013,-0.011569303794390633,-0.01338116211569893,0.09871836234257797,-0.09285528806549104,2.0155277876879068e-55,0.1809031282521555,0.19477682404031513,0.0,0.0,3.0,1.0,0.061216060062740246,0.0,8.209917207860752e-54,0.11720433969131423,0.2909072124994812,0.0,0.0,4.0,2.0,6.0,3.0,0.25148569009219246,1.0
52.0,0.85,-0.02567561277107311,-0.15850775977273057,-0.12644562571270013,-0.011569303794390633,-0.01338116211569893,0.09871836234257797,-0.09285528806549104,6.609327354606609e-53,0.23028718087788594,0.247948203781588,0.0,0.0,4.0,2.0,0.07792719801202122,0.0,1.429606859062641e-53,0.11994448094127103,0.2977083843245108,0.0,0.0,4.0,2.0,6.0,3.0,0.2573652190841255,1.0
52.0,0.9,-0.02567561277107311,-0.15850775977273057,-0.12644562571270013,-0.011569303794390633,-0.01338116211569893,0.09871836234257797,-0.09285528806549104,3.6187859101299645e-51,0.27208420513740955,0.29295069610034097,0.0,0.0,5.0,2.0,0.09207095092683196,0.0,3.786908719461904e-53,0.12491313599005727,0.31004084226865125,0.0,0.0,4.0,2.0,6.0,3.0,0.2680264765688318,1.0
52.0,0.95,-0.02567561277107311,-0.15850775977273057,-0.12644562571270013,-0.011569303794390633,-0.01338116211569893,0.09871836234257797,-0.09285528806549104,7.476199253068996e-48,0.37396697107722865,0.4026469836434743,1.0,1.0,6.0,3.0,0.12654720116854531,0.0,9.719559715041865e-53,0.1299166613672413,0.3224598501652924,0.0,0.0,4.0,2.0,6.0,3.0,0.2787625554178658,1.0
53.0,0.4,0.09771847871166373,-0.08196326705120505,-0.02061014596477484,-0.004969329182305982,-0.02522299678678007,0.08329802852402635,0.018833062260704803,9.451613332572414e-65,0.07698935457165718,0.08327654263338088,0.0,0.0,3.0,0.0,0.03010234531562028,0.0,1.05086221160766e-53,0.1099657909563293,0.29748614405064977,0.0,1.0,6.0,3.0,6.0,3.0,0.28639567412309785,1.0
53.0,0.45,0.09771847871166373,-0.08196326705120505,-0.02061014596477484,-0.004969329182305982,-0.02522299678678007,0.08329802852402635,0.018833062260704803,1.779249040423189e-63,0.08700505019104794,0.09411015083664041,0.0,0.0,3.0,0.0,0.03401841825568411,0.0,2.0845903819740495e-53,0.11314943562939009,0.3060987331984181,0.0,1.0,6.0,3.0,6.0,3.0,0.29468718054868925,1.0
53.0,0.5,0.09771847871166373,-0.08196326705120505,-0.02061014596477484,-0.004969329182305982,-0.02522299678678007,0.08329802852402635,0.018833062260704803,2.908612570884043e-62,0.09774731632481024,0.10572966354257896,0.0,0.0,3.0,0.0,0.038218575620684925,1.0,2.9472006481233675e-53,0.11479384410815664,0.3105472870017253,1.0,1.0,6.0,3.0,6.0,3.0,0.29896988947766073,1.0
53.0,0.55,0.09771847871166373,-0.08196326705120505,-0.02061014596477484,-0.004969329182305982,-0.02522299678678007,0.08329802852402635,0.018833062260704803,6.0768882745890994e-61,0.11094421200260222,0.12000425840902952,0.0,0.0,3.0,0.0,0.04337847744084326,1.0,5.646845270796851e-53,0.11794651332816065,0.31907607947045413,1.0,1.0,6.0,3.0,6.0,3.0,0.3071807232169348,1.0
53.0,0.6,0.09771847871166373,-0.08196326705120505,-0.02061014596477484,-0.004969329182305982,-0.02522299678678007,0.08329802852402635,0.018833062260704803,7.501565955132818e-60,0.12319202521877493,0.13325226581391011,0.0,0.0,3.0,0.0,0.04816729408758233,1.0,1.124509888993427e-52,0.12138080078411553,0.3283667227145814,1.0,1.0,6.0,3.0,6.0,3.0,0.31612500545713884,1.0
53.0,0.65,0.09771847871166373,-0.08196326705120505,-0.02061014596477484,-0.004969329182305982,-0.02522299678678007,0.08329802852402635,0.018833062260704803,2.821274421053096e-59,0.13018266360379763,0.14081378128242927,0.0,0.0,3.0,0.0,0.050900588993265994,1.0,2.1301342935277728e-52,0.12465512906758171,0.33722463467914104,1.0,1.0,6.0,3.0,6.0,3.0,0.32465268891113264,1.0
53.0,0.7,0.09771847871166373,-0.08196326705120505,-0.02061014596477484,-0.004969329182305982,-0.02522299678678007,0.08329802852402635,0.018833062260704803,1.5871098945369346e-57,0.15398434003220923,0.16655917599140438,0.0,0.0,4.0,1.0,0.06020689227279071,1.0,3.0267935141412557e-52,0.1264932870114131,0.3421973313160765,1.0,1.0,6.0,3.0,6.0,3.0,0.32944000030033926,1.0
53.0,0.75,0.09771847871166373,-0.08196326705120505,-0.02061014596477484,-0.004969329182305982,-0.02522299678678007,0.08329802852402635,0.018833062260704803,1.2859624490115587e-56,0.1680102493372901,0.18173048429389668,0.0,0.0,4.0,1.0,0.06569093311994637,1.0,4.8897206735958464e-52,0.12904663877875538,0.34910481377099023,1.0,1.0,6.0,3.0,6.0,3.0,0.33608996747942127,1.0
53.0,0.8,0.09771847871166373,-0.08196326705120505,-0.02061014596477484,-0.004969329182305982,-0.02522299678678007,0.08329802852402635,0.018833062260704803,2.113497692814701e-55,0.18879609408155038,0.20421376520522233,1.0,1.0,6.0,3.0,0.07381806549623128,1.0,8.573271965067268e-52,0.13210146584849236,0.35736891770562657,1.0,1.0,6.0,3.0,6.0,3.0,0.3440459804390719,1.0
53.0,0.85,0.09771847871166373,-0.08196326705120505,-0.02061014596477484,-0.004969329182305982,-0.02522299678678007,0.08329802852402635,0.018833062260704803,3.1569042786266895e-53,0.23258792093252184,0.25158176765229184,1.0,1.0,6.0,3.0,0.09094038976046259,1.0,1.5871322578533136e-51,0.13553519188892105,0.3666580421743362,1.0,1.0,6.0,3.0,6.0,3.0,0.35298880052475795,1.0
53.0,0.9,0.09771847871166373,-0.08196326705120505,-0.02061014596477484,-0.004969329182305982,-0.02522299678678007,0.08329802852402635,0.018833062260704803,9.866740557463721e-51,0.2954893519568725,0.31961992346673734,1.0,1.0,6.0,3.0,0.11553444705677793,1.0,4.1637053747694604e-51,0.14109280297834775,0.3816928296182174,1.0,1.0,6.0,3.0,6.0,3.0,0.367463081668268,1.0
53.0,0.95,0.09771847871166373,-0.08196326705120505,-0.02061014596477484,-0.004969329182305982,-0.02522299678678007,0.08329802852402635,0.018833062260704803,5.347421232631339e-47,0.4227892610103058,0.4573155355743419,1.0,1.0,6.0,3.0,0.1653078974551298,1.0,1.4415152047858153e-50,0.1485858077421257,0.4019633617095536,1.0,1.0,6.0,3.0,6.0,3.0,0.38697791561678213,1.0
54.0,0.4,0.15562717724886677,-0.02570861073048325,0.003279892529648276,-0.009876382553132654,-0.0036697785384541735,0.15261889250747107,0.05406265410272121,3.769312409790959e-61,0.10511189947054954,0.11501943159936685,0.0,0.0,4.0,1.0,0.03271051440628843,0.0,1.7369916509183938e-53,0.1139598454581855,0.313164574828107,0.0,0.0,6.0,3.0,6.0,3.0,0.24555666480445118,1.0
54.0,0.45,0.15562717724886677,-0.02570861073048325,0.003279892529648276,-0.009876382553132654,-0.0036697785384541735,0.15261889250747107,0.05406265410272121,8.130780407046349e-61,0.10853333254302634,0.11876335868311075,0.0,0.0,4.0,1.0,0.03377525432984733,0.0,3.0141071063967066e-53,0.11660716172289773,0.320439467744475,0.0,0.0,6.0,3.0,6.0,3.0,0.2512610087339438,1.0
54.0,0.5,0.15562717724886677,-0.02570861073048325,0.003279892529648276,-0.009876382553132654,-0.0036697785384541735,0.15261889250747107,0.05406265410272121,2.9179770010349454e-60,0.1144685126116875,0.12525797100936387,0.0,0.0,4.0,1.0,0.035622264935856345,0.0,3.8345933405527676e-53,0.11778281170592925,0.3236701840165308,0.0,0.0,6.0,3.0,6.0,3.0,0.2537942579468567,1.0
54.0,0.55,0.15562717724886677,-0.02570861073048325,0.003279892529648276,-0.009876382553132654,-0.0036697785384541735,0.15261889250747107,0.05406265410272121,4.262147926974548e-59,0.1279996602652224,0.14006452402416064,0.0,0.0,4.0,1.0,0.03983311834526104,0.0,5.4365828962014415e-53,0.11950851871383246,0.32841247108470856,0.0,0.0,6.0,3.0,6.0,3.0,0.25751275068073676,1.0
54.0,0.6,0.15562717724886677,-0.02570861073048325,0.003279892529648276,-0.009876382553132654,-0.0036697785384541735,0.15261889250747107,0.05406265410272121,4.52686059932318e-58,0.14124264506540957,0.15455575282003411,0.0,0.0,4.0,1.0,0.043954296321025356,0.0,8.748615419303853e-53,0.1219011355966172,0.33498744357445953,0.0,0.0,6.0,3.0,6.0,3.0,0.26266827734479353,1.0
54.0,0.65,0.15562717724886677,-0.02570861073048325,0.003279892529648276,-0.009876382553132654,-0.0036697785384541735,0.15261889250747107,0.05406265410272121,5.0033334379404587e-57,0.15611457063546444,0.17082946145313774,0.0,0.0,4.0,1.0,0.04858239588024634,0.0,1.68177033580483e-52,0.1252661966426877,0.3442347175377255,0.0,0.0,6.0,3.0,6.0,3.0,0.26991919247208396,1.0
54.0,0.7,0.15562717724886677,-0.02570861073048325,0.003279892529648276,-0.009876382553132654,-0.0036697785384541735,0.15261889250747107,0.05406265410272121,3.030407362820195e-56,0.16828167941193226,0.18414340538076218,0.0,0.0,4.0,1.0,0.05236876439722892,0.0,2.1981966224896948e-52,0.12667173484291758,0.3480971725200917,0.0,0.0,6.0,3.0,6.0,3.0,0.27294779672576686,1.0
54.0,0.75,0.15562717724886677,-0.02570861073048325,0.003279892529648276,-0.009876382553132654,-0.0036697785384541735,0.15261889250747107,0.05406265410272121,2.7720979777571e-55,0.18454034123688215,0.2019345598655693,0.0,0.0,4.0,1.0,0.05742841220619089,0.0,3.778907861656957e-52,0.12956385919658145,0.3560448043365765,0.0,0.0,6.0,3.0,6.0,3.0,0.27917964451066063,1.0
54.0,0.8,0.15562717724886677,-0.02570861073048325,0.003279892529648276,-0.009876382553132654,-0.0036697785384541735,0.15261889250747107,0.05406265410272121,1.1744698045494655e-53,0.21571700038565153,0.23604983732246052,0.0,0.0,4.0,1.0,0.06713049696883469,0.0,7.808143181178514e-52,0.13354155731523373,0.3669756206702945,0.0,0.0,6.0,3.0,6.0,3.0,0.28775064844356435,1.0
54.0,0.85,0.15562717724886677,-0.02570861073048325,0.003279892529648276,-0.009876382553132654,-0.0036697785384541735,0.15261889250747107,0.05406265410272121,7.80283693220081e-52,0.2569319723519525,0.2811496088309754,0.0,0.0,5.0,2.0,0.07995647519821861,0.0,1.1864798711630355e-51,0.13589009276414654,0.3734294562504539,0.0,0.0,6.0,3.0,6.0,3.0,0.2928111899851168,1.0
54.0,0.9,0.15562717724886677,-0.02570861073048325,0.003279892529648276,-0.009876382553132654,-0.0036697785384541735,0.15261889250747107,0.05406265410272121,9.67045656838402e-50,0.31407588060407887,0.3436797303455951,0.0,0.0,5.0,2.0,0.09773949161717815,0.0,2.0624543408692897e-51,0.13905703352853221,0.3821322906040556,0.0,1.0,6.0,3.0,6.0,3.0,0.29963520250118464,1.0
54.0,0.95,0.15562717724886677,-0.02570861073048325,0.003279892529648276,-0.009876382553132654,-0.0036697785384541735,0.15261889250747107,0.05406265410272121,2.1201283073330464e-47,0.39316307040549575,0.43022144126100775,1.0,1.0,6.0,3.0,0.12235119280784058,1.0,6.29364640069659e-51,0.1456737198494697,0.4003151141252374,0.0,1.0,6.0,3.0,6.0,3.0,0.31389260534772334,1.0
55.0,0.4,0.25586515820672207,-0.1949819604735813,-0.1974131082416426,-0.03626734602583058,-0.09082186979763525,0.08409358729936733,-0.046320019425521,5.774710954064208e-60,0.11794969088049732,0.12831277934296917,0.0,0.0,1.0,0.0,0.029790001207805967,0.0,2.0395265629568268e-54,0.1051703597261633,0.31988779562549574,0.0,0.0,3.0,1.0,4.0,2.0,0.2183375350334771,1.0
55.0,0.45,0.25586515820672207,-0.1949819604735813,-0.1974131082416426,-0.03626734602583058,-0.09082186979763525,0.08409358729936733,-0.046320019425521,5.621503673102166e-59,0.12968116419891995,0.14107498275391162,0.0,0.0,1.0,0.0,0.03275296449932689,0.0,2.736806034258522e-54,0.10646694764912519,0.3238315175409752,0.0,0.0,3.0,1.0,4.0,2.0,0.2210292992509885,1.0
55.0,0.5,0.25586515820672207,-0.1949819604735813,-0.1974131082416426,-0.03626734602583058,-0.09082186979763525,0.08409358729936733,-0.046320019425521,2.590120548116078e-58,0.13820424378617427,0.15034690218191538,0.0,0.0,1.0,0.0,0.0349055988072521,0.0,6.612202571824077e-54,0.11045296843242296,0.33595546011383043,0.0,0.0,3.0,1.0,4.0,2.0,0.2293044250058444,1.0
55.0,0.55,0.25586515820672207,-0.1949819604735813,-0.1974131082416426,-0.03626734602583058,-0.09082186979763525,0.08409358729936733,-0.046320019425521,1.2859731708906273e-57,0.14774667276497525,0.16072773128636283,0.0,0.0,1.0,0.0,0.037315685418601474,0.0,8.470981641593709e-54,0.11159897565810073,0.339441173447392,0.0,0.0,3.0,1.0,4.0,2.0,0.23168357815732682,1.0
55.0,0.6,0.25586515820672207,-0.1949819604735813,-0.1974131082416426,-0.03626734602583058,-0.09082186979763525,0.08409358729936733,-0.046320019425521,5.50892807745403e-57,0.1569799461770375,0.17077224234095809,0.0,0.0,1.0,0.0,0.039647690055866845,0.0,1.2608907694647222e-53,0.11346394086237677,0.34511368050800734,0.0,0.0,3.0,1.0,4.0,2.0,0.23555531451617423,1.0
55.0,0.65,0.25586515820672207,-0.1949819604735813,-0.1974131082416426,-0.03626734602583058,-0.09082186979763525,0.08409358729936733,-0.046320019425521,1.7700830511919213e-55,0.1813981199935021,0.19733580283425944,0.0,0.0,1.0,0.0,0.04581487389547429,0.0,1.7740956890265239e-53,0.11508984694237807,0.3500590616323083,0.0,0.0,3.0,1.0,4.0,2.0,0.23893075534025937,1.0
55.0,0.7,0.25586515820672207,-0.1949819604735813,-0.1974131082416426,-0.03626734602583058,-0.09082186979763525,0.08409358729936733,-0.046320019425521,5.332453669142598e-54,0.20905232823517156,0.2274197165226214,0.0,0.0,3.0,1.0,0.05279936779936182,0.0,2.5877818015509338e-53,0.11691447614539337,0.35560888208653335,0.0,0.0,3.0,1.0,4.0,2.0,0.24271875267690216,1.0
55.0,0.75,0.25586515820672207,-0.1949819604735813,-0.1974131082416426,-0.03626734602583058,-0.09082186979763525,0.08409358729936733,-0.046320019425521,5.383424870471458e-52,0.2533730915883666,0.2756345128989193,0.0,0.0,3.0,1.0,0.06399325549814569,0.0,5.333407951970952e-53,0.1204910630373484,0.36648748419181754,0.0,0.0,4.0,2.0,4.0,2.0,0.25014387861405557,1.0
55.0,0.8,0.25586515820672207,-0.1949819604735813,-0.1974131082416426,-0.03626734602583058,-0.09082186979763525,0.08409358729936733,-0.046320019425521,1.8654335600841687e-51,0.2668387336782967,0.2902832495704478,0.0,0.0,3.0,1.0,0.06739420967723991,0.0,6.819715749730867e-53,0.12173157204070655,0.37026063559655786,0.0,0.0,4.0,2.0,4.0,2.0,0.2527192209318464,1.0
55.0,0.85,0.25586515820672207,-0.1949819604735813,-0.1974131082416426,-0.03626734602583058,-0.09082186979763525,0.08409358729936733,-0.046320019425521,1.9540352791667869e-50,0.29427626137764057,0.3201314451114557,0.0,0.0,3.0,1.0,0.07432397759100912,0.0,1.0661610484396921e-52,0.12401919830855773,0.37721871509674465,0.0,0.0,4.0,2.0,6.0,3.0,0.2574684172044555,1.0
55.0,0.9,0.25586515820672207,-0.1949819604735813,-0.1974131082416426,-0.03626734602583058,-0.09082186979763525,0.08409358729936733,-0.046320019425521,1.9926440148122906e-48,0.3568146015149813,0.38816441898883763,0.0,0.0,5.0,2.0,0.09011899336695639,0.0,1.9268964348552742e-52,0.1271155657459155,0.3866366742685296,0.0,0.0,4.0,2.0,6.0,3.0,0.26389658989104603,1.0
55.0,0.95,0.25586515820672207,-0.1949819604735813,-0.1974131082416426,-0.03626734602583058,-0.09082186979763525,0.08409358729936733,-0.046320019425521,2.954725641462899e-46,0.43944506831396146,0.47805481865191285,1.0,1.0,6.0,3.0,0.11098858350634185,1.0,4.2339441990977244e-52,0.13135421587242732,0.39952901816587866,0.0,0.0,4.0,2.0,6.0,3.0,0.27269618345430446,1.0
56.0,0.4,-0.11746579910170474,-0.1575762127050997,0.018169830057991332,-0.06357730660776476,-0.09134377909934654,0.24777743760384974,-0.027041712995240608,1.0677614011913384e-61,0.10760651993134676,0.1208341486845202,0.0,0.0,1.0,0.0,0.02729049751588316,0.0,3.5181171364431007e-53,0.18046490353333802,0.3809763081127158,0.0,1.0,3.0,1.0,6.0,3.0,0.2178920924384053,1.0
56.0,0.45,-0.11746579910170474,-0.1575762127050997,0.018169830057991332,-0.06357730660776476,-0.09134377909934654,0.24777743760384974,-0.027041712995240608,8.907212136980384e-60,0.12938722603163041,0.14529226777483775,0.0,0.0,1.0,0.0,0.032814384972732466,0.0,5.568115318255145e-53,0.18395051184938546,0.38833471499280714,0.0,1.0,3.0,1.0,6.0,3.0,0.22210059212191288,1.0
56.0,0.5,-0.11746579910170474,-0.1575762127050997,0.018169830057991332,-0.06357730660776476,-0.09134377909934654,0.24777743760384974,-0.027041712995240608,7.407839166423101e-58,0.1555569101885868,0.17467888401766474,0.0,0.0,2.0,0.0,0.03945137779558853,0.0,9.066399114351886e-53,0.18772535867722562,0.396303728246932,0.0,1.0,3.0,1.0,6.0,3.0,0.2266583164098415,1.0
56.0,0.55,-0.11746579910170474,-0.1575762127050997,0.018169830057991332,-0.06357730660776476,-0.09134377909934654,0.24777743760384974,-0.027041712995240608,1.233432968735985e-55,0.192507937856308,0.21617215017008642,0.0,0.0,2.0,0.0,0.048822668024272105,0.0,1.2008366110153669e-52,0.18993645210976332,0.40097152900113725,0.0,1.0,3.0,1.0,6.0,3.0,0.22932797552449274,1.0
56.0,0.6,-0.11746579910170474,-0.1575762127050997,0.018169830057991332,-0.06357730660776476,-0.09134377909934654,0.24777743760384974,-0.027041712995240608,2.4011943608114003e-55,0.19792620544296585,0.22225646319866907,0.0,0.0,2.0,0.0,0.05019681541058677,0.0,1.5528235797810126e-52,0.19198173532432175,0.405289290698128,0.0,1.0,3.0,1.0,6.0,3.0,0.23179743651399187,1.0
56.0,0.65,-0.11746579910170474,-0.1575762127050997,0.018169830057991332,-0.06357730660776476,-0.09134377909934654,0.24777743760384974,-0.027041712995240608,1.2995612659591174e-54,0.21235395736713517,0.23845775957272444,0.0,0.0,2.0,0.0,0.05385589227969775,0.0,2.4434330089675204e-52,0.1956424876008214,0.4130174409362623,0.0,1.0,3.0,1.0,6.0,3.0,0.2362174038195894,1.0
56.0,0.7,-0.11746579910170474,-0.1575762127050997,0.018169830057991332,-0.06357730660776476,-0.09134377909934654,0.24777743760384974,-0.027041712995240608,5.867488961875828e-54,0.2261193207726235,0.2539152427205527,0.0,0.0,3.0,0.0,0.057346978285103226,1.0,3.4018654273855246e-52,0.19835875409562861,0.41875170372520815,0.0,1.0,4.0,1.0,6.0,3.0,0.2394970054406578,1.0
56.0,0.75,-0.11746579910170474,-0.1575762127050997,0.018169830057991332,-0.06357730660776476,-0.09134377909934654,0.24777743760384974,-0.027041712995240608,1.2778270364303352e-53,0.2335725651093962,0.2622846838561478,0.0,0.0,3.0,0.0,0.059237223840741815,1.0,6.173281795870345e-52,0.20334554510068045,0.4292792311792285,0.0,1.0,4.0,1.0,6.0,3.0,0.24551802285384697,1.0
56.0,0.8,-0.11746579910170474,-0.1575762127050997,0.018169830057991332,-0.06357730660776476,-0.09134377909934654,0.24777743760384974,-0.027041712995240608,3.006512759185871e-53,0.24204983317498674,0.2718040277632795,0.0,0.0,4.0,1.0,0.06138717593688876,1.0,9.219829439634617e-52,0.20677273791188197,0.43651431810659214,0.0,1.0,4.0,1.0,6.0,3.0,0.24965599205562383,1.0
56.0,0.85,-0.11746579910170474,-0.1575762127050997,0.018169830057991332,-0.06357730660776476,-0.09134377909934654,0.24777743760384974,-0.027041712995240608,1.1667307387885811e-51,0.28190921387672496,0.3165631588759629,0.0,0.0,4.0,1.0,0.07149606460571138,1.0,1.3183266359463712e-51,0.20987664711695805,0.4430669266554811,0.0,1.0,4.0,1.0,6.0,3.0,0.25340363083851813,1.0
56.0,0.9,-0.11746579910170474,-0.1575762127050997,0.018169830057991332,-0.06357730660776476,-0.09134377909934654,0.24777743760384974,-0.027041712995240608,4.3141677379496666e-49,0.36066683047524956,0.4050021267022263,0.0,0.0,5.0,2.0,0.09147008236513891,1.0,3.5173476510241515e-51,0.21863622930317675,0.4615591277238124,1.0,1.0,4.0,1.0,6.0,3.0,0.2639798905658774,1.0
56.0,0.95,-0.11746579910170474,-0.1575762127050997,0.018169830057991332,-0.06357730660776476,-0.09134377909934654,0.24777743760384974,-0.027041712995240608,1.8149471505400524e-47,0.4214746834537194,0.47328483998646503,1.0,1.0,6.0,3.0,0.1068917925153591,1.0,8.091568353956424e-51,0.22635904562574696,0.47786263047254435,1.0,1.0,4.0,1.0,6.0,3.0,0.27330436626777715,1.0
57.0,0.4,0.20695874706601314,-0.11354032652285873,-0.11481253474444625,-0.010202896982888057,0.0014437294106667456,0.08632458130187226,-0.00755510747429311,3.4997307781781017e-62,0.09633749113565543,0.10728339831022085,0.0,0.0,2.0,0.0,0.02996817328339927,1.0,2.632675339263077e-55,0.09104986889355345,0.2938608068489448,0.0,0.0,4.0,2.0,5.0,3.0,0.2205950966157355,1.0
57.0,0.45,0.20695874706601314,-0.11354032652285873,-0.11481253474444625,-0.010202896982888057,0.0014437294106667456,0.08632458130187226,-0.00755510747429311,3.599404346568258e-61,0.10616226246208041,0.11822446438008012,0.0,0.0,2.0,0.0,0.033024412823263155,1.0,4.622869644619057e-55,0.09321105475053683,0.3008359714197598,0.0,0.0,4.0,2.0,6.0,3.0,0.2258312052309294,1.0
57.0,0.5,0.20695874706601314,-0.11354032652285873,-0.11481253474444625,-0.010202896982888057,0.0014437294106667456,0.08632458130187226,-0.00755510747429311,1.8446052697359364e-60,0.11364226098567567,0.12655434355283895,0.0,0.0,2.0,0.0,0.03535125244999815,1.0,6.825148239430356e-55,0.09473652287761856,0.30575937548496135,0.0,0.0,4.0,2.0,6.0,3.0,0.2295271006008748,1.0
57.0,0.55,0.20695874706601314,-0.11354032652285873,-0.11481253474444625,-0.010202896982888057,0.0014437294106667456,0.08632458130187226,-0.00755510747429311,1.734214381192402e-59,0.12476415746241422,0.13893991469044314,0.0,0.0,2.0,0.0,0.0388109950374981,1.0,1.073798125063718e-54,0.09654235319736001,0.3115876403824309,0.0,0.0,4.0,2.0,6.0,3.0,0.2339022558723306,1.0
57.0,0.6,0.20695874706601314,-0.11354032652285873,-0.11481253474444625,-0.010202896982888057,0.0014437294106667456,0.08632458130187226,-0.00755510747429311,9.197228576061042e-59,0.13374562862241127,0.1489418644662881,0.0,0.0,2.0,0.0,0.04160490508113457,1.0,2.2689688118031592e-54,0.09959914852475381,0.3214533585014784,0.0,0.0,4.0,2.0,6.0,3.0,0.24130824194101247,1.0
57.0,0.65,0.20695874706601314,-0.11354032652285873,-0.11481253474444625,-0.010202896982888057,0.0014437294106667456,0.08632458130187226,-0.00755510747429311,4.9072865069206876e-58,0.14340983884395112,0.1597041264094729,0.0,0.0,2.0,0.0,0.04461119809491551,1.0,3.222172004972678e-54,0.10106535373348374,0.32618549321929136,0.0,0.0,4.0,2.0,6.0,3.0,0.24486055545457078,1.0
57.0,0.7,0.20695874706601314,-0.11354032652285873,-0.11481253474444625,-0.010202896982888057,0.0014437294106667456,0.08632458130187226,-0.00755510747429311,3.124960538025619e-57,0.1549098658645755,0.1725107914459814,0.0,0.0,2.0,0.0,0.048188567595150424,1.0,4.219092883391417e-54,0.1022069038266193,0.3298698129827771,0.0,0.0,4.0,2.0,6.0,3.0,0.24762629642868844,1.0
57.0,0.75,0.20695874706601314,-0.11354032652285873,-0.11481253474444625,-0.010202896982888057,0.0014437294106667456,0.08632458130187226,-0.00755510747429311,1.0063755427677004e-56,0.16264556490689555,0.18112542394037126,0.0,0.0,2.0,0.0,0.050594949229503285,1.0,6.351528417006754e-54,0.10396393218445228,0.3355405709658876,0.0,0.0,4.0,2.0,6.0,3.0,0.25188321458862434,1.0
57.0,0.8,0.20695874706601314,-0.11354032652285873,-0.11481253474444625,-0.010202896982888057,0.0014437294106667456,0.08632458130187226,-0.00755510747429311,7.532257604724973e-54,0.2142886180183638,0.23863618295642142,0.0,0.0,3.0,1.0,0.06665980566580998,1.0,9.827194898188124e-54,0.10587189073937191,0.3416984517755624,0.0,0.0,4.0,2.0,6.0,3.0,0.2565058055585617,1.0
57.0,0.85,0.20695874706601314,-0.11354032652285873,-0.11481253474444625,-0.010202896982888057,0.0014437294106667456,0.08632458130187226,-0.00755510747429311,1.3900877422045711e-52,0.24196579717305347,0.26945805510975324,0.0,0.0,5.0,2.0,0.0752694807894384,1.0,1.260145868385567e-53,0.10697450967555705,0.34525712236094347,0.0,0.0,4.0,2.0,6.0,3.0,0.2591772243504157,1.0
57.0,0.9,0.20695874706601314,-0.11354032652285873,-0.11481253474444625,-0.010202896982888057,0.0014437294106667456,0.08632458130187226,-0.00755510747429311,4.23718914025343e-51,0.2789901043147885,0.31068907995192496,0.0,0.0,5.0,2.0,0.08678681260949714,1.0,2.841171882968489e-53,0.11066029744438025,0.35715289531243033,0.0,0.0,4.0,2.0,6.0,3.0,0.26810712967426875,1.0
57.0,0.95,0.20695874706601314,-0.11354032652285873,-0.11481253474444625,-0.010202896982888057,0.0014437294106667456,0.08632458130187226,-0.00755510747429311,1.0734656201520705e-48,0.3513527804139863,0.3912736344304302,1.0,1.0,6.0,3.0,0.10929702323494954,1.0,1.1286119233070744e-52,0.11720661681008884,0.3782809508942237,0.0,1.0,4.0,2.0,6.0,3.0,0.28396751443379237,1.0
58.0,0.4,0.04895448729816576,-0.2666312213396722,-0.21436558515198212,-0.015006549895211314,-0.052169509745760824,0.10391163238854106,-0.12659189433526608,5.203095331254518e-65,0.07251417711880517,0.0788720336452981,0.0,0.0,1.0,0.0,0.0256222412046569,0.0,1.2405600282326819e-54,0.1139566829204415,0.3135157346530329,0.0,0.0,4.0,2.0,4.0,2.0,0.2565284712578086,1.0
58.0,0.45,0.04895448729816576,-0.2666312213396722,-0.21436558515198212,-0.015006549895211314,-0.052169509745760824,0.10391163238854106,-0.12659189433526608,3.7244215717835677e-63,0.08663754420572034,0.09423370122981779,0.0,0.0,2.0,1.0,0.030612607675064078,0.0,2.4672460538785896e-54,0.11726846600740361,0.3226270573145154,0.0,0.0,4.0,2.0,4.0,2.0,0.26398364308857314,1.0
58.0,0.5,0.04895448729816576,-0.2666312213396722,-0.21436558515198212,-0.015006549895211314,-0.052169509745760824,0.10391163238854106,-0.12659189433526608,2.6904115147422776e-62,0.09407793911113986,0.10232645082212287,0.0,0.0,2.0,1.0,0.03324160521043182,0.0,4.039857093655195e-54,0.11970279975048609,0.32932435590459463,0.0,0.0,4.0,2.0,4.0,2.0,0.2694635842174337,1.0
58.0,0.55,0.04895448729816576,-0.2666312213396722,-0.21436558515198212,-0.015006549895211314,-0.052169509745760824,0.10391163238854106,-0.12659189433526608,2.5471430121625137e-61,0.10331520397424719,0.11237361530803959,0.0,0.0,2.0,1.0,0.036505510805141514,0.0,7.021107444930326e-54,0.12249150171238268,0.3369965864566436,0.0,0.0,4.0,2.0,4.0,2.0,0.27574124545454104,1.0
58.0,0.6,0.04895448729816576,-0.2666312213396722,-0.21436558515198212,-0.015006549895211314,-0.052169509745760824,0.10391163238854106,-0.12659189433526608,1.1591892920775314e-59,0.12113001762673754,0.13175038599774722,0.0,0.0,3.0,1.0,0.042800217172315476,0.0,9.789137221570209e-54,0.1241995652287868,0.34169578245336585,0.0,0.0,4.0,2.0,4.0,2.0,0.279586275964777,1.0
58.0,0.65,0.04895448729816576,-0.2666312213396722,-0.21436558515198212,-0.015006549895211314,-0.052169509745760824,0.10391163238854106,-0.12659189433526608,5.033153016037909e-58,0.14173877912901864,0.15416607069803334,0.0,0.0,3.0,1.0,0.0500821402268316,0.0,1.3705271817744118e-53,0.1259532496874473,0.3465204900292296,0.0,0.0,4.0,2.0,4.0,2.0,0.28353400401125617,1.0
58.0,0.7,0.04895448729816576,-0.2666312213396722,-0.21436558515198212,-0.015006549895211314,-0.052169509745760824,0.10391163238854106,-0.12659189433526608,2.205813198529996e-56,0.16591820699774837,0.18046548860719613,0.0,0.0,3.0,1.0,0.05862572656620595,0.0,2.0981912559717817e-53,0.1282082393699494,0.3527243802165055,0.0,0.0,4.0,2.0,5.0,3.0,0.28861022280886933,1.0
58.0,0.75,0.04895448729816576,-0.2666312213396722,-0.21436558515198212,-0.015006549895211314,-0.052169509745760824,0.10391163238854106,-0.12659189433526608,2.696811957749014e-55,0.18416091317569935,0.20030766833835797,0.0,0.0,3.0,1.0,0.06507162496137549,0.0,3.636337401946997e-53,0.1311797298187002,0.3608994954197533,0.0,0.0,4.0,2.0,5.0,3.0,0.29529936014281044,1.0
58.0,0.8,0.04895448729816576,-0.2666312213396722,-0.21436558515198212,-0.015006549895211314,-0.052169509745760824,0.10391163238854106,-0.12659189433526608,9.582251107895895e-54,0.21370097151802503,0.23243772301225663,0.0,0.0,3.0,1.0,0.07550934252392398,0.0,5.495320325052082e-53,0.13345620380438325,0.36716249286535474,0.0,0.0,4.0,2.0,5.0,3.0,0.3004239423651023,1.0
58.0,0.85,0.04895448729816576,-0.2666312213396722,-0.21436558515198212,-0.015006549895211314,-0.052169509745760824,0.10391163238854106,-0.12659189433526608,8.59843017350247e-52,0.25773860925428954,0.2803364675502176,0.0,0.0,4.0,2.0,0.09106965115589297,0.0,9.869181946452804e-53,0.1367521321706757,0.3762301962824799,0.0,0.0,4.0,2.0,5.0,3.0,0.30784342355314753,1.0
58.0,0.9,0.04895448729816576,-0.2666312213396722,-0.21436558515198212,-0.015006549895211314,-0.052169509745760824,0.10391163238854106,-0.12659189433526608,6.136094082730161e-50,0.3078984593489413,0.3348942042783988,0.0,0.0,4.0,2.0,0.10879318921396053,0.0,1.7737173620004512e-52,0.14013369567583453,0.3855334976723239,0.0,0.0,4.0,2.0,5.0,3.0,0.315455678439903,1.0
58.0,0.95,0.04895448729816576,-0.2666312213396722,-0.21436558515198212,-0.015006549895211314,-0.052169509745760824,0.10391163238854106,-0.12659189433526608,1.3850177303263988e-47,0.3858981124169807,0.41973266629424344,0.0,0.0,4.0,2.0,0.13635367468309212,0.0,5.873435787863315e-52,0.1473023134162703,0.4052556798185747,0.0,0.0,4.0,2.0,5.0,3.0,0.33159299046810137,1.0
59.0,0.4,0.16026474153378945,-0.14094074457438338,-0.1431185340088869,-0.003619326524937044,-0.002861059843009047,0.054764183270073874,-0.04199044216132808,3.1347664452628815e-62,0.09608759910353987,0.10731036976362,0.0,0.0,2.0,0.0,0.02611753136312985,0.0,4.46644978191952e-54,0.06992134656843169,0.3102288056946059,0.0,1.0,4.0,2.0,6.0,3.0,0.21159566724002155,1.0
59.0,0.45,0.16026474153378945,-0.14094074457438338,-0.1431185340088869,-0.003619326524937044,-0.002861059843009047,0.054764183270073874,-0.04199044216132808,1.5733831238860498e-61,0.10276855011393263,0.1147716377106455,0.0,0.0,2.0,0.0,0.02793347794913461,0.0,9.11934768256462e-54,0.07203217113027076,0.31959416570250104,0.0,1.0,4.0,2.0,6.0,3.0,0.2179834351179162,1.0
59.0,0.5,0.16026474153378945,-0.14094074457438338,-0.1431185340088869,-0.003619326524937044,-0.002861059843009047,0.054764183270073874,-0.04199044216132808,1.1596384658384885e-60,0.11168775668796005,0.12473258339340357,0.0,0.0,2.0,0.0,0.0303578038726118,0.0,1.2879758628968122e-53,0.07307589947500186,0.32422500612172334,0.0,1.0,4.0,2.0,6.0,3.0,0.22114196118126317,1.0
59.0,0.55,0.16026474153378945,-0.14094074457438338,-0.1431185340088869,-0.003619326524937044,-0.002861059843009047,0.054764183270073874,-0.04199044216132808,1.234021022722319e-59,0.12325292436556784,0.13764853125182644,0.0,0.0,3.0,1.0,0.03350132741111023,0.0,2.0984110168208246e-53,0.07457732260910675,0.3308865584028961,0.0,1.0,4.0,2.0,6.0,3.0,0.22568556117557384,1.0
59.0,0.6,0.16026474153378945,-0.14094074457438338,-0.1431185340088869,-0.003619326524937044,-0.002861059843009047,0.054764183270073874,-0.04199044216132808,5.5643967504756404e-58,0.14445011085113107,0.16132149156029565,0.0,0.0,3.0,1.0,0.03926292607745066,0.0,2.6256859818850297e-53,0.07527714346232922,0.3339915413322926,1.0,1.0,4.0,2.0,6.0,3.0,0.22780335592143383,1.0
59.0,0.65,0.16026474153378945,-0.14094074457438338,-0.1431185340088869,-0.003619326524937044,-0.002861059843009047,0.054764183270073874,-0.04199044216132808,2.9301562057703764e-57,0.15480295312660117,0.1728835177015462,0.0,0.0,3.0,1.0,0.04207692793981134,0.0,3.8984035727592755e-53,0.07652704860791411,0.33953715221618547,1.0,1.0,4.0,2.0,6.0,3.0,0.23158581330028224,1.0
59.0,0.7,0.16026474153378945,-0.14094074457438338,-0.1431185340088869,-0.003619326524937044,-0.002861059843009047,0.054764183270073874,-0.04199044216132808,1.0870570556934516e-55,0.17995723287257726,0.20097574901819681,0.0,0.0,3.0,1.0,0.04891410252125293,0.0,5.89099664923883e-53,0.0778548872647554,0.34542854048148214,1.0,1.0,4.0,2.0,6.0,3.0,0.23560411272342704,1.0
59.0,0.75,0.16026474153378945,-0.14094074457438338,-0.1431185340088869,-0.003619326524937044,-0.002861059843009047,0.054764183270073874,-0.04199044216132808,4.5588806011229185e-54,0.21027027605078905,0.23482927332791853,0.0,0.0,3.0,1.0,0.05715347850010065,0.0,8.154032947387026e-53,0.07891663047146281,0.35013930969770196,1.0,1.0,4.0,2.0,6.0,3.0,0.23881715528176684,1.0
59.0,0.8,0.16026474153378945,-0.14094074457438338,-0.1431185340088869,-0.003619326524937044,-0.002861059843009047,0.054764183270073874,-0.04199044216132808,4.8979288679595685e-53,0.2321360795314394,0.25924894328094583,0.0,0.0,3.0,1.0,0.06309681368085115,0.0,1.6001811014835527e-52,0.08116492566254245,0.3601146028836667,1.0,1.0,4.0,2.0,6.0,3.0,0.2456209361649545,1.0
59.0,0.85,0.16026474153378945,-0.14094074457438338,-0.1431185340088869,-0.003619326524937044,-0.002861059843009047,0.054764183270073874,-0.04199044216132808,8.006095379645861e-52,0.26079623903060223,0.29125653158612796,1.0,1.0,6.0,3.0,0.07088692001689462,0.0,3.722318074832131e-52,0.0840708121585516,0.3730075138669917,1.0,1.0,4.0,2.0,6.0,3.0,0.254414716923239,1.0
59.0,0.9,0.16026474153378945,-0.14094074457438338,-0.1431185340088869,-0.003619326524937044,-0.002861059843009047,0.054764183270073874,-0.04199044216132808,1.856606460258252e-50,0.29729580867868827,0.3320191518585791,1.0,1.0,6.0,3.0,0.08080785324780423,0.0,8.98426244805841e-52,0.08721471831217288,0.3869564765103141,1.0,1.0,4.0,2.0,6.0,3.0,0.26392879170817524,1.0
59.0,0.95,0.16026474153378945,-0.14094074457438338,-0.1431185340088869,-0.003619326524937044,-0.002861059843009047,0.054764183270073874,-0.04199044216132808,1.1830632524481106e-48,0.3534821254086989,0.3947678778149463,1.0,1.0,6.0,3.0,0.09607983322300935,1.0,4.259714710642437e-51,0.09305767604782927,0.4128806597392899,1.0,1.0,4.0,2.0,6.0,3.0,0.2816107243569046,1.0
60.0,0.4,0.06418744054417458,-0.12618720540720302,-0.11694871098214815,-0.019712644389383447,0.009087451137354456,0.07992076718898566,-0.05656966047337386,1.740807617385148e-63,0.08299733434567726,0.09017864778010734,0.0,0.0,2.0,0.0,0.026596904935936486,0.0,5.781431362735238e-55,0.08254630416777231,0.261123767464067,0.0,0.0,4.0,2.0,4.0,2.0,0.21055211329453716,1.0
60.0,0.45,0.06418744054417458,-0.12618720540720302,-0.11694871098214815,-0.019712644389383447,0.009087451137354456,0.07992076718898566,-0.05656966047337386,1.306715226805327e-62,0.0902693679129843,0.09807989134270197,0.0,0.0,2.0,0.0,0.028927263940902264,0.0,7.801290728235183e-55,0.08358334779995182,0.26440431094798794,0.0,0.0,4.0,2.0,4.0,2.0,0.2131973162571101,1.0
60.0,0.5,0.06418744054417458,-0.12618720540720302,-0.11694871098214815,-0.019712644389383447,0.009087451137354456,0.07992076718898566,-0.05656966047337386,3.601010592751781e-61,0.1036455224545691,0.11261341267284437,0.0,0.0,3.0,1.0,0.033213718603038726,0.0,1.5347057342970018e-54,0.08597335456919672,0.2719647653879761,0.0,0.0,4.0,2.0,5.0,2.0,0.21929354286744973,1.0
60.0,0.55,0.06418744054417458,-0.12618720540720302,-0.11694871098214815,-0.019712644389383447,0.009087451137354456,0.07992076718898566,-0.05656966047337386,3.220820530234596e-60,0.1135528748080314,0.1233779949978046,0.0,0.0,3.0,1.0,0.036388578504133684,0.0,2.0526167002327917e-54,0.08702131737826646,0.2752798501713038,0.0,0.0,4.0,2.0,5.0,2.0,0.22196659754056094,1.0
60.0,0.6,0.06418744054417458,-0.12618720540720302,-0.11694871098214815,-0.019712644389383447,0.009087451137354456,0.07992076718898566,-0.05656966047337386,2.4167582321285894e-59,0.12350017662902542,0.13418598340309204,0.0,0.0,3.0,1.0,0.03957624040903467,0.0,3.662620518257341e-54,0.08914647114695383,0.28200247893239566,0.0,0.0,4.0,2.0,5.0,2.0,0.22738725957484815,1.0
60.0,0.65,0.06418744054417458,-0.12618720540720302,-0.11694871098214815,-0.019712644389383447,0.009087451137354456,0.07992076718898566,-0.05656966047337386,1.2523577298347303e-58,0.13226295207222283,0.14370695472702738,0.0,0.0,3.0,1.0,0.042384314996912316,0.0,5.215999346303592e-54,0.09046943745741753,0.2861874990941002,0.0,0.0,4.0,2.0,6.0,3.0,0.23076176986085034,1.0
60.0,0.7,0.06418744054417458,-0.12618720540720302,-0.11694871098214815,-0.019712644389383447,0.009087451137354456,0.07992076718898566,-0.05656966047337386,3.3056570451414013e-57,0.15158931944591308,0.16470552883788073,0.0,0.0,3.0,1.0,0.04857754469335252,0.0,1.0198046550954997e-53,0.09303243055567759,0.2942951717579401,0.0,0.0,4.0,2.0,6.0,3.0,0.23729923533115352,1.0
60.0,0.75,0.06418744054417458,-0.12618720540720302,-0.11694871098214815,-0.019712644389383447,0.009087451137354456,0.07992076718898566,-0.05656966047337386,2.0751649042798263e-56,0.16364775583081756,0.17780731693873877,0.0,0.0,3.0,1.0,0.052441730076338205,0.0,1.6367466978560809e-53,0.09488452494676963,0.30015401510625134,0.0,0.0,4.0,2.0,6.0,3.0,0.24202340065868677,1.0
60.0,0.8,0.06418744054417458,-0.12618720540720302,-0.11694871098214815,-0.019712644389383447,0.009087451137354456,0.07992076718898566,-0.05656966047337386,5.9385160468736e-55,0.18819270112126313,0.20447600447646544,0.0,0.0,4.0,2.0,0.0603072787917801,0.0,2.1069062438008996e-53,0.09588809926518696,0.3033286830650092,0.0,0.0,4.0,2.0,6.0,3.0,0.24458323293368994,1.0
60.0,0.85,0.06418744054417458,-0.12618720540720302,-0.11694871098214815,-0.019712644389383447,0.009087451137354456,0.07992076718898566,-0.05656966047337386,1.8369506605267782e-53,0.21712187991159115,0.23590826968434928,0.0,0.0,4.0,2.0,0.0695777767448404,0.0,3.1897949650644097e-53,0.09755950951107048,0.30861595721717594,0.0,0.0,4.0,2.0,6.0,3.0,0.24884652446443667,1.0
60.0,0.9,0.06418744054417458,-0.12618720540720302,-0.11694871098214815,-0.019712644389383447,0.009087451137354456,0.07992076718898566,-0.05656966047337386,5.028339859976808e-50,0.30194340928859886,0.3280689502912873,1.0,1.0,6.0,3.0,0.09675925397114508,0.0,7.046437504975957e-53,0.10083505968830195,0.31897770522539515,0.0,0.0,4.0,2.0,6.0,3.0,0.25720152011168773,1.0
60.0,0.95,0.06418744054417458,-0.12618720540720302,-0.11694871098214815,-0.019712644389383447,0.009087451137354456,0.07992076718898566,-0.05656966047337386,2.1516621252371646e-48,0.3531005940783283,0.38365249143684876,1.0,1.0,6.0,3.0,0.11315282602221462,1.0,1.3839575124894577e-52,0.10371134688322445,0.3280764402471388,0.0,0.0,4.0,2.0,6.0,3.0,0.2645381095985054,1.0
61.0,0.4,0.0658986426767374,-0.11649484732295484,-0.10696333806359709,0.0035115621413645587,0.021769070432152194,0.14036352883396158,-0.04934234448348551,9.004235448149833e-62,0.10433031380233772,0.11122869086247644,0.0,0.0,2.0,0.0,0.029624064576396342,0.0,4.303398785761817e-54,0.11068802195051254,0.36649282366732405,0.0,1.0,4.0,2.0,6.0,3.0,0.24464129814618946,1.0
61.0,0.45,0.0658986426767374,-0.11649484732295484,-0.10696333806359709,0.0035115621413645587,0.021769070432152194,0.14036352883396158,-0.04934234448348551,6.293717969357279e-61,0.11313483950774955,0.12061537659346513,0.0,0.0,2.0,0.0,0.03212406508972574,0.0,6.954010215105106e-54,0.11292366074252737,0.3738951203128639,0.0,1.0,4.0,2.0,6.0,3.0,0.24958247937453426,1.0
61.0,0.5,0.0658986426767374,-0.11649484732295484,-0.10696333806359709,0.0035115621413645587,0.021769070432152194,0.14036352883396158,-0.04934234448348551,1.0489076649541534e-58,0.1400143711963178,0.1492721975283688,0.0,0.0,3.0,1.0,0.039756372072277876,0.0,1.4053118079012578e-53,0.11628285132560882,0.3850175454889198,0.0,1.0,4.0,2.0,6.0,3.0,0.2570069208857659,1.0
61.0,0.55,0.0658986426767374,-0.11649484732295484,-0.10696333806359709,0.0035115621413645587,0.021769070432152194,0.14036352883396158,-0.04934234448348551,7.145466257993383e-58,0.15166772382035085,0.16169607616239393,0.0,0.0,3.0,1.0,0.04306528257090745,0.0,2.0794958273722712e-53,0.11819707491656598,0.3913556225149428,0.0,1.0,4.0,2.0,6.0,3.0,0.26123771420903247,1.0
61.0,0.6,0.0658986426767374,-0.11649484732295484,-0.10696333806359709,0.0035115621413645587,0.021769070432152194,0.14036352883396158,-0.04934234448348551,5.114655722097772e-57,0.1646301013095902,0.17551553309726817,0.0,0.0,3.0,1.0,0.0467458840548862,0.0,3.584737986275675e-53,0.12090962359546575,0.4003369884039233,0.0,1.0,4.0,2.0,6.0,3.0,0.2672329557753463,1.0
61.0,0.65,0.0658986426767374,-0.11649484732295484,-0.10696333806359709,0.0035115621413645587,0.021769070432152194,0.14036352883396158,-0.04934234448348551,2.5265095176708137e-56,0.17595985724959798,0.18759441865862067,0.0,0.0,3.0,1.0,0.04996291091284702,0.0,7.192423113827784e-53,0.12446911775494379,0.41212262737683497,0.0,1.0,4.0,2.0,6.0,3.0,0.275100105775622,1.0
61.0,0.7,0.0658986426767374,-0.11649484732295484,-0.10696333806359709,0.0035115621413645587,0.021769070432152194,0.14036352883396158,-0.04934234448348551,4.7194976774110435e-55,0.198786804537665,0.2119306961095715,0.0,0.0,3.0,1.0,0.056444507065474915,0.0,1.3641039777294375e-52,0.12783323756989926,0.42326137345262493,0.0,1.0,4.0,2.0,6.0,3.0,0.2825354418142222,1.0
61.0,0.75,0.0658986426767374,-0.11649484732295484,-0.10696333806359709,0.0035115621413645587,0.021769070432152194,0.14036352883396158,-0.04934234448348551,2.5081166757563046e-54,0.21311534306735397,0.22720664539550323,0.0,0.0,3.0,1.0,0.0605130230625904,0.0,2.1513252085087763e-52,0.13028304372524904,0.43137278749264757,0.0,1.0,4.0,2.0,6.0,3.0,0.2879499731021626,1.0
61.0,0.8,0.0658986426767374,-0.11649484732295484,-0.10696333806359709,0.0035115621413645587,0.021769070432152194,0.14036352883396158,-0.04934234448348551,1.432260529122118e-53,0.2291621102678103,0.24431443356590257,0.0,0.0,4.0,1.0,0.06506942139461636,0.0,3.9963376570177995e-52,0.13368860781443567,0.44264875735128395,0.0,1.0,4.0,2.0,6.0,3.0,0.2954769087634683,1.0
61.0,0.85,0.0658986426767374,-0.11649484732295484,-0.10696333806359709,0.0035115621413645587,0.021769070432152194,0.14036352883396158,-0.04934234448348551,7.680403147703482e-52,0.27052011450035335,0.288407051519549,1.0,1.0,6.0,3.0,0.07681281737880706,0.0,6.425754813927582e-52,0.13636052030491405,0.45149557506445276,0.0,1.0,4.0,2.0,6.0,3.0,0.3013823367283468,1.0
61.0,0.9,0.0658986426767374,-0.11649484732295484,-0.10696333806359709,0.0035115621413645587,0.021769070432152194,0.14036352883396158,-0.04934234448348551,7.337340772703389e-50,0.32711917878402447,0.3487484766995892,1.0,1.0,6.0,3.0,0.09288383522774897,0.0,1.5471376516339375e-51,0.14144540707617426,0.4683318548893914,0.0,1.0,4.0,2.0,6.0,3.0,0.31262089062719267,1.0
61.0,0.95,0.0658986426767374,-0.11649484732295484,-0.10696333806359709,0.0035115621413645587,0.021769070432152194,0.14036352883396158,-0.04934234448348551,1.069147196721049e-46,0.44311704681962505,0.47241618682344255,1.0,1.0,6.0,3.0,0.12582084277783973,1.0,8.213043108046244e-51,0.15163384503645227,0.5020662132329804,0.0,1.0,4.0,2.0,6.0,3.0,0.3351392502903431,1.0
62.0,0.4,0.03089101151541329,-0.06348395997541062,-0.0035371103089070766,-0.003959121001821073,0.0013076636082778974,0.10486110545530108,0.007939263632533167,2.9686913360404643e-61,0.10307123580601729,0.10891843458895101,0.0,0.0,4.0,1.0,0.03142229347208397,1.0,5.593028930307637e-55,0.09845775392457415,0.2371147433863319,0.0,1.0,6.0,3.0,6.0,3.0,0.203344903272871,1.0
62.0,0.45,0.03089101151541329,-0.06348395997541062,-0.0035371103089070766,-0.003959121001821073,0.0013076636082778974,0.10486110545530108,0.007939263632533167,1.237167952644771e-60,0.10938685445719647,0.11559233629943252,0.0,0.0,4.0,1.0,0.033347672761109004,1.0,8.755472997008191e-55,0.10031355316240007,0.24158404460958288,0.0,1.0,6.0,3.0,6.0,3.0,0.2071776874007587,1.0
62.0,0.5,0.03089101151541329,-0.06348395997541062,-0.0035371103089070766,-0.003959121001821073,0.0013076636082778974,0.10486110545530108,0.007939263632533167,9.332942900874618e-60,0.11899573111750476,0.12574632150990173,0.0,0.0,5.0,2.0,0.03627703457574279,1.0,1.5566081171936014e-54,0.10274769792062174,0.2474461690914502,0.0,1.0,6.0,3.0,6.0,3.0,0.21220492914336375,1.0
62.0,0.55,0.03089101151541329,-0.06348395997541062,-0.0035371103089070766,-0.003959121001821073,0.0013076636082778974,0.10486110545530108,0.007939263632533167,3.3634874485658215e-59,0.12552498605246223,0.1326459790233342,0.0,0.0,5.0,2.0,0.03826754301503631,1.0,2.3532573494213095e-54,0.10453238413992205,0.25174420960168464,0.0,1.0,6.0,3.0,6.0,3.0,0.21589084347890772,1.0
62.0,0.6,0.03089101151541329,-0.06348395997541062,-0.0035371103089070766,-0.003959121001821073,0.0013076636082778974,0.10486110545530108,0.007939263632533167,2.1632832063292487e-58,0.13564704284878168,0.14334225691749325,0.0,0.0,5.0,2.0,0.04135335290862916,1.0,4.1542507637399046e-54,0.10703730338478962,0.2577767795139058,0.0,1.0,6.0,3.0,6.0,3.0,0.2210642558436073,1.0
62.0,0.65,0.03089101151541329,-0.06348395997541062,-0.0035371103089070766,-0.003959121001821073,0.0013076636082778974,0.10486110545530108,0.007939263632533167,2.2680367019211646e-57,0.14960037869924103,0.15808716112128277,0.0,0.0,5.0,2.0,0.04560716640546984,1.0,7.17825340160153e-54,0.10950452839903567,0.2637185708184023,0.0,1.0,6.0,3.0,6.0,3.0,0.22615981827395287,1.0
62.0,0.7,0.03089101151541329,-0.06348395997541062,-0.0035371103089070766,-0.003959121001821073,0.0013076636082778974,0.10486110545530108,0.007939263632533167,1.0763292070365842e-56,0.15962894861604707,0.16868464865466296,0.0,0.0,5.0,2.0,0.04866447589212679,1.0,1.073964515550273e-53,0.11135828749939643,0.2681829588006719,0.0,1.0,6.0,3.0,6.0,3.0,0.22998838890377676,1.0
62.0,0.75,0.03089101151541329,-0.06348395997541062,-0.0035371103089070766,-0.003959121001821073,0.0013076636082778974,0.10486110545530108,0.007939263632533167,9.270756635775538e-56,0.17461320031740601,0.1845189522412661,0.0,0.0,5.0,2.0,0.053232574360508454,1.0,1.8170710748459824e-53,0.11382520982589392,0.27412402114553874,0.0,1.0,6.0,3.0,6.0,3.0,0.23508332619279546,1.0
62.0,0.8,0.03089101151541329,-0.06348395997541062,-0.0035371103089070766,-0.003959121001821073,0.0013076636082778974,0.10486110545530108,0.007939263632533167,1.489006827850795e-54,0.19602793652497164,0.20714853969719926,0.0,0.0,5.0,2.0,0.059761070118605354,1.0,3.654455445395505e-53,0.11718775679230897,0.28222200661935737,0.0,1.0,6.0,3.0,6.0,3.0,0.24202799799751637,1.0
62.0,0.85,0.03089101151541329,-0.06348395997541062,-0.0035371103089070766,-0.003959121001821073,0.0013076636082778974,0.10486110545530108,0.007939263632533167,1.3049540942696734e-53,0.21458387045784041,0.22675714592471952,0.0,0.0,5.0,2.0,0.06541803151164191,1.0,5.694096753011774e-53,0.1193733361996317,0.28748551385632704,0.0,1.0,6.0,3.0,6.0,3.0,0.2465418774581191,1.0
62.0,0.9,0.03089101151541329,-0.06348395997541062,-0.0035371103089070766,-0.003959121001821073,0.0013076636082778974,0.10486110545530108,0.007939263632533167,3.0570350852311287e-52,0.24471924490888564,0.2586020906883301,1.0,1.0,6.0,3.0,0.07460510075057114,1.0,1.1749879352017961e-52,0.12303141579997026,0.29629522737452835,0.0,1.0,6.0,3.0,6.0,3.0,0.25409691312412835,1.0
62.0,0.95,0.03089101151541329,-0.06348395997541062,-0.0035371103089070766,-0.003959121001821073,0.0013076636082778974,0.10486110545530108,0.007939263632533167,3.840151946965669e-50,0.2993149826873989,0.3162950274961894,1.0,1.0,6.0,3.0,0.09124915552866698,1.0,4.879295023257012e-52,0.13055079114790621,0.3144040576594159,0.0,1.0,6.0,3.0,6.0,3.0,0.26962668697992637,1.0
63.0,0.4,-0.046168470829279995,-0.18735195470468646,-0.18395852202654261,-0.005270935200447735,-0.004239821244589199,0.0862141343280245,-0.13802817162745495,7.198806603420348e-64,0.08007396867265318,0.08847931388614504,0.0,0.0,3.0,1.0,0.023665076579825504,0.0,3.1507818986384205e-55,0.056253424304509,0.2571401321126648,0.0,0.0,4.0,2.0,4.0,2.0,0.1877880954590999,0.0
63.0,0.45,-0.046168470829279995,-0.18735195470468646,-0.18395852202654261,-0.005270935200447735,-0.004239821244589199,0.0862141343280245,-0.13802817162745495,1.2468723127742311e-62,0.09017747732043943,0.09964338540423581,0.0,0.0,3.0,1.0,0.0266510695290728,0.0,5.682992381030373e-55,0.05765304432421888,0.2635379377791704,0.0,0.0,4.0,2.0,4.0,2.0,0.1924603795221109,0.0
63.0,0.5,-0.046168470829279995,-0.18735195470468646,-0.18395852202654261,-0.005270935200447735,-0.004239821244589199,0.0862141343280245,-0.13802817162745495,8.564931339918801e-62,0.09771674559850438,0.1079740488583451,0.0,0.0,3.0,1.0,0.028879226370975265,0.0,8.106500472996178e-55,0.05851262639360027,0.2674671749698865,0.0,0.0,4.0,2.0,4.0,2.0,0.19532988092039247,0.0
63.0,0.55,-0.046168470829279995,-0.18735195470468646,-0.18395852202654261,-0.005270935200447735,-0.004239821244589199,0.0862141343280245,-0.13802817162745495,1.9146113934005524e-60,0.11122238218544007,0.12289736886628419,0.0,0.0,3.0,1.0,0.03287068488598553,0.0,1.275316833733133e-54,0.05962782304002921,0.27256485242756534,0.0,0.0,4.0,2.0,4.0,2.0,0.19905268814296515,0.0
63.0,0.6,-0.046168470829279995,-0.18735195470468646,-0.18395852202654261,-0.005270935200447735,-0.004239821244589199,0.0862141343280245,-0.13802817162745495,8.116150267761577e-60,0.11812135475791394,0.13052052492873978,0.0,0.0,3.0,1.0,0.03490960860808983,0.0,2.005549612420357e-54,0.06076328696682349,0.2777551736880906,0.0,0.0,4.0,2.0,4.0,2.0,0.2028431526508851,0.0
63.0,0.65,-0.046168470829279995,-0.18735195470468646,-0.18395852202654261,-0.005270935200447735,-0.004239821244589199,0.0862141343280245,-0.13802817162745495,9.569935878670935e-58,0.14409316327615992,0.15921858793434596,0.0,0.0,3.0,1.0,0.04258532204766563,0.0,3.512828735564755e-54,0.062199072329972606,0.28431829482302917,0.0,0.0,4.0,2.0,4.0,2.0,0.207636165737063,0.0
63.0,0.7,-0.046168470829279995,-0.18735195470468646,-0.18395852202654261,-0.005270935200447735,-0.004239821244589199,0.0862141343280245,-0.13802817162745495,3.0833685292570145e-57,0.15129162671162025,0.16717267234357241,0.0,0.0,3.0,1.0,0.044712757358804665,0.0,5.336584247972994e-54,0.0632922945435228,0.289315524909843,0.0,0.0,4.0,2.0,4.0,2.0,0.21128561676932162,0.0
63.0,0.75,-0.046168470829279995,-0.18735195470468646,-0.18395852202654261,-0.005270935200447735,-0.004239821244589199,0.0862141343280245,-0.13802817162745495,5.944897426662582e-56,0.1711439355464188,0.18910887325724982,0.0,0.0,3.0,1.0,0.050579912648464995,0.0,9.261293579285563e-54,0.06476288477195358,0.2960377426289869,0.0,0.0,4.0,2.0,4.0,2.0,0.21619481725999534,0.0
63.0,0.8,-0.046168470829279995,-0.18735195470468646,-0.18395852202654261,-0.005270935200447735,-0.004239821244589199,0.0862141343280245,-0.13802817162745495,3.499761584233634e-55,0.18426397479758044,0.20360611986991245,0.0,0.0,3.0,1.0,0.05445741165039838,0.0,1.4705803647301763e-53,0.06602274322904769,0.30179668395755,0.0,0.0,4.0,2.0,4.0,2.0,0.22040054203374537,0.0
63.0,0.85,-0.046168470829279995,-0.18735195470468646,-0.18395852202654261,-0.005270935200447735,-0.004239821244589199,0.0862141343280245,-0.13802817162745495,1.5136024122560262e-54,0.19585710229454778,0.21641617516915207,0.0,0.0,4.0,2.0,0.05788364684971739,0.0,2.453927567273352e-53,0.06744645156650912,0.308304599777981,0.0,0.0,4.0,2.0,4.0,2.0,0.22515323896707135,0.0
63.0,0.9,-0.046168470829279995,-0.18735195470468646,-0.18395852202654261,-0.005270935200447735,-0.004239821244589199,0.0862141343280245,-0.13802817162745495,3.934506550678576e-52,0.24692170136652608,0.2728410129117424,0.0,0.0,4.0,2.0,0.07297528858533128,0.0,4.332998224881367e-53,0.06906336286163475,0.31569566599632226,0.0,0.0,4.0,2.0,6.0,3.0,0.23055089602336568,0.0
63.0,0.95,-0.046168470829279995,-0.18735195470468646,-0.18395852202654261,-0.005270935200447735,-0.004239821244589199,0.0862141343280245,-0.13802817162745495,7.27986098888785e-49,0.3378266925433151,0.37328827912667745,1.0,1.0,6.0,3.0,0.09984136770377239,0.0,1.2673846350958965e-52,0.0722219790584984,0.33013402234878375,0.0,0.0,4.0,2.0,6.0,3.0,0.2410951522571634,0.0
64.0,0.4,0.07724339936008318,-0.10782208090873019,-0.09423991066926801,0.028846103162768116,0.003882501017072629,0.1542823844534058,-0.037078473992817496,1.3225481460418029e-58,0.1367656912633271,0.13998293164996156,0.0,0.0,2.0,0.0,0.039190059546455984,0.0,1.2509240150959993e-51,0.15337639735440672,0.39827527277079344,0.0,0.0,4.0,2.0,6.0,3.0,0.3027669691818087,1.0
64.0,0.45,0.07724339936008318,-0.10782208090873019,-0.09423991066926801,0.028846103162768116,0.003882501017072629,0.1542823844534058,-0.037078473992817496,1.1011560477791828e-57,0.14939247498802236,0.15290674453582395,0.0,0.0,3.0,1.0,0.042808250640143805,0.0,2.978192158907268e-51,0.15902129048796224,0.41293346915112594,0.0,1.0,4.0,2.0,6.0,3.0,0.313910060393246,1.0
64.0,0.5,0.07724339936008318,-0.10782208090873019,-0.09423991066926801,0.028846103162768116,0.003882501017072629,0.1542823844534058,-0.037078473992817496,1.1014742293719455e-56,0.16443740592410366,0.1683055884962506,0.0,0.0,3.0,1.0,0.04711935917775294,0.0,5.088197713442688e-51,0.16261005977490164,0.4222524914473957,0.0,1.0,4.0,2.0,6.0,3.0,0.32099433684543505,1.0
64.0,0.55,0.07724339936008318,-0.10782208090873019,-0.09423991066926801,0.028846103162768116,0.003882501017072629,0.1542823844534058,-0.037078473992817496,9.210150810705136e-55,0.19774073025621725,0.2023923315283374,0.0,0.0,4.0,1.0,0.05666239041325138,0.0,7.731248975313982e-51,0.16546938248707954,0.42967734659313855,0.0,1.0,4.0,2.0,6.0,3.0,0.3266386764336077,1.0
64.0,0.6,0.07724339936008318,-0.10782208090873019,-0.09423991066926801,0.028846103162768116,0.003882501017072629,0.1542823844534058,-0.037078473992817496,2.2411188019244147e-54,0.2052048980351936,0.21003208443988108,0.0,0.0,4.0,1.0,0.05880123954288873,0.0,9.926612600021895e-51,0.16720167420091697,0.43417561990472875,0.0,1.0,4.0,2.0,6.0,3.0,0.33005824242279586,1.0
64.0,0.65,0.07724339936008318,-0.10782208090873019,-0.09423991066926801,0.028846103162768116,0.003882501017072629,0.1542823844534058,-0.037078473992817496,1.8690766062074277e-53,0.22416586561428403,0.2294390848661105,0.0,0.0,5.0,2.0,0.06423448410604643,0.0,1.4042336168109672e-50,0.16963568516469657,0.44049606031960187,1.0,1.0,4.0,2.0,6.0,3.0,0.3348630111823333,1.0
64.0,0.7,0.07724339936008318,-0.10782208090873019,-0.09423991066926801,0.028846103162768116,0.003882501017072629,0.1542823844534058,-0.037078473992817496,4.1594264290811175e-52,0.25510056063769815,0.26110147957252433,0.0,0.0,5.0,2.0,0.07309878719858771,0.0,1.686183872648348e-50,0.17093393186444794,0.44386724107091713,1.0,1.0,4.0,2.0,6.0,3.0,0.33742576676476976,1.0
64.0,0.75,0.07724339936008318,-0.10782208090873019,-0.09423991066926801,0.028846103162768116,0.003882501017072629,0.1542823844534058,-0.037078473992817496,2.117955502202977e-51,0.2730014083165506,0.2794234221149746,0.0,0.0,5.0,2.0,0.07822825556149415,1.0,2.60932265230595e-50,0.17407212647294654,0.4520162479276863,1.0,1.0,5.0,2.0,6.0,3.0,0.3436206030414512,1.0
64.0,0.8,0.07724339936008318,-0.10782208090873019,-0.09423991066926801,0.028846103162768116,0.003882501017072629,0.1542823844534058,-0.037078473992817496,2.5333625481518246e-49,0.3332261500656704,0.3410648749532582,1.0,1.0,6.0,3.0,0.09548558957206568,1.0,4.248094389588951e-50,0.17764323237166146,0.4612894033833957,1.0,1.0,5.0,2.0,6.0,3.0,0.3506700117394719,1.0
64.0,0.85,0.07724339936008318,-0.10782208090873019,-0.09423991066926801,0.028846103162768116,0.003882501017072629,0.1542823844534058,-0.037078473992817496,5.162016354671233e-48,0.377820768260333,0.3867085252944858,1.0,1.0,6.0,3.0,0.10826412873899287,1.0,7.6625215279771e-50,0.1820634346571893,0.47276742282665335,1.0,1.0,6.0,3.0,6.0,3.0,0.35939554756013237,1.0
64.0,0.9,0.07724339936008318,-0.10782208090873019,-0.09423991066926801,0.028846103162768116,0.003882501017072629,0.1542823844534058,-0.037078473992817496,2.937855514524509e-47,0.4062121920286977,0.4157678214973616,1.0,1.0,6.0,3.0,0.11639966022947883,1.0,1.045468118552141e-49,0.18443578708254008,0.4789277533964983,1.0,1.0,6.0,3.0,6.0,3.0,0.3640786015765524,1.0
64.0,0.95,0.07724339936008318,-0.10782208090873019,-0.09423991066926801,0.028846103162768116,0.003882501017072629,0.1542823844534058,-0.037078473992817496,8.761211352416425e-45,0.5150608331227097,0.5271769895840949,1.0,1.0,6.0,3.0,0.14759011952245937,1.0,1.6408871895943574e-49,0.18793262959399373,0.4880080677676044,1.0,1.0,6.0,3.0,6.0,3.0,0.37098141339871654,1.0
65.0,0.4,0.06480486935802121,-0.11968243554436059,-0.11394974706924632,-0.018724504561372098,-0.01952724527972776,0.11425529270522916,-0.054364541593490356,1.2848455769662875e-66,0.06239865272738202,0.06831187617461155,0.0,0.0,2.0,0.0,0.016911746354022143,0.0,1.0220844711106748e-55,0.06908144386065158,0.2313493870373998,0.0,0.0,4.0,2.0,4.0,2.0,0.1749492630218953,1.0
65.0,0.45,0.06480486935802121,-0.11968243554436059,-0.11394974706924632,-0.018724504561372098,-0.01952724527972776,0.11425529270522916,-0.054364541593490356,2.56953931597254e-65,0.07069419063047037,0.07739354273740413,0.0,0.0,2.0,0.0,0.019160064655062068,0.0,1.704260796045881e-55,0.07056891801975669,0.23633084393394488,0.0,0.0,4.0,2.0,5.0,2.0,0.17871630223469007,1.0
65.0,0.5,0.06480486935802121,-0.11968243554436059,-0.11394974706924632,-0.018724504561372098,-0.01952724527972776,0.11425529270522916,-0.054364541593490356,3.1885467129780334e-64,0.07851563061899518,0.08595618338186786,0.0,0.0,2.0,0.0,0.021279889417738264,0.0,3.0857367794087065e-55,0.07233626428338055,0.2422495748104591,0.0,0.0,4.0,2.0,5.0,2.0,0.18319211960395632,1.0
65.0,0.55,0.06480486935802121,-0.11968243554436059,-0.11394974706924632,-0.018724504561372098,-0.01952724527972776,0.11425529270522916,-0.054364541593490356,1.3920490170448857e-62,0.09189503112455268,0.10060348601866197,0.0,0.0,2.0,0.0,0.024906073923795274,0.0,8.056299944176519e-55,0.07528730898759504,0.25213243691185283,0.0,0.0,4.0,2.0,6.0,3.0,0.19066566195186127,1.0
65.0,0.6,0.06480486935802121,-0.11968243554436059,-0.11394974706924632,-0.018724504561372098,-0.01952724527972776,0.11425529270522916,-0.054364541593490356,5.891253659002073e-60,0.11823110420138656,0.12943530344283405,0.0,0.0,3.0,1.0,0.03204387207117351,0.0,1.334824573045561e-54,0.0768880413685565,0.25749318843136887,0.0,0.0,4.0,2.0,6.0,3.0,0.19471952844181742,1.0
65.0,0.65,0.06480486935802121,-0.11968243554436059,-0.11394974706924632,-0.018724504561372098,-0.01952724527972776,0.11425529270522916,-0.054364541593490356,8.730731012718596e-59,0.13228690807547527,0.1448231089772959,0.0,0.0,3.0,1.0,0.03585338044243612,0.0,2.3376258280718153e-54,0.07870429168336943,0.2635756958828061,0.0,0.0,4.0,2.0,6.0,3.0,0.19931919567924186,1.0
65.0,0.7,0.06480486935802121,-0.11968243554436059,-0.11394974706924632,-0.018724504561372098,-0.01952724527972776,0.11425529270522916,-0.054364541593490356,4.9678607051947684e-57,0.15654774491557932,0.1713830298998574,0.0,0.0,3.0,1.0,0.04242873265025887,0.0,4.142812628113071e-54,0.08060341215149056,0.2699357302372742,0.0,0.0,4.0,2.0,6.0,3.0,0.2041287321874508,1.0
65.0,0.75,0.06480486935802121,-0.11968243554436059,-0.11394974706924632,-0.018724504561372098,-0.01952724527972776,0.11425529270522916,-0.054364541593490356,1.1062141422475813e-56,0.16185758546759196,0.17719605877855377,0.0,0.0,3.0,1.0,0.04386784507770609,0.0,7.748326776108891e-54,0.08273382821065785,0.27707035889988846,0.0,0.0,4.0,2.0,6.0,3.0,0.20952402647564128,1.0
65.0,0.8,0.06480486935802121,-0.11968243554436059,-0.11394974706924632,-0.018724504561372098,-0.01952724527972776,0.11425529270522916,-0.054364541593490356,1.81373557378651e-55,0.18186411183476633,0.1990985084652404,0.0,0.0,3.0,1.0,0.049290162460501684,0.0,1.4425429180027262e-53,0.08490432640541165,0.28433922009993784,0.0,0.0,4.0,2.0,6.0,3.0,0.21502082906605183,1.0
65.0,0.85,0.06480486935802121,-0.11968243554436059,-0.11394974706924632,-0.018724504561372098,-0.01952724527972776,0.11425529270522916,-0.054364541593490356,7.349546584207341e-54,0.21219441385362206,0.2323030689050756,0.0,0.0,5.0,2.0,0.057510506204537105,0.0,3.537032521069551e-53,0.08813723401885114,0.29516602326037067,0.0,1.0,4.0,2.0,6.0,3.0,0.2232081912979416,1.0
65.0,0.9,0.06480486935802121,-0.11968243554436059,-0.11394974706924632,-0.018724504561372098,-0.01952724527972776,0.11425529270522916,-0.054364541593490356,8.569285087517352e-53,0.23506020748814285,0.2573357450146058,1.0,1.0,6.0,3.0,0.06370776344052126,0.0,5.22912452488091e-53,0.08958473173913663,0.30001360159126933,0.0,1.0,4.0,2.0,6.0,3.0,0.2268739898863534,1.0
65.0,0.95,0.06480486935802121,-0.11968243554436059,-0.11394974706924632,-0.018724504561372098,-0.01952724527972776,0.11425529270522916,-0.054364541593490356,5.945585283519405e-50,0.30871983449378665,0.33797574442391226,1.0,1.0,6.0,3.0,0.08367154268899017,0.0,1.3713030851771561e-52,0.09325669435616703,0.312310772194533,0.0,1.0,4.0,2.0,6.0,3.0,0.23617326213360482,1.0
66.0,0.4,0.19192216594488853,-0.27626645321682464,-0.2287632571357492,-0.008020271593931344,0.0014484249597985024,0.1802343188246076,-0.08853444944220323,5.198984201944063e-62,0.09642330836752569,0.10439784334654283,0.0,0.0,2.0,0.0,0.033429026642429895,0.0,3.489416190709947e-52,0.16256448139136778,0.3852704833475961,0.0,0.0,3.0,1.0,3.0,1.0,0.345428537271581,1.0
66.0,0.45,0.19192216594488853,-0.27626645321682464,-0.2287632571357492,-0.008020271593931344,0.0014484249597985024,0.1802343188246076,-0.08853444944220323,2.0591877047220485e-59,0.12371511268249324,0.13394677253966378,0.0,0.0,2.0,0.0,0.04289083073327873,0.0,4.7210590354679325e-52,0.16462505777097267,0.39015395636058336,0.0,0.0,3.0,1.0,3.0,1.0,0.3498069960754429,1.0
66.0,0.5,0.19192216594488853,-0.27626645321682464,-0.2287632571357492,-0.008020271593931344,0.0014484249597985024,0.1802343188246076,-0.08853444944220323,1.1036206968809612e-58,0.1326792223922311,0.14365224455739867,0.0,0.0,2.0,0.0,0.04599860070493649,0.0,7.943080700408088e-52,0.1682327347225386,0.39870398789881084,0.0,0.0,3.0,1.0,4.0,1.0,0.3574728438772616,1.0
66.0,0.55,0.19192216594488853,-0.27626645321682464,-0.2287632571357492,-0.008020271593931344,0.0014484249597985024,0.1802343188246076,-0.08853444944220323,3.7569637640504866e-56,0.16916232009333926,0.18315261830603116,0.0,0.0,2.0,0.0,0.05864693714657909,0.0,1.2585682131724752e-51,0.1714901429484915,0.40642389836714976,0.0,0.0,3.0,1.0,5.0,2.0,0.3643944158538512,1.0
66.0,0.6,0.19192216594488853,-0.27626645321682464,-0.2287632571357492,-0.008020271593931344,0.0014484249597985024,0.1802343188246076,-0.08853444944220323,8.2491964309424e-55,0.19239889623976775,0.2083109381927386,0.0,0.0,2.0,0.0,0.06670283292768067,0.0,1.8523702668371193e-51,0.17427414301754476,0.4130218528715022,0.0,0.0,4.0,2.0,5.0,2.0,0.37031005660997596,1.0
66.0,0.65,0.19192216594488853,-0.27626645321682464,-0.2287632571357492,-0.008020271593931344,0.0014484249597985024,0.1802343188246076,-0.08853444944220323,5.128133097156363e-53,0.22852500548439086,0.24742479932748546,0.0,0.0,2.0,0.0,0.07922740493077707,0.0,2.7619201231016373e-51,0.17719906548564177,0.4199537871008806,0.0,0.0,4.0,2.0,5.0,2.0,0.3765251392721913,1.0
66.0,0.7,0.19192216594488853,-0.27626645321682464,-0.2287632571357492,-0.008020271593931344,0.0014484249597985024,0.1802343188246076,-0.08853444944220323,2.118419738689606e-51,0.26685126031763856,0.288920765560984,0.0,0.0,2.0,0.0,0.0925147460894288,0.0,3.8130060058968977e-51,0.17959618597637264,0.4256348544668997,0.0,0.0,4.0,2.0,5.0,2.0,0.38161871086722776,1.0
66.0,0.75,0.19192216594488853,-0.27626645321682464,-0.2287632571357492,-0.008020271593931344,0.0014484249597985024,0.1802343188246076,-0.08853444944220323,9.94183783091447e-51,0.2846076280100524,0.30814564514809173,0.0,0.0,3.0,1.0,0.09867070670426283,0.0,5.653153022830769e-51,0.18256733594268143,0.4326763457805044,0.0,0.0,4.0,2.0,5.0,2.0,0.3879320209955685,1.0
66.0,0.8,0.19192216594488853,-0.27626645321682464,-0.2287632571357492,-0.008020271593931344,0.0014484249597985024,0.1802343188246076,-0.08853444944220323,9.724368912961129e-50,0.3129774038695951,0.33886169779246006,0.0,0.0,3.0,1.0,0.10850623308377276,0.0,7.068827336477217e-51,0.18427529055572653,0.43672412112276676,0.0,0.0,4.0,2.0,5.0,2.0,0.39156120406594674,1.0
66.0,0.85,0.19192216594488853,-0.27626645321682464,-0.2287632571357492,-0.008020271593931344,0.0014484249597985024,0.1802343188246076,-0.08853444944220323,2.548797207394839e-49,0.325798735560893,0.35274339714569425,0.0,0.0,3.0,1.0,0.11295126453888694,0.0,1.0398373198208824e-50,0.1872626604276568,0.44380405288058883,0.0,0.0,4.0,2.0,5.0,2.0,0.3979089793998819,1.0
66.0,0.9,0.19192216594488853,-0.27626645321682464,-0.2287632571357492,-0.008020271593931344,0.0014484249597985024,0.1802343188246076,-0.08853444944220323,1.2718949959348876e-47,0.3834460133345037,0.41515830051558245,0.0,0.0,3.0,1.0,0.13293701712489356,0.0,1.7764903426762016e-50,0.19148852308478853,0.45381915663842703,0.0,0.0,4.0,2.0,5.0,2.0,0.40688839202353705,1.0
66.0,0.95,0.19192216594488853,-0.27626645321682464,-0.2287632571357492,-0.008020271593931344,0.0014484249597985024,0.1802343188246076,-0.08853444944220323,1.4184178732653793e-45,0.46667076947959024,0.5052660265590829,0.0,0.0,5.0,2.0,0.16179023360943412,0.0,4.1163775679856765e-50,0.1983120470601208,0.4699906004717278,0.0,0.0,4.0,2.0,5.0,2.0,0.4213874996124953,1.0
67.0,0.4,-0.11826683556111695,-0.18645943646374796,-0.05329155201593411,-0.0411496437811666,-0.004877470202652391,0.09976213707581855,-0.074949646530995,3.6026639655126573e-62,0.09465443452085835,0.09726285464709225,0.0,0.0,2.0,0.0,0.02300750768673813,0.0,1.8303077290863108e-52,0.12103934323110903,0.327606358485592,0.0,0.0,5.0,2.0,6.0,3.0,0.21281488873533214,1.0
67.0,0.45,-0.11826683556111695,-0.18645943646374796,-0.05329155201593411,-0.0411496437811666,-0.004877470202652391,0.09976213707581855,-0.074949646530995,1.4899641652241852e-61,0.10042240887779671,0.10318977877195641,0.0,0.0,2.0,0.0,0.024409520334385655,0.0,2.4724268436606713e-52,0.12256548766300289,0.33173703704439067,0.0,0.0,5.0,2.0,6.0,3.0,0.21549820020082347,1.0
67.0,0.5,-0.11826683556111695,-0.18645943646374796,-0.05329155201593411,-0.0411496437811666,-0.004877470202652391,0.09976213707581855,-0.074949646530995,6.042797305293098e-61,0.106455121492355,0.10938873662456672,0.0,0.0,2.0,0.0,0.025875882502771393,0.0,4.136509216112841e-52,0.12522214447009886,0.338927572279342,0.0,0.0,5.0,2.0,6.0,3.0,0.22016921135899323,1.0
67.0,0.55,-0.11826683556111695,-0.18645943646374796,-0.05329155201593411,-0.0411496437811666,-0.004877470202652391,0.09976213707581855,-0.074949646530995,2.015083612275181e-59,0.12320467480957582,0.12659986231501263,0.0,0.0,3.0,0.0,0.029947170643111715,0.0,5.729306130296785e-52,0.12693331968032465,0.3435590570874058,0.0,0.0,5.0,2.0,6.0,3.0,0.223177849312981,1.0
67.0,0.6,-0.11826683556111695,-0.18645943646374796,-0.05329155201593411,-0.0411496437811666,-0.004877470202652391,0.09976213707581855,-0.074949646530995,1.913377456741913e-57,0.14894411079114633,0.15304860751375923,0.0,0.0,3.0,0.0,0.03620361572353515,0.0,1.1231900899897751e-51,0.13054400719665707,0.35333178186662473,0.0,0.0,5.0,2.0,6.0,3.0,0.22952626497299636,1.0
67.0,0.65,-0.11826683556111695,-0.18645943646374796,-0.05329155201593411,-0.0411496437811666,-0.004877470202652391,0.09976213707581855,-0.074949646530995,3.879455934725645e-56,0.16884197610555757,0.17349480416222712,0.0,0.0,3.0,0.0,0.04104015921448078,0.0,1.6076617992375083e-51,0.1325092408659516,0.3586509039701012,0.0,0.0,5.0,2.0,6.0,3.0,0.2329815958885921,1.0
67.0,0.7,-0.11826683556111695,-0.18645943646374796,-0.05329155201593411,-0.0411496437811666,-0.004877470202652391,0.09976213707581855,-0.074949646530995,2.7778986772623972e-53,0.2220426961876943,0.22816159215438658,0.0,0.0,4.0,1.0,0.053971576346976954,0.0,2.360390432726526e-51,0.1346467000218761,0.3644361733857414,0.0,0.0,5.0,2.0,6.0,3.0,0.23673973865689732,1.0
67.0,0.75,-0.11826683556111695,-0.18645943646374796,-0.05329155201593411,-0.0411496437811666,-0.004877470202652391,0.09976213707581855,-0.074949646530995,2.171756618382425e-52,0.2419071882323423,0.24857349585606855,0.0,0.0,5.0,2.0,0.05880000784861648,0.0,3.5611929897814316e-51,0.13697391427393416,0.3707350359388601,0.0,0.0,5.0,2.0,6.0,3.0,0.2408315143464709,1.0
67.0,0.8,-0.11826683556111695,-0.18645943646374796,-0.05329155201593411,-0.0411496437811666,-0.004877470202652391,0.09976213707581855,-0.074949646530995,1.623344483437673e-51,0.2630563284189736,0.2703054491268898,0.0,0.0,5.0,2.0,0.0639406967965241,0.0,5.988295424584666e-51,0.1399723823760323,0.3788507212172242,0.0,0.0,5.0,2.0,6.0,3.0,0.24610350805108017,1.0
67.0,0.85,-0.11826683556111695,-0.18645943646374796,-0.05329155201593411,-0.0411496437811666,-0.004877470202652391,0.09976213707581855,-0.074949646530995,2.5307578439086577e-49,0.32465125305402665,0.3335977632387827,0.0,0.0,5.0,2.0,0.07891248030755181,0.0,9.733431128441019e-51,0.14283428619815594,0.38659678018014954,0.0,0.0,6.0,3.0,6.0,3.0,0.25113539047226563,1.0
67.0,0.9,-0.11826683556111695,-0.18645943646374796,-0.05329155201593411,-0.0411496437811666,-0.004877470202652391,0.09976213707581855,-0.074949646530995,4.18281243253508e-47,0.4016454255827516,0.4127136868533735,1.0,1.0,6.0,3.0,0.09762733529829523,0.0,1.8235637878839897e-50,0.14661995900683122,0.3968431219906797,0.0,0.0,6.0,3.0,6.0,3.0,0.2577914703555506,1.0
67.0,0.95,-0.11826683556111695,-0.18645943646374796,-0.05329155201593411,-0.0411496437811666,-0.004877470202652391,0.09976213707581855,-0.074949646530995,5.262815001693517e-46,0.4463399185137183,0.45863983908781697,1.0,1.0,6.0,3.0,0.10849115689175134,0.0,8.160250279242417e-50,0.15606626326062295,0.42241058836252543,0.0,0.0,6.0,3.0,6.0,3.0,0.27440023685300563,1.0
68.0,0.4,0.13902745793063653,-0.10263323777234717,-0.0840912124296127,-0.02248003736582341,-0.007558209167082855,0.027093144916160772,-0.009717988976196246,1.1068638608800151e-62,0.09127073987561701,0.10350275255486764,0.0,0.0,3.0,1.0,0.026869486289055024,1.0,5.357448819234771e-54,0.10342674953501665,0.2996454133078431,1.0,1.0,5.0,2.0,6.0,3.0,0.22464054456118135,1.0
68.0,0.45,0.13902745793063653,-0.10263323777234717,-0.0840912124296127,-0.02248003736582341,-0.007558209167082855,0.027093144916160772,-0.009717988976196246,2.5192192723892496e-61,0.10396338093885626,0.11789644859618971,0.0,0.0,3.0,1.0,0.030606113662574486,1.0,7.04108472900178e-54,0.10461114128280335,0.3030768037013291,1.0,1.0,5.0,2.0,6.0,3.0,0.22721301646417272,1.0
68.0,0.5,0.13902745793063653,-0.10263323777234717,-0.0840912124296127,-0.02248003736582341,-0.007558209167082855,0.027093144916160772,-0.009717988976196246,4.579317775259576e-61,0.10658457185854284,0.12086892888427664,0.0,0.0,3.0,1.0,0.03137777447713011,1.0,9.626038046025661e-54,0.10598309719995086,0.30705160035385876,1.0,1.0,5.0,2.0,6.0,3.0,0.23019287347145115,1.0
68.0,0.55,0.13902745793063653,-0.10263323777234717,-0.0840912124296127,-0.02248003736582341,-0.007558209167082855,0.027093144916160772,-0.009717988976196246,5.803423688147558e-59,0.13041107974571212,0.14788864137321972,0.0,0.0,3.0,1.0,0.03839213666881196,1.0,1.5994495996575768e-53,0.10824929204200866,0.31361716383852206,1.0,1.0,5.0,2.0,6.0,3.0,0.23511499705834069,1.0
68.0,0.6,0.13902745793063653,-0.10263323777234717,-0.0840912124296127,-0.02248003736582341,-0.007558209167082855,0.027093144916160772,-0.009717988976196246,1.534863141491691e-57,0.14947912540340053,0.16951216731485488,0.0,0.0,4.0,1.0,0.04400563987977046,1.0,2.5132621166681096e-53,0.1103069472865861,0.319578551574078,1.0,1.0,5.0,2.0,6.0,3.0,0.23958417738875937,1.0
68.0,0.65,0.13902745793063653,-0.10263323777234717,-0.0840912124296127,-0.02248003736582341,-0.007558209167082855,0.027093144916160772,-0.009717988976196246,6.712276108619865e-57,0.1589573282808041,0.18026062940053164,0.0,0.0,4.0,1.0,0.04679595847044197,1.0,3.920902379149155e-53,0.11237008498056386,0.3255558229260472,1.0,1.0,5.0,2.0,6.0,3.0,0.24406526547441887,1.0
68.0,0.7,0.13902745793063653,-0.10263323777234717,-0.0840912124296127,-0.02248003736582341,-0.007558209167082855,0.027093144916160772,-0.009717988976196246,1.2547867655354033e-55,0.1795841731861141,0.20365186329576906,0.0,0.0,5.0,2.0,0.05286836159903492,1.0,5.388492784918299e-53,0.11386863007855962,0.32989737061335367,1.0,1.0,5.0,2.0,6.0,3.0,0.24732007129957234,1.0
68.0,0.75,0.13902745793063653,-0.10263323777234717,-0.0840912124296127,-0.02248003736582341,-0.007558209167082855,0.027093144916160772,-0.009717988976196246,1.7354973599256866e-54,0.2003565957460582,0.22720818501636705,0.0,0.0,5.0,2.0,0.05898362180099571,1.0,7.906578562155231e-53,0.11570243066895763,0.3352102121974154,1.0,1.0,5.0,2.0,6.0,3.0,0.2513030444191537,1.0
68.0,0.8,0.13902745793063653,-0.10263323777234717,-0.0840912124296127,-0.02248003736582341,-0.007558209167082855,0.027093144916160772,-0.009717988976196246,2.8756796693007905e-53,0.225220801787161,0.25540466692122155,1.0,1.0,6.0,3.0,0.06630347528547625,1.0,1.1153403696016928e-52,0.11737301681458272,0.34005019294052774,1.0,1.0,5.0,2.0,6.0,3.0,0.25493151948171505,1.0
68.0,0.85,0.13902745793063653,-0.10263323777234717,-0.0840912124296127,-0.02248003736582341,-0.007558209167082855,0.027093144916160772,-0.009717988976196246,1.0304150746653172e-52,0.237521624146915,0.26935403311084655,1.0,1.0,6.0,3.0,0.06992475389228862,1.0,2.6267339278007467e-52,0.12163782003628518,0.3524060750482895,1.0,1.0,5.0,2.0,6.0,3.0,0.26419457495311566,1.0
68.0,0.9,0.13902745793063653,-0.10263323777234717,-0.0840912124296127,-0.02248003736582341,-0.007558209167082855,0.027093144916160772,-0.009717988976196246,7.487549836107417e-51,0.2839608501172506,0.32201699739707457,1.0,1.0,6.0,3.0,0.0835961467963535,1.0,5.991931901472578e-52,0.12589009973490445,0.3647256743156137,1.0,1.0,6.0,3.0,6.0,3.0,0.2734304296175886,1.0
68.0,0.95,0.13902745793063653,-0.10263323777234717,-0.0840912124296127,-0.02248003736582341,-0.007558209167082855,0.027093144916160772,-0.009717988976196246,7.280864366385975e-49,0.34362540783777973,0.3896777390812046,1.0,1.0,6.0,3.0,0.10116098759636298,1.0,2.841789563146267e-51,0.13432575425367685,0.3891652433455187,1.0,1.0,6.0,3.0,6.0,3.0,0.29175247911973856,1.0
69.0,0.4,0.16906109820886317,-0.16793947370127815,-0.14693633242584803,0.01199611100392926,-0.04087005942597599,0.10811696225549411,-0.041603522214277544,2.6380382020440903e-61,0.10491174979638314,0.11523950887215308,0.0,0.0,2.0,0.0,0.029030215273211205,0.0,9.02650144777689e-55,0.10557169995238631,0.2900430456873228,0.0,0.0,4.0,2.0,4.0,2.0,0.21849567939088738,1.0
69.0,0.45,0.16906109820886317,-0.16793947370127815,-0.14693633242584803,0.01199611100392926,-0.04087005942597599,0.10811696225549411,-0.041603522214277544,8.657357533181616e-60,0.12133752774983775,0.13328227898963715,0.0,0.0,2.0,0.0,0.033575405596928336,0.0,1.3764378732030837e-54,0.1074440564481437,0.2951870755825205,0.0,0.0,4.0,2.0,4.0,2.0,0.22237078801172944,1.0
69.0,0.5,0.16906109820886317,-0.16793947370127815,-0.14693633242584803,0.01199611100392926,-0.04087005942597599,0.10811696225549411,-0.041603522214277544,6.183853739993249e-59,0.13169619253721485,0.14466067507001365,0.0,0.0,2.0,0.0,0.03644176012160481,0.0,2.061694360769488e-54,0.10926813969733601,0.300198481683034,0.0,0.0,4.0,2.0,4.0,2.0,0.22614598826878282,1.0
69.0,0.55,0.16906109820886317,-0.16793947370127815,-0.14693633242584803,0.01199611100392926,-0.04087005942597599,0.10811696225549411,-0.041603522214277544,2.9255279151889426e-58,0.14050634259460287,0.15433811699309516,0.0,0.0,2.0,0.0,0.03887962388092308,0.0,3.3530684677793033e-54,0.11150499049054975,0.306343907181576,0.0,0.0,4.0,2.0,4.0,2.0,0.23077546978683852,1.0
69.0,0.6,0.16906109820886317,-0.16793947370127815,-0.14693633242584803,0.01199611100392926,-0.04087005942597599,0.10811696225549411,-0.041603522214277544,8.388430851817564e-57,0.1615935849730333,0.1775012370428015,0.0,0.0,2.0,0.0,0.044714691801840754,0.0,4.942435870629935e-54,0.11332222184233351,0.3113364886804773,0.0,0.0,4.0,2.0,4.0,2.0,0.23453648906565547,1.0
69.0,0.65,0.16906109820886317,-0.16793947370127815,-0.14693633242584803,0.01199611100392926,-0.04087005942597599,0.10811696225549411,-0.041603522214277544,1.666275813726063e-55,0.18302491169900026,0.201042313911431,0.0,0.0,2.0,0.0,0.0506449715813016,0.0,1.4096466796308161e-53,0.11838058054976537,0.3252336009401475,0.0,0.0,4.0,2.0,4.0,2.0,0.24500548334046207,1.0
69.0,0.7,0.16906109820886317,-0.16793947370127815,-0.14693633242584803,0.01199611100392926,-0.04087005942597599,0.10811696225549411,-0.041603522214277544,9.537544487088745e-55,0.19682515838474504,0.21620108929613643,0.0,0.0,2.0,0.0,0.05446364902103678,0.0,1.7597830635647871e-53,0.11947994151206147,0.3282539369009961,0.0,0.0,4.0,2.0,4.0,2.0,0.24728076753557335,1.0
69.0,0.75,0.16906109820886317,-0.16793947370127815,-0.14693633242584803,0.01199611100392926,-0.04087005942597599,0.10811696225549411,-0.041603522214277544,1.0305931964774239e-53,0.2173448672709163,0.23874080652353372,0.0,0.0,2.0,0.0,0.06014167428956312,0.0,2.8398110237970083e-53,0.12188621685086247,0.3348648319452447,0.0,0.0,4.0,2.0,6.0,3.0,0.25226089729752676,1.0
69.0,0.8,0.16906109820886317,-0.16793947370127815,-0.14693633242584803,0.01199611100392926,-0.04087005942597599,0.10811696225549411,-0.041603522214277544,2.9650461879160318e-52,0.24999926385248075,0.2746097786060654,0.0,0.0,3.0,1.0,0.06917749882036617,0.0,4.760193585041128e-53,0.12453800270376067,0.3421502317790262,0.0,0.0,4.0,2.0,6.0,3.0,0.2577491460591686,1.0
69.0,0.85,0.16906109820886317,-0.16793947370127815,-0.14693633242584803,0.01199611100392926,-0.04087005942597599,0.10811696225549411,-0.041603522214277544,1.838092996639742e-50,0.2969062892894723,0.32613444180636253,0.0,0.0,5.0,2.0,0.08215717982754353,0.0,8.595950233548457e-53,0.12764283738985116,0.3506803180532407,0.0,0.0,4.0,2.0,6.0,3.0,0.2641750439507408,1.0
69.0,0.9,0.16906109820886317,-0.16793947370127815,-0.14693633242584803,0.01199611100392926,-0.04087005942597599,0.10811696225549411,-0.041603522214277544,1.3425816155185264e-49,0.3225533929095643,0.3543063065489569,1.0,1.0,6.0,3.0,0.08925401064649999,1.0,1.4160549901114104e-52,0.1303254427602288,0.358050390073985,0.0,0.0,4.0,2.0,6.0,3.0,0.2697270780962805,1.0
69.0,0.95,0.16906109820886317,-0.16793947370127815,-0.14693633242584803,0.01199611100392926,-0.04087005942597599,0.10811696225549411,-0.041603522214277544,8.91815628018123e-49,0.34903224217747847,0.3833917959346215,1.0,1.0,6.0,3.0,0.09658099447744703,1.0,3.69969731651617e-52,0.13564625110500003,0.37266854492544604,0.0,0.0,4.0,2.0,6.0,3.0,0.28073924930053124,1.0
70.0,0.4,-0.1420912647623951,-0.27449089971843865,-0.23987716557028282,-0.18145276495359267,-0.00511476086708891,0.004481971570334475,-0.20728153196765342,1.0450786345936479e-60,0.10933117970859635,0.11748805532009661,0.0,0.0,2.0,1.0,0.06418198811858514,0.0,1.1906882915787211e-51,0.1323912249513127,0.451586502852736,0.0,0.0,3.0,2.0,6.0,3.0,0.73677069636057,1.0
70.0,0.45,-0.1420912647623951,-0.27449089971843865,-0.23987716557028282,-0.18145276495359267,-0.00511476086708891,0.004481971570334475,-0.20728153196765342,2.6763422487778674e-59,0.12514890746772633,0.13448589691438037,0.0,0.0,2.0,1.0,0.07346765774920082,0.0,1.927724947423361e-51,0.1350758859950139,0.4607438823732884,0.0,0.0,3.0,2.0,6.0,3.0,0.7517111094233482,1.0
70.0,0.5,-0.1420912647623951,-0.27449089971843865,-0.23987716557028282,-0.18145276495359267,-0.00511476086708891,0.004481971570334475,-0.20728153196765342,8.893108142292263e-58,0.14481828256743906,0.15562274585341254,0.0,0.0,2.0,1.0,0.08501440591669082,0.0,2.6041209903131459e-51,0.13677923233768396,0.4665539971925769,0.0,1.0,3.0,2.0,6.0,3.0,0.7611904058910239,1.0
70.0,0.55,-0.1420912647623951,-0.27449089971843865,-0.23987716557028282,-0.18145276495359267,-0.00511476086708891,0.004481971570334475,-0.20728153196765342,4.94498354207302e-57,0.15554988558162777,0.16715500199447733,0.0,0.0,2.0,1.0,0.09131430699693019,0.0,4.062435922740725e-51,0.13933719137577913,0.4752791961389478,0.0,1.0,3.0,2.0,6.0,3.0,0.7754257093444994,1.0
70.0,0.6,-0.1420912647623951,-0.27449089971843865,-0.23987716557028282,-0.18145276495359267,-0.00511476086708891,0.004481971570334475,-0.20728153196765342,9.960744900105498e-56,0.17628214226458216,0.18943403096470868,0.0,0.0,2.0,1.0,0.10348501123375838,0.0,6.244822187951331e-51,0.14185596971877656,0.48387074972411714,0.0,1.0,3.0,2.0,6.0,3.0,0.7894429682257472,1.0
70.0,0.65,-0.1420912647623951,-0.27449089971843865,-0.23987716557028282,-0.18145276495359267,-0.00511476086708891,0.004481971570334475,-0.20728153196765342,3.2264764509354195e-53,0.22428996751613314,0.24102357791723525,0.0,0.0,2.0,1.0,0.1316676182275425,0.0,1.477362043824915e-50,0.14703799409945575,0.5015466362387191,0.0,1.0,3.0,2.0,6.0,3.0,0.8182814634728043,1.0
70.0,0.7,-0.1420912647623951,-0.27449089971843865,-0.23987716557028282,-0.18145276495359267,-0.00511476086708891,0.004481971570334475,-0.20728153196765342,3.214478124615398e-52,0.24683633929813067,0.26525206774283727,0.0,0.0,2.0,1.0,0.14490328411614165,0.0,2.6370392983456326e-50,0.15063092352578406,0.5138021194494,0.0,1.0,3.0,2.0,6.0,3.0,0.8382764829039165,1.0
70.0,0.75,-0.1420912647623951,-0.27449089971843865,-0.23987716557028282,-0.18145276495359267,-0.00511476086708891,0.004481971570334475,-0.20728153196765342,4.3358429211109437e-51,0.2751001906678448,0.2956246013799445,0.0,0.0,3.0,2.0,0.16149535032846493,0.0,5.97523471449382e-50,0.15585320492954974,0.5316153226802538,0.0,1.0,3.0,2.0,6.0,3.0,0.8673390125984507,1.0
70.0,0.8,-0.1420912647623951,-0.27449089971843865,-0.23987716557028282,-0.18145276495359267,-0.00511476086708891,0.004481971570334475,-0.20728153196765342,1.0995868690636338e-49,0.3147729408528632,0.3382572179936234,0.0,0.0,3.0,2.0,0.18478491866380273,0.0,9.818128709033599e-50,0.1591117102020574,0.5427300850149938,0.0,1.0,4.0,2.0,6.0,3.0,0.8854729274376177,1.0
70.0,0.85,-0.1420912647623951,-0.27449089971843865,-0.23987716557028282,-0.18145276495359267,-0.00511476086708891,0.004481971570334475,-0.20728153196765342,1.912498466106341e-47,0.3902529603623031,0.41936857827824847,0.0,0.0,5.0,2.0,0.22909485594114232,0.0,1.481869445718162e-49,0.16186440730507753,0.5521195355516352,0.0,1.0,4.0,2.0,6.0,3.0,0.9007919681233405,1.0
70.0,0.9,-0.1420912647623951,-0.27449089971843865,-0.23987716557028282,-0.18145276495359267,-0.00511476086708891,0.004481971570334475,-0.20728153196765342,2.4810398524215202e-45,0.47795744741396545,0.5136164374343518,1.0,1.0,6.0,3.0,0.28058106839123814,0.0,5.296159606400693e-49,0.1706865595969848,0.5822118993212262,0.0,1.0,4.0,2.0,6.0,3.0,0.9498881471933501,1.0
70.0,0.95,-0.1420912647623951,-0.27449089971843865,-0.23987716557028282,-0.18145276495359267,-0.00511476086708891,0.004481971570334475,-0.20728153196765342,8.619616404297913e-43,0.60989933244701,0.6554021158576252,1.0,1.0,6.0,3.0,0.3580364888861544,0.0,8.832042598115424e-49,0.17436266375926623,0.5947510915779453,0.0,1.0,4.0,2.0,6.0,3.0,0.9703460425299482,1.0
71.0,0.4,0.10347605758604972,-0.11464837756988,-0.15390972656221924,0.01779681264062712,0.021842938325640764,0.18571837100564692,-0.06811413184612947,6.67544471777023e-60,0.11865553340983481,0.12869377494847636,0.0,0.0,2.0,0.0,0.029709139527510014,0.0,5.980029559366583e-53,0.1700018619138456,0.3707501988829041,0.0,0.0,4.0,2.0,5.0,2.0,0.2628532578270723,1.0
71.0,0.45,0.10347605758604972,-0.11464837756988,-0.15390972656221924,0.01779681264062712,0.021842938325640764,0.18571837100564692,-0.06811413184612947,4.886474070332161e-58,0.14189795529962956,0.1539025024808989,0.0,0.0,2.0,0.0,0.03552860984665767,0.0,9.529816038717056e-53,0.1733349850599546,0.3780192726177988,0.0,0.0,4.0,2.0,5.0,2.0,0.2680068618395834,1.0
71.0,0.5,0.10347605758604972,-0.11464837756988,-0.15390972656221924,0.01779681264062712,0.021842938325640764,0.18571837100564692,-0.06811413184612947,1.0222626101591023e-56,0.16106447354016135,0.17469050548513482,0.0,0.0,2.0,0.0,0.04032754967104623,0.0,1.2900284645940222e-52,0.17553592400829934,0.382819211534006,0.0,0.0,4.0,2.0,5.0,2.0,0.271409906761198,1.0
71.0,0.55,0.10347605758604972,-0.11464837756988,-0.15390972656221924,0.01779681264062712,0.021842938325640764,0.18571837100564692,-0.06811413184612947,8.865984811590053e-56,0.1762341000663163,0.19114348029471595,0.0,0.0,3.0,1.0,0.04412574212018489,0.0,2.1014354118704708e-52,0.1791413630796572,0.39068216807882045,0.0,0.0,5.0,3.0,5.0,2.0,0.2769845598569605,1.0
71.0,0.6,0.10347605758604972,-0.11464837756988,-0.15390972656221924,0.01779681264062712,0.021842938325640764,0.18571837100564692,-0.06811413184612947,4.031921319062438e-54,0.20661617762320456,0.22409587736555708,0.0,0.0,4.0,2.0,0.05173284947821738,0.0,2.8698276198207455e-52,0.18148261619133782,0.39578811249036283,0.0,0.0,5.0,3.0,5.0,2.0,0.2806045555492129,1.0
71.0,0.65,0.10347605758604972,-0.11464837756988,-0.15390972656221924,0.01779681264062712,0.021842938325640764,0.18571837100564692,-0.06811413184612947,4.0714618137054117e-53,0.22751371717471555,0.24676134584168752,0.0,0.0,4.0,2.0,0.05696520485580522,0.0,4.533860129809998e-52,0.18497393864074915,0.4034021967004499,0.0,0.0,5.0,3.0,6.0,3.0,0.2860027639548224,1.0
71.0,0.7,0.10347605758604972,-0.11464837756988,-0.15390972656221924,0.01779681264062712,0.021842938325640764,0.18571837100564692,-0.06811413184612947,1.1076503050102829e-52,0.23720186472260577,0.2572691093177435,0.0,0.0,4.0,2.0,0.059390936880195706,0.0,8.234251250499339e-52,0.1896307272419948,0.41355799899950024,0.0,0.0,5.0,3.0,6.0,3.0,0.29320299129980143,1.0
71.0,0.75,0.10347605758604972,-0.11464837756988,-0.15390972656221924,0.01779681264062712,0.021842938325640764,0.18571837100564692,-0.06811413184612947,5.001455281593672e-52,0.252578862924581,0.2739469994179291,0.0,0.0,4.0,2.0,0.06324105134151493,0.0,1.5823821446157088e-51,0.19486283337711646,0.4249684880867072,0.0,0.0,5.0,3.0,6.0,3.0,0.30129276236131275,1.0
71.0,0.8,0.10347605758604972,-0.11464837756988,-0.15390972656221924,0.01779681264062712,0.021842938325640764,0.18571837100564692,-0.06811413184612947,1.333673917778691e-50,0.28960877943235847,0.3141096416855487,0.0,0.0,5.0,2.0,0.07251265397652885,0.0,2.2396487322555876e-51,0.19770388430415323,0.4311644213804799,0.0,0.0,5.0,3.0,6.0,3.0,0.30568553478990385,1.0
71.0,0.85,0.10347605758604972,-0.11464837756988,-0.15390972656221924,0.01779681264062712,0.021842938325640764,0.18571837100564692,-0.06811413184612947,3.770744051310961e-49,0.3328785273453037,0.3610400042228961,0.0,0.0,5.0,2.0,0.08334659438473344,0.0,6.04632293871686e-51,0.20605659149813493,0.44938050336050417,0.0,0.0,5.0,3.0,6.0,3.0,0.3186003127393733,1.0
71.0,0.9,0.10347605758604972,-0.11464837756988,-0.15390972656221924,0.01779681264062712,0.021842938325640764,0.18571837100564692,-0.06811413184612947,2.0887783741706107e-47,0.3934868011799077,0.42677572955097975,0.0,0.0,5.0,2.0,0.09852177932663131,0.0,1.2375435505345128e-50,0.21229889137545743,0.4629940832057468,0.0,1.0,6.0,3.0,6.0,3.0,0.32825202384780405,1.0
71.0,0.95,0.10347605758604972,-0.11464837756988,-0.15390972656221924,0.01779681264062712,0.021842938325640764,0.18571837100564692,-0.06811413184612947,4.5124174582474024e-43,0.5963964373562063,0.6468514925813904,1.0,1.0,6.0,3.0,0.14932657973839444,1.0,2.4837075929209758e-50,0.21855138273096697,0.47662988923441013,0.0,1.0,6.0,3.0,6.0,3.0,0.33791949280272754,1.0
72.0,0.4,0.17700199061712452,-0.11286320056073945,-0.1038660347450509,0.01603019692331983,-0.023599964370256347,0.0810689247146204,-0.010243026290992385,6.064682682318174e-61,0.10256184082786021,0.1116029588085854,0.0,0.0,2.0,0.0,0.027065162350726014,1.0,4.285307122199676e-53,0.11064283362476685,0.29666254667027725,0.0,0.0,4.0,2.0,6.0,3.0,0.2224533385003636,1.0
72.0,0.45,0.17700199061712452,-0.11286320056073945,-0.1038660347450509,0.01603019692331983,-0.023599964370256347,0.0810689247146204,-0.010243026290992385,1.646920033273656e-60,0.10692111812723636,0.11634651880078593,0.0,0.0,2.0,0.0,0.028215537060141335,1.0,7.791141719729272e-53,0.11343334901453,0.30414465260456,0.0,0.0,4.0,2.0,6.0,3.0,0.22806381903717537,1.0
72.0,0.5,0.17700199061712452,-0.11286320056073945,-0.1038660347450509,0.01603019692331983,-0.023599964370256347,0.0810689247146204,-0.010243026290992385,2.8679312771066607e-59,0.12043909992230202,0.13105614913963715,0.0,0.0,2.0,0.0,0.031782812851843256,1.0,1.4349301164563646e-52,0.11635685914271175,0.3119833524229693,0.0,0.0,4.0,2.0,6.0,3.0,0.2339416926133281,1.0
72.0,0.55,0.17700199061712452,-0.11286320056073945,-0.1038660347450509,0.01603019692331983,-0.023599964370256347,0.0810689247146204,-0.010243026290992385,3.87572169475367e-58,0.13424047948756415,0.14607415956818234,0.0,0.0,2.0,0.0,0.035424874807661266,1.0,2.3370849982945436e-52,0.11874595179828057,0.3183891383940334,0.0,0.0,4.0,2.0,6.0,3.0,0.2387450912592842,1.0
72.0,0.6,0.17700199061712452,-0.11286320056073945,-0.1038660347450509,0.01603019692331983,-0.023599964370256347,0.0810689247146204,-0.010243026290992385,3.014494142345336e-57,0.14621863957957568,0.15910822854121384,0.0,0.0,2.0,0.0,0.03858580527591799,1.0,4.3870797955203214e-52,0.12190308290503589,0.3268542375208179,0.0,1.0,4.0,2.0,6.0,3.0,0.24509267231602855,1.0
72.0,0.65,0.17700199061712452,-0.11286320056073945,-0.1038660347450509,0.01603019692331983,-0.023599964370256347,0.0810689247146204,-0.010243026290992385,4.0703901447421897e-56,0.1629684889033951,0.17733462472372497,0.0,0.0,2.0,0.0,0.04300594231363216,1.0,6.550975967187801e-52,0.12395673410327437,0.33236061669136646,0.0,1.0,4.0,2.0,6.0,3.0,0.24922164795951893,1.0
72.0,0.7,0.17700199061712452,-0.11286320056073945,-0.1038660347450509,0.01603019692331983,-0.023599964370256347,0.0810689247146204,-0.010243026290992385,7.66431657909596e-55,0.1841712617850083,0.20040648234088748,0.0,0.0,3.0,1.0,0.04860116647979738,1.0,1.0207252624096663e-51,0.1262685648545678,0.3385592431697455,0.0,1.0,4.0,2.0,6.0,3.0,0.25386970741194703,1.0
72.0,0.75,0.17700199061712452,-0.11286320056073945,-0.1038660347450509,0.01603019692331983,-0.023599964370256347,0.0810689247146204,-0.010243026290992385,2.1655908271198758e-54,0.1923170641285967,0.20927036032978005,0.0,0.0,4.0,1.0,0.05075077164607142,1.0,1.885483683565995e-51,0.12953883616644593,0.34732770095323584,0.0,1.0,4.0,2.0,6.0,3.0,0.2604447629062452,1.0
72.0,0.8,0.17700199061712452,-0.11286320056073945,-0.1038660347450509,0.01603019692331983,-0.023599964370256347,0.0810689247146204,-0.010243026290992385,6.92191058855905e-53,0.2221833717374343,0.24176946790165005,0.0,0.0,5.0,2.0,0.058632225973774287,1.0,3.2985123130559894e-51,0.1325930099934939,0.35551674452544385,1.0,1.0,4.0,2.0,6.0,3.0,0.2665853428419635,1.0
72.0,0.85,0.17700199061712452,-0.11286320056073945,-0.1038660347450509,0.01603019692331983,-0.023599964370256347,0.0810689247146204,-0.010243026290992385,1.805276488768033e-50,0.2801505368119198,0.30484660345069275,0.0,0.0,5.0,2.0,0.07392924795669202,1.0,7.4233839957932e-51,0.1371510453194323,0.36773803643660186,1.0,1.0,4.0,2.0,6.0,3.0,0.27574951680641846,1.0
72.0,0.9,0.17700199061712452,-0.11286320056073945,-0.1038660347450509,0.01603019692331983,-0.023599964370256347,0.0810689247146204,-0.010243026290992385,3.739454641052473e-48,0.3498665976405235,0.38070833333140264,1.0,1.0,6.0,3.0,0.09232669957757493,1.0,1.9154403577385156e-50,0.1426763207451004,0.3825527535324453,1.0,1.0,4.0,2.0,6.0,3.0,0.28685837875713704,1.0
72.0,0.95,0.17700199061712452,-0.11286320056073945,-0.1038660347450509,0.01603019692331983,-0.023599964370256347,0.0810689247146204,-0.010243026290992385,8.251256391644823e-46,0.43808374641842845,0.4767020746859061,1.0,1.0,6.0,3.0,0.11560642461487719,1.0,8.869761164324947e-50,0.15208522991165646,0.4077805144573519,1.0,1.0,5.0,2.0,6.0,3.0,0.3057754941922442,1.0
73.0,0.4,0.17761725833691455,-0.0897089884892141,-0.07609803833577394,-0.0007757975637042744,-0.0007498044832839415,0.19447536900158863,0.008474060555122342,3.5994719349256345e-65,0.07342701624830099,0.08320818172305983,0.0,0.0,2.0,0.0,0.023434260955023347,1.0,3.2249929708139375e-56,0.07620277981112736,0.2680205790878691,0.0,0.0,3.0,1.0,5.0,2.0,0.21802381492656336,1.0
73.0,0.45,0.17761725833691455,-0.0897089884892141,-0.07609803833577394,-0.0007757975637042744,-0.0007498044832839415,0.19447536900158863,0.008474060555122342,4.4188259181150335e-63,0.08972229729529418,0.10167414664803275,0.0,0.0,2.0,0.0,0.028634906274715474,1.0,4.380834063687969e-56,0.07718157717074908,0.27146320724114265,0.0,0.0,3.0,1.0,5.0,2.0,0.22082425258662908,1.0
73.0,0.5,0.17761725833691455,-0.0897089884892141,-0.07609803833577394,-0.0007757975637042744,-0.0007498044832839415,0.19447536900158863,0.008474060555122342,4.766554156941513e-62,0.09906900167056887,0.11226591948460864,0.0,0.0,2.0,0.0,0.03161791063184422,1.0,8.383131262622316e-56,0.07929711308784108,0.27890397466439865,0.0,0.0,3.0,1.0,5.0,2.0,0.22687701355416545,1.0
73.0,0.55,0.17761725833691455,-0.0897089884892141,-0.07609803833577394,-0.0007757975637042744,-0.0007498044832839415,0.19447536900158863,0.008474060555122342,6.674621063167007e-61,0.11058520822666822,0.12531619248821013,0.0,0.0,2.0,0.0,0.035293312458536695,1.0,1.3732341740254535e-55,0.08094464832887634,0.2846986891152941,0.0,0.0,4.0,1.0,5.0,2.0,0.2315907775318939,1.0
73.0,0.6,0.17761725833691455,-0.0897089884892141,-0.07609803833577394,-0.0007757975637042744,-0.0007498044832839415,0.19447536900158863,0.008474060555122342,6.377979545152154e-59,0.1337234977849273,0.1515367186745638,0.0,0.0,2.0,0.0,0.042677906621093054,1.0,1.9440191099964436e-55,0.082125489449275,0.2888519460133292,0.0,0.0,4.0,1.0,5.0,2.0,0.23496928270624023,1.0
73.0,0.65,0.17761725833691455,-0.0897089884892141,-0.07609803833577394,-0.0007757975637042744,-0.0007498044832839415,0.19447536900158863,0.008474060555122342,5.1393471806213516e-58,0.14587037383276227,0.1653016722461197,0.0,0.0,3.0,0.0,0.046554586862745585,1.0,2.6994521185891697e-55,0.08325658631642775,0.2928302423181379,0.0,0.0,4.0,1.0,5.0,2.0,0.238205464570463,1.0
73.0,0.7,0.17761725833691455,-0.0897089884892141,-0.07609803833577394,-0.0007757975637042744,-0.0007498044832839415,0.19447536900158863,0.008474060555122342,2.2809402928959732e-57,0.1552151149875193,0.175891220342839,0.0,0.0,3.0,0.0,0.049536964657278255,1.0,3.669480354405747e-55,0.08432842176201233,0.2966001042250722,0.0,0.0,4.0,1.0,5.0,2.0,0.24127209354907841,1.0
73.0,0.75,0.17761725833691455,-0.0897089884892141,-0.07609803833577394,-0.0007757975637042744,-0.0007498044832839415,0.19447536900158863,0.008474060555122342,9.498555095901444e-57,0.16472075675877013,0.18666310252339605,0.0,0.0,4.0,1.0,0.052570693946497674,1.0,5.907856143767435e-55,0.0860184663505482,0.30254433264333225,0.0,0.0,4.0,1.0,5.0,2.0,0.24610748104415228,1.0
73.0,0.8,0.17761725833691455,-0.0897089884892141,-0.07609803833577394,-0.0007757975637042744,-0.0007498044832839415,0.19447536900158863,0.008474060555122342,1.424563701331694e-55,0.18439508569516333,0.2089582361276645,0.0,0.0,4.0,1.0,0.05884976372173281,1.0,9.154334540564406e-55,0.08760251298380771,0.30811574482804094,0.0,0.0,4.0,1.0,5.0,2.0,0.25063959773150685,1.0
73.0,0.85,0.17761725833691455,-0.0897089884892141,-0.07609803833577394,-0.0007757975637042744,-0.0007498044832839415,0.19447536900158863,0.008474060555122342,1.4584530716978647e-54,0.20316151849906292,0.23022453334121365,0.0,0.0,4.0,1.0,0.06483907809117881,1.0,1.4791508167795865e-54,0.08937155228202415,0.3143378136070586,0.0,0.0,4.0,1.0,5.0,2.0,0.2557009970335811,1.0
73.0,0.9,0.17761725833691455,-0.0897089884892141,-0.07609803833577394,-0.0007757975637042744,-0.0007498044832839415,0.19447536900158863,0.008474060555122342,3.478054353445675e-51,0.2809106984812457,0.3183306314413941,0.0,0.0,5.0,2.0,0.08965275929239075,1.0,4.406318098415006e-54,0.09353021709411989,0.32896467832161175,0.0,0.0,4.0,1.0,5.0,2.0,0.26759935519822076,1.0
73.0,0.95,0.17761725833691455,-0.0897089884892141,-0.07609803833577394,-0.0007757975637042744,-0.0007498044832839415,0.19447536900158863,0.008474060555122342,6.369924892325239e-50,0.31709169006504284,0.35933126957769795,0.0,0.0,5.0,2.0,0.1011999369077664,1.0,1.6514748366593432e-53,0.09882347331680513,0.3475821303565756,0.0,0.0,5.0,2.0,5.0,2.0,0.28274389346721845,1.0
74.0,0.4,-0.12024652984821738,-0.09352128158466005,-0.06474861646206748,-0.059321864078545575,-0.046618156264817065,0.11746079012065025,-0.0832475875907841,1.0280330932942555e-64,0.07392136430201487,0.0782994258580187,0.0,0.0,0.0,0.0,0.021473236617234093,0.0,1.1222695617469642e-54,0.11498925626329747,0.27777857428363206,0.0,0.0,5.0,2.0,6.0,3.0,0.20642015566829644,1.0
74.0,0.45,-0.12024652984821738,-0.09352128158466005,-0.06474861646206748,-0.059321864078545575,-0.046618156264817065,0.11746079012065025,-0.0832475875907841,9.24497054972557e-64,0.08100573033114306,0.08580337005448242,0.0,0.0,0.0,0.0,0.023531156806653783,0.0,1.8203120053925044e-54,0.1173300598136703,0.2834332336320826,0.0,0.0,5.0,2.0,6.0,3.0,0.2106221920059389,1.0
74.0,0.5,-0.12024652984821738,-0.09352128158466005,-0.06474861646206748,-0.059321864078545575,-0.046618156264817065,0.11746079012065025,-0.0832475875907841,5.647238800654796e-63,0.08734998828638212,0.0925233725879969,0.0,0.0,0.0,0.0,0.025374084808862003,0.0,4.4950069453105506e-54,0.12183357302035426,0.29431233241463095,0.0,0.0,5.0,2.0,6.0,3.0,0.21870656377584877,1.0
74.0,0.55,-0.12024652984821738,-0.09352128158466005,-0.06474861646206748,-0.059321864078545575,-0.046618156264817065,0.11746079012065025,-0.0832475875907841,2.505441872980545e-62,0.09294439222467435,0.09844911030296198,0.0,0.0,0.0,0.0,0.026999189548657244,0.0,7.906157611345001e-54,0.12473407483203644,0.30131905012146876,0.0,0.0,5.0,2.0,6.0,3.0,0.22391332878103057,1.0
74.0,0.6,-0.12024652984821738,-0.09352128158466005,-0.06474861646206748,-0.059321864078545575,-0.046618156264817065,0.11746079012065025,-0.0832475875907841,1.2239371779285406e-60,0.10929315800604233,0.11576614694393003,0.0,0.0,0.0,0.0,0.031748302600585684,0.0,1.3479977842859133e-53,0.1275381945563703,0.30809293843467384,0.0,0.0,5.0,2.0,6.0,3.0,0.22894707583548732,1.0
74.0,0.65,-0.12024652984821738,-0.09352128158466005,-0.06474861646206748,-0.059321864078545575,-0.046618156264817065,0.11746079012065025,-0.0832475875907841,6.727628730298052e-58,0.14215558560192337,0.150574882379946,0.0,0.0,3.0,0.0,0.0412944289504729,0.0,2.587147260801243e-53,0.1310501221986114,0.3165766723516516,0.0,0.0,5.0,2.0,6.0,3.0,0.23525142699110532,1.0
74.0,0.7,-0.12024652984821738,-0.09352128158466005,-0.06474861646206748,-0.059321864078545575,-0.046618156264817065,0.11746079012065025,-0.0832475875907841,9.485276285895169e-56,0.17470825559225517,0.18505551452811453,0.0,0.0,4.0,1.0,0.05075057456988049,0.0,6.652249826323741e-53,0.13630974498517348,0.32928229865447395,0.0,0.0,6.0,3.0,6.0,3.0,0.2446931104112737,1.0
74.0,0.75,-0.12024652984821738,-0.09352128158466005,-0.06474861646206748,-0.059321864078545575,-0.046618156264817065,0.11746079012065025,-0.0832475875907841,3.606452755149975e-55,0.18470614957851195,0.19564554308487792,0.0,0.0,4.0,1.0,0.053654838381405716,0.0,9.544886842569755e-53,0.13837585957513418,0.33427339420336377,0.0,0.0,6.0,3.0,6.0,3.0,0.24840204556876072,1.0
74.0,0.8,-0.12024652984821738,-0.09352128158466005,-0.06474861646206748,-0.059321864078545575,-0.046618156264817065,0.11746079012065025,-0.0832475875907841,7.181114926587646e-54,0.20922376175627844,0.2216152336480208,0.0,0.0,4.0,1.0,0.06077689967659219,0.0,1.583744779952031e-52,0.1413264442113206,0.34140109656597706,0.0,0.0,6.0,3.0,6.0,3.0,0.25369871553347,1.0
74.0,0.85,-0.12024652984821738,-0.09352128158466005,-0.06474861646206748,-0.059321864078545575,-0.046618156264817065,0.11746079012065025,-0.0832475875907841,4.422451812536406e-52,0.24841184910955166,0.2631242719241385,1.0,1.0,6.0,3.0,0.0721605514836076,0.0,3.317072370027477e-52,0.14574757530845936,0.3520811855829214,0.0,0.0,6.0,3.0,6.0,3.0,0.2616352010709685,1.0
74.0,0.9,-0.12024652984821738,-0.09352128158466005,-0.06474861646206748,-0.059321864078545575,-0.046618156264817065,0.11746079012065025,-0.0832475875907841,1.3202441883211894e-49,0.31499012519899905,0.333645708340299,1.0,1.0,6.0,3.0,0.09150071233609437,0.0,6.8734791825463e-52,0.15023999999812948,0.36293349792865714,0.0,1.0,6.0,3.0,6.0,3.0,0.2696996675603111,1.0
74.0,0.95,-0.12024652984821738,-0.09352128158466005,-0.06474861646206748,-0.059321864078545575,-0.046618156264817065,0.11746079012065025,-0.0832475875907841,9.937220277342296e-47,0.4151028510472475,0.43968770349305114,1.0,1.0,6.0,3.0,0.12058221361565251,0.0,1.4213805417081764e-51,0.15485770341257246,0.37408844503077215,1.0,1.0,6.0,3.0,6.0,3.0,0.27798902509347717,1.0
75.0,0.4,-0.004042350805640527,-0.18400987962623394,-0.16370434697768554,-0.05770464856241435,0.046182690128828315,0.041033277967368886,-0.11048334825367045,9.402460870178661e-64,0.08234706474928793,0.08232060532495256,0.0,0.0,1.0,1.0,0.02294991326326673,0.0,9.235612372349343e-55,0.10661249713207521,0.27526727016241553,0.0,0.0,4.0,2.0,4.0,2.0,0.21951829656773322,0.0
75.0,0.45,-0.004042350805640527,-0.18400987962623394,-0.16370434697768554,-0.05770464856241435,0.046182690128828315,0.041033277967368886,-0.11048334825367045,4.153575173714402e-62,0.09642670186113268,0.09639571842499477,0.0,0.0,1.0,1.0,0.026873871591094105,0.0,1.4211047287103805e-54,0.10854416078578114,0.28025471342780367,0.0,0.0,4.0,2.0,4.0,2.0,0.22349564937542526,1.0
75.0,0.5,-0.004042350805640527,-0.18400987962623394,-0.16370434697768554,-0.05770464856241435,0.046182690128828315,0.041033277967368886,-0.11048334825367045,3.113912655704366e-61,0.10486989356712777,0.10483619719892882,0.0,0.0,3.0,2.0,0.029226967210320733,0.0,2.1727580389370268e-54,0.11048140416030255,0.2852565632079858,0.0,0.0,4.0,2.0,4.0,2.0,0.22748449099391993,1.0
75.0,0.55,-0.004042350805640527,-0.18400987962623394,-0.16370434697768554,-0.05770464856241435,0.046182690128828315,0.041033277967368886,-0.11048334825367045,1.158193863873156e-59,0.12192345995477125,0.1218842840038955,0.0,0.0,3.0,2.0,0.033979751910265504,0.0,3.277536275199569e-54,0.11239013455567501,0.2901847941334776,0.0,0.0,4.0,2.0,5.0,3.0,0.23141462354189082,1.0
75.0,0.6,-0.004042350805640527,-0.18400987962623394,-0.16370434697768554,-0.05770464856241435,0.046182690128828315,0.041033277967368886,-0.11048334825367045,1.9912580753293545e-58,0.13726507152817544,0.13722096607298953,0.0,0.0,4.0,2.0,0.03825541924583256,0.0,5.313834813227073e-54,0.11467595893319282,0.2960866598002253,0.0,0.0,4.0,2.0,5.0,3.0,0.23612120379377333,1.0
75.0,0.65,-0.004042350805640527,-0.18400987962623394,-0.16370434697768554,-0.05770464856241435,0.046182690128828315,0.041033277967368886,-0.11048334825367045,1.9369743676954275e-57,0.15091296583009567,0.150864475088953,0.0,0.0,4.0,2.0,0.042059051972863186,0.0,9.521572830467211e-54,0.11749694476501807,0.30337028123281784,0.0,0.0,4.0,2.0,5.0,3.0,0.24192969736725042,1.0
75.0,0.7,-0.004042350805640527,-0.18400987962623394,-0.16370434697768554,-0.05770464856241435,0.046182690128828315,0.041033277967368886,-0.11048334825367045,2.1444981028875533e-56,0.1668149471563978,0.16676134685521243,0.0,0.0,4.0,2.0,0.04649089290445969,0.0,1.6354443434993923e-53,0.12017529643651069,0.31028562955481953,0.0,0.0,4.0,2.0,5.0,3.0,0.2474445029702653,1.0
75.0,0.75,-0.004042350805640527,-0.18400987962623394,-0.16370434697768554,-0.05770464856241435,0.046182690128828315,0.041033277967368886,-0.11048334825367045,5.876694170452193e-56,0.17397103139891998,0.1739151317338152,0.0,0.0,4.0,2.0,0.04848527501353096,0.0,3.6071318930470243e-53,0.12420205911639237,0.3206824967167411,0.0,1.0,4.0,2.0,6.0,3.0,0.2557357268694213,1.0
75.0,0.8,-0.004042350805640527,-0.18400987962623394,-0.16370434697768554,-0.05770464856241435,0.046182690128828315,0.041033277967368886,-0.11048334825367045,6.612846576959444e-54,0.21180973234239273,0.21174167449960896,0.0,0.0,4.0,2.0,0.05903082277884943,0.0,7.094071236008864e-53,0.12775199554766256,0.32984822622287285,0.0,1.0,4.0,2.0,6.0,3.0,0.2630451513672901,1.0
75.0,0.85,-0.004042350805640527,-0.18400987962623394,-0.16370434697768554,-0.05770464856241435,0.046182690128828315,0.041033277967368886,-0.11048334825367045,8.1506527067653625e-53,0.2351776658476168,0.2351020995153643,0.0,0.0,4.0,2.0,0.06554340520931566,0.0,1.663562780325626e-52,0.13237023651069404,0.3417722559289875,1.0,1.0,4.0,2.0,6.0,3.0,0.27255424661048744,1.0
75.0,0.9,-0.004042350805640527,-0.18400987962623394,-0.16370434697768554,-0.05770464856241435,0.046182690128828315,0.041033277967368886,-0.11048334825367045,1.1281656681494782e-49,0.31789126613089597,0.3177891226005991,0.0,0.0,5.0,2.0,0.08859547097478283,0.0,4.00474821147533e-52,0.13730541940020882,0.35451461126530465,1.0,1.0,4.0,2.0,6.0,3.0,0.28271593468927236,1.0
75.0,0.95,-0.004042350805640527,-0.18400987962623394,-0.16370434697768554,-0.05770464856241435,0.046182690128828315,0.041033277967368886,-0.11048334825367045,4.569697746088039e-47,0.40824891351256914,0.4081177366300661,1.0,1.0,6.0,3.0,0.11377791283103823,0.0,1.1114489033597952e-51,0.1432712690029567,0.3699180881420681,1.0,1.0,4.0,2.0,6.0,3.0,0.29499979612769384,1.0
76.0,0.4,0.10763830891354342,-0.2155467487104944,-0.06395309610120836,-0.08173130768446575,-0.07740956412139924,0.15198179015093838,-0.006755627762957683,2.5811798216154026e-62,0.09863695419588572,0.10240512328866443,0.0,0.0,0.0,0.0,0.03295449854282841,1.0,5.274158290363349e-53,0.1677234077823565,0.3603464660939342,0.0,0.0,4.0,2.0,6.0,3.0,0.28410127076714053,1.0
76.0,0.45,0.10763830891354342,-0.2155467487104944,-0.06395309610120836,-0.08173130768446575,-0.07740956412139924,0.15198179015093838,-0.006755627762957683,8.068671432496904e-61,0.11384937311993233,0.11819869323550265,0.0,0.0,0.0,0.0,0.03803695107141935,1.0,8.065916228781033e-53,0.17071874149707417,0.36678181064805354,0.0,0.0,5.0,2.0,6.0,3.0,0.28917496993635383,1.0
76.0,0.5,0.10763830891354342,-0.2155467487104944,-0.06395309610120836,-0.08173130768446575,-0.07740956412139924,0.15198179015093838,-0.006755627762957683,5.15167020995052e-59,0.1353770547030592,0.14054878407732996,0.0,0.0,1.0,0.0,0.045229325949020925,1.0,1.4468967964370966e-52,0.1749264681281125,0.3758219287915599,0.0,0.0,5.0,2.0,6.0,3.0,0.2963023023625464,1.0
76.0,0.55,0.10763830891354342,-0.2155467487104944,-0.06395309610120836,-0.08173130768446575,-0.07740956412139924,0.15198179015093838,-0.006755627762957683,1.0430735127627891e-57,0.15345357616131677,0.15931587216975884,0.0,0.0,1.0,0.0,0.05126867200255514,1.0,2.6239517237766566e-52,0.1793193363030117,0.38525981551095884,0.0,0.0,5.0,2.0,6.0,3.0,0.30374324007841286,1.0
76.0,0.6,0.10763830891354342,-0.2155467487104944,-0.06395309610120836,-0.08173130768446575,-0.07740956412139924,0.15198179015093838,-0.006755627762957683,2.9039671662065918e-56,0.17626735184248377,0.18300118900010437,0.0,0.0,2.0,0.0,0.058890729512039657,1.0,3.445420057178137e-52,0.181365935419966,0.3896568449361089,0.0,0.0,5.0,2.0,6.0,3.0,0.3072099083125338,1.0
76.0,0.65,0.10763830891354342,-0.2155467487104944,-0.06395309610120836,-0.08173130768446575,-0.07740956412139924,0.15198179015093838,-0.006755627762957683,2.3130515056048697e-55,0.19218594048289775,0.19952790604639303,0.0,0.0,3.0,0.0,0.0642091125707117,1.0,4.559088814323389e-52,0.18349485078340125,0.3942307272460989,0.0,0.0,5.0,2.0,6.0,3.0,0.310816009381578,1.0
76.0,0.7,0.10763830891354342,-0.2155467487104944,-0.06395309610120836,-0.08173130768446575,-0.07740956412139924,0.15198179015093838,-0.006755627762957683,1.4003896328375057e-54,0.20716080787053956,0.21507484941629307,0.0,0.0,3.0,0.0,0.06921219939073919,1.0,6.053697396143628e-52,0.18567559556252466,0.3989159628074323,0.0,0.0,5.0,2.0,6.0,3.0,0.31450990262617323,1.0
76.0,0.75,0.10763830891354342,-0.2155467487104944,-0.06395309610120836,-0.08173130768446575,-0.07740956412139924,0.15198179015093838,-0.006755627762957683,6.969310970691088e-54,0.22148626650011324,0.22994757505028618,0.0,0.0,4.0,1.0,0.07399831945478842,1.0,7.757116353312431e-52,0.1876037328449483,0.4030584821197451,0.0,0.0,5.0,2.0,6.0,3.0,0.31777591217959744,1.0
76.0,0.8,0.10763830891354342,-0.2155467487104944,-0.06395309610120836,-0.08173130768446575,-0.07740956412139924,0.15198179015093838,-0.006755627762957683,7.161306102571715e-53,0.24406484908200768,0.2533887138388015,0.0,0.0,4.0,1.0,0.08154179920697655,1.0,1.1629119018465916e-51,0.19079562562470034,0.4099161252987277,0.0,0.0,5.0,2.0,6.0,3.0,0.3231825564093447,1.0
76.0,0.85,0.10763830891354342,-0.2155467487104944,-0.06395309610120836,-0.08173130768446575,-0.07740956412139924,0.15198179015093838,-0.006755627762957683,7.870346765993429e-52,0.26969960072735216,0.28000277470591295,0.0,0.0,4.0,1.0,0.0901063417015126,1.0,2.4714363878165795e-51,0.19688389353255709,0.42299650480112927,0.0,0.0,5.0,2.0,6.0,3.0,0.3334952770502071,1.0
76.0,0.9,0.10763830891354342,-0.2155467487104944,-0.06395309610120836,-0.08173130768446575,-0.07740956412139924,0.15198179015093838,-0.006755627762957683,4.2013242114637123e-50,0.3183134457666115,0.3304737856507038,0.0,0.0,4.0,1.0,0.10634817417259658,1.0,3.824166211985174e-51,0.20049782284964263,0.4307608751734205,0.0,0.0,5.0,2.0,6.0,3.0,0.3396167953583671,1.0
76.0,0.95,0.10763830891354342,-0.2155467487104944,-0.06395309610120836,-0.08173130768446575,-0.07740956412139924,0.15198179015093838,-0.006755627762957683,6.266381949088856e-49,0.35625113907188555,0.3698607901652468,1.0,1.0,6.0,3.0,0.1190231160231335,1.0,8.681579255607407e-51,0.20746535174332267,0.4457303087631731,0.0,0.0,5.0,2.0,6.0,3.0,0.3514188678238269,1.0
77.0,0.4,0.04083153296968023,-0.0807632810329248,-0.05010066639127675,-0.017407626565977358,-0.00013899414036254643,0.10200372427623472,-0.019789599937624303,7.678363729516513e-65,0.07341703286616054,0.0807458124356182,0.0,0.0,3.0,1.0,0.026699872344819228,0.0,3.59791217855953e-55,0.09836733907019828,0.26668124451723113,0.0,0.0,6.0,3.0,6.0,3.0,0.2380812293247033,1.0
77.0,0.45,0.04083153296968023,-0.0807632810329248,-0.05010066639127675,-0.017407626565977358,-0.00013899414036254643,0.10200372427623472,-0.019789599937624303,1.1187328978474626e-63,0.08208697164259891,0.09028121890657709,0.0,0.0,3.0,1.0,0.029852904407423882,0.0,5.477819205409196e-55,0.1001053920426383,0.2713932366693865,0.0,0.0,6.0,3.0,6.0,3.0,0.24228788767514076,1.0
77.0,0.5,0.04083153296968023,-0.0807632810329248,-0.05010066639127675,-0.017407626565977358,-0.00013899414036254643,0.10200372427623472,-0.019789599937624303,2.888944804097571e-62,0.09399572501711076,0.10337875130172756,0.0,0.0,4.0,1.0,0.03418380940960569,0.0,1.011686057480708e-54,0.10269730740052861,0.2784201138814684,0.0,0.0,6.0,3.0,6.0,3.0,0.24856117310244843,1.0
77.0,0.55,0.04083153296968023,-0.0807632810329248,-0.05010066639127675,-0.017407626565977358,-0.00013899414036254643,0.10200372427623472,-0.019789599937624303,3.6097707599330926e-61,0.10442527264369939,0.11484941776110492,0.0,0.0,4.0,1.0,0.03797676561299483,0.0,1.7575135645603637e-54,0.10508795208950468,0.28490133119283306,0.0,1.0,6.0,3.0,6.0,3.0,0.2543473174854314,1.0
77.0,0.6,0.04083153296968023,-0.0807632810329248,-0.05010066639127675,-0.017407626565977358,-0.00013899414036254643,0.10200372427623472,-0.019789599937624303,2.7772697226219073e-60,0.1136915147325415,0.12504065290748662,0.0,0.0,4.0,1.0,0.04134665773788227,1.0,3.3185099412216176e-54,0.1079082825228909,0.29254745883067135,0.0,1.0,6.0,3.0,6.0,3.0,0.2611734423255398,1.0
77.0,0.65,0.04083153296968023,-0.0807632810329248,-0.05010066639127675,-0.017407626565977358,-0.00013899414036254643,0.10200372427623472,-0.019789599937624303,2.898444679984802e-59,0.12536246100087545,0.13787663934740488,0.0,0.0,4.0,1.0,0.04559107845801449,1.0,4.404832748409373e-54,0.1091890806888899,0.29601979885849555,0.0,1.0,6.0,3.0,6.0,3.0,0.26427339404488304,1.0
77.0,0.7,0.04083153296968023,-0.0807632810329248,-0.05010066639127675,-0.017407626565977358,-0.00013899414036254643,0.10200372427623472,-0.019789599937624303,1.9670677388619776e-57,0.14944673742268938,0.16436510381788513,0.0,0.0,5.0,2.0,0.05434990567937672,1.0,6.266898989162603e-54,0.11080499687174594,0.300400669000485,0.0,1.0,6.0,3.0,6.0,3.0,0.26818444129833674,1.0
77.0,0.75,0.04083153296968023,-0.0807632810329248,-0.05010066639127675,-0.017407626565977358,-0.00013899414036254643,0.10200372427623472,-0.019789599937624303,2.9596741651045696e-56,0.167319206431098,0.18402167360796623,0.0,0.0,5.0,2.0,0.06084965951553585,1.0,9.612085401121573e-54,0.1127975199591178,0.3058025487472822,0.0,1.0,6.0,3.0,6.0,3.0,0.2730070008041986,1.0
77.0,0.8,0.04083153296968023,-0.0807632810329248,-0.05010066639127675,-0.017407626565977358,-0.00013899414036254643,0.10200372427623472,-0.019789599937624303,4.294816052542918e-55,0.18704667417958556,0.20571841547375322,0.0,0.0,5.0,2.0,0.06802402832353945,1.0,1.3077694212980448e-53,0.11425387786922225,0.3097508444275386,0.0,1.0,6.0,3.0,6.0,3.0,0.2765318646955254,1.0
77.0,0.85,0.04083153296968023,-0.0807632810329248,-0.05010066639127675,-0.017407626565977358,-0.00013899414036254643,0.10200372427623472,-0.019789599937624303,6.005836484668194e-54,0.2087779022342783,0.22961894095124963,0.0,0.0,5.0,2.0,0.07592711283002171,1.0,2.6778000372420675e-53,0.1177171049515577,0.31913991316816903,0.0,1.0,6.0,3.0,6.0,3.0,0.2849140103242143,1.0
77.0,0.9,0.04083153296968023,-0.0807632810329248,-0.05010066639127675,-0.017407626565977358,-0.00013899414036254643,0.10200372427623472,-0.019789599937624303,2.0397843726188372e-52,0.24181132925109186,0.2659498957430052,1.0,1.0,6.0,3.0,0.08794051421698175,1.0,7.336458895643256e-53,0.12276580631022235,0.33282732175572566,1.0,1.0,6.0,3.0,6.0,3.0,0.2971335238062899,1.0
77.0,0.95,0.04083153296968023,-0.0807632810329248,-0.05010066639127675,-0.017407626565977358,-0.00013899414036254643,0.10200372427623472,-0.019789599937624303,5.573060447863277e-50,0.3054906153526677,0.33598590088864344,1.0,1.0,6.0,3.0,0.11109902040478721,1.0,4.9569559535195725e-52,0.13293809295245404,0.3604051548757253,1.0,1.0,6.0,3.0,6.0,3.0,0.32175379443389607,1.0
78.0,0.4,0.21536289466558467,-0.0697519683511485,-0.0732800891425468,-0.006867530400324885,0.00191070354058299,0.1509873705572654,0.022934572126830366,1.5065451018614685e-63,0.08563103426667619,0.09609236923612456,0.0,0.0,2.0,0.0,0.025984091204746033,0.0,6.91357674698616e-55,0.08311795843891931,0.29637393927268746,0.0,0.0,4.0,2.0,5.0,2.0,0.21892671815961645,1.0
78.0,0.45,0.21536289466558467,-0.0697519683511485,-0.0732800891425468,-0.006867530400324885,0.00191070354058299,0.1509873705572654,0.022934572126830366,6.786218893770603e-62,0.10035363192981452,0.11261359081048249,0.0,0.0,2.0,0.0,0.030451552373770365,0.0,1.0008919671986685e-54,0.08440925193728045,0.3009783081486114,0.0,0.0,4.0,2.0,5.0,2.0,0.2223278922631021,1.0
78.0,0.5,0.21536289466558467,-0.0697519683511485,-0.0732800891425468,-0.006867530400324885,0.00191070354058299,0.1509873705572654,0.022934572126830366,1.2707275861908524e-60,0.11338374208350939,0.12723555779708798,0.0,0.0,2.0,0.0,0.034405440979005324,0.0,1.5212226106914977e-54,0.08589448565535242,0.30627421021397655,0.0,0.0,4.0,2.0,5.0,2.0,0.2262398909419009,1.0
78.0,0.55,0.21536289466558467,-0.0697519683511485,-0.0732800891425468,-0.006867530400324885,0.00191070354058299,0.1509873705572654,0.022934572126830366,2.7009002207218524e-59,0.12878386545100617,0.14451707674152586,0.0,0.0,2.0,0.0,0.039078492210632226,0.0,1.9858878229080566e-54,0.08685377466577725,0.3096947497491185,0.0,0.0,6.0,3.0,5.0,2.0,0.22876658912798808,1.0
78.0,0.6,0.21536289466558467,-0.0697519683511485,-0.0732800891425468,-0.006867530400324885,0.00191070354058299,0.1509873705572654,0.022934572126830366,2.56846550157838e-58,0.1414550118749327,0.15873622627347056,0.0,0.0,4.0,1.0,0.04292345598069064,0.0,2.98647059118091e-54,0.08834300708998115,0.31500491001223757,0.0,0.0,6.0,3.0,5.0,2.0,0.23268912011083767,1.0
78.0,0.65,0.21536289466558467,-0.0697519683511485,-0.0732800891425468,-0.006867530400324885,0.00191070354058299,0.1509873705572654,0.022934572126830366,5.27712115714795e-57,0.16044092044371389,0.18004159706687922,0.0,0.0,4.0,1.0,0.04868458667449754,1.0,4.3953704490719195e-54,0.08977706358031302,0.3201183292920379,0.0,0.0,6.0,3.0,5.0,2.0,0.23646632165645254,1.0
78.0,0.7,0.21536289466558467,-0.0697519683511485,-0.0732800891425468,-0.006867530400324885,0.00191070354058299,0.1509873705572654,0.022934572126830366,4.758186893603797e-56,0.1758363510924324,0.19731784999451113,0.0,0.0,4.0,1.0,0.053356213936020885,1.0,7.99035634665663e-54,0.09204089663165067,0.3281904852001224,0.0,0.0,6.0,3.0,6.0,3.0,0.24242909492108744,1.0
78.0,0.75,0.21536289466558467,-0.0697519683511485,-0.0732800891425468,-0.006867530400324885,0.00191070354058299,0.1509873705572654,0.022934572126830366,4.2866947415423306e-55,0.19270236308575212,0.21624434160917197,0.0,0.0,4.0,1.0,0.05847407801004278,1.0,1.216166172440652e-53,0.09366599614631332,0.3339851071316107,0.0,0.0,6.0,3.0,6.0,3.0,0.24670949003797824,1.0
78.0,0.8,0.21536289466558467,-0.0697519683511485,-0.0732800891425468,-0.006867530400324885,0.00191070354058299,0.1509873705572654,0.022934572126830366,2.558877402698303e-54,0.20759521012861876,0.23295661151547134,0.0,0.0,4.0,1.0,0.06299320006870013,1.0,2.21339489522813e-53,0.09603245665969405,0.34242320207109755,0.0,0.0,6.0,3.0,6.0,3.0,0.2529425766486111,1.0
78.0,0.85,0.21536289466558467,-0.0697519683511485,-0.0732800891425468,-0.006867530400324885,0.00191070354058299,0.1509873705572654,0.022934572126830366,9.966937684319464e-54,0.21969592746712355,0.24653564402945893,0.0,0.0,4.0,1.0,0.06666507143705659,1.0,3.694194348843232e-53,0.09810411863089971,0.34981013301573616,0.0,0.0,6.0,3.0,6.0,3.0,0.2583991851242083,1.0
78.0,0.9,0.21536289466558467,-0.0697519683511485,-0.0732800891425468,-0.006867530400324885,0.00191070354058299,0.1509873705572654,0.022934572126830366,1.3656428135490219e-52,0.24501216466315778,0.2749447042859848,0.0,0.0,4.0,1.0,0.0743470925862363,1.0,8.667431658833572e-53,0.10165280156452666,0.36246368177970967,0.0,0.0,6.0,3.0,6.0,3.0,0.2677461604715263,1.0
78.0,0.95,0.21536289466558467,-0.0697519683511485,-0.0732800891425468,-0.006867530400324885,0.00191070354058299,0.1509873705572654,0.022934572126830366,4.078597259347098e-49,0.3419688527751608,0.3837463549230138,1.0,1.0,6.0,3.0,0.10376786799070686,1.0,2.3318445189867928e-52,0.10593221846268512,0.37772281070585334,0.0,0.0,6.0,3.0,6.0,3.0,0.2790178364696697,1.0
79.0,0.4,-0.009019652409034018,-0.06032201739570986,-0.05614275743291475,0.002378840235219461,-9.741215629796447e-5,0.006729238477206523,-0.040434722424954495,5.868357879515164e-64,0.08189234036255913,0.08849111157549444,0.0,0.0,4.0,2.0,0.023251186582908485,0.0,5.0942243129276845e-54,0.0819913956292498,0.2710799305796144,1.0,1.0,6.0,3.0,6.0,3.0,0.2055633145957693,1.0
79.0,0.45,-0.009019652409034018,-0.06032201739570986,-0.05614275743291475,0.002378840235219461,-9.741215629796447e-5,0.006729238477206523,-0.040434722424954495,9.335747905842541e-63,0.09189910982667537,0.09930421264500809,0.0,0.0,4.0,2.0,0.02609234685348117,0.0,6.982919542741355e-54,0.08307587090615483,0.2746654224537623,1.0,1.0,6.0,3.0,6.0,3.0,0.2082822380975207,1.0
79.0,0.5,-0.009019652409034018,-0.06032201739570986,-0.05614275743291475,0.002378840235219461,-9.741215629796447e-5,0.006729238477206523,-0.040434722424954495,3.0401932666336508e-61,0.1062533523560185,0.11481510012999384,0.0,0.0,5.0,2.0,0.030167858309478934,0.0,8.816500204940777e-54,0.08388687873482106,0.2773467763227521,1.0,1.0,6.0,3.0,6.0,3.0,0.21031554239907937,1.0
79.0,0.55,-0.009019652409034018,-0.06032201739570986,-0.05614275743291475,0.002378840235219461,-9.741215629796447e-5,0.006729238477206523,-0.040434722424954495,1.9634935508809827e-59,0.1264051164642434,0.13659066544231785,1.0,1.0,6.0,3.0,0.03588942427255544,0.0,1.382710463758789e-53,0.0854746166343285,0.28259615494686174,1.0,1.0,6.0,3.0,6.0,3.0,0.21429621211237343,1.0
79.0,0.6,-0.009019652409034018,-0.06032201739570986,-0.05614275743291475,0.002378840235219461,-9.741215629796447e-5,0.006729238477206523,-0.040434722424954495,2.3509603832636023e-58,0.1401813741044278,0.15147699481736243,1.0,1.0,6.0,3.0,0.03980083204754426,0.0,1.8995990205817154e-53,0.08661323775283272,0.28636066378820774,1.0,1.0,6.0,3.0,6.0,3.0,0.217150886427796,1.0
79.0,0.65,-0.009019652409034018,-0.06032201739570986,-0.05614275743291475,0.002378840235219461,-9.741215629796447e-5,0.006729238477206523,-0.040434722424954495,1.1219920459078169e-57,0.14961368929029487,0.16166935287957515,1.0,1.0,6.0,3.0,0.04247889106166503,0.0,2.4114547967376285e-53,0.08747856624566645,0.28922161262272483,1.0,1.0,6.0,3.0,6.0,3.0,0.21932037984641523,1.0
79.0,0.7,-0.009019652409034018,-0.06032201739570986,-0.05614275743291475,0.002378840235219461,-9.741215629796447e-5,0.006729238477206523,-0.040434722424954495,4.3404521550825355e-56,0.1742284402557337,0.18826752634051472,1.0,1.0,6.0,3.0,0.04946760532792511,0.0,3.4665105236584496e-53,0.08881143376460705,0.2936283388619028,1.0,1.0,6.0,3.0,6.0,3.0,0.22266205567724734,1.0
79.0,0.75,-0.009019652409034018,-0.06032201739570986,-0.05614275743291475,0.002378840235219461,-9.741215629796447e-5,0.006729238477206523,-0.040434722424954495,1.0246740236297609e-54,0.19876023280691407,0.21477605671322703,1.0,1.0,6.0,3.0,0.056432765723823185,0.0,5.806981795436863e-53,0.09074122311635593,0.30000860790709455,1.0,1.0,6.0,3.0,6.0,3.0,0.22750029379446296,1.0
79.0,0.8,-0.009019652409034018,-0.06032201739570986,-0.05614275743291475,0.002378840235219461,-9.741215629796447e-5,0.006729238477206523,-0.040434722424954495,1.1345249899182484e-53,0.21970452967763887,0.2374080159789186,1.0,1.0,6.0,3.0,0.062379350620933964,0.0,9.76888303039017e-53,0.0927292820794793,0.30658152792602644,1.0,1.0,6.0,3.0,6.0,3.0,0.23248462156367675,1.0
79.0,0.85,-0.009019652409034018,-0.06032201739570986,-0.05614275743291475,0.002378840235219461,-9.741215629796447e-5,0.006729238477206523,-0.040434722424954495,4.604021271059946e-52,0.2563613086585139,0.2770185473721319,1.0,1.0,6.0,3.0,0.07278708355223552,0.0,1.9170292197069797e-52,0.09537097518564824,0.3153154929761036,1.0,1.0,6.0,3.0,6.0,3.0,0.23910769691056286,1.0
79.0,0.9,-0.009019652409034018,-0.06032201739570986,-0.05614275743291475,0.002378840235219461,-9.741215629796447e-5,0.006729238477206523,-0.040434722424954495,6.214070806887883e-51,0.28572337168470596,0.30874656471580747,1.0,1.0,6.0,3.0,0.08112367282125144,1.0,2.8500496462570446e-52,0.09695991153867684,0.3205688339269284,1.0,1.0,6.0,3.0,6.0,3.0,0.24309137130594957,1.0
79.0,0.95,-0.009019652409034018,-0.06032201739570986,-0.05614275743291475,0.002378840235219461,-9.741215629796447e-5,0.006729238477206523,-0.040434722424954495,4.252814366313569e-49,0.34073489254736805,0.3681908376361246,1.0,1.0,6.0,3.0,0.09674275428997584,1.0,7.956835436365463e-52,0.101197754327517,0.33457998863639027,1.0,1.0,6.0,3.0,6.0,3.0,0.25371620582332893,1.0
80.0,0.4,-0.11623110707639905,0.01225318120330332,0.2598456620059678,-0.31177248753801595,0.29278877515551854,-0.03229959273324379,0.1344870723118456,1.6541463563105866e-58,0.1904909339721675,0.15348788683332387,0.0,0.0,2.0,2.0,0.03927057635182129,0.0,1.621530977030312e-49,0.4059244870645494,0.4271576173087824,0.0,1.0,4.0,3.0,6.0,3.0,0.3564398904573723,1.0
80.0,0.45,-0.11623110707639905,0.01225318120330332,0.2598456620059678,-0.31177248753801595,0.29278877515551854,-0.03229959273324379,0.1344870723118456,1.171862987888833e-56,0.2274941668905336,0.18330320616747728,0.0,0.0,2.0,2.0,0.04689896187801772,0.0,2.3315870969504748e-49,0.41211382479295705,0.43367070740567404,0.0,1.0,4.0,3.0,6.0,3.0,0.36187471129774823,1.0
80.0,0.5,-0.11623110707639905,0.01225318120330332,0.2598456620059678,-0.31177248753801595,0.29278877515551854,-0.03229959273324379,0.1344870723118456,1.9141397858216757e-55,0.25557358563030963,0.20592817081018283,0.0,0.0,2.0,2.0,0.05268766234024679,0.0,3.225146862459175e-49,0.4177225567187005,0.43957282132555514,0.0,1.0,4.0,3.0,6.0,3.0,0.366799705617933,1.0
80.0,0.55,-0.11623110707639905,0.01225318120330332,0.2598456620059678,-0.31177248753801595,0.29278877515551854,-0.03229959273324379,0.1344870723118456,8.252546416383262e-55,0.27161780145700093,0.21885578228116456,0.0,0.0,2.0,2.0,0.05599525073560445,0.0,5.202105292395165e-49,0.42612710794776615,0.4484169984864821,0.0,1.0,4.0,3.0,6.0,3.0,0.3741796923270253,1.0
80.0,0.6,-0.11623110707639905,0.01225318120330332,0.2598456620059678,-0.31177248753801595,0.29278877515551854,-0.03229959273324379,0.1344870723118456,2.3860238223892364e-53,0.3124905196661641,0.2517889356666951,0.0,1.0,4.0,3.0,0.0644213483333722,0.0,7.735242630290516e-49,0.43322959099372754,0.4558909987785769,0.0,1.0,4.0,3.0,6.0,3.0,0.3804163406681618,1.0
80.0,0.65,-0.11623110707639905,0.01225318120330332,0.2598456620059678,-0.31177248753801595,0.29278877515551854,-0.03229959273324379,0.1344870723118456,1.9095016719305305e-52,0.34077840488442457,0.2745818719739359,0.0,1.0,4.0,3.0,0.07025302511258084,0.0,1.3441421201778786e-48,0.443319581687425,0.466508777505245,0.0,1.0,4.0,3.0,6.0,3.0,0.3892763017993205,1.0
80.0,0.7,-0.11623110707639905,0.01225318120330332,0.2598456620059678,-0.31177248753801595,0.29278877515551854,-0.03229959273324379,0.1344870723118456,1.4385904619366787e-50,0.40801968194080807,0.32876146628925557,0.0,1.0,4.0,3.0,0.08411512158916432,0.0,2.5396415350776296e-48,0.4552296590397125,0.47904184812770634,0.0,1.0,4.0,3.0,6.0,3.0,0.3997344702569264,1.0
80.0,0.75,-0.11623110707639905,0.01225318120330332,0.2598456620059678,-0.31177248753801595,0.29278877515551854,-0.03229959273324379,0.1344870723118456,3.1319463305835652e-50,0.421462876515875,0.33959330738841087,0.0,1.0,4.0,3.0,0.08688649756997445,0.0,3.878409340690624e-48,0.4633319693164175,0.48756797469258,0.0,1.0,4.0,3.0,6.0,3.0,0.40684906097394563,1.0
80.0,0.8,-0.11623110707639905,0.01225318120330332,0.2598456620059678,-0.31177248753801595,0.29278877515551854,-0.03229959273324379,0.1344870723118456,8.798743461735499e-49,0.4843038534430183,0.3902273641068171,0.0,1.0,4.0,3.0,0.09984145207085895,0.0,7.359639237984156e-48,0.4758653180449086,0.5007569188197939,1.0,1.0,5.0,3.0,6.0,3.0,0.41785452033943854,1.0
80.0,0.85,-0.11623110707639905,0.01225318120330332,0.2598456620059678,-0.31177248753801595,0.29278877515551854,-0.03229959273324379,0.1344870723118456,1.564078531052727e-46,0.6009815928122135,0.4842403403825474,0.0,1.0,5.0,3.0,0.12389510111814304,0.0,1.6335743163416924e-47,0.4919403953972073,0.5176728525923983,1.0,1.0,5.0,3.0,6.0,3.0,0.43196995065501814,1.0
80.0,0.9,-0.11623110707639905,0.01225318120330332,0.2598456620059678,-0.31177248753801595,0.29278877515551854,-0.03229959273324379,0.1344870723118456,2.0813031173024797e-45,0.6694184885599644,0.5393833033084866,0.0,1.0,5.0,3.0,0.13800367985048506,0.0,2.3907001899705377e-47,0.4998084316935699,0.5259524507549964,1.0,1.0,5.0,3.0,6.0,3.0,0.438878826775971,1.0
80.0,0.95,-0.11623110707639905,0.01225318120330332,0.2598456620059678,-0.31177248753801595,0.29278877515551854,-0.03229959273324379,0.1344870723118456,6.6350263019172515e-43,0.8511586315300018,0.6858202487083811,1.0,1.0,6.0,3.0,0.17547024065667313,0.0,6.536862085341669e-47,0.5212012159771625,0.548464250494555,1.0,1.0,5.0,3.0,6.0,3.0,0.45766370408594526,1.0
81.0,0.4,0.13664222244508906,-0.11039338936744919,-0.07095612944029872,-0.02486014014603285,-0.014118302740191506,0.11770378975935392,-0.0017563454785026744,9.160149030649979e-60,0.11613078735747007,0.1266406389778278,0.0,0.0,2.0,0.0,0.03541472374035955,1.0,1.1322186113730545e-52,0.11526804191452739,0.31964131177052074,0.0,1.0,5.0,2.0,6.0,3.0,0.2679850558057265,1.0
81.0,0.45,0.13664222244508906,-0.11039338936744919,-0.07095612944029872,-0.02486014014603285,-0.014118302740191506,0.11770378975935392,-0.0017563454785026744,8.659450862045459e-59,0.1275254494192838,0.13906651946378898,0.0,0.0,2.0,0.0,0.03888958874572396,1.0,1.5644286461818187e-52,0.11683150655836841,0.3239768403469041,0.0,1.0,5.0,2.0,6.0,3.0,0.2716199328529197,1.0
81.0,0.5,0.13664222244508906,-0.11039338936744919,-0.07095612944029872,-0.02486014014603285,-0.014118302740191506,0.11770378975935392,-0.0017563454785026744,1.4599760912662192e-57,0.14345504874591244,0.15643774963701892,0.0,0.0,3.0,0.0,0.04374740786745821,1.0,2.292244661292549e-52,0.11870600633200654,0.329174877518417,1.0,1.0,5.0,2.0,6.0,3.0,0.2759779311159483,1.0
81.0,0.55,0.13664222244508906,-0.11039338936744919,-0.07095612944029872,-0.02486014014603285,-0.014118302740191506,0.11770378975935392,-0.0017563454785026744,8.813097027558075e-57,0.15461387129237728,0.16860644710028982,0.0,0.0,3.0,0.0,0.04715035231262327,1.0,3.668687894083177e-52,0.12105510320561491,0.3356889849300185,1.0,1.0,6.0,3.0,6.0,3.0,0.2814393135278557,1.0
81.0,0.6,0.13664222244508906,-0.11039338936744919,-0.07095612944029872,-0.02486014014603285,-0.014118302740191506,0.11770378975935392,-0.0017563454785026744,1.7677224187918475e-55,0.17519041885433703,0.1910451749389557,0.0,0.0,3.0,0.0,0.05342528391361272,1.0,5.0124496546171445e-52,0.12263955650833289,0.34008271560946784,1.0,1.0,6.0,3.0,6.0,3.0,0.28512298681403264,1.0
81.0,0.65,0.13664222244508906,-0.11039338936744919,-0.07095612944029872,-0.02486014014603285,-0.014118302740191506,0.11770378975935392,-0.0017563454785026744,1.4079791286219053e-54,0.19101154046990074,0.20829811015391725,0.0,0.0,3.0,0.0,0.05825002215940726,1.0,7.001757706977358e-52,0.12435944693984753,0.34485201700905743,1.0,1.0,6.0,3.0,6.0,3.0,0.28912153598354967,1.0
81.0,0.7,0.13664222244508906,-0.11039338936744919,-0.07095612944029872,-0.02486014014603285,-0.014118302740191506,0.11770378975935392,-0.0017563454785026744,3.16486482554952e-53,0.21746175899910006,0.237142076959465,0.0,0.0,4.0,1.0,0.0663161620986839,1.0,1.0027938420826187e-51,0.1262347640993879,0.35005232081317456,1.0,1.0,6.0,3.0,6.0,3.0,0.2934814345756114,1.0
81.0,0.75,0.13664222244508906,-0.11039338936744919,-0.07095612944029872,-0.02486014014603285,-0.014118302740191506,0.11770378975935392,-0.0017563454785026744,2.55500212950285e-52,0.23723352800636216,0.25870319367775807,0.0,0.0,5.0,2.0,0.0723456720433209,1.0,1.3865185105290128e-51,0.12795052043107397,0.35481015824521295,1.0,1.0,6.0,3.0,6.0,3.0,0.29747037243435337,1.0
81.0,0.8,0.13664222244508906,-0.11039338936744919,-0.07095612944029872,-0.02486014014603285,-0.014118302740191506,0.11770378975935392,-0.0017563454785026744,1.888255737636324e-51,0.25785207576930164,0.28118772274114906,1.0,1.0,6.0,3.0,0.07863341183711246,1.0,2.7643188722941834e-51,0.13168247870166883,0.36515897667981706,1.0,1.0,6.0,3.0,6.0,3.0,0.306146749934993,1.0
81.0,0.85,0.13664222244508906,-0.11039338936744919,-0.07095612944029872,-0.02486014014603285,-0.014118302740191506,0.11770378975935392,-0.0017563454785026744,1.1033699397285401e-49,0.3054790836780572,0.3331249811668657,1.0,1.0,6.0,3.0,0.09315753042830534,1.0,3.93311178565122e-51,0.1336315992114215,0.370563939115096,1.0,1.0,6.0,3.0,6.0,3.0,0.31067823290201957,1.0
81.0,0.9,0.13664222244508906,-0.11039338936744919,-0.07095612944029872,-0.02486014014603285,-0.014118302740191506,0.11770378975935392,-0.0017563454785026744,1.1473164587340054e-46,0.4080263706759757,0.4449528112054581,1.0,1.0,6.0,3.0,0.12442989085909889,1.0,7.524895364775605e-51,0.13729329868625223,0.38071792806124477,1.0,1.0,6.0,3.0,6.0,3.0,0.319191266712674,1.0
81.0,0.95,0.13664222244508906,-0.11039338936744919,-0.07095612944029872,-0.02486014014603285,-0.014118302740191506,0.11770378975935392,-0.0017563454785026744,5.2838524946180424e-45,0.4786202213343303,0.5219354146882056,1.0,1.0,6.0,3.0,0.14595787474452818,1.0,1.6823018469963037e-50,0.1419736726705893,0.3936967282133238,1.0,1.0,6.0,3.0,6.0,3.0,0.3300726026194145,1.0
82.0,0.4,0.1465533542942381,-0.1691020549614236,-0.2286209797330524,0.053380556390368,-0.0016539736800330052,0.1329027586511094,-0.10356253505728885,1.2030231208214907e-61,0.09908369871183641,0.10800176610116866,0.0,0.0,1.0,0.0,0.019330711687264624,0.0,2.4216598053621087e-53,0.15697972830652335,0.3183326799810954,0.0,0.0,4.0,2.0,5.0,3.0,0.1833387488072908,0.0
82.0,0.45,0.1465533542942381,-0.1691020549614236,-0.2286209797330524,0.053380556390368,-0.0016539736800330052,0.1329027586511094,-0.10356253505728885,4.3002188956141206e-60,0.11500575355146618,0.12535689176760942,0.0,0.0,1.0,0.0,0.022437021358533815,0.0,3.204442813712889e-53,0.15882244631405062,0.32206945139810395,0.0,0.0,4.0,2.0,5.0,3.0,0.18549088410239742,0.0
82.0,0.5,0.1465533542942381,-0.1691020549614236,-0.2286209797330524,0.053380556390368,-0.0016539736800330052,0.1329027586511094,-0.10356253505728885,7.262625728322876e-58,0.14240864814952855,0.15522619470392954,0.0,0.0,2.0,0.0,0.027783182853899604,0.0,6.4104488285379035e-53,0.16347796043254004,0.3315101753821253,0.0,0.0,4.0,2.0,5.0,3.0,0.190928122035896,0.0
82.0,0.55,0.1465533542942381,-0.1691020549614236,-0.2286209797330524,0.053380556390368,-0.0016539736800330052,0.1329027586511094,-0.10356253505728885,1.6973495958213948e-56,0.16239198808666466,0.17700814303518317,0.0,0.0,2.0,0.0,0.03168182801849753,0.0,9.763615404110664e-53,0.16636908836484318,0.3373729738006649,0.0,0.0,4.0,2.0,5.0,3.0,0.19430470946835268,0.0
82.0,0.6,0.1465533542942381,-0.1691020549614236,-0.2286209797330524,0.053380556390368,-0.0016539736800330052,0.1329027586511094,-0.10356253505728885,3.814985894231359e-56,0.16796533746288603,0.18308312392059942,0.0,0.0,2.0,0.0,0.032769159348724326,0.0,1.4082135721169847e-52,0.16892738054362663,0.3425608283996779,0.0,0.0,4.0,2.0,5.0,3.0,0.19729257352061919,0.0
82.0,0.65,0.1465533542942381,-0.1691020549614236,-0.2286209797330524,0.053380556390368,-0.0016539736800330052,0.1329027586511094,-0.10356253505728885,7.175011229729463e-55,0.18980897133053706,0.20689280267143714,0.0,0.0,2.0,0.0,0.03703073813501655,0.0,1.994314354533929e-52,0.17139451778744308,0.3475638336869067,0.0,0.0,4.0,2.0,5.0,3.0,0.20017397649090563,0.0
82.0,0.7,0.1465533542942381,-0.1691020549614236,-0.2286209797330524,0.053380556390368,-0.0016539736800330052,0.1329027586511094,-0.10356253505728885,5.851796883675709e-53,0.22801382476431123,0.24853629900965968,0.0,0.0,3.0,1.0,0.044484305335110046,0.0,3.0800938120586626e-52,0.1745268928433265,0.3539158471411424,0.0,0.0,4.0,2.0,5.0,3.0,0.20383231970334548,0.0
82.0,0.75,0.1465533542942381,-0.1691020549614236,-0.2286209797330524,0.053380556390368,-0.0016539736800330052,0.1329027586511094,-0.10356253505728885,3.832473530116575e-52,0.24658638452103054,0.26878048933383014,0.0,0.0,3.0,1.0,0.04810771466095454,0.0,4.265700468059207e-52,0.17691111677815352,0.35875071596806857,0.0,0.0,4.0,2.0,5.0,3.0,0.20661688709814988,0.0
82.0,0.8,0.1465533542942381,-0.1691020549614236,-0.2286209797330524,0.053380556390368,-0.0016539736800330052,0.1329027586511094,-0.10356253505728885,2.1896868388009303e-51,0.26515920697511886,0.2890249659995499,0.0,0.0,3.0,1.0,0.05173117523768257,0.0,6.75833096618778e-52,0.180335890969687,0.36569567350164356,0.0,0.0,4.0,2.0,5.0,3.0,0.21061672721761537,1.0
82.0,0.85,0.1465533542942381,-0.1691020549614236,-0.2286209797330524,0.053380556390368,-0.0016539736800330052,0.1329027586511094,-0.10356253505728885,4.243923852016533e-49,0.33022841782002865,0.3599507568352131,0.0,1.0,5.0,3.0,0.06442583814302005,0.0,1.2715013657710618e-51,0.18514787298592394,0.3754536922456847,0.0,0.0,5.0,3.0,5.0,3.0,0.21623670612608595,1.0
82.0,0.9,0.1465533542942381,-0.1691020549614236,-0.2286209797330524,0.053380556390368,-0.0016539736800330052,0.1329027586511094,-0.10356253505728885,1.1077477872752465e-47,0.3783053631921455,0.4123548866410553,0.0,1.0,5.0,3.0,0.07380539887677516,0.0,2.1319331739859952e-51,0.18917820135056554,0.3836266279703217,0.0,0.0,5.0,3.0,5.0,3.0,0.22094378115817606,1.0
82.0,0.95,0.1465533542942381,-0.1691020549614236,-0.2286209797330524,0.053380556390368,-0.0016539736800330052,0.1329027586511094,-0.10356253505728885,8.721367950076454e-45,0.49947660742071714,0.5444321965063404,1.0,1.0,6.0,3.0,0.09744527523809063,0.0,7.801095990965781e-51,0.1996849543948073,0.4049328366799084,0.0,0.0,5.0,3.0,5.0,3.0,0.2332147602071214,1.0
83.0,0.4,0.10838102795531501,-0.2871494825799884,-0.28565102221139904,-0.01921236019080117,-0.007224874189800704,0.044013145829915,-0.1543066721558276,1.6192636217445473e-58,0.13448779623590773,0.14121302336693486,0.0,0.0,3.0,1.0,0.05011229454091098,0.0,6.5662581390221945e-53,0.11935314830330854,0.40066781497306914,0.0,0.0,4.0,2.0,4.0,2.0,0.37359458446808175,1.0
83.0,0.45,0.10838102795531501,-0.2871494825799884,-0.28565102221139904,-0.01921236019080117,-0.007224874189800704,0.044013145829915,-0.1543066721558276,2.0633058564296715e-57,0.14953222514339706,0.15700976738621306,0.0,0.0,3.0,1.0,0.05571808832824802,0.0,8.274036733382681e-53,0.12050836425997037,0.4045458681267361,0.0,0.0,4.0,2.0,4.0,2.0,0.37721059654179123,1.0
83.0,0.5,0.10838102795531501,-0.2871494825799884,-0.28565102221139904,-0.01921236019080117,-0.007224874189800704,0.044013145829915,-0.1543066721558276,2.4154900004345157e-56,0.16567355727600042,0.1739582666211659,0.0,0.0,3.0,1.0,0.06173260572499991,0.0,1.0739944474658676e-52,0.1218252700719914,0.40896671317128336,0.0,0.0,4.0,2.0,4.0,2.0,0.38133272391437883,1.0
83.0,0.55,0.10838102795531501,-0.2871494825799884,-0.28565102221139904,-0.01921236019080117,-0.007224874189800704,0.044013145829915,-0.1543066721558276,7.219547958501626e-56,0.17340670887782678,0.18207812394958267,0.0,0.0,3.0,1.0,0.0646141011591319,0.0,1.6499232692174513e-52,0.124024253244653,0.41634868671347974,0.0,0.0,4.0,2.0,4.0,2.0,0.38821589554681113,1.0
83.0,0.6,0.10838102795531501,-0.2871494825799884,-0.28565102221139904,-0.01921236019080117,-0.007224874189800704,0.044013145829915,-0.1543066721558276,3.0102470612336496e-54,0.2025674843591017,0.21269711975952188,0.0,0.0,4.0,2.0,0.07547987047693458,0.0,2.4464453828668766e-52,0.126076635751584,0.4232385226853911,0.0,0.0,4.0,2.0,4.0,2.0,0.3946401834750853,1.0
83.0,0.65,0.10838102795531501,-0.2871494825799884,-0.28565102221139904,-0.01921236019080117,-0.007224874189800704,0.044013145829915,-0.1543066721558276,7.368500209490509e-53,0.2314384123125122,0.24301177386061656,0.0,0.0,4.0,2.0,0.08623763799015106,0.0,3.580162415507599e-52,0.128092856818755,0.4300069649172887,0.0,0.0,4.0,2.0,4.0,2.0,0.4009512802705491,1.0
83.0,0.7,0.10838102795531501,-0.2871494825799884,-0.28565102221139904,-0.01921236019080117,-0.007224874189800704,0.044013145829915,-0.1543066721558276,9.767536151567758e-52,0.2577521846664134,0.2706413986614098,0.0,0.0,4.0,2.0,0.09604256860532835,0.0,6.101733621076106e-52,0.1309703083002339,0.43966655257094117,0.0,0.0,4.0,2.0,4.0,2.0,0.4099581670249588,1.0
83.0,0.75,0.10838102795531501,-0.2871494825799884,-0.28565102221139904,-0.01921236019080117,-0.007224874189800704,0.044013145829915,-0.1543066721558276,3.292889439174641e-51,0.27114006348190334,0.2846987547704298,0.0,0.0,4.0,2.0,0.10103110544850051,0.0,7.82712769929536e-52,0.13233632360436876,0.444252257890893,0.0,0.0,4.0,2.0,4.0,2.0,0.41423401502042523,1.0
83.0,0.8,0.10838102795531501,-0.2871494825799884,-0.28565102221139904,-0.01921236019080117,-0.007224874189800704,0.044013145829915,-0.1543066721558276,2.0371706693035693e-50,0.2925302536895619,0.3071585876635112,0.0,0.0,4.0,2.0,0.10900143094994623,0.0,1.3395851593720498e-51,0.1353326943507899,0.45431105681563405,0.0,0.0,4.0,2.0,6.0,3.0,0.42361313823447533,1.0
83.0,0.85,0.10838102795531501,-0.2871494825799884,-0.28565102221139904,-0.01921236019080117,-0.007224874189800704,0.044013145829915,-0.1543066721558276,9.145295130153475e-50,0.31141860197520915,0.32699147096204617,0.0,0.0,4.0,2.0,0.11603953031043637,0.0,3.13816330624262e-51,0.14021907963010474,0.47071462338100273,0.0,1.0,4.0,2.0,6.0,3.0,0.43890831145719916,1.0
83.0,0.9,0.10838102795531501,-0.2871494825799884,-0.28565102221139904,-0.01921236019080117,-0.007224874189800704,0.044013145829915,-0.1543066721558276,2.2110377374505076e-48,0.3556199789961836,0.373403192031255,0.0,0.0,4.0,2.0,0.13250966727738828,0.0,7.552153154127933e-51,0.14544492795334202,0.48825776538284743,1.0,1.0,4.0,2.0,6.0,3.0,0.45526605870196923,1.0
83.0,0.95,0.10838102795531501,-0.2871494825799884,-0.28565102221139904,-0.01921236019080117,-0.007224874189800704,0.044013145829915,-0.1543066721558276,1.1452579813662338e-44,0.5078657797155273,0.5332622306668975,0.0,0.0,4.0,2.0,0.18923887707782053,0.0,1.2554333284954529e-50,0.14855776839888185,0.4987075524006538,1.0,1.0,4.0,2.0,6.0,3.0,0.4650097508399558,1.0
84.0,0.4,-0.02132262961552589,-0.026351669760562302,0.02024467217664172,-0.05229377559836601,-0.059855715110121416,-0.005803540729412859,0.006389238245919304,1.398361495769545e-63,0.0889577182818026,0.08689867479645348,0.0,1.0,4.0,3.0,0.02479138389683817,1.0,1.3540089247805784e-54,0.14388384043746652,0.2473902983290818,1.0,1.0,6.0,3.0,6.0,3.0,0.19395795044559724,1.0
84.0,0.45,-0.02132262961552589,-0.026351669760562302,0.02024467217664172,-0.05229377559836601,-0.059855715110121416,-0.005803540729412859,0.006389238245919304,2.657409249562184e-62,0.10057003301019932,0.09824220721508384,0.0,1.0,4.0,3.0,0.028027588218655638,1.0,2.4783231493216058e-54,0.14755401730542733,0.25370070919610294,1.0,1.0,6.0,3.0,6.0,3.0,0.19890541348882845,1.0
84.0,0.5,-0.02132262961552589,-0.026351669760562302,0.02024467217664172,-0.05229377559836601,-0.059855715110121416,-0.005803540729412859,0.006389238245919304,5.370945418899042e-62,0.10356228044277298,0.10116519514211263,0.0,1.0,4.0,3.0,0.028861489494993082,1.0,3.738025601447903e-54,0.1501024861444347,0.25808248316354443,1.0,1.0,6.0,3.0,6.0,3.0,0.20234079435776745,1.0
84.0,0.55,-0.02132262961552589,-0.026351669760562302,0.02024467217664172,-0.05229377559836601,-0.059855715110121416,-0.005803540729412859,0.006389238245919304,1.908784282253549e-60,0.12017506333165456,0.11739345330349944,1.0,1.0,6.0,3.0,0.03349126065086295,1.0,6.830661932750373e-54,0.15392071561758686,0.26464745199937795,1.0,1.0,6.0,3.0,6.0,3.0,0.20748783491973677,1.0
84.0,0.6,-0.02132262961552589,-0.026351669760562302,0.02024467217664172,-0.05229377559836601,-0.059855715110121416,-0.005803540729412859,0.006389238245919304,1.177696798734131e-59,0.12964105398124257,0.12664034113934763,1.0,1.0,6.0,3.0,0.036129311768748035,1.0,1.1494355704830204e-53,0.15729490322987233,0.2704489462984155,1.0,1.0,6.0,3.0,6.0,3.0,0.21203629923447853,1.0
84.0,0.65,-0.02132262961552589,-0.026351669760562302,0.02024467217664172,-0.05229377559836601,-0.059855715110121416,-0.005803540729412859,0.006389238245919304,1.2857825018230841e-58,0.14321817563097936,0.1399032024368335,1.0,1.0,6.0,3.0,0.039913082772928044,1.0,1.7528445671751918e-53,0.16008492350823741,0.2752460378057756,1.0,1.0,6.0,3.0,6.0,3.0,0.21579729569695855,1.0
84.0,0.7,-0.02132262961552589,-0.026351669760562302,0.02024467217664172,-0.05229377559836601,-0.059855715110121416,-0.005803540729412859,0.006389238245919304,3.2150759928631846e-58,0.1487929860025792,0.14534897648421763,1.0,1.0,6.0,3.0,0.041466711471413654,1.0,2.6317752325774376e-53,0.1628189028786134,0.2799467739691033,1.0,1.0,6.0,3.0,6.0,3.0,0.21948274802868933,1.0
84.0,0.75,-0.02132262961552589,-0.026351669760562302,0.02024467217664172,-0.05229377559836601,-0.059855715110121416,-0.005803540729412859,0.006389238245919304,4.9530327658086715e-57,0.16675126003342203,0.16289158262400474,1.0,1.0,6.0,3.0,0.04647145388412813,1.0,3.518154177774608e-53,0.16480014027587758,0.2833532642968544,1.0,1.0,6.0,3.0,6.0,3.0,0.22215349092623227,1.0
84.0,0.8,-0.02132262961552589,-0.026351669760562302,0.02024467217664172,-0.05229377559836601,-0.059855715110121416,-0.005803540729412859,0.006389238245919304,1.3386632831023205e-55,0.19130550343783131,0.1868774857438829,1.0,1.0,6.0,3.0,0.05331440901261688,1.0,5.40083492170992e-53,0.16776975172253822,0.28845914039438686,1.0,1.0,6.0,3.0,6.0,3.0,0.22615657944585235,1.0
84.0,0.85,-0.02132262961552589,-0.026351669760562302,0.02024467217664172,-0.05229377559836601,-0.059855715110121416,-0.005803540729412859,0.006389238245919304,2.8966268540004156e-54,0.21745113588714132,0.21241794311446002,1.0,1.0,6.0,3.0,0.0606008640138921,1.0,8.3753404915495e-53,0.17086491460510123,0.29378088650963013,1.0,1.0,6.0,3.0,6.0,3.0,0.23032891351180418,1.0
84.0,0.9,-0.02132262961552589,-0.026351669760562302,0.02024467217664172,-0.05229377559836601,-0.059855715110121416,-0.005803540729412859,0.006389238245919304,1.6139977883885067e-52,0.25710594166726025,0.25115488621687754,1.0,1.0,6.0,3.0,0.07165215368765827,1.0,1.5586288418464681e-52,0.17534446866650974,0.30148292040213476,1.0,1.0,6.0,3.0,6.0,3.0,0.2363674312634807,1.0
84.0,0.95,-0.02132262961552589,-0.026351669760562302,0.02024467217664172,-0.05229377559836601,-0.059855715110121416,-0.005803540729412859,0.006389238245919304,2.3602920885036345e-48,0.3834037860870073,0.37452940078072267,1.0,1.0,6.0,3.0,0.10684975550152578,1.0,8.532398077771729e-52,0.18821565948019547,0.3236133259123501,1.0,1.0,6.0,3.0,6.0,3.0,0.25371802311887187,1.0
85.0,0.4,0.2133809424697486,-0.0362547796468321,-0.06326387128457922,-0.05881736787341108,-0.018370229749562417,0.09545510211099201,0.028951399966863467,2.7468479066250022e-61,0.1043253117769569,0.1137139548075148,0.0,0.0,2.0,1.0,0.025121873313663685,0.0,5.754176044428948e-52,0.16591418854451326,0.36336687548875,1.0,1.0,6.0,3.0,6.0,3.0,0.29111693268579764,1.0
85.0,0.45,0.2133809424697486,-0.0362547796468321,-0.06326387128457922,-0.05881736787341108,-0.018370229749562417,0.09545510211099201,0.028951399966863467,1.137960940647635e-58,0.13410456308512558,0.14617315746677464,0.0,0.0,3.0,1.0,0.03229281357731698,0.0,9.671383005079397e-52,0.16954289212675328,0.3713140600804984,1.0,1.0,6.0,3.0,6.0,3.0,0.2974839412325337,1.0
85.0,0.5,0.2133809424697486,-0.0362547796468321,-0.06326387128457922,-0.05881736787341108,-0.018370229749562417,0.09545510211099201,0.028951399966863467,7.142865246855302e-58,0.14477145351727022,0.15780000310832806,0.0,0.0,3.0,1.0,0.03486143537698133,0.0,2.2026116576255092e-51,0.1754580547666803,0.38426879400249453,1.0,1.0,6.0,3.0,6.0,3.0,0.30786282455275793,1.0
85.0,0.55,0.2133809424697486,-0.0362547796468321,-0.06326387128457922,-0.05881736787341108,-0.018370229749562417,0.09545510211099201,0.028951399966863467,2.007612700707774e-56,0.16636038355948332,0.18133180544227576,0.0,0.0,4.0,1.0,0.04006011972558461,0.0,3.13099582047414e-51,0.17804823245123272,0.38994151422282686,1.0,1.0,6.0,3.0,6.0,3.0,0.31240761116355326,1.0
85.0,0.6,0.2133809424697486,-0.0362547796468321,-0.06326387128457922,-0.05881736787341108,-0.018370229749562417,0.09545510211099201,0.028951399966863467,3.940001673146975e-54,0.20729266390002554,0.22594774185820732,0.0,0.0,4.0,1.0,0.049916745539969144,0.0,4.4567036060723995e-51,0.18068681780674767,0.3957202515614156,1.0,1.0,6.0,3.0,6.0,3.0,0.31703733501095677,1.0
85.0,0.65,0.2133809424697486,-0.0362547796468321,-0.06326387128457922,-0.05881736787341108,-0.018370229749562417,0.09545510211099201,0.028951399966863467,2.595313737400076e-53,0.2242312614504412,0.24441071008272303,0.0,0.0,5.0,2.0,0.05399561474749609,0.0,6.518922413935291e-51,0.18357275335185624,0.40204070788336954,1.0,1.0,6.0,3.0,6.0,3.0,0.32210106531148824,1.0
85.0,0.7,0.2133809424697486,-0.0362547796468321,-0.06326387128457922,-0.05881736787341108,-0.018370229749562417,0.09545510211099201,0.028951399966863467,1.3037527086140396e-51,0.2639802181273737,0.2877368309082247,0.0,0.0,5.0,2.0,0.06356729238717666,1.0,1.1874047344723291e-50,0.18821714377719886,0.41221233727933193,1.0,1.0,6.0,3.0,6.0,3.0,0.33025022185248093,1.0
85.0,0.75,0.2133809424697486,-0.0362547796468321,-0.06326387128457922,-0.05881736787341108,-0.018370229749562417,0.09545510211099201,0.028951399966863467,8.260358264818543e-51,0.2850886117796341,0.3107448515021545,0.0,0.0,5.0,2.0,0.06865026201511078,1.0,1.968535805642693e-50,0.1922236714252344,0.4209869902839807,1.0,1.0,6.0,3.0,6.0,3.0,0.3372801693804711,1.0
85.0,0.8,0.2133809424697486,-0.0362547796468321,-0.06326387128457922,-0.05881736787341108,-0.018370229749562417,0.09545510211099201,0.028951399966863467,6.22816857840652e-49,0.34135263844461583,0.3720722980872095,1.0,1.0,6.0,3.0,0.08219882205216274,1.0,3.7721575212627454e-50,0.1975038073746523,0.4325509590977814,1.0,1.0,6.0,3.0,6.0,3.0,0.34654481995221004,1.0
85.0,0.85,0.2133809424697486,-0.0362547796468321,-0.06326387128457922,-0.05881736787341108,-0.018370229749562417,0.09545510211099201,0.028951399966863467,7.925964849408662e-48,0.379517746246445,0.41367203327975477,1.0,1.0,6.0,3.0,0.09138910374765097,1.0,6.940620870601933e-50,0.20258587414886328,0.4436811387464905,1.0,1.0,6.0,3.0,6.0,3.0,0.35546193369631757,1.0
85.0,0.9,0.2133809424697486,-0.0362547796468321,-0.06326387128457922,-0.05881736787341108,-0.018370229749562417,0.09545510211099201,0.028951399966863467,1.4308528100781963e-44,0.5187061204101143,0.565386513876926,1.0,1.0,6.0,3.0,0.12490611551513324,1.0,1.6419275800520955e-49,0.20998614767198018,0.4598883980016909,1.0,1.0,6.0,3.0,6.0,3.0,0.3684466274587061,1.0
85.0,0.95,0.2133809424697486,-0.0362547796468321,-0.06326387128457922,-0.05881736787341108,-0.018370229749562417,0.09545510211099201,0.028951399966863467,3.7964064181828945e-43,0.5946281223085399,0.6481410338081142,1.0,1.0,6.0,3.0,0.14318837972240167,1.0,5.322756495950032e-49,0.2205328320154284,0.48298657767073533,1.0,1.0,6.0,3.0,6.0,3.0,0.38695208755831795,1.0
86.0,0.4,0.022431765910570278,-0.14141169013340615,-0.06251528909612475,-0.00791391729752768,-0.025470608448787006,0.10233986687786273,-0.03419927076055973,2.6059906923317895e-60,0.113042241990204,0.12267906786349972,0.0,0.0,4.0,1.0,0.02938535456011097,0.0,8.208767277055202e-54,0.14198979029616743,0.3526083272985957,0.0,0.0,5.0,2.0,6.0,3.0,0.2184728995748221,1.0
86.0,0.45,0.022431765910570278,-0.14141169013340615,-0.06251528909612475,-0.00791391729752768,-0.025470608448787006,0.10233986687786273,-0.03419927076055973,1.2195550370195769e-59,0.12054992699725926,0.13082678134000814,0.0,0.0,4.0,1.0,0.03133697885536395,0.0,1.1276678312707242e-53,0.1438808803590629,0.3573045389237957,0.0,0.0,5.0,2.0,6.0,3.0,0.22138262941198938,1.0
86.0,0.5,0.022431765910570278,-0.14141169013340615,-0.06251528909612475,-0.00791391729752768,-0.025470608448787006,0.10233986687786273,-0.03419927076055973,6.629607987123561e-59,0.1293611557155813,0.1403891653379256,0.0,0.0,4.0,1.0,0.033627459612288094,0.0,2.155154612821997e-53,0.1478168029153541,0.3670787562534773,0.0,0.0,6.0,3.0,6.0,3.0,0.22743864521130358,1.0
86.0,0.55,0.022431765910570278,-0.14141169013340615,-0.06251528909612475,-0.00791391729752768,-0.025470608448787006,0.10233986687786273,-0.03419927076055973,1.9143565049541753e-58,0.135205028476977,0.14673122694656787,0.0,0.0,4.0,1.0,0.035146575564647474,0.0,3.391281833371703e-53,0.15063551108209963,0.37407855511046495,0.0,0.0,6.0,3.0,6.0,3.0,0.23177565666092712,1.0
86.0,0.6,0.022431765910570278,-0.14141169013340615,-0.06251528909612475,-0.00791391729752768,-0.025470608448787006,0.10233986687786273,-0.03419927076055973,1.656400752106306e-57,0.1479246166028279,0.16053515711828414,0.0,0.0,4.0,1.0,0.038453035170863493,0.0,4.390544105222761e-53,0.15226513357497978,0.37812545496251826,0.0,0.0,6.0,3.0,6.0,3.0,0.23428307885296817,1.0
86.0,0.65,0.022431765910570278,-0.14141169013340615,-0.06251528909612475,-0.00791391729752768,-0.025470608448787006,0.10233986687786273,-0.03419927076055973,1.8597860998691722e-55,0.18008167357604407,0.19543359601380322,0.0,0.0,4.0,1.0,0.046812268888552264,0.0,7.8227798721038185e-53,0.15597401429465357,0.3873358511747133,0.0,0.0,6.0,3.0,6.0,3.0,0.23998975623670232,1.0
86.0,0.7,0.022431765910570278,-0.14141169013340615,-0.06251528909612475,-0.00791391729752768,-0.025470608448787006,0.10233986687786273,-0.03419927076055973,4.0489121181113816e-54,0.20474548070761947,0.22219998719285475,0.0,0.0,4.0,1.0,0.05322363073527097,0.0,1.1312856457639363e-52,0.15838998402386945,0.39333551525792626,0.0,0.0,6.0,3.0,6.0,3.0,0.24370709331372623,1.0
86.0,0.75,0.022431765910570278,-0.14141169013340615,-0.06251528909612475,-0.00791391729752768,-0.025470608448787006,0.10233986687786273,-0.03419927076055973,9.572117315589675e-53,0.23358801730681858,0.2535013435930158,0.0,0.0,4.0,1.0,0.060721254185218905,0.0,1.7675656631445025e-52,0.16136258837158612,0.40071749000824175,0.0,0.0,6.0,3.0,6.0,3.0,0.24828089745682547,1.0
86.0,0.8,0.022431765910570278,-0.14141169013340615,-0.06251528909612475,-0.00791391729752768,-0.025470608448787006,0.10233986687786273,-0.03419927076055973,1.2688414733674321e-51,0.2601460284652577,0.2823234192690102,1.0,1.0,6.0,3.0,0.06762501476676988,0.0,2.351627885276067e-52,0.16329362438517775,0.4055129008422577,0.0,0.0,6.0,3.0,6.0,3.0,0.25125209021788786,1.0
86.0,0.85,0.022431765910570278,-0.14141169013340615,-0.06251528909612475,-0.00791391729752768,-0.025470608448787006,0.10233986687786273,-0.03419927076055973,3.208831261072986e-51,0.2703997878518144,0.2934513093523332,1.0,1.0,6.0,3.0,0.07029048167403582,1.0,4.6649611984978364e-52,0.16802124753638326,0.41725317659002525,0.0,1.0,6.0,3.0,6.0,3.0,0.2585262578590018,1.0
86.0,0.9,0.022431765910570278,-0.14141169013340615,-0.06251528909612475,-0.00791391729752768,-0.025470608448787006,0.10233986687786273,-0.03419927076055973,4.78664872906998e-49,0.33310146399626267,0.3614982893790256,1.0,1.0,6.0,3.0,0.08658979556394902,1.0,8.040693930433559e-52,0.17187634139309968,0.4268266691176254,0.0,1.0,6.0,3.0,6.0,3.0,0.2644579064039653,1.0
86.0,0.95,0.022431765910570278,-0.14141169013340615,-0.06251528909612475,-0.00791391729752768,-0.025470608448787006,0.10233986687786273,-0.03419927076055973,2.1538343651833498e-47,0.39035439410326017,0.4236320189859563,1.0,1.0,6.0,3.0,0.10147270677642452,1.0,1.5802967257100086e-51,0.1767840097377425,0.43901405753711154,0.0,1.0,6.0,3.0,6.0,3.0,0.2720091009734429,1.0
87.0,0.4,-0.06645609524512097,-0.1423232038118255,-0.09273861632918745,-0.010079565423419484,-0.05387405250270162,0.1152247641975267,-0.08397744263449858,6.140696329717579e-59,0.13057608648668584,0.1458795199469256,0.0,0.0,3.0,1.0,0.03342125505769291,0.0,1.0106263930454434e-53,0.11165671386336316,0.37564891913135445,0.0,0.0,4.0,2.0,6.0,3.0,0.2343434407540197,1.0
87.0,0.45,-0.06645609524512097,-0.1423232038118255,-0.09273861632918745,-0.010079565423419484,-0.05387405250270162,0.1152247641975267,-0.08397744263449858,9.940670938041633e-58,0.14663812584725053,0.16382402000304203,0.0,0.0,3.0,1.0,0.03753237163852926,0.0,1.8553846380378396e-53,0.11451920218874571,0.38527924594512697,0.0,0.0,4.0,2.0,6.0,3.0,0.24035118843061026,1.0
87.0,0.5,-0.06645609524512097,-0.1423232038118255,-0.09273861632918745,-0.010079565423419484,-0.05387405250270162,0.1152247641975267,-0.08397744263449858,8.764895790139738e-57,0.16055938481929974,0.17937684158424677,0.0,0.0,3.0,1.0,0.04109555046665637,0.0,3.0256681550591066e-53,0.11687665838477301,0.3932104830494256,0.0,0.0,4.0,2.0,6.0,3.0,0.24529898222901955,1.0
87.0,0.55,-0.06645609524512097,-0.1423232038118255,-0.09273861632918745,-0.010079565423419484,-0.05387405250270162,0.1152247641975267,-0.08397744263449858,4.317294622205106e-56,0.17158858818020786,0.1916986604944063,0.0,0.0,4.0,1.0,0.043918500889861586,0.0,6.30547274564031e-53,0.12050779347138656,0.40542678355935746,0.0,0.0,4.0,2.0,6.0,3.0,0.25291995422969105,1.0
87.0,0.6,-0.06645609524512097,-0.1423232038118255,-0.09273861632918745,-0.010079565423419484,-0.05387405250270162,0.1152247641975267,-0.08397744263449858,1.9119770142126336e-54,0.20094769322018288,0.22449863378614404,0.0,0.0,4.0,1.0,0.05143303256413301,0.0,9.065453052387156e-53,0.12234459716649256,0.41160637902521907,0.0,0.0,4.0,2.0,6.0,3.0,0.25677501034774575,1.0
87.0,0.65,-0.06645609524512097,-0.1423232038118255,-0.09273861632918745,-0.010079565423419484,-0.05387405250270162,0.1152247641975267,-0.08397744263449858,1.295019912329379e-53,0.2176203139720901,0.2431252749804593,0.0,0.0,4.0,1.0,0.05570042888165469,0.0,1.4029977055696083e-52,0.12459126795888395,0.41916489857683853,0.0,0.0,5.0,2.0,6.0,3.0,0.2614902893982723,1.0
87.0,0.7,-0.06645609524512097,-0.1423232038118255,-0.09273861632918745,-0.010079565423419484,-0.05387405250270162,0.1152247641975267,-0.08397744263449858,4.1554972205573773e-53,0.2284531788295791,0.2552277446407179,0.0,0.0,4.0,1.0,0.058473126005217,0.0,1.965629470409411e-52,0.12635413759271513,0.4250957561993237,0.0,0.0,5.0,2.0,6.0,3.0,0.2651901738145223,1.0
87.0,0.75,-0.06645609524512097,-0.1423232038118255,-0.09273861632918745,-0.010079565423419484,-0.05387405250270162,0.1152247641975267,-0.08397744263449858,1.0929279675060179e-52,0.23784602340653682,0.2657214245685689,0.0,0.0,5.0,2.0,0.06087724656641777,0.0,2.900204956501829e-52,0.12841864831214947,0.4320414309685064,0.0,0.0,5.0,2.0,6.0,3.0,0.26952313802890765,1.0
87.0,0.8,-0.06645609524512097,-0.1423232038118255,-0.09273861632918745,-0.010079565423419484,-0.05387405250270162,0.1152247641975267,-0.08397744263449858,9.857072377933468e-52,0.2606718164988097,0.29122238594902916,1.0,1.0,6.0,3.0,0.06671956175104969,0.0,4.7477050256365415e-52,0.13108320587681518,0.4410058553590971,0.0,0.0,5.0,2.0,6.0,3.0,0.27511547158580435,1.0
87.0,0.85,-0.06645609524512097,-0.1423232038118255,-0.09273861632918745,-0.010079565423419484,-0.05387405250270162,0.1152247641975267,-0.08397744263449858,9.14096399526751e-51,0.2860196783280963,0.3195410009024217,1.0,1.0,6.0,3.0,0.07320740633391003,0.0,7.011209516922645e-52,0.1332298702684062,0.4482279213731993,0.0,0.0,5.0,2.0,6.0,3.0,0.2796208586983535,1.0
87.0,0.9,-0.06645609524512097,-0.1423232038118255,-0.09273861632918745,-0.010079565423419484,-0.05387405250270162,0.1152247641975267,-0.08397744263449858,2.730492042716725e-49,0.3295069799960606,0.36812498639165303,1.0,1.0,6.0,3.0,0.08433808301385527,0.0,1.4265339749510674e-51,0.1372319772031539,0.461692289903029,0.0,0.0,5.0,2.0,6.0,3.0,0.28802042086442253,1.0
87.0,0.95,-0.06645609524512097,-0.1423232038118255,-0.09273861632918745,-0.010079565423419484,-0.05387405250270162,0.1152247641975267,-0.08397744263449858,3.477778107269022e-46,0.4438560648972109,0.4958757105906888,1.0,1.0,6.0,3.0,0.11360599902299989,0.0,8.214611165202903e-51,0.1476164276427776,0.4966289045359064,0.0,1.0,5.0,2.0,6.0,3.0,0.30981515010335553,1.0
88.0,0.4,0.0137023868132371,-0.07956087978651777,-0.08032889311239616,-0.01606901346657844,0.011286113526082147,0.11936331952302648,-0.04898479980385162,1.2778656828861278e-64,0.0771023925819488,0.08634661091754663,0.0,0.0,3.0,1.0,0.02889173385997569,0.0,9.338313681902715e-56,0.06821039572318567,0.27027571986263427,0.0,0.0,4.0,2.0,6.0,3.0,0.23357890627304886,1.0
88.0,0.45,0.0137023868132371,-0.07956087978651777,-0.08032889311239616,-0.01606901346657844,0.011286113526082147,0.11936331952302648,-0.04898479980385162,3.1859106877578796e-63,0.0881588070026674,0.09872863801371291,0.0,0.0,3.0,1.0,0.03303478276146704,0.0,1.2711576370218918e-55,0.06909251881431792,0.2737710294988776,0.0,0.0,4.0,2.0,6.0,3.0,0.23659963859163935,1.0
88.0,0.5,0.0137023868132371,-0.07956087978651777,-0.08032889311239616,-0.01606901346657844,0.011286113526082147,0.11936331952302648,-0.04898479980385162,2.5931752823817805e-62,0.09620713889876852,0.10774192747848915,0.0,0.0,3.0,1.0,0.03605064589323381,0.0,1.728356937881761e-55,0.06998271330961243,0.2772983211306383,0.0,0.0,4.0,2.0,6.0,3.0,0.23964801053519186,1.0
88.0,0.55,0.0137023868132371,-0.07956087978651777,-0.08032889311239616,-0.01606901346657844,0.011286113526082147,0.11936331952302648,-0.04898479980385162,7.347861006318276e-61,0.11059131195510148,0.12385069599622028,0.0,0.0,3.0,1.0,0.041440669287095416,0.0,2.2285456001700783e-55,0.07072782129007037,0.28025072440668625,0.0,0.0,4.0,2.0,6.0,3.0,0.24219954986120593,1.0
88.0,0.6,0.0137023868132371,-0.07956087978651777,-0.08032889311239616,-0.01606901346657844,0.011286113526082147,0.11936331952302648,-0.04898479980385162,7.811210442530485e-60,0.12203776220061895,0.13666952239886745,0.0,0.0,3.0,1.0,0.045729872035031545,0.0,3.5926148880605694e-55,0.07214919575682922,0.28588275458514534,0.0,0.0,4.0,2.0,6.0,3.0,0.2470668884806346,1.0
88.0,0.65,0.0137023868132371,-0.07956087978651777,-0.08032889311239616,-0.01606901346657844,0.011286113526082147,0.11936331952302648,-0.04898479980385162,1.1677321732942954e-58,0.13659567226659594,0.15297285818580184,0.0,0.0,3.0,1.0,0.051184997992849604,0.0,5.878486560846937e-55,0.07364480452252206,0.2918089294957989,0.0,0.0,4.0,2.0,6.0,3.0,0.2521884341922388,1.0
88.0,0.7,0.0137023868132371,-0.07956087978651777,-0.08032889311239616,-0.01606901346657844,0.011286113526082147,0.11936331952302648,-0.04898479980385162,8.066928346080487e-58,0.14805070494247055,0.1658012960122967,0.0,0.0,5.0,2.0,0.055477416740775436,0.0,8.021834766958804e-55,0.07460491753996863,0.29561326509873187,0.0,0.0,4.0,2.0,6.0,3.0,0.25547623433085415,1.0
88.0,0.75,0.0137023868132371,-0.07956087978651777,-0.08032889311239616,-0.01606901346657844,0.011286113526082147,0.11936331952302648,-0.04898479980385162,1.895652927762215e-56,0.16886420085274426,0.18911023329706658,0.0,0.0,5.0,2.0,0.06327662976644367,0.0,1.3315427745385806e-54,0.07619693695122837,0.30192145592289465,0.0,0.0,4.0,2.0,6.0,3.0,0.2609279275647802,1.0
88.0,0.8,0.0137023868132371,-0.07956087978651777,-0.08032889311239616,-0.01606901346657844,0.011286113526082147,0.11936331952302648,-0.04898479980385162,7.448341918205372e-56,0.1787722563280623,0.20020621855027973,0.0,0.0,5.0,2.0,0.0669893667163186,0.0,1.872543443667403e-54,0.07728716539231056,0.30624135868264435,0.0,1.0,4.0,2.0,6.0,3.0,0.2646612934858519,1.0
88.0,0.85,0.0137023868132371,-0.07956087978651777,-0.08032889311239616,-0.01606901346657844,0.011286113526082147,0.11936331952302648,-0.04898479980385162,2.917390166289496e-54,0.20829191337135636,0.23326514520327027,0.0,0.0,5.0,2.0,0.07805094400817925,0.0,3.9594859271166964e-54,0.07973659148092015,0.31594692324256723,0.0,1.0,4.0,2.0,6.0,3.0,0.27304908043105514,1.0
88.0,0.9,0.0137023868132371,-0.07956087978651777,-0.08032889311239616,-0.01606901346657844,0.011286113526082147,0.11936331952302648,-0.04898479980385162,4.3114211000786735e-52,0.2564918026086259,0.2872439770250696,0.0,0.0,5.0,2.0,0.09611235981240851,0.0,1.21260977422376e-53,0.08354319771182545,0.3310301554740115,0.0,1.0,4.0,2.0,6.0,3.0,0.2860843796783341,1.0
88.0,0.95,0.0137023868132371,-0.07956087978651777,-0.08032889311239616,-0.01606901346657844,0.011286113526082147,0.11936331952302648,-0.04898479980385162,2.0306974535757702e-50,0.30114999178272545,0.3372564754154366,1.0,1.0,6.0,3.0,0.11284663319977681,1.0,3.8068980428050945e-53,0.0876220047170594,0.34719195145587595,0.0,1.0,6.0,3.0,6.0,3.0,0.3000518001731187,1.0
89.0,0.4,0.350821055814045,-0.1338420813670949,-0.11147557033659672,-0.0121421271102671,-0.03199184233735859,0.1527198510606113,0.042623638380283935,3.5373778331189714e-60,0.1225486068045238,0.1394721687225354,0.0,0.0,2.0,0.0,0.04170686206512409,0.0,2.9529934774043353e-53,0.1269101508693388,0.37382172207674313,0.0,0.0,6.0,3.0,6.0,3.0,0.31825344373689934,1.0
89.0,0.45,0.350821055814045,-0.1338420813670949,-0.11147557033659672,-0.0121421271102671,-0.03199184233735859,0.1527198510606113,0.042623638380283935,1.3307145947932065e-59,0.12950410144838925,0.14738819443521672,0.0,0.0,2.0,0.0,0.04407401958139947,0.0,5.038116579060643e-53,0.12976670150668865,0.382235869181122,0.0,0.0,6.0,3.0,6.0,3.0,0.32541683509147573,1.0
89.0,0.5,0.350821055814045,-0.1338420813670949,-0.11147557033659672,-0.0121421271102671,-0.03199184233735859,0.1527198510606113,0.042623638380283935,1.2688346834169064e-58,0.14226187487368783,0.16190777465806955,0.0,0.0,2.0,0.0,0.04841586165028371,0.0,9.654164610125545e-53,0.13333122498460778,0.3927353942054882,0.0,0.0,6.0,3.0,6.0,3.0,0.3343556147269736,1.0
89.0,0.55,0.350821055814045,-0.1338420813670949,-0.11147557033659672,-0.0121421271102671,-0.03199184233735859,0.1527198510606113,0.042623638380283935,1.873497561331618e-57,0.15915020355388879,0.18112832631137218,0.0,0.0,2.0,0.0,0.0541634520402678,0.0,1.5745954170362608e-52,0.13607681354728648,0.40082269563554845,0.0,0.0,6.0,3.0,6.0,3.0,0.34124074573636604,1.0
89.0,0.6,0.350821055814045,-0.1338420813670949,-0.11147557033659672,-0.0121421271102671,-0.03199184233735859,0.1527198510606113,0.042623638380283935,3.3325932763157086e-56,0.17943035415181183,0.20420909939942283,0.0,0.0,2.0,0.0,0.06106537826939812,0.0,2.6245752711724404e-52,0.13900472079855847,0.40944702807274136,0.0,0.0,6.0,3.0,6.0,3.0,0.3485830785543209,1.0
89.0,0.65,0.350821055814045,-0.1338420813670949,-0.11147557033659672,-0.0121421271102671,-0.03199184233735859,0.1527198510606113,0.042623638380283935,9.296880514498471e-55,0.20612343438557706,0.23458840673847975,0.0,0.0,3.0,0.0,0.07014981133177252,0.0,5.1358874457258254e-52,0.1429478855626448,0.4210618644939878,0.0,0.0,6.0,3.0,6.0,3.0,0.358471379504215,1.0
89.0,0.7,0.350821055814045,-0.1338420813670949,-0.11147557033659672,-0.0121421271102671,-0.03199184233735859,0.1527198510606113,0.042623638380283935,5.385818585876357e-54,0.22177647326117753,0.2524030791040376,0.0,0.0,4.0,1.0,0.0754769966038665,0.0,8.621753719544347e-52,0.14606693195804632,0.43024920913725984,0.0,0.0,6.0,3.0,6.0,3.0,0.36629303324674084,1.0
89.0,0.75,0.350821055814045,-0.1338420813670949,-0.11147557033659672,-0.0121421271102671,-0.03199184233735859,0.1527198510606113,0.042623638380283935,1.825816119360568e-53,0.2333497613829038,0.2655746004756565,0.0,0.0,4.0,1.0,0.0794157238070464,0.0,1.3622867123888152e-51,0.14887780088882016,0.43852879794111926,0.0,0.0,6.0,3.0,6.0,3.0,0.373341868276752,1.0
89.0,0.8,0.350821055814045,-0.1338420813670949,-0.11147557033659672,-0.0121421271102671,-0.03199184233735859,0.1527198510606113,0.042623638380283935,1.0575115648020112e-52,0.25106829009094594,0.285740000066245,0.0,0.0,4.0,1.0,0.08544585545923239,1.0,1.85118269141076e-51,0.1507922923591978,0.444168051329878,0.0,0.0,6.0,3.0,6.0,3.0,0.37814285148636084,1.0
89.0,0.85,0.350821055814045,-0.1338420813670949,-0.11147557033659672,-0.0121421271102671,-0.03199184233735859,0.1527198510606113,0.042623638380283935,2.9917066501143876e-50,0.3176459164295573,0.3615117789217674,0.0,0.0,4.0,1.0,0.10810416183032806,1.0,2.6023458479555467e-51,0.15294747053278193,0.45051626233358955,0.0,0.0,6.0,3.0,6.0,3.0,0.3835474063695703,1.0
89.0,0.9,0.350821055814045,-0.1338420813670949,-0.11147557033659672,-0.0121421271102671,-0.03199184233735859,0.1527198510606113,0.042623638380283935,7.812878380769107e-49,0.3638986509610774,0.41415186486536915,0.0,0.0,5.0,2.0,0.12384531523501693,1.0,5.972895319481107e-51,0.1583348303417419,0.46638506484810144,0.0,0.0,6.0,3.0,6.0,3.0,0.3970573250018199,1.0
89.0,0.95,0.350821055814045,-0.1338420813670949,-0.11147557033659672,-0.0121421271102671,-0.03199184233735859,0.1527198510606113,0.042623638380283935,1.1679747654225454e-46,0.4483216500937094,0.5102334041510059,0.0,0.0,5.0,2.0,0.1525769219971005,1.0,1.3988413642607628e-50,0.16404982678342336,0.48321894138876814,0.0,0.0,6.0,3.0,6.0,3.0,0.411388860234032,1.0
90.0,0.4,-0.017479200547861784,-0.105816084141022,-0.07385991695179822,0.04458071753649099,-0.0303227940795979,0.1872291357899607,-0.05506601148381929,6.134172075581002e-63,0.08585685769064456,0.08837472870186269,0.0,0.0,2.0,1.0,0.024600100811682863,0.0,7.728552375283152e-54,0.11945944115736451,0.2825428396895535,0.0,0.0,4.0,1.0,5.0,2.0,0.21549746494650737,1.0
90.0,0.45,-0.017479200547861784,-0.105816084141022,-0.07385991695179822,0.04458071753649099,-0.0303227940795979,0.1872291357899607,-0.05506601148381929,7.377447453055822e-61,0.1048209070017645,0.10789492496850984,0.0,0.0,3.0,1.0,0.030033767235071077,0.0,1.0575355740880238e-53,0.12103064470806921,0.28625901572926576,0.0,0.0,4.0,1.0,5.0,2.0,0.218331819257991,1.0
90.0,0.5,-0.017479200547861784,-0.105816084141022,-0.07385991695179822,0.04458071753649099,-0.0303227940795979,0.1872291357899607,-0.05506601148381929,4.8051392985989965e-60,0.113332962338635,0.11665660809231632,0.0,0.0,3.0,1.0,0.032472680386960794,0.0,1.5688798756758278e-53,0.12303611976077398,0.2910023211627086,0.0,0.0,4.0,1.0,5.0,2.0,0.22194957257814965,1.0
90.0,0.55,-0.017479200547861784,-0.105816084141022,-0.07385991695179822,0.04458071753649099,-0.0303227940795979,0.1872291357899607,-0.05506601148381929,7.697380173856299e-59,0.1272182587694592,0.13094911003130513,0.0,0.0,3.0,1.0,0.0364511592317042,0.0,2.465919331488463e-53,0.12537631709181501,0.29653730435817854,0.0,0.0,4.0,1.0,5.0,2.0,0.22617114424655876,1.0
90.0,0.6,-0.017479200547861784,-0.105816084141022,-0.07385991695179822,0.04458071753649099,-0.0303227940795979,0.1872291357899607,-0.05506601148381929,4.905875692282684e-57,0.15126264162068337,0.15569862764045236,0.0,0.0,4.0,1.0,0.04334046613163826,0.0,3.4095004789935822e-53,0.12708037970829178,0.3005677157346549,0.0,0.0,4.0,1.0,5.0,2.0,0.22924516811945728,1.0
90.0,0.65,-0.017479200547861784,-0.105816084141022,-0.07385991695179822,0.04458071753649099,-0.0303227940795979,0.1872291357899607,-0.05506601148381929,6.346716081677269e-56,0.16828989366721242,0.17322522738595195,0.0,0.0,4.0,1.0,0.048219192515962836,0.0,5.566534255387987e-53,0.129702722621048,0.30677002344705995,0.0,0.0,4.0,1.0,5.0,2.0,0.2339757130177462,1.0
90.0,0.7,-0.017479200547861784,-0.105816084141022,-0.07385991695179822,0.04458071753649099,-0.0303227940795979,0.1872291357899607,-0.05506601148381929,5.469492389571739e-55,0.1840911669323109,0.18948989482787765,0.0,0.0,4.0,1.0,0.052746645834542985,0.0,7.744955901778826e-53,0.13149992703966706,0.3110207317629505,0.0,0.0,4.0,1.0,5.0,2.0,0.2372177589577811,1.0
90.0,0.75,-0.017479200547861784,-0.105816084141022,-0.07385991695179822,0.04458071753649099,-0.0303227940795979,0.1872291357899607,-0.05506601148381929,1.2390044610642241e-54,0.1904714381752192,0.19605727634291023,0.0,0.0,4.0,1.0,0.05457475042633879,0.0,1.1874617094862516e-52,0.13386248191792907,0.3166085945367871,0.0,0.0,4.0,1.0,5.0,2.0,0.24147966226261733,1.0
90.0,0.8,-0.017479200547861784,-0.105816084141022,-0.07385991695179822,0.04458071753649099,-0.0303227940795979,0.1872291357899607,-0.05506601148381929,2.748754923108115e-53,0.21672840038159671,0.22308426025472095,0.0,0.0,5.0,2.0,0.06209801571532474,0.0,1.5171267811856399e-52,0.13523599491612384,0.31985719723491324,0.0,0.0,4.0,1.0,5.0,2.0,0.2439573950086809,1.0
90.0,0.85,-0.017479200547861784,-0.105816084141022,-0.07385991695179822,0.04458071753649099,-0.0303227940795979,0.1872291357899607,-0.05506601148381929,8.168104284827404e-51,0.2747621321398106,0.28281991140291896,0.0,0.0,5.0,2.0,0.07872610682103716,0.0,2.60611109696972e-52,0.13831929313931604,0.3271497462971752,0.0,0.0,4.0,1.0,6.0,3.0,0.24951947486050866,1.0
90.0,0.9,-0.017479200547861784,-0.105816084141022,-0.07385991695179822,0.04458071753649099,-0.0303227940795979,0.1872291357899607,-0.05506601148381929,5.64891752160287e-50,0.2978176114225748,0.30655152447973577,0.0,0.0,5.0,2.0,0.08533206853304454,0.0,4.5331336861350895e-52,0.1415466713827712,0.33478307025067416,0.0,0.0,4.0,1.0,6.0,3.0,0.2553414661836719,1.0
90.0,0.95,-0.017479200547861784,-0.105816084141022,-0.07385991695179822,0.04458071753649099,-0.0303227940795979,0.1872291357899607,-0.05506601148381929,6.415589514359016e-48,0.3627326776232207,0.37337031471331616,0.0,0.0,5.0,2.0,0.10393183115756188,0.0,1.0905758291101689e-51,0.14682005535557982,0.3472555619015266,0.0,0.0,4.0,1.0,6.0,3.0,0.26485432566819594,1.0
91.0,0.4,0.1552036002703152,-0.18857945949334753,-0.14010589844024862,-0.0347354611708401,0.00862839021553831,0.1335222023657735,-0.041669065536727334,8.347915628099048e-63,0.0905604128823786,0.09143067322097018,0.0,0.0,2.0,0.0,0.021997794727501047,0.0,1.353450522149407e-54,0.11145821637359234,0.2598386800384069,0.0,0.0,4.0,2.0,4.0,2.0,0.1754069015881099,1.0
91.0,0.45,0.1552036002703152,-0.18857945949334753,-0.14010589844024862,-0.0347354611708401,0.00862839021553831,0.1335222023657735,-0.041669065536727334,9.769248402597116e-62,0.10033447666539687,0.10129866303398875,0.0,0.0,2.0,0.0,0.024371987179909516,0.0,1.9073899899442932e-54,0.11306294721698615,0.26357973348184927,0.0,0.0,4.0,2.0,4.0,2.0,0.17793234003743064,1.0
91.0,0.5,0.1552036002703152,-0.18857945949334753,-0.14010589844024862,-0.0347354611708401,0.00862839021553831,0.1335222023657735,-0.041669065536727334,6.928856274749728e-61,0.10886799043205936,0.10991418149059885,0.0,0.0,2.0,0.0,0.02644484084928443,0.0,2.770580969054222e-54,0.11483539666051679,0.2677117834897024,0.0,0.0,4.0,2.0,4.0,2.0,0.18072172493184863,1.0
91.0,0.55,0.1552036002703152,-0.18857945949334753,-0.14010589844024862,-0.0347354611708401,0.00862839021553831,0.1335222023657735,-0.041669065536727334,3.4326786244290035e-60,0.11637437354820927,0.1174926988572932,0.0,0.0,2.0,0.0,0.028268196879578947,0.0,3.934446366836182e-54,0.11652581276577985,0.27165259201686354,0.0,0.0,4.0,2.0,4.0,2.0,0.18338201020346087,1.0
91.0,0.6,0.1552036002703152,-0.18857945949334753,-0.14010589844024862,-0.0347354611708401,0.00862839021553831,0.1335222023657735,-0.041669065536727334,5.558518086332156e-59,0.13069107623838824,0.1319469810718372,0.0,0.0,2.0,0.0,0.03174582995267747,0.0,5.471393419452987e-54,0.11813794277918571,0.275410894889122,0.0,0.0,4.0,2.0,4.0,2.0,0.18591909306562399,1.0
91.0,0.65,0.1552036002703152,-0.18857945949334753,-0.14010589844024862,-0.0347354611708401,0.00862839021553831,0.1335222023657735,-0.041669065536727334,1.6726062275524768e-57,0.15060777053226526,0.15205506924929044,0.0,0.0,2.0,0.0,0.036583742444266265,0.0,7.810405769556994e-54,0.11990300186330105,0.27952571600799825,0.0,0.0,4.0,2.0,4.0,2.0,0.18869684741283954,1.0
91.0,0.7,0.1552036002703152,-0.18857945949334753,-0.14010589844024862,-0.0347354611708401,0.00862839021553831,0.1335222023657735,-0.041669065536727334,4.417392624105977e-56,0.17261871996566353,0.1742775377747175,0.0,0.0,2.0,0.0,0.04193036501346963,0.0,1.227179821826839e-53,0.12218179415398298,0.2848381855607838,0.0,0.0,4.0,2.0,4.0,2.0,0.19228308724402068,1.0
91.0,0.75,0.1552036002703152,-0.18857945949334753,-0.14010589844024862,-0.0347354611708401,0.00862839021553831,0.1335222023657735,-0.041669065536727334,7.086630012262355e-55,0.1937794110904227,0.19564157724603262,0.0,0.0,2.0,0.0,0.04707045354485795,0.0,2.0530410480839377e-53,0.12482988131873679,0.29101157946482703,0.0,0.0,4.0,2.0,4.0,2.0,0.19645050333784897,1.0
91.0,0.8,0.1552036002703152,-0.18857945949334753,-0.14010589844024862,-0.0347354611708401,0.00862839021553831,0.1335222023657735,-0.041669065536727334,8.519812313362805e-53,0.23657774773203324,0.23885119397958873,0.0,0.0,2.0,0.0,0.057466486360470574,0.0,4.1314898771447844e-53,0.1285207057645932,0.2996158706823567,0.0,0.0,4.0,2.0,5.0,2.0,0.20225892286417033,1.0
91.0,0.85,0.1552036002703152,-0.18857945949334753,-0.14010589844024862,-0.0347354611708401,0.00862839021553831,0.1335222023657735,-0.041669065536727334,3.4638530656149605e-52,0.2508154504920516,0.2532257170966519,0.0,0.0,2.0,0.0,0.06092492976567948,0.0,7.900340353559014e-53,0.13203950817208956,0.30781913287897344,0.0,0.0,4.0,2.0,5.0,2.0,0.20779662342749963,1.0
91.0,0.9,0.1552036002703152,-0.18857945949334753,-0.14010589844024862,-0.0347354611708401,0.00862839021553831,0.1335222023657735,-0.041669065536727334,1.2548462460043128e-50,0.2912821779756184,0.29408131855771796,0.0,0.0,3.0,0.0,0.07075459745539515,0.0,1.5643604565094274e-52,0.13585199615252497,0.316707054081464,0.0,0.0,4.0,2.0,6.0,3.0,0.21379651043222772,1.0
91.0,0.95,0.1552036002703152,-0.18857945949334753,-0.14010589844024862,-0.0347354611708401,0.00862839021553831,0.1335222023657735,-0.041669065536727334,1.211066725188536e-48,0.3523746396417942,0.3557608617607685,1.0,1.0,6.0,3.0,0.08559440867484863,1.0,4.4366044726742764e-52,0.14188258833310222,0.33076596479289,0.0,0.0,4.0,2.0,6.0,3.0,0.22328712963961683,1.0
92.0,0.4,-0.11277765836852027,0.03440447019756815,0.054306153902153376,0.05314182898271234,0.0023306437605881644,0.12304386795760963,-0.0013881168547378309,6.498164938561282e-63,0.0903901155707306,0.09509251529310621,0.0,0.0,2.0,1.0,0.022475429733892365,1.0,1.847729050824275e-52,0.11709279626262759,0.32337572400732617,0.0,1.0,6.0,3.0,6.0,3.0,0.21900487790297116,1.0
92.0,0.45,-0.11277765836852027,0.03440447019756815,0.054306153902153376,0.05314182898271234,0.0023306437605881644,0.12304386795760963,-0.0013881168547378309,5.320099766253971e-62,0.09866610526686667,0.10379904998195259,0.0,0.0,2.0,1.0,0.024533247933586678,1.0,4.1232060460668396e-52,0.1210751573200828,0.3343738291966903,0.0,1.0,6.0,3.0,6.0,3.0,0.22645329936860387,1.0
92.0,0.5,-0.11277765836852027,0.03440447019756815,0.054306153902153376,0.05314182898271234,0.0023306437605881644,0.12304386795760963,-0.0013881168547378309,4.594174916988737e-61,0.10793939383527652,0.11355476640560157,0.0,0.0,3.0,1.0,0.026839043697929,1.0,1.5825797776580042e-51,0.12805419665140605,0.35364787481415394,0.0,1.0,6.0,3.0,6.0,3.0,0.23950656742113494,1.0
92.0,0.55,-0.11277765836852027,0.03440447019756815,0.054306153902153376,0.05314182898271234,0.0023306437605881644,0.12304386795760963,-0.0013881168547378309,1.4076793225973883e-59,0.12448269537922896,0.13095870648393648,0.0,0.0,3.0,1.0,0.030952522357293556,1.0,3.2972070172708734e-51,0.1320311302543779,0.3646309909770443,0.0,1.0,6.0,3.0,6.0,3.0,0.24694483763029074,1.0
92.0,0.6,-0.11277765836852027,0.03440447019756815,0.054306153902153376,0.05314182898271234,0.0023306437605881644,0.12304386795760963,-0.0013881168547378309,5.7456859817483055e-59,0.13199594000918352,0.13886281552687427,0.0,0.0,3.0,1.0,0.03282068460808692,1.0,5.431575068768913e-51,0.13480587609165443,0.37229401955527625,0.0,1.0,6.0,3.0,6.0,3.0,0.2521345921899271,1.0
92.0,0.65,-0.11277765836852027,0.03440447019756815,0.054306153902153376,0.05314182898271234,0.0023306437605881644,0.12304386795760963,-0.0013881168547378309,5.0655231717002325e-58,0.1445264518034361,0.15204520695210716,0.0,0.0,4.0,1.0,0.035936386314885355,1.0,6.817003714144018e-51,0.1360880462650753,0.3758349949300604,0.0,1.0,6.0,3.0,6.0,3.0,0.25453270318602156,1.0
92.0,0.7,-0.11277765836852027,0.03440447019756815,0.054306153902153376,0.05314182898271234,0.0023306437605881644,0.12304386795760963,-0.0013881168547378309,1.4979814683206697e-56,0.16643095156680893,0.17508925292532482,0.0,0.0,4.0,1.0,0.041382922611240804,1.0,1.0160589058260169e-50,0.13836997709744212,0.38213701400044087,0.0,1.0,6.0,3.0,6.0,3.0,0.25880071965908114,1.0
92.0,0.75,-0.11277765836852027,0.03440447019756815,0.054306153902153376,0.05314182898271234,0.0023306437605881644,0.12304386795760963,-0.0013881168547378309,3.3094029139029354e-56,0.17201945330687007,0.18096848743926314,0.0,0.0,4.0,1.0,0.042772499086316695,1.0,1.5391742869827345e-50,0.14078527724497744,0.388807359733345,0.0,1.0,6.0,3.0,6.0,3.0,0.26331818384811306,1.0
92.0,0.8,-0.11277765836852027,0.03440447019756815,0.054306153902153376,0.05314182898271234,0.0023306437605881644,0.12304386795760963,-0.0013881168547378309,2.6269119987511206e-55,0.18752746869078907,0.19728328226776498,0.0,0.0,5.0,2.0,0.0466285546724018,1.0,2.5375702589522904e-50,0.14374883552357867,0.39699183251535214,0.0,1.0,6.0,3.0,6.0,3.0,0.26886108434822314,1.0
92.0,0.85,-0.11277765836852027,0.03440447019756815,0.054306153902153376,0.05314182898271234,0.0023306437605881644,0.12304386795760963,-0.0013881168547378309,8.083819633739782e-51,0.2884509809270805,0.30345717716951215,1.0,1.0,6.0,3.0,0.0717231050382484,1.0,7.444742668079427e-50,0.1503421139547282,0.4152005204475522,0.0,1.0,6.0,3.0,6.0,3.0,0.28119284329397004,1.0
92.0,0.9,-0.11277765836852027,0.03440447019756815,0.054306153902153376,0.05314182898271234,0.0023306437605881644,0.12304386795760963,-0.0013881168547378309,4.9184462839731184e-48,0.37677391259252674,0.3963749666545394,1.0,1.0,6.0,3.0,0.09368453115219964,1.0,1.989675157870473e-49,0.15662803742063158,0.43256038473230257,0.0,1.0,6.0,3.0,6.0,3.0,0.292949739918677,1.0
92.0,0.95,-0.11277765836852027,0.03440447019756815,0.054306153902153376,0.05314182898271234,0.0023306437605881644,0.12304386795760963,-0.0013881168547378309,1.516303710380319e-44,0.526567542926051,0.5539613685897637,1.0,1.0,6.0,3.0,0.1309305971837375,1.0,3.542913138901625e-49,0.1604391194740869,0.443085467893894,0.0,1.0,6.0,3.0,6.0,3.0,0.300077809163203,1.0
93.0,0.4,0.1317567420408542,-0.05670102055212356,-0.06705966783521716,8.026878783041154e-5,0.0029451858349468776,0.14928381684581055,-0.0007871978765267018,3.968175727441642e-61,0.1039710545384217,0.11198942808997145,0.0,0.0,2.0,0.0,0.02560288819195007,1.0,1.4637809032923593e-54,0.09127383555393663,0.2741979011482129,0.0,0.0,6.0,3.0,6.0,3.0,0.18979334767839762,1.0
93.0,0.45,0.1317567420408542,-0.05670102055212356,-0.06705966783521716,8.026878783041154e-5,0.0029451858349468776,0.14928381684581055,-0.0007871978765267018,9.929368828987196e-60,0.11889846011350037,0.12806805324811427,0.0,0.0,3.0,1.0,0.029278764113679776,1.0,2.0112588401897927e-54,0.0924902520766217,0.27785216696730575,0.0,0.0,6.0,3.0,6.0,3.0,0.19232274465849153,1.0
93.0,0.5,0.1317567420408542,-0.05670102055212356,-0.06705966783521716,8.026878783041154e-5,0.0029451858349468776,0.14928381684581055,-0.0007871978765267018,3.0790229541457553e-59,0.12463930924807035,0.1342516436155056,0.0,0.0,3.0,1.0,0.030692449097176146,1.0,3.022644002671367e-54,0.09407356223131041,0.2826086266761316,0.0,0.0,6.0,3.0,6.0,3.0,0.19561505436420112,1.0
93.0,0.55,0.1317567420408542,-0.05670102055212356,-0.06705966783521716,8.026878783041154e-5,0.0029451858349468776,0.14928381684581055,-0.0007871978765267018,2.963546593398754e-58,0.13697142841493234,0.14753483073682014,0.0,0.0,4.0,1.0,0.03372923534120039,1.0,4.637017358611031e-54,0.09576601395058473,0.2876929611560326,0.0,0.0,6.0,3.0,6.0,3.0,0.19913431128635942,1.0
93.0,0.6,0.1317567420408542,-0.05670102055212356,-0.06705966783521716,8.026878783041154e-5,0.0029451858349468776,0.14928381684581055,-0.0007871978765267018,8.494346221373268e-57,0.1575257574150383,0.1696743344642189,0.0,0.0,4.0,1.0,0.03879074202290665,1.0,6.9879931390002e-54,0.09741656624465161,0.29265142457571736,0.0,0.0,6.0,3.0,6.0,3.0,0.20256644321669898,1.0
93.0,0.65,0.1317567420408542,-0.05670102055212356,-0.06705966783521716,8.026878783041154e-5,0.0029451858349468776,0.14928381684581055,-0.0007871978765267018,4.848210728431477e-56,0.16938322218312651,0.18244626126510052,0.0,0.0,4.0,1.0,0.041710644548134605,1.0,1.0228352876903163e-53,0.09897527158627048,0.2973339683801557,0.0,0.0,6.0,3.0,6.0,3.0,0.2058075900692953,1.0
93.0,0.7,0.1317567420408542,-0.05670102055212356,-0.06705966783521716,8.026878783041154e-5,0.0029451858349468776,0.14928381684581055,-0.0007871978765267018,2.9909401927194248e-55,0.18272437436620265,0.19681629924996916,0.0,0.0,4.0,1.0,0.04499590532779576,1.0,1.6037302972421154e-53,0.10084753100531134,0.30295846744925203,0.0,1.0,6.0,3.0,6.0,3.0,0.20970073623441066,1.0
93.0,0.75,0.1317567420408542,-0.05670102055212356,-0.06705966783521716,8.026878783041154e-5,0.0029451858349468776,0.14928381684581055,-0.0007871978765267018,6.946016469236678e-55,0.18925331128000383,0.20384875567986813,0.0,0.0,4.0,1.0,0.04660365704829578,1.0,3.3223272760484394e-53,0.10395488404678534,0.3122933406571955,0.0,1.0,6.0,3.0,6.0,3.0,0.2161621162408582,1.0
93.0,0.8,0.1317567420408542,-0.05670102055212356,-0.06705966783521716,8.026878783041154e-5,0.0029451858349468776,0.14928381684581055,-0.0007871978765267018,8.294540096606362e-54,0.2098557344750931,0.2260400626847709,0.0,0.0,4.0,1.0,0.05167700693292335,1.0,5.979824715890806e-53,0.10653201709095,0.32003536735521976,0.0,1.0,6.0,3.0,6.0,3.0,0.22152096530090035,1.0
93.0,0.85,0.1317567420408542,-0.05670102055212356,-0.06705966783521716,8.026878783041154e-5,0.0029451858349468776,0.14928381684581055,-0.0007871978765267018,1.1845224363592907e-52,0.2344420257421301,0.2525224784885986,0.0,0.0,5.0,2.0,0.05773138494379605,1.0,1.3279654736765852e-52,0.11013302815441042,0.3308532503730629,0.0,1.0,6.0,3.0,6.0,3.0,0.22900884986949857,1.0
93.0,0.9,0.1317567420408542,-0.05670102055212356,-0.06705966783521716,8.026878783041154e-5,0.0029451858349468776,0.14928381684581055,-0.0007871978765267018,2.830525937554982e-51,0.26758737897775847,0.28822404147819386,0.0,0.0,5.0,2.0,0.06589343328255637,1.0,2.253096362842445e-52,0.11258588727225521,0.3382219428120683,0.0,1.0,6.0,3.0,6.0,3.0,0.23410928572314624,1.0
93.0,0.95,0.1317567420408542,-0.05670102055212356,-0.06705966783521716,8.026878783041154e-5,0.0029451858349468776,0.14928381684581055,-0.0007871978765267018,1.7670514554599637e-47,0.38512928618001385,0.41483092281285044,1.0,1.0,6.0,3.0,0.09483814603292873,1.0,4.58763257130066e-52,0.11597142421519581,0.3483925148974878,1.0,1.0,6.0,3.0,6.0,3.0,0.24114911686632057,1.0
94.0,0.4,0.08076231204578521,-0.08886752580476076,-0.08433901261579929,0.001279681504808644,0.004851542921183521,0.1752978120818035,-0.029304904395271003,3.698750449614669e-63,0.08679431850676862,0.09461530002446872,0.0,0.0,2.0,0.0,0.03164869469962997,0.0,3.436032219502071e-55,0.06473162166653515,0.2574613919634297,0.0,0.0,3.0,1.0,5.0,2.0,0.23964813241291225,1.0
94.0,0.45,0.08076231204578521,-0.08886752580476076,-0.08433901261579929,0.001279681504808644,0.004851542921183521,0.1752978120818035,-0.029304904395271003,1.1896045000987171e-62,0.09112358121994767,0.09933466988115168,0.0,0.0,2.0,0.0,0.033227317773595486,0.0,7.88398247739278e-55,0.06701085689187651,0.26652674609207255,0.0,0.0,3.0,1.0,5.0,2.0,0.24808627208901382,1.0
94.0,0.5,0.08076231204578521,-0.08886752580476076,-0.08433901261579929,0.001279681504808644,0.004851542921183521,0.1752978120818035,-0.029304904395271003,1.1120369118293464e-61,0.10001780164322534,0.10903034291954933,0.0,0.0,2.0,0.0,0.03647050778430542,0.0,1.6165793341269976e-54,0.06904607229062688,0.2746215439052188,0.0,0.0,3.0,1.0,5.0,2.0,0.25562100637824714,1.0
94.0,0.55,0.08076231204578521,-0.08886752580476076,-0.08433901261579929,0.001279681504808644,0.004851542921183521,0.1752978120818035,-0.029304904395271003,3.9343268357764926e-60,0.11604023670095347,0.12649654953526565,0.0,0.0,2.0,0.0,0.042312931161904044,0.0,2.602478010748007e-54,0.07042960140985512,0.2801243464565503,0.0,0.0,3.0,1.0,5.0,2.0,0.26074308058287565,1.0
94.0,0.6,0.08076231204578521,-0.08886752580476076,-0.08433901261579929,0.001279681504808644,0.004851542921183521,0.1752978120818035,-0.029304904395271003,4.544549705096354e-59,0.12849447578789833,0.1400730322827608,0.0,0.0,2.0,0.0,0.04685424696874657,0.0,4.2309887933007687e-54,0.07187025418059505,0.2858543507132246,0.0,0.0,3.0,1.0,5.0,2.0,0.2660766368429346,1.0
94.0,0.65,0.08076231204578521,-0.08886752580476076,-0.08433901261579929,0.001279681504808644,0.004851542921183521,0.1752978120818035,-0.029304904395271003,3.0059788587929386e-57,0.15301655425459126,0.16680477983566983,0.0,0.0,4.0,1.0,0.055795981729095126,0.0,9.993357958687413e-54,0.07449070413290705,0.296276840910802,0.0,0.0,3.0,1.0,5.0,2.0,0.2757780149481849,1.0
94.0,0.7,0.08076231204578521,-0.08886752580476076,-0.08433901261579929,0.001279681504808644,0.004851542921183521,0.1752978120818035,-0.029304904395271003,4.635647481987228e-56,0.1714918970896728,0.1869449242076755,0.0,0.0,5.0,2.0,0.06253283380556938,1.0,1.702965304816185e-53,0.07616363755945178,0.3029307104968166,0.0,0.0,3.0,1.0,5.0,2.0,0.28197151606867127,1.0
94.0,0.75,0.08076231204578521,-0.08886752580476076,-0.08433901261579929,0.001279681504808644,0.004851542921183521,0.1752978120818035,-0.029304904395271003,4.7703554478371335e-55,0.18898555862477023,0.20601492859443352,0.0,0.0,5.0,2.0,0.06891172544995487,1.0,3.0066280454125864e-53,0.0779891326434906,0.3101913737284625,0.0,0.0,3.0,1.0,5.0,2.0,0.28872982794709934,1.0
94.0,0.8,0.08076231204578521,-0.08886752580476076,-0.08433901261579929,0.001279681504808644,0.004851542921183521,0.1752978120818035,-0.029304904395271003,4.706715511102728e-54,0.20789892917712957,0.2266325710861582,0.0,0.0,5.0,2.0,0.07580830002592684,1.0,5.543963125703377e-53,0.08000306333849834,0.3182015144711999,0.0,0.0,4.0,1.0,5.0,2.0,0.2961857624261385,1.0
94.0,0.85,0.08076231204578521,-0.08886752580476076,-0.08433901261579929,0.001279681504808644,0.004851542921183521,0.1752978120818035,-0.029304904395271003,5.786261603479615e-53,0.2308105152946182,0.2516087058359641,0.0,0.0,5.0,2.0,0.08416278458887815,1.0,8.578986363586524e-53,0.08147179191436382,0.32404318649830866,0.0,0.0,5.0,2.0,5.0,2.0,0.30162326037792553,1.0
94.0,0.9,0.08076231204578521,-0.08886752580476076,-0.08433901261579929,0.001279681504808644,0.004851542921183521,0.1752978120818035,-0.029304904395271003,2.0955544905085608e-52,0.24352476212989468,0.26546862546666006,0.0,0.0,5.0,2.0,0.08879890966420806,1.0,2.1024272093819406e-52,0.08457217044180078,0.33637452859567685,0.0,0.0,6.0,3.0,5.0,2.0,0.31310142058378165,1.0
94.0,0.95,0.08076231204578521,-0.08886752580476076,-0.08433901261579929,0.001279681504808644,0.004851542921183521,0.1752978120818035,-0.029304904395271003,6.4011444916870245e-49,0.34021208704637823,0.3708683844937785,0.0,0.0,5.0,2.0,0.12405499186234271,1.0,1.8654064009464451e-51,0.09262530768293135,0.36840480793048147,0.0,0.0,6.0,3.0,6.0,3.0,0.3429155863688412,1.0
95.0,0.4,0.27590426819303016,-0.1327874347706932,-0.10584873768280312,-0.03940146075355864,-0.03478340708520517,0.2003847318007126,0.021402597609141427,3.445837891968767e-61,0.10656286658546031,0.11382072309066858,0.0,0.0,2.0,0.0,0.03582471954306085,0.0,2.734840404732985e-54,0.14170425851297072,0.34566720024845005,0.0,0.0,3.0,1.0,5.0,2.0,0.29372340217886517,1.0
95.0,0.45,0.27590426819303016,-0.1327874347706932,-0.10584873768280312,-0.03940146075355864,-0.03478340708520517,0.2003847318007126,0.021402597609141427,2.9921163693887656e-60,0.1166051448889651,0.12454696774425053,0.0,0.0,2.0,0.0,0.03920077177705276,0.0,3.853663996132275e-54,0.14374369773031223,0.35064211950446383,0.0,0.0,3.0,1.0,5.0,2.0,0.2979507347357036,1.0
95.0,0.5,0.27590426819303016,-0.1327874347706932,-0.10584873768280312,-0.03940146075355864,-0.03478340708520517,0.2003847318007126,0.021402597609141427,5.054886799147845e-59,0.13118169939684104,0.14011631218306986,0.0,0.0,2.0,0.0,0.04410117464609538,1.0,5.964474440961255e-54,0.1463837639753368,0.357082182188286,0.0,0.0,3.0,1.0,5.0,2.0,0.3034230419733526,1.0
95.0,0.55,0.27590426819303016,-0.1327874347706932,-0.10584873768280312,-0.03940146075355864,-0.03478340708520517,0.2003847318007126,0.021402597609141427,2.6667148690870584e-58,0.14059427412160777,0.1501699649764536,0.0,0.0,2.0,0.0,0.047265530678338975,1.0,9.726761684479166e-54,0.14939729949199362,0.364433269557313,0.0,0.0,3.0,1.0,5.0,2.0,0.30966947319446003,1.0
95.0,0.6,0.27590426819303016,-0.1327874347706932,-0.10584873768280312,-0.03940146075355864,-0.03478340708520517,0.2003847318007126,0.021402597609141427,1.214999867427504e-57,0.14976463964423375,0.15996491201791624,0.0,0.0,2.0,0.0,0.05034845987762025,1.0,1.2875593412177905e-53,0.15115332487978123,0.3687168414536804,0.0,0.0,3.0,1.0,5.0,2.0,0.3133093479351772,1.0
95.0,0.65,0.27590426819303016,-0.1327874347706932,-0.10584873768280312,-0.03940146075355864,-0.03478340708520517,0.2003847318007126,0.021402597609141427,1.973700719077474e-56,0.16821136319933103,0.17966801762094547,0.0,0.0,2.0,0.0,0.05654995125097547,1.0,1.6910982769840506e-53,0.1528801514892053,0.3729291871210444,0.0,0.0,3.0,1.0,5.0,2.0,0.3168886996922497,1.0
95.0,0.7,0.27590426819303016,-0.1327874347706932,-0.10584873768280312,-0.03940146075355864,-0.03478340708520517,0.2003847318007126,0.021402597609141427,5.43681387645567e-55,0.19313365626722506,0.20628773524828928,0.0,0.0,3.0,0.0,0.06492842480499952,1.0,2.480868735014969e-53,0.1553409273666448,0.37893189668616,0.0,0.0,3.0,1.0,6.0,3.0,0.32198937535511285,1.0
95.0,0.75,0.27590426819303016,-0.1327874347706932,-0.10584873768280312,-0.03940146075355864,-0.03478340708520517,0.2003847318007126,0.021402597609141427,2.949256727793878e-54,0.2072319118675351,0.22134620447084397,0.0,0.0,3.0,0.0,0.06966803128435832,1.0,4.953506616226777e-53,0.15988170349705758,0.39000846833210756,0.0,0.0,3.0,1.0,6.0,3.0,0.33140145815031935,1.0
95.0,0.8,0.27590426819303016,-0.1327874347706932,-0.10584873768280312,-0.03940146075355864,-0.03478340708520517,0.2003847318007126,0.021402597609141427,8.489393089275686e-53,0.2383719429528369,0.2546071420635133,0.0,0.0,3.0,0.0,0.08013680822269705,1.0,9.28067319355236e-53,0.16411938495407719,0.400345684024596,0.0,0.0,3.0,1.0,6.0,3.0,0.34018528884085714,1.0
95.0,0.85,0.27590426819303016,-0.1327874347706932,-0.10584873768280312,-0.03940146075355864,-0.03478340708520517,0.2003847318007126,0.021402597609141427,1.9809747730466043e-50,0.29917265732114995,0.31954891301597416,0.0,0.0,4.0,1.0,0.10057702919325195,1.0,1.6509606824111695e-52,0.16810595552015617,0.41007035073983994,0.0,0.0,3.0,1.0,6.0,3.0,0.3484486189763283,1.0
95.0,0.9,0.27590426819303016,-0.1327874347706932,-0.10584873768280312,-0.03940146075355864,-0.03478340708520517,0.2003847318007126,0.021402597609141427,5.128915515780288e-49,0.3426123449287796,0.36594722053867906,0.0,0.0,4.0,1.0,0.1151807525675051,1.0,3.315082711278631e-52,0.1730605187248203,0.4221562965637863,0.0,0.0,4.0,2.0,6.0,3.0,0.35871839615914286,1.0
95.0,0.95,0.27590426819303016,-0.1327874347706932,-0.10584873768280312,-0.03940146075355864,-0.03478340708520517,0.2003847318007126,0.021402597609141427,5.733695630259422e-47,0.4170166412432317,0.4454190954883983,0.0,0.0,4.0,1.0,0.14019427870164283,1.0,1.53233821817951e-51,0.18445928128934072,0.44996194180918975,0.0,0.0,4.0,2.0,6.0,3.0,0.3823456558915914,1.0
96.0,0.4,0.13349983189944636,-0.17535677071290734,-0.08379100314508298,0.007160336816448982,0.005744294061935415,0.07413169722996416,-0.01136039146357315,1.7638524711351954e-60,0.11515090736193251,0.12017639266105716,0.0,0.0,2.0,0.0,0.030112504260830814,1.0,2.4172015831358107e-52,0.19399439984163408,0.40124413152968147,0.0,1.0,6.0,3.0,6.0,3.0,0.29917272573725345,1.0
96.0,0.45,0.13349983189944636,-0.17535677071290734,-0.08379100314508298,0.007160336816448982,0.005744294061935415,0.07413169722996416,-0.01136039146357315,2.2600594318433633e-58,0.14095692962053427,0.14710865689604105,0.0,0.0,2.0,0.0,0.036860900543760455,1.0,4.183367550864726e-52,0.19847908133027503,0.4105199257307819,0.0,1.0,6.0,3.0,6.0,3.0,0.306088875822593,1.0
96.0,0.5,0.13349983189944636,-0.17535677071290734,-0.08379100314508298,0.007160336816448982,0.005744294061935415,0.07413169722996416,-0.01136039146357315,3.7083032953654176e-57,0.1583848869692347,0.16529721566296884,0.0,0.0,3.0,0.0,0.04141839341935555,1.0,6.853640316891381e-52,0.20260393592022394,0.41905147972915185,0.0,1.0,6.0,3.0,6.0,3.0,0.31245011095078334,1.0
96.0,0.55,0.13349983189944636,-0.17535677071290734,-0.08379100314508298,0.007160336816448982,0.005744294061935415,0.07413169722996416,-0.01136039146357315,6.032014125724817e-56,0.17790331265398873,0.18566747624497199,0.0,0.0,4.0,1.0,0.04652255360412512,1.0,1.024944027053089e-51,0.20602993697378116,0.4261375750931239,0.0,1.0,6.0,3.0,6.0,3.0,0.3177335937441431,1.0
96.0,0.6,0.13349983189944636,-0.17535677071290734,-0.08379100314508298,0.007160336816448982,0.005744294061935415,0.07413169722996416,-0.01136039146357315,1.109243964869039e-54,0.20085110797281167,0.2096167730774529,0.0,0.0,4.0,1.0,0.052523510089363984,1.0,1.5087636749922305e-51,0.20937606861992658,0.43305847429143907,0.0,1.0,6.0,3.0,6.0,3.0,0.32289390417614633,1.0
96.0,0.65,0.13349983189944636,-0.17535677071290734,-0.08379100314508298,0.007160336816448982,0.005744294061935415,0.07413169722996416,-0.01136039146357315,6.076148556532916e-54,0.2156002630305211,0.22500961964932517,0.0,0.0,4.0,1.0,0.05638048355743199,1.0,1.8113075907363354e-51,0.21097653989618526,0.43636877452590384,0.0,1.0,6.0,3.0,6.0,3.0,0.3253621061168899,1.0
96.0,0.7,0.13349983189944636,-0.17535677071290734,-0.08379100314508298,0.007160336816448982,0.005744294061935415,0.07413169722996416,-0.01136039146357315,3.641329134706464e-52,0.2556920750768312,0.26685114271980226,0.0,0.0,5.0,2.0,0.06686468110938326,1.0,2.617042376508248e-51,0.21423640478424064,0.44311124573630817,0.0,1.0,6.0,3.0,6.0,3.0,0.3303893783726399,1.0
96.0,0.75,0.13349983189944636,-0.17535677071290734,-0.08379100314508298,0.007160336816448982,0.005744294061935415,0.07413169722996416,-0.01136039146357315,9.836218290790733e-51,0.2933363904610613,0.3061383540037967,0.0,0.0,5.0,2.0,0.07670884676446373,1.0,4.762055517942712e-51,0.21964732864552677,0.4543028133654116,0.0,1.0,6.0,3.0,6.0,3.0,0.3387339534823296,1.0
96.0,0.8,0.13349983189944636,-0.17535677071290734,-0.08379100314508298,0.007160336816448982,0.005744294061935415,0.07413169722996416,-0.01136039146357315,4.2627138045850066e-50,0.31181836811110003,0.3254269332612989,0.0,0.0,5.0,2.0,0.08154197090986108,1.0,7.455588803727098e-51,0.22378857177737865,0.4628682642508477,0.0,1.0,6.0,3.0,6.0,3.0,0.3451204625604692,1.0
96.0,0.85,0.13349983189944636,-0.17535677071290734,-0.08379100314508298,0.007160336816448982,0.005744294061935415,0.07413169722996416,-0.01136039146357315,3.016177849288555e-48,0.3723706788096123,0.38862190439744837,1.0,1.0,6.0,3.0,0.09737668516166462,1.0,1.0911675296987413e-50,0.22736832718166253,0.4702723741089319,1.0,1.0,6.0,3.0,6.0,3.0,0.35064106100375686,1.0
96.0,0.9,0.13349983189944636,-0.17535677071290734,-0.08379100314508298,0.007160336816448982,0.005744294061935415,0.07413169722996416,-0.01136039146357315,9.992270737544193e-47,0.43084141649217766,0.4496444572535505,1.0,1.0,6.0,3.0,0.11266705827236959,1.0,2.524635014601101e-50,0.2354558211122853,0.486999967694589,1.0,1.0,6.0,3.0,6.0,3.0,0.36311336744962874,1.0
96.0,0.95,0.13349983189944636,-0.17535677071290734,-0.08379100314508298,0.007160336816448982,0.005744294061935415,0.07413169722996416,-0.01136039146357315,9.181543313434297e-43,0.6301630348416013,0.6576649897996669,1.0,1.0,6.0,3.0,0.1647905996263036,1.0,4.575127886852972e-50,0.24136147899111318,0.4992148077551068,1.0,1.0,6.0,3.0,6.0,3.0,0.3722209074936865,1.0
97.0,0.4,0.12108473963818822,-0.23499110431753678,-0.15667754458153238,-0.0358493279822662,0.02825314882156029,0.10838450023669666,-0.06408978317495873,7.587706373911004e-60,0.11785225206149604,0.1167709347251875,0.0,0.0,2.0,0.0,0.028720208109656708,0.0,8.550165679366769e-54,0.14134205088374802,0.33073390508602174,0.0,0.0,4.0,2.0,4.0,2.0,0.2117847485851747,1.0
97.0,0.45,0.12108473963818822,-0.23499110431753678,-0.15667754458153238,-0.0358493279822662,0.02825314882156029,0.10838450023669666,-0.06408978317495873,3.0915820882637154e-59,0.1249561052883694,0.12380960871692163,0.0,0.0,2.0,0.0,0.030451393890899136,0.0,1.3808283560958543e-53,0.14419325222194315,0.33740558521852076,0.0,0.0,4.0,2.0,4.0,2.0,0.21605694468534314,1.0
97.0,0.5,0.12108473963818822,-0.23499110431753678,-0.15667754458153238,-0.0358493279822662,0.02825314882156029,0.10838450023669666,-0.06408978317495873,9.648046830527524e-59,0.1310242219832056,0.1298220492607629,0.0,0.0,2.0,0.0,0.031930174069138235,0.0,2.783556562078562e-53,0.14846729136844208,0.34740664044995195,0.0,0.0,4.0,2.0,5.0,2.0,0.22246109900760488,1.0
97.0,0.55,0.12108473963818822,-0.23499110431753678,-0.15667754458153238,-0.0358493279822662,0.02825314882156029,0.10838450023669666,-0.06408978317495873,4.072145622781272e-58,0.13912630529580047,0.1378497943830146,0.0,0.0,2.0,0.0,0.03390462525517142,0.0,3.704795979421081e-53,0.15024647637919586,0.35156985163019083,0.0,0.0,4.0,2.0,5.0,2.0,0.2251270023805432,1.0
97.0,0.6,0.12108473963818822,-0.23499110431753678,-0.15667754458153238,-0.0358493279822662,0.02825314882156029,0.10838450023669666,-0.06408978317495873,2.890810225998286e-57,0.1509648235407247,0.14957969192031104,0.0,0.0,2.0,0.0,0.036789633405264074,0.0,5.092888202116891e-53,0.15225186546329308,0.35626236994907295,0.0,0.0,4.0,2.0,5.0,2.0,0.2281318464473686,1.0
97.0,0.65,0.12108473963818822,-0.23499110431753678,-0.15667754458153238,-0.0358493279822662,0.02825314882156029,0.10838450023669666,-0.06408978317495873,7.365490670521085e-56,0.17276934413830375,0.1711841518001725,0.0,0.0,2.0,0.0,0.04210332371104624,0.0,7.416070557962399e-53,0.1546546659028976,0.36188481258071714,0.0,0.0,4.0,2.0,5.0,2.0,0.231732165558491,1.0
97.0,0.7,0.12108473963818822,-0.23499110431753678,-0.15667754458153238,-0.0358493279822662,0.02825314882156029,0.10838450023669666,-0.06408978317495873,8.19021679817753e-55,0.1910090403667802,0.18925649526791796,0.0,0.0,2.0,0.0,0.046548277985364366,0.0,1.1920758826254925e-52,0.15774361131076003,0.3691128029130504,0.0,0.0,4.0,2.0,6.0,3.0,0.23636059370501297,1.0
97.0,0.75,0.12108473963818822,-0.23499110431753678,-0.15667754458153238,-0.0358493279822662,0.02825314882156029,0.10838450023669666,-0.06408978317495873,6.540754473823241e-54,0.20828169727770474,0.20637067219195054,0.0,0.0,2.0,0.0,0.050757567943010645,0.0,2.4133056942205764e-52,0.1624480979272931,0.3801210854473871,0.0,0.0,4.0,2.0,6.0,3.0,0.24340972387593593,1.0
97.0,0.8,0.12108473963818822,-0.23499110431753678,-0.15667754458153238,-0.0358493279822662,0.02825314882156029,0.10838450023669666,-0.06408978317495873,6.598459047570545e-51,0.27784977728758137,0.27530045153592975,0.0,0.0,5.0,2.0,0.06771108135258329,0.0,3.789399934264832e-52,0.16553108118681298,0.3873351246265306,0.0,0.0,4.0,2.0,6.0,3.0,0.24802921843135858,1.0
97.0,0.85,0.12108473963818822,-0.23499110431753678,-0.15667754458153238,-0.0358493279822662,0.02825314882156029,0.10838450023669666,-0.06408978317495873,1.543378623690333e-50,0.2878633009299424,0.28522209915112434,0.0,0.0,5.0,2.0,0.07015134429104211,0.0,8.842167335389992e-52,0.1714795744080639,0.40125432545983525,0.0,0.0,4.0,2.0,6.0,3.0,0.256942348907719,1.0
97.0,0.9,0.12108473963818822,-0.23499110431753678,-0.15667754458153238,-0.0358493279822662,0.02825314882156029,0.10838450023669666,-0.06408978317495873,1.6107641980422486e-49,0.31741414745824864,0.3145018109145474,0.0,0.0,5.0,2.0,0.07735278887325188,0.0,1.4577659501783062e-51,0.1750892335695094,0.4097007620512804,0.0,0.0,4.0,2.0,6.0,3.0,0.26235100650965,1.0
97.0,0.95,0.12108473963818822,-0.23499110431753678,-0.15667754458153238,-0.0358493279822662,0.02825314882156029,0.10838450023669666,-0.06408978317495873,1.1091139765774593e-46,0.4167484134885322,0.4129246657323241,0.0,0.0,5.0,2.0,0.10156022439447625,0.0,5.344430578765871e-51,0.18482824647866414,0.43248960479827836,0.0,0.0,4.0,2.0,6.0,3.0,0.27694379321068335,1.0
98.0,0.4,0.2582366155768355,-0.20259131480645098,-0.19220866259327218,-0.006150198185235765,0.008818995754746317,0.1347007138582505,-0.04205990320323616,7.934374860197664e-61,0.1090744798821662,0.12080765060030295,0.0,0.0,2.0,0.0,0.027281717972738026,0.0,8.116122805404849e-55,0.08613541426942406,0.3028923073457564,0.0,0.0,4.0,2.0,4.0,2.0,0.19330339302935665,1.0
98.0,0.45,0.2582366155768355,-0.20259131480645098,-0.19220866259327218,-0.006150198185235765,0.008818995754746317,0.1347007138582505,-0.04205990320323616,6.409021946432816e-60,0.11899437827630227,0.13179463509460373,0.0,0.0,2.0,0.0,0.029762883783470282,0.0,1.7177395241575442e-54,0.08886868950430743,0.31250377841751875,0.0,0.0,4.0,2.0,4.0,2.0,0.19943735524997624,1.0
98.0,0.5,0.2582366155768355,-0.20259131480645098,-0.19220866259327218,-0.006150198185235765,0.008818995754746317,0.1347007138582505,-0.04205990320323616,3.430270548090484e-59,0.12760924423309578,0.14133620446629436,0.0,0.0,2.0,0.0,0.03191763477252002,0.0,2.741285854843549e-54,0.09061643763433382,0.3186496763417694,0.0,0.0,4.0,2.0,4.0,2.0,0.2033596170346362,1.0
98.0,0.55,0.2582366155768355,-0.20259131480645098,-0.19220866259327218,-0.006150198185235765,0.008818995754746317,0.1347007138582505,-0.04205990320323616,1.4807850605081e-58,0.1356273538736334,0.15021682428658076,0.0,0.0,2.0,0.0,0.03392312502215453,0.0,3.9718129333808827e-54,0.09202731562511823,0.3236109816728767,0.0,0.0,4.0,2.0,4.0,2.0,0.20652588151577048,1.0
98.0,0.6,0.2582366155768355,-0.20259131480645098,-0.19220866259327218,-0.006150198185235765,0.008818995754746317,0.1347007138582505,-0.04205990320323616,3.4194130099706567e-57,0.15458170836688975,0.1712101037177485,0.0,0.0,2.0,0.0,0.03866398974320527,0.0,5.815656749252636e-54,0.09350119683529941,0.3287938357206781,0.0,0.0,4.0,2.0,4.0,2.0,0.20983353657573312,1.0
98.0,0.65,0.2582366155768355,-0.20259131480645098,-0.19220866259327218,-0.006150198185235765,0.008818995754746317,0.1347007138582505,-0.04205990320323616,1.4719976546782555e-55,0.18081713522072143,0.20026768239363552,0.0,0.0,2.0,0.0,0.04522599688817502,0.0,9.345141521190213e-54,0.09536740524290359,0.3353562952544443,0.0,0.0,4.0,2.0,4.0,2.0,0.2140216445723049,1.0
98.0,0.7,0.2582366155768355,-0.20259131480645098,-0.19220866259327218,-0.006150198185235765,0.008818995754746317,0.1347007138582505,-0.04205990320323616,5.122574967241182e-55,0.19046074016514675,0.21094865247859085,0.0,0.0,2.0,0.0,0.04763805615830433,0.0,1.426033316385209e-53,0.09706163984586101,0.34131401464811484,0.0,0.0,4.0,2.0,4.0,2.0,0.21782381235796175,1.0
98.0,0.75,0.2582366155768355,-0.20259131480645098,-0.19220866259327218,-0.006150198185235765,0.008818995754746317,0.1347007138582505,-0.04205990320323616,7.333504530506522e-54,0.21279664156618994,0.23568723271491276,0.0,0.0,2.0,0.0,0.05322471367295342,0.0,2.0551088665444415e-53,0.09855084206251513,0.34655074450345497,0.0,0.0,4.0,2.0,4.0,2.0,0.22116585051761647,1.0
98.0,0.8,0.2582366155768355,-0.20259131480645098,-0.19220866259327218,-0.006150198185235765,0.008818995754746317,0.1347007138582505,-0.04205990320323616,4.867962905721831e-53,0.23025881050089625,0.2550278117913974,0.0,0.0,2.0,0.0,0.05759235281809187,0.0,3.6543534390885544e-53,0.10094295038909305,0.35496251353717495,0.0,0.0,4.0,2.0,4.0,2.0,0.2265341727105641,1.0
98.0,0.85,0.2582366155768355,-0.20259131480645098,-0.19220866259327218,-0.006150198185235765,0.008818995754746317,0.1347007138582505,-0.04205990320323616,1.7492569681527946e-51,0.26731850367727544,0.29607402598781685,0.0,0.0,2.0,0.0,0.06686172635520546,0.0,8.724128888302222e-53,0.10467002015091052,0.3680686298700504,0.0,0.0,4.0,2.0,6.0,3.0,0.23489838895224757,1.0
98.0,0.9,0.2582366155768355,-0.20259131480645098,-0.19220866259327218,-0.006150198185235765,0.008818995754746317,0.1347007138582505,-0.04205990320323616,1.3968571186411438e-50,0.29149075627810245,0.32284649420932643,0.0,0.0,2.0,0.0,0.07290769218455403,0.0,1.1447168707779097e-52,0.10586148329293012,0.37225837021395725,0.0,0.0,4.0,2.0,6.0,3.0,0.23757224696959436,1.0
98.0,0.95,0.2582366155768355,-0.20259131480645098,-0.19220866259327218,-0.006150198185235765,0.008818995754746317,0.1347007138582505,-0.04205990320323616,6.898855426396225e-48,0.3774497694651503,0.41805214123387474,0.0,0.0,5.0,2.0,0.0944077677065033,1.0,2.0343742446814656e-52,0.10842851422794224,0.38128524875780107,0.0,0.0,4.0,2.0,6.0,3.0,0.24333312702059243,1.0
99.0,0.4,0.08198225205122311,-0.02670371487401113,-0.018951393509462622,0.015538419979350068,-0.019395597467044036,0.11738296356856065,0.014693488344099337,1.470259763287506e-65,0.07016641436999138,0.07557162747095099,0.0,0.0,4.0,1.0,0.01932075719477961,0.0,2.8606992943959985e-53,0.1215275879697779,0.3138407376603546,1.0,1.0,6.0,3.0,6.0,3.0,0.24107769171801635,1.0
99.0,0.45,0.08198225205122311,-0.02670371487401113,-0.018951393509462622,0.015538419979350068,-0.019395597467044036,0.11738296356856065,0.014693488344099337,9.991817163642315e-64,0.08365136861089363,0.09009538427834064,0.0,0.0,4.0,1.0,0.023033922945238903,0.0,3.7240045183809183e-53,0.12287040635123056,0.3173085190787086,1.0,1.0,6.0,3.0,6.0,3.0,0.24374147828043558,1.0
99.0,0.5,0.08198225205122311,-0.02670371487401113,-0.018951393509462622,0.015538419979350068,-0.019395597467044036,0.11738296356856065,0.014693488344099337,1.3196582841187216e-61,0.1025275137913871,0.1104256380682211,0.0,0.0,4.0,1.0,0.02823158654370401,0.0,6.505311536247829e-53,0.1257596655546788,0.32476992973328084,1.0,1.0,6.0,3.0,6.0,3.0,0.24947298296326986,1.0
99.0,0.55,0.08198225205122311,-0.02670371487401113,-0.018951393509462622,0.015538419979350068,-0.019395597467044036,0.11738296356856065,0.014693488344099337,4.722844068237351e-60,0.11900896580198422,0.1281767254325754,0.0,0.0,4.0,1.0,0.03276985653189293,1.0,1.3259526132577345e-52,0.12954695312508183,0.3345504671790068,1.0,1.0,6.0,3.0,6.0,3.0,0.2569859317561985,1.0
99.0,0.6,0.08198225205122311,-0.02670371487401113,-0.018951393509462622,0.015538419979350068,-0.019395597467044036,0.11738296356856065,0.014693488344099337,3.95003864552305e-57,0.15752382672022808,0.1696585475770148,0.0,0.0,5.0,2.0,0.04337516225933435,1.0,2.14780328543327e-52,0.1321767210088693,0.3413417505930134,1.0,1.0,6.0,3.0,6.0,3.0,0.2622026762153688,1.0
99.0,0.65,0.08198225205122311,-0.02670371487401113,-0.018951393509462622,0.015538419979350068,-0.019395597467044036,0.11738296356856065,0.014693488344099337,7.771758846836289e-56,0.1783444103890771,0.19208302810488037,0.0,0.0,5.0,2.0,0.04910823905015105,1.0,3.08436766526251e-52,0.13418494488995275,0.3465279183986568,1.0,1.0,6.0,3.0,6.0,3.0,0.2661864463682412,1.0
99.0,0.7,0.08198225205122311,-0.02670371487401113,-0.018951393509462622,0.015538419979350068,-0.019395597467044036,0.11738296356856065,0.014693488344099337,2.1051724667396853e-55,0.18590519139043246,0.2002262477685068,0.0,0.0,5.0,2.0,0.05119014697207794,1.0,4.525570195583633e-52,0.1363457454320279,0.3521081100850944,1.0,1.0,6.0,3.0,6.0,3.0,0.27047288713160167,1.0
99.0,0.75,0.08198225205122311,-0.02670371487401113,-0.018951393509462622,0.015538419979350068,-0.019395597467044036,0.11738296356856065,0.014693488344099337,1.8593821865405254e-54,0.20356896033176736,0.2192507308941318,0.0,0.0,5.0,2.0,0.05605397525694151,1.0,6.583294995483042e-52,0.13849167707706284,0.35764990336592495,1.0,1.0,6.0,3.0,6.0,3.0,0.27472983204602164,1.0
99.0,0.8,0.08198225205122311,-0.02670371487401113,-0.018951393509462622,0.015538419979350068,-0.019395597467044036,0.11738296356856065,0.014693488344099337,2.109176168654621e-52,0.24792818429311883,0.26702713187182586,0.0,0.0,5.0,2.0,0.06826856258054094,1.0,1.0212901781826272e-51,0.1410489154236924,0.3642538817916233,1.0,1.0,6.0,3.0,6.0,3.0,0.279802697623931,1.0
99.0,0.85,0.08198225205122311,-0.02670371487401113,-0.018951393509462622,0.015538419979350068,-0.019395597467044036,0.11738296356856065,0.014693488344099337,7.360134385206328e-50,0.3164279008613709,0.34080366882104185,1.0,1.0,6.0,3.0,0.08713038420288732,1.0,2.0023676653829153e-51,0.1450617332404115,0.374616843195983,1.0,1.0,6.0,3.0,6.0,3.0,0.2877630371048737,1.0
99.0,0.9,0.08198225205122311,-0.02670371487401113,-0.018951393509462622,0.015538419979350068,-0.019395597467044036,0.11738296356856065,0.014693488344099337,6.026331571020679e-48,0.3801807065718872,0.40946762046574164,1.0,1.0,6.0,3.0,0.10468511449199326,1.0,5.1524721629666595e-51,0.1508884006291633,0.3896640075636503,1.0,1.0,6.0,3.0,6.0,3.0,0.2993215609590481,1.0
99.0,0.95,0.08198225205122311,-0.02670371487401113,-0.018951393509462622,0.015538419979350068,-0.019395597467044036,0.11738296356856065,0.014693488344099337,3.1169948088355954e-46,0.4481191816078175,0.48263968109416133,1.0,1.0,6.0,3.0,0.12339239477898747,1.0,1.8720085083517002e-50,0.1592213720472352,0.4111836142672796,1.0,1.0,6.0,3.0,6.0,3.0,0.3158519105544057,1.0
100.0,0.4,-0.005857008386041418,-0.2184184101913167,-0.26377302911857425,-0.04364257002202609,0.0337626117980399,0.19176587249798888,-0.1778006888743966,2.4017289930741818e-60,0.11328021003829115,0.10997261673075838,0.0,0.0,3.0,1.0,0.040779622152318236,0.0,9.69210665939972e-52,0.1807688614907463,0.381722130241824,0.0,0.0,4.0,2.0,6.0,3.0,0.4109356765957181,1.0
100.0,0.45,-0.005857008386041418,-0.2184184101913167,-0.26377302911857425,-0.04364257002202609,0.0337626117980399,0.19176587249798888,-0.1778006888743966,1.4789414641615684e-58,0.1344972805522052,0.13057018415217683,0.0,0.0,3.0,1.0,0.04841753276745608,0.0,1.6033582804194617e-51,0.18460032978034724,0.3898128834025133,0.0,0.0,4.0,2.0,6.0,3.0,0.41964562255077836,1.0
100.0,0.5,-0.005857008386041418,-0.2184184101913167,-0.26377302911857425,-0.04364257002202609,0.0337626117980399,0.19176587249798888,-0.1778006888743966,1.0377561085117183e-56,0.16055956505040508,0.15587149338597592,0.0,0.0,3.0,1.0,0.05779966680396217,0.0,2.2662550334930772e-51,0.18728114863511652,0.3954738577295953,0.0,0.0,4.0,2.0,6.0,3.0,0.42573983645924807,1.0
100.0,0.55,-0.005857008386041418,-0.2184184101913167,-0.26377302911857425,-0.04364257002202609,0.0337626117980399,0.19176587249798888,-0.1778006888743966,6.3984508258775125e-56,0.17320163886966602,0.1681444397226538,0.0,0.0,3.0,1.0,0.062350673492570126,0.0,3.375936794477645e-51,0.1904171063659504,0.40209593000183524,0.0,0.0,4.0,2.0,6.0,3.0,0.4328687020241938,1.0
100.0,0.6,-0.005857008386041418,-0.2184184101913167,-0.26377302911857425,-0.04364257002202609,0.0337626117980399,0.19176587249798888,-0.1778006888743966,4.185180442956196e-55,0.1872996518119865,0.18183081418688732,0.0,0.0,3.0,1.0,0.06742580215530822,0.0,5.162157571696633e-51,0.19381653902418028,0.4092743713838956,0.0,0.0,4.0,2.0,6.0,3.0,0.44059651613958434,1.0
100.0,0.65,-0.005857008386041418,-0.2184184101913167,-0.26377302911857425,-0.04364257002202609,0.0337626117980399,0.19176587249798888,-0.1778006888743966,2.7872473801192123e-52,0.24557332587722308,0.23840299410519059,0.0,0.0,3.0,1.0,0.08840368001238866,0.0,9.441991251364342e-51,0.19875459664807935,0.419701863485726,0.0,0.0,4.0,2.0,6.0,3.0,0.4518220338200697,1.0
100.0,0.7,-0.005857008386041418,-0.2184184101913167,-0.26377302911857425,-0.04364257002202609,0.0337626117980399,0.19176587249798888,-0.1778006888743966,9.667823925348015e-51,0.28467822070448556,0.2763660911870332,0.0,0.0,3.0,1.0,0.10248100944903851,0.0,1.4171345618086283e-50,0.20214592634255815,0.4268631941742809,0.0,0.0,4.0,2.0,6.0,3.0,0.4595314277448147,1.0
100.0,0.75,-0.005857008386041418,-0.2184184101913167,-0.26377302911857425,-0.04364257002202609,0.0337626117980399,0.19176587249798888,-0.1778006888743966,7.792168793093933e-50,0.31054030618814904,0.3014730468838107,0.0,0.0,3.0,1.0,0.11179107405554178,0.0,2.063574901829799e-50,0.20533613113886848,0.4335998177316385,0.0,0.0,4.0,2.0,6.0,3.0,0.46678361131027785,1.0
100.0,0.8,-0.005857008386041418,-0.2184184101913167,-0.26377302911857425,-0.04364257002202609,0.0337626117980399,0.19176587249798888,-0.1778006888743966,7.102190819225303e-48,0.374777542910583,0.36383466337032083,0.0,0.0,3.0,1.0,0.13491576848155323,0.0,3.6362495374623546e-50,0.21024068765497247,0.4439565669293673,0.0,0.0,4.0,2.0,6.0,3.0,0.4779329720670272,1.0
100.0,0.85,-0.005857008386041418,-0.2184184101913167,-0.26377302911857425,-0.04364257002202609,0.0337626117980399,0.19176587249798888,-0.1778006888743966,5.492784398503736e-46,0.4492177434334047,0.43610133412145996,0.0,1.0,5.0,3.0,0.1617134169784739,0.0,6.149599595733334e-50,0.2148942607112971,0.45378332473293476,0.0,0.0,4.0,2.0,6.0,3.0,0.4885117806998748,1.0
100.0,0.9,-0.005857008386041418,-0.2184184101913167,-0.26377302911857425,-0.04364257002202609,0.0337626117980399,0.19176587249798888,-0.1778006888743966,3.3588542418919447e-45,0.4844216119381704,0.47027730834684295,0.0,1.0,5.0,3.0,0.17438642010443015,0.0,1.301759242520254e-49,0.22171494908790035,0.46818629035080417,0.0,0.0,4.0,2.0,6.0,3.0,0.5040170185476633,1.0
100.0,0.95,-0.005857008386041418,-0.2184184101913167,-0.26377302911857425,-0.04364257002202609,0.0337626117980399,0.19176587249798888,-0.1778006888743966,1.6838562217194246e-44,0.5180777259756388,0.5029507199554382,0.0,1.0,5.0,3.0,0.18650224874828034,0.0,3.3891659556171128e-49,0.2307331879263034,0.4872297324128709,0.0,0.0,4.0,2.0,6.0,3.0,0.5245178727777527,1.0
101.0,0.4,0.12068760133862011,-0.22820620585338225,-0.10476315389201757,0.022870524388097543,-0.04415926625233277,0.0327525479826386,-0.029612568815138296,2.7791501552130745e-61,0.10483430942337613,0.10060389615598365,0.0,0.0,3.0,1.0,0.0285945828698106,0.0,1.4020035174479988e-53,0.15589783531273313,0.29109246875183353,0.0,0.0,5.0,2.0,5.0,2.0,0.24452707443166816,1.0
101.0,0.45,0.12068760133862011,-0.22820620585338225,-0.10476315389201757,0.022870524388097543,-0.04415926625233277,0.0327525479826386,-0.029612568815138296,7.489559344047801e-60,0.12025674630667874,0.11540398638611989,0.0,0.0,3.0,1.0,0.03280120331630047,0.0,1.6768039473531978e-53,0.15706483687997183,0.2932714943076619,0.0,0.0,5.0,2.0,5.0,2.0,0.24635752626906285,1.0
101.0,0.5,0.12068760133862011,-0.22820620585338225,-0.10476315389201757,0.022870524388097543,-0.04415926625233277,0.0327525479826386,-0.029612568815138296,2.7451346716997002e-59,0.12694451007469917,0.1218218766296326,0.0,0.0,3.0,1.0,0.0346253562709031,0.0,2.169872693027188e-53,0.1587609294920329,0.2964384387664237,0.0,0.0,5.0,2.0,6.0,3.0,0.24901786188924954,1.0
101.0,0.55,0.12068760133862011,-0.22820620585338225,-0.10476315389201757,0.022870524388097543,-0.04415926625233277,0.0327525479826386,-0.029612568815138296,6.186716056336679e-58,0.14453885583948384,0.13870623198990342,0.0,0.0,3.0,1.0,0.03942438609976802,0.0,3.32353012515922e-53,0.16160651184331917,0.3017517106923034,0.0,0.0,5.0,2.0,6.0,3.0,0.25348118189634633,1.0
101.0,0.6,0.12068760133862011,-0.22820620585338225,-0.10476315389201757,0.022870524388097543,-0.04415926625233277,0.0327525479826386,-0.029612568815138296,4.5194927848321674e-57,0.15702513505135296,0.15068864828200135,0.0,0.0,3.0,1.0,0.04283014083429362,0.0,4.722761357624364e-53,0.16398987657501854,0.30620192978799954,0.0,0.0,5.0,2.0,6.0,3.0,0.2572195096542462,1.0
101.0,0.65,0.12068760133862011,-0.22820620585338225,-0.10476315389201757,0.022870524388097543,-0.04415926625233277,0.0327525479826386,-0.029612568815138296,3.4628225941552e-55,0.18814096401585959,0.1805488499962175,0.0,0.0,4.0,1.0,0.05131728740665459,0.0,6.428512729993207e-53,0.1661103946848364,0.31016136161963215,0.0,0.0,5.0,2.0,6.0,3.0,0.2605455602606125,1.0
101.0,0.7,0.12068760133862011,-0.22820620585338225,-0.10476315389201757,0.022870524388097543,-0.04415926625233277,0.0327525479826386,-0.029612568815138296,1.7257404283543087e-53,0.22141876100825236,0.21248377713349767,0.0,0.0,4.0,1.0,0.060394131896379724,1.0,1.7741927061388788e-52,0.17328750090667205,0.3235624557683566,0.0,0.0,5.0,2.0,6.0,3.0,0.27180291212691815,1.0
101.0,0.75,0.12068760133862011,-0.22820620585338225,-0.10476315389201757,0.022870524388097543,-0.04415926625233277,0.0327525479826386,-0.029612568815138296,5.740993553062223e-53,0.23279031018769208,0.22339644645972798,0.0,0.0,4.0,1.0,0.06349583311574322,1.0,2.9441420372122317e-52,0.17698324509220414,0.33046315003831683,0.0,0.0,5.0,2.0,6.0,3.0,0.2775997181680228,1.0
101.0,0.8,0.12068760133862011,-0.22820620585338225,-0.10476315389201757,0.022870524388097543,-0.04415926625233277,0.0327525479826386,-0.029612568815138296,1.721142477151412e-51,0.2682251349675662,0.2574013581348082,0.0,0.0,5.0,2.0,0.07316102802396088,1.0,5.294557744482961e-52,0.18136428830672438,0.3386434347899615,0.0,0.0,5.0,2.0,6.0,3.0,0.2844714215374529,1.0
101.0,0.85,0.12068760133862011,-0.22820620585338225,-0.10476315389201757,0.022870524388097543,-0.04415926625233277,0.0327525479826386,-0.029612568815138296,6.108100682496294e-50,0.31123363808319005,0.298674325020053,0.0,0.0,5.0,2.0,0.08489201774679665,1.0,9.393075630590454e-52,0.18574873499053635,0.3468300745001369,0.0,0.0,5.0,2.0,6.0,3.0,0.29134846327727876,1.0
101.0,0.9,0.12068760133862011,-0.22820620585338225,-0.10476315389201757,0.022870524388097543,-0.04415926625233277,0.0327525479826386,-0.029612568815138296,4.822907296243323e-48,0.3733747770588209,0.35830786223611366,0.0,0.0,5.0,2.0,0.10184162096197155,1.0,1.7207176348124018e-51,0.19049347574896397,0.3556894553772833,0.0,0.0,5.0,2.0,6.0,3.0,0.2987906293231869,1.0
101.0,0.95,0.12068760133862011,-0.22820620585338225,-0.10476315389201757,0.022870524388097543,-0.04415926625233277,0.0327525479826386,-0.029612568815138296,1.147147938565862e-46,0.4260800967867898,0.4088863469129839,0.0,0.0,5.0,2.0,0.11621751222248305,1.0,5.636281572414673e-51,0.20014752959023827,0.373715506608093,0.0,0.0,5.0,2.0,6.0,3.0,0.31393309449903156,1.0
102.0,0.4,0.12931679400177865,-0.16196072723089905,-0.1510522596507795,0.007139812414826732,0.019073460138022177,0.11181972034604454,-0.05759557509992663,2.9616416982119747e-62,0.0945114569099346,0.10407499517453092,0.0,0.0,2.0,0.0,0.022315639692114073,0.0,3.140109285794831e-54,0.12679784348292522,0.2909977191456148,0.0,0.0,4.0,2.0,4.0,2.0,0.20250813610769755,1.0
102.0,0.45,0.12931679400177865,-0.16196072723089905,-0.1510522596507795,0.007139812414826732,0.019073460138022177,0.11181972034604454,-0.05759557509992663,2.069478810565201e-60,0.11280581236887778,0.1242205417395901,0.0,0.0,2.0,0.0,0.026635224408814415,0.0,6.417265158166606e-54,0.1306307493746041,0.29979413745637684,0.0,0.0,4.0,2.0,6.0,3.0,0.2086296489558606,1.0
102.0,0.5,0.12931679400177865,-0.16196072723089905,-0.1510522596507795,0.007139812414826732,0.019073460138022177,0.11181972034604454,-0.05759557509992663,4.394092617714719e-59,0.12812193429476815,0.141086489717184,0.0,0.0,2.0,0.0,0.03025160140218114,0.0,1.3581707083438249e-53,0.13477590824698107,0.30930716815330933,0.0,0.0,4.0,2.0,6.0,3.0,0.21524985931636562,1.0
102.0,0.55,0.12931679400177865,-0.16196072723089905,-0.1510522596507795,0.007139812414826732,0.019073460138022177,0.11181972034604454,-0.05759557509992663,4.1868930198769856e-58,0.1407395303508095,0.15498085016385535,0.0,0.0,2.0,0.0,0.033230814045528516,0.0,1.7827651858937803e-53,0.13631220976463096,0.31283293976957716,0.0,0.0,4.0,2.0,6.0,3.0,0.21770347799230635,1.0
102.0,0.6,0.12931679400177865,-0.16196072723089905,-0.1510522596507795,0.007139812414826732,0.019073460138022177,0.11181972034604454,-0.05759557509992663,9.210270794811056e-57,0.16008425519058977,0.1762830521420913,0.0,0.0,2.0,0.0,0.03779840747368833,0.0,2.6262546173137736e-53,0.13853033041494403,0.3179234683803245,0.0,0.0,4.0,2.0,6.0,3.0,0.22124602624248518,1.0
102.0,0.65,0.12931679400177865,-0.16196072723089905,-0.1510522596507795,0.007139812414826732,0.019073460138022177,0.11181972034604454,-0.05759557509992663,6.953844281390894e-56,0.17415260556341067,0.19177496756733148,0.0,0.0,2.0,0.0,0.04112016600166726,0.0,3.326400572904258e-53,0.13990120064180556,0.32106957953098497,0.0,0.0,4.0,2.0,6.0,3.0,0.22343543551682057,1.0
102.0,0.7,0.12931679400177865,-0.16196072723089905,-0.1510522596507795,0.007139812414826732,0.019073460138022177,0.11181972034604454,-0.05759557509992663,2.670971547906567e-54,0.20274422335110845,0.22325974814924934,0.0,0.0,3.0,1.0,0.04787109611771584,0.0,6.335647590144702e-53,0.14370783976132914,0.32980571628981714,0.0,0.0,4.0,2.0,6.0,3.0,0.22951499784812462,1.0
102.0,0.75,0.12931679400177865,-0.16196072723089905,-0.1510522596507795,0.007139812414826732,0.019073460138022177,0.11181972034604454,-0.05759557509992663,3.397157829556568e-53,0.22540684051143156,0.24821557730179894,0.0,0.0,3.0,1.0,0.05322209604476206,0.0,1.245687058000711e-52,0.14781365020961593,0.3392284433873532,0.0,0.0,4.0,2.0,6.0,3.0,0.23607236505765478,1.0
102.0,0.8,0.12931679400177865,-0.16196072723089905,-0.1510522596507795,0.007139812414826732,0.019073460138022177,0.11181972034604454,-0.05759557509992663,5.062543179398616e-51,0.27766382408377566,0.30576040298690127,0.0,0.0,5.0,2.0,0.06556079079061115,0.0,2.6417965480604636e-52,0.15251701934287581,0.3500225519658861,0.0,0.0,4.0,2.0,6.0,3.0,0.24358408994539854,1.0
102.0,0.85,0.12931679400177865,-0.16196072723089905,-0.1510522596507795,0.007139812414826732,0.019073460138022177,0.11181972034604454,-0.05759557509992663,2.3749722337651295e-50,0.2961349791300637,0.32610063934726535,1.0,1.0,6.0,3.0,0.06992212066729418,0.0,3.873822882445572e-52,0.1549690576723225,0.3556499155039946,0.0,0.0,4.0,2.0,6.0,3.0,0.24750022683007492,1.0
102.0,0.9,0.12931679400177865,-0.16196072723089905,-0.1510522596507795,0.007139812414826732,0.019073460138022177,0.11181972034604454,-0.05759557509992663,2.869760971768524e-48,0.3616158920569877,0.39820751315609715,1.0,1.0,6.0,3.0,0.08538319287339124,0.0,9.173684072258345e-52,0.16063684275565443,0.3686573333476524,0.0,0.0,4.0,2.0,6.0,3.0,0.25655221510966353,1.0
102.0,0.95,0.12931679400177865,-0.16196072723089905,-0.1510522596507795,0.007139812414826732,0.019073460138022177,0.11181972034604454,-0.05759557509992663,1.5278060761461508e-45,0.46972114711289764,0.5172518519710944,1.0,1.0,6.0,3.0,0.11090854185780838,0.0,1.82930004117898e-51,0.16532341773275183,0.3794128997790634,0.0,0.0,4.0,2.0,6.0,3.0,0.26403711814327685,1.0
103.0,0.4,0.12236219389790126,-0.08719489818985876,-0.05446336558437648,-0.01149768034089462,0.031412828345086644,0.10991663721090783,0.004478820909716186,8.847088159321564e-60,0.12383329367319969,0.1237312990184518,0.0,0.0,3.0,0.0,0.028049302337246045,1.0,1.8067394487225566e-53,0.11701821954129199,0.31638179996895316,0.0,1.0,5.0,2.0,6.0,3.0,0.2126001066675833,1.0
103.0,0.45,0.12236219389790126,-0.08719489818985876,-0.05446336558437648,-0.01149768034089462,0.031412828345086644,0.10991663721090783,0.004478820909716186,2.2190127074313513e-58,0.14162635154647865,0.1415097017312253,0.0,0.0,3.0,0.0,0.03207958244195533,1.0,2.608891507062465e-53,0.11882336297867482,0.32126236072402253,0.0,1.0,5.0,2.0,6.0,3.0,0.21587971294464217,1.0
103.0,0.5,0.12236219389790126,-0.08719489818985876,-0.05446336558437648,-0.01149768034089462,0.031412828345086644,0.10991663721090783,0.004478820909716186,6.997080036442116e-58,0.14856811434118836,0.14844574697875054,0.0,0.0,3.0,0.0,0.03365195120972879,1.0,3.3759555631830336e-53,0.12010636842511714,0.3247312186002284,0.0,1.0,5.0,2.0,6.0,3.0,0.21821069264881116,1.0
103.0,0.55,0.12236219389790126,-0.08719489818985876,-0.05446336558437648,-0.01149768034089462,0.031412828345086644,0.10991663721090783,0.004478820909716186,1.1720268218373324e-55,0.18390483222504994,0.1837533599568668,0.0,0.0,4.0,1.0,0.0416560206657681,1.0,4.5540551403711055e-53,0.12161377442050982,0.3288067875498827,0.0,1.0,5.0,2.0,6.0,3.0,0.22094936596539447,1.0
103.0,0.6,0.12236219389790126,-0.08719489818985876,-0.05446336558437648,-0.01149768034089462,0.031412828345086644,0.10991663721090783,0.004478820909716186,4.3373266262121084e-54,0.21376585269628512,0.21358978555233768,0.0,0.0,4.0,1.0,0.04841979772807232,1.0,6.80519534833841e-53,0.12366625157236147,0.33435606370742016,0.0,1.0,5.0,2.0,6.0,3.0,0.2246783311054123,1.0
103.0,0.65,0.12236219389790126,-0.08719489818985876,-0.05446336558437648,-0.01149768034089462,0.031412828345086644,0.10991663721090783,0.004478820909716186,7.961541745494313e-53,0.24132128276871595,0.24112251973666518,0.0,0.0,5.0,2.0,0.054661338804854076,1.0,1.200983897945532e-52,0.12662813823842411,0.34236410756919056,0.0,1.0,6.0,3.0,6.0,3.0,0.23005952237298255,1.0
103.0,0.7,0.12236219389790126,-0.08719489818985876,-0.05446336558437648,-0.01149768034089462,0.031412828345086644,0.10991663721090783,0.004478820909716186,4.332107916646774e-52,0.2589702517321372,0.2587569522176698,1.0,1.0,6.0,3.0,0.058658981536558415,1.0,1.8010122545473408e-52,0.1287842342893038,0.348193537825071,0.0,1.0,6.0,3.0,6.0,3.0,0.23397674357323175,1.0
103.0,0.75,0.12236219389790126,-0.08719489818985876,-0.05446336558437648,-0.01149768034089462,0.031412828345086644,0.10991663721090783,0.004478820909716186,2.1773789405470767e-51,0.2769924895118679,0.2767643460740451,1.0,1.0,6.0,3.0,0.06274117285427838,1.0,2.823324522701157e-52,0.1312193470349249,0.35477734465965616,0.0,1.0,6.0,3.0,6.0,3.0,0.23840088565551645,1.0
103.0,0.8,0.12236219389790126,-0.08719489818985876,-0.05446336558437648,-0.01149768034089462,0.031412828345086644,0.10991663721090783,0.004478820909716186,1.4186971474326316e-50,0.29949033627903177,0.29924366260555485,1.0,1.0,6.0,3.0,0.06783712796611262,1.0,3.760584239956262e-52,0.13279604597770395,0.3590402607378618,0.0,1.0,6.0,3.0,6.0,3.0,0.24126545123112916,1.0
103.0,0.85,0.12236219389790126,-0.08719489818985876,-0.05446336558437648,-0.01149768034089462,0.031412828345086644,0.10991663721090783,0.004478820909716186,9.885836227431102e-50,0.3247229384556201,0.32445548207927666,1.0,1.0,6.0,3.0,0.07355252861655785,1.0,7.276010030274926e-52,0.13649866148718662,0.3690510108934796,0.0,1.0,6.0,3.0,6.0,3.0,0.24799240755768062,1.0
103.0,0.9,0.12236219389790126,-0.08719489818985876,-0.05446336558437648,-0.01149768034089462,0.031412828345086644,0.10991663721090783,0.004478820909716186,1.8864494831379395e-49,0.33358457351412557,0.3333098182976926,1.0,1.0,6.0,3.0,0.07555976490645518,1.0,1.1630704199724926e-51,0.13919268832403764,0.37633484295953507,0.0,1.0,6.0,3.0,6.0,3.0,0.2528869478705055,1.0
103.0,0.95,0.12236219389790126,-0.08719489818985876,-0.05446336558437648,-0.01149768034089462,0.031412828345086644,0.10991663721090783,0.004478820909716186,2.9552375304221195e-47,0.41177700694436814,0.4114378489327331,1.0,1.0,6.0,3.0,0.09327102123109031,1.0,4.0145944542950003e-51,0.14656645228212775,0.39627126587514383,1.0,1.0,6.0,3.0,6.0,3.0,0.26628369078948627,1.0
104.0,0.4,0.05952384942191624,-0.23096826881472732,-0.06992358759417139,0.0033603424659376458,-0.008166852850657344,0.03753948376224148,-0.026774108588808798,9.055644986921778e-65,0.07377625732686122,0.08380782176933234,0.0,0.0,2.0,0.0,0.022823867583155563,0.0,3.358030814944821e-53,0.10005563013726221,0.3544219930704529,0.0,0.0,6.0,3.0,6.0,3.0,0.24440381046444765,1.0
104.0,0.45,0.05952384942191624,-0.23096826881472732,-0.06992358759417139,0.0033603424659376458,-0.008166852850657344,0.03753948376224148,-0.026774108588808798,2.2458797354994632e-63,0.08433724612672167,0.09580481781001333,0.0,0.0,3.0,1.0,0.026091078724638103,0.0,5.336319890788246e-53,0.10200538058551753,0.36132849537234885,0.0,0.0,6.0,3.0,6.0,3.0,0.2491664254053024,1.0
104.0,0.5,0.05952384942191624,-0.23096826881472732,-0.06992358759417139,0.0033603424659376458,-0.008166852850657344,0.03753948376224148,-0.026774108588808798,3.082170998303724e-61,0.10353344749682805,0.11761118047146463,0.0,0.0,3.0,1.0,0.03202973126741731,0.0,9.024328391442681e-53,0.10426301763224534,0.36932560878449033,0.0,1.0,6.0,3.0,6.0,3.0,0.2546811085481603,1.0
104.0,0.55,0.05952384942191624,-0.23096826881472732,-0.06992358759417139,0.0033603424659376458,-0.008166852850657344,0.03753948376224148,-0.026774108588808798,5.545590093365442e-60,0.11678206095950001,0.13266124503154533,0.0,0.0,5.0,2.0,0.03612840217169943,0.0,1.38309842027319e-52,0.10613457416933945,0.3759551287536409,0.0,1.0,6.0,3.0,6.0,3.0,0.2592527208456187,1.0
104.0,0.6,0.05952384942191624,-0.23096826881472732,-0.06992358759417139,0.0033603424659376458,-0.008166852850657344,0.03753948376224148,-0.026774108588808798,5.585296461645281e-58,0.14152676228453798,0.16077055273464952,0.0,0.0,5.0,2.0,0.043783572098864784,0.0,1.6985860828089648e-52,0.10704711936931866,0.3791875914156601,0.0,1.0,6.0,3.0,6.0,3.0,0.26148177606010253,1.0
104.0,0.65,0.05952384942191624,-0.23096826881472732,-0.06992358759417139,0.0033603424659376458,-0.008166852850657344,0.03753948376224148,-0.026774108588808798,1.9055140326542484e-56,0.163950275754571,0.18624305416573697,0.0,0.0,5.0,2.0,0.05072064536244439,0.0,2.394380498755203e-52,0.10858947126613656,0.3846509864543629,0.0,1.0,6.0,3.0,6.0,3.0,0.26524924701743136,1.0
104.0,0.7,0.05952384942191624,-0.23096826881472732,-0.06992358759417139,0.0033603424659376458,-0.008166852850657344,0.03753948376224148,-0.026774108588808798,1.8114555114267813e-54,0.19821178146179025,0.22516319281058736,0.0,0.0,5.0,2.0,0.06131999124680644,1.0,3.479076893940163e-52,0.11029326781605332,0.39068625871420115,0.0,1.0,6.0,3.0,6.0,3.0,0.2694110754771052,1.0
104.0,0.75,0.05952384942191624,-0.23096826881472732,-0.06992358759417139,0.0033603424659376458,-0.008166852850657344,0.03753948376224148,-0.026774108588808798,8.028769612232124e-54,0.21089778572571802,0.2395741486226431,0.0,0.0,5.0,2.0,0.06524460997877096,1.0,5.301013423770225e-52,0.1122456771372364,0.39760217940705717,0.0,1.0,6.0,3.0,6.0,3.0,0.27418018519165904,1.0
104.0,0.8,0.05952384942191624,-0.23096826881472732,-0.06992358759417139,0.0033603424659376458,-0.008166852850657344,0.03753948376224148,-0.026774108588808798,2.3988036503432685e-52,0.2429655825591562,0.2760022936509954,0.0,0.0,5.0,2.0,0.07516529686543749,1.0,8.086111718031396e-52,0.11423797398748899,0.40465939167473086,0.0,1.0,6.0,3.0,6.0,3.0,0.2790467273453597,1.0
104.0,0.85,0.05952384942191624,-0.23096826881472732,-0.06992358759417139,0.0033603424659376458,-0.008166852850657344,0.03753948376224148,-0.026774108588808798,1.8305865493829207e-51,0.2644353873259296,0.3003914079339855,0.0,0.0,5.0,2.0,0.08180732505700075,1.0,2.212920540424403e-51,0.11913194867653847,0.4219950704461276,0.0,1.0,6.0,3.0,6.0,3.0,0.29100113771366526,1.0
104.0,0.9,0.05952384942191624,-0.23096826881472732,-0.06992358759417139,0.0033603424659376458,-0.008166852850657344,0.03753948376224148,-0.026774108588808798,5.337143842405021e-50,0.30433332877608726,0.34571438428400214,0.0,0.0,5.0,2.0,0.09415039267107639,1.0,3.222459417438281e-51,0.12101219743039501,0.4286553804146508,0.0,1.0,6.0,3.0,6.0,3.0,0.29559398230854866,1.0
104.0,0.95,0.05952384942191624,-0.23096826881472732,-0.06992358759417139,0.0033603424659376458,-0.008166852850657344,0.03753948376224148,-0.026774108588808798,6.18569246950635e-48,0.3709819890122303,0.42142544961344064,1.0,1.0,6.0,3.0,0.11476922386340645,1.0,6.686123899938809e-51,0.1247489610608285,0.44189192903979596,1.0,1.0,6.0,3.0,6.0,3.0,0.3047216972490273,1.0
105.0,0.4,0.05090094418731084,-0.15186037860430213,-0.11749460445598292,0.0035577270376761653,-0.002699376531961512,0.12601959197416712,-0.06136242157488492,3.486222729815222e-61,0.10394542441248295,0.10359751246566638,0.0,0.0,3.0,1.0,0.02454721016415974,0.0,4.851364352072077e-54,0.11606323593464991,0.27727505944978686,0.0,0.0,4.0,2.0,5.0,2.0,0.18483458211240725,1.0
105.0,0.45,0.05090094418731084,-0.15186037860430213,-0.11749460445598292,0.0035577270376761653,-0.002699376531961512,0.12601959197416712,-0.06136242157488492,3.75598576620068e-60,0.11476798158511435,0.11438384585108691,0.0,0.0,3.0,1.0,0.02710300891077888,0.0,6.55509540950918e-54,0.11752794389107701,0.28077424661637224,0.0,0.0,4.0,2.0,6.0,3.0,0.1871671784842279,1.0
105.0,0.5,0.05090094418731084,-0.15186037860430213,-0.11749460445598292,0.0035577270376761653,-0.002699376531961512,0.12601959197416712,-0.06136242157488492,1.7575428203086704e-59,0.12238973455110107,0.12198008832512518,0.0,0.0,3.0,1.0,0.028902922403199187,0.0,1.0313486372029236e-53,0.11976839834515425,0.2861266920909977,0.0,0.0,4.0,2.0,6.0,3.0,0.1907351770793593,1.0
105.0,0.55,0.05090094418731084,-0.15186037860430213,-0.11749460445598292,0.0035577270376761653,-0.002699376531961512,0.12601959197416712,-0.06136242157488492,1.2277468147468513e-57,0.14607866135843373,0.1455897267877316,0.0,0.0,3.0,1.0,0.03449717600493021,0.0,1.393163817320528e-53,0.12127848703776875,0.28973429383195637,0.0,0.0,4.0,2.0,6.0,3.0,0.19314004379020341,1.0
105.0,0.6,0.05090094418731084,-0.15186037860430213,-0.11749460445598292,0.0035577270376761653,-0.002699376531961512,0.12601959197416712,-0.06136242157488492,4.445130942728855e-56,0.1696429319064327,0.16907512622343285,0.0,0.0,3.0,1.0,0.04006199143356763,0.0,1.8077974200406074e-53,0.12260219702025972,0.29289663685241224,0.0,0.0,4.0,2.0,6.0,3.0,0.19524809617631386,1.0
105.0,0.65,0.05090094418731084,-0.15186037860430213,-0.11749460445598292,0.0035577270376761653,-0.002699376531961512,0.12601959197416712,-0.06136242157488492,2.3508640973986038e-55,0.18183398634847248,0.1812253764308596,0.0,0.0,3.0,1.0,0.042940967369284974,0.0,2.7856986833643896e-53,0.12483104375074111,0.2982213514764871,0.0,0.0,4.0,2.0,6.0,3.0,0.19879760908368355,1.0
105.0,0.7,0.05090094418731084,-0.15186037860430213,-0.11749460445598292,0.0035577270376761653,-0.002699376531961512,0.12601959197416712,-0.06136242157488492,1.0852488907676923e-54,0.19380023649043093,0.19315157477249578,0.0,0.0,3.0,1.0,0.0457668546920971,0.0,5.411456514873207e-53,0.12833302653487305,0.3065875880098977,0.0,0.0,4.0,2.0,6.0,3.0,0.20437463370528144,1.0
105.0,0.75,0.05090094418731084,-0.15186037860430213,-0.11749460445598292,0.0035577270376761653,-0.002699376531961512,0.12601959197416712,-0.06136242157488492,3.481426912950127e-54,0.20344505263123028,0.2027641091002264,0.0,0.0,3.0,1.0,0.04804452424937728,0.0,8.733679062356943e-53,0.13091826179701566,0.312763714801726,0.0,0.0,4.0,2.0,6.0,3.0,0.20849170725998956,1.0
105.0,0.8,0.05090094418731084,-0.15186037860430213,-0.11749460445598292,0.0035577270376761653,-0.002699376531961512,0.12601959197416712,-0.06136242157488492,1.9572864897719156e-52,0.24063539778713752,0.23982997580545526,0.0,0.0,3.0,1.0,0.05682720250365993,0.0,1.2505879918771785e-52,0.13289136835013812,0.3174774661667649,0.0,0.0,4.0,2.0,6.0,3.0,0.21163394538796124,1.0
105.0,0.85,0.05090094418731084,-0.15186037860430213,-0.11749460445598292,0.0035577270376761653,-0.002699376531961512,0.12601959197416712,-0.06136242157488492,7.990748550266783e-51,0.2808547181483632,0.27991467954333654,0.0,0.0,5.0,2.0,0.06632518776993697,0.0,2.0826309751901904e-52,0.13574563064129735,0.32429629850495745,0.0,0.0,4.0,2.0,6.0,3.0,0.21617945347738482,1.0
105.0,0.9,0.05090094418731084,-0.15186037860430213,-0.11749460445598292,0.0035577270376761653,-0.002699376531961512,0.12601959197416712,-0.06136242157488492,6.597249900214038e-50,0.3066766439730486,0.305650177739918,0.0,0.0,5.0,2.0,0.0724231593126437,0.0,4.90404873515262e-52,0.14067711775043754,0.3360776207328903,0.0,0.0,4.0,2.0,6.0,3.0,0.22403301151124727,1.0
105.0,0.95,0.05090094418731084,-0.15186037860430213,-0.11749460445598292,0.0035577270376761653,-0.002699376531961512,0.12601959197416712,-0.06136242157488492,5.995321889457299e-48,0.37006905188451034,0.36883040723011185,1.0,1.0,6.0,3.0,0.0873935802677764,0.0,2.0919377127533508e-51,0.14944218561751968,0.3570173670216723,0.0,0.0,4.0,2.0,6.0,3.0,0.2379916750221563,1.0
106.0,0.4,0.13524127809211273,-0.042126855794640206,-0.1823405597336606,-0.10466768825056184,-0.08277694347573177,0.2506001577357696,-0.07647961379173607,2.364841669757273e-59,0.13464298605909886,0.14241774905141968,0.0,0.0,1.0,1.0,0.03088524096930786,0.0,4.647859610428308e-53,0.15042284312655937,0.36924993765548186,0.0,0.0,2.0,2.0,4.0,2.0,0.25679919007768476,1.0
106.0,0.45,0.13524127809211273,-0.042126855794640206,-0.1823405597336606,-0.10466768825056184,-0.08277694347573177,0.2506001577357696,-0.07647961379173607,6.2259803336517604e-58,0.15430048973983587,0.16321034663204478,0.0,0.0,1.0,1.0,0.035394400754045055,0.0,8.178178843010112e-53,0.15400646170048735,0.3780468125682277,0.0,0.0,2.0,2.0,4.0,2.0,0.2629170796761268,1.0
106.0,0.5,0.13524127809211273,-0.042126855794640206,-0.1823405597336606,-0.10466768825056184,-0.08277694347573177,0.2506001577357696,-0.07647961379173607,6.525583134014547e-57,0.17017057007311198,0.17999682162405306,0.0,0.0,1.0,1.0,0.03903477794443478,0.0,1.6767925601480356e-52,0.15868342184049317,0.38952756379070874,0.0,0.0,2.0,2.0,5.0,2.0,0.27090150246069417,1.0
106.0,0.55,0.13524127809211273,-0.042126855794640206,-0.1823405597336606,-0.10466768825056184,-0.08277694347573177,0.2506001577357696,-0.07647961379173607,3.83671730721489e-56,0.18320625906983742,0.19378523748281254,0.0,0.0,1.0,1.0,0.04202498491806877,0.0,2.7397986251207026e-52,0.16196326685277132,0.39757875163645634,0.0,0.0,2.0,2.0,5.0,2.0,0.27650079526241783,1.0
106.0,0.6,0.13524127809211273,-0.042126855794640206,-0.1823405597336606,-0.10466768825056184,-0.08277694347573177,0.2506001577357696,-0.07647961379173607,2.8405445556544166e-55,0.19914391865616896,0.21064319399334935,0.0,0.0,2.0,1.0,0.045680863855532244,0.0,4.1434045229447196e-52,0.1647788522748152,0.40449029990893964,0.0,0.0,2.0,2.0,5.0,2.0,0.2813075123869379,1.0
106.0,0.65,0.13524127809211273,-0.042126855794640206,-0.1823405597336606,-0.10466768825056184,-0.08277694347573177,0.2506001577357696,-0.07647961379173607,1.1935572716308983e-54,0.21141888809142378,0.22362696364828444,0.0,0.0,2.0,1.0,0.048496572270765474,0.0,5.933823677788568e-52,0.16726324873794501,0.41058886326577204,0.0,0.0,2.0,2.0,5.0,2.0,0.2855488296383796,1.0
106.0,0.7,0.13524127809211273,-0.042126855794640206,-0.1823405597336606,-0.10466768825056184,-0.08277694347573177,0.2506001577357696,-0.07647961379173607,6.474255905673626e-53,0.24969406864691449,0.2641122887201527,0.0,0.0,4.0,2.0,0.05727636993568966,0.0,1.1012157514599394e-51,0.17162857706355739,0.42130463740336027,0.0,0.0,2.0,2.0,5.0,2.0,0.2930012401575535,1.0
106.0,0.75,0.13524127809211273,-0.042126855794640206,-0.1823405597336606,-0.10466768825056184,-0.08277694347573177,0.2506001577357696,-0.07647961379173607,4.176844152272119e-52,0.2698634033379577,0.2854462722467977,0.0,0.0,4.0,2.0,0.061902936683474546,0.0,1.9892224185560893e-51,0.17590980909245715,0.43181397645653735,0.0,0.0,2.0,2.0,5.0,2.0,0.3003100829815859,1.0
106.0,0.8,0.13524127809211273,-0.042126855794640206,-0.1823405597336606,-0.10466768825056184,-0.08277694347573177,0.2506001577357696,-0.07647961379173607,4.423893344900521e-51,0.2977491352249662,0.31494222507909714,0.0,0.0,4.0,2.0,0.06829953834943685,0.0,2.872229123344498e-51,0.17862300020662836,0.4384741726669774,0.0,0.0,2.0,2.0,5.0,2.0,0.304941994373255,1.0
106.0,0.85,0.13524127809211273,-0.042126855794640206,-0.1823405597336606,-0.10466768825056184,-0.08277694347573177,0.2506001577357696,-0.07647961379173607,2.9617659560269326e-49,0.354750701154509,0.37523526335536006,0.0,0.0,4.0,2.0,0.08137491012252779,0.0,5.016302956112332e-51,0.1828216290598132,0.4487807418691871,0.0,0.0,2.0,2.0,5.0,2.0,0.31210981853163433,1.0
106.0,0.9,0.13524127809211273,-0.042126855794640206,-0.1823405597336606,-0.10466768825056184,-0.08277694347573177,0.2506001577357696,-0.07647961379173607,4.1213696571945715e-47,0.4357479779918048,0.4609096098927959,0.0,0.0,5.0,2.0,0.0999545664878403,0.0,1.4703059094471206e-50,0.1911995674864266,0.4693464563405303,0.0,0.0,2.0,2.0,6.0,3.0,0.32641248531918404,1.0
106.0,0.95,0.13524127809211273,-0.042126855794640206,-0.1823405597336606,-0.10466768825056184,-0.08277694347573177,0.2506001577357696,-0.07647961379173607,3.186756991728238e-42,0.6964899507230644,0.7367077478166926,1.0,1.0,6.0,3.0,0.1597651729986237,1.0,5.644051085305507e-50,0.2022217542731228,0.4964031300426113,0.0,1.0,3.0,2.0,6.0,3.0,0.3452293656604704,1.0
107.0,0.4,0.005494176267792028,-0.2841782361691587,-0.2654830448628548,0.11387364247773638,0.008504365772515201,0.040376869695070705,-0.17515697115263906,7.444135908737929e-59,0.12938897002792246,0.14485630235367147,0.0,0.0,3.0,2.0,0.062174610585402655,0.0,2.935097596448004e-52,0.1356618470184595,0.40634838274336654,0.0,0.0,3.0,2.0,6.0,3.0,0.4947699582600216,1.0
107.0,0.45,0.005494176267792028,-0.2841782361691587,-0.2654830448628548,0.11387364247773638,0.008504365772515201,0.040376869695070705,-0.17515697115263906,3.4360121452028746e-58,0.13790307140329774,0.15438819091291278,0.0,0.0,3.0,2.0,0.06626584755393532,0.0,3.8226120030718094e-52,0.13716346952500721,0.4108461976444393,0.0,0.0,3.0,2.0,6.0,3.0,0.5002464995368463,1.0
107.0,0.5,0.005494176267792028,-0.2841782361691587,-0.2654830448628548,0.11387364247773638,0.008504365772515201,0.040376869695070705,-0.17515697115263906,1.0202504924550413e-56,0.15883069786422446,0.17781753412133694,0.0,0.0,3.0,2.0,0.07632209133888924,0.0,5.535158255955705e-52,0.1392955378568593,0.41723238902828924,0.0,0.0,3.0,2.0,6.0,3.0,0.5080223287971873,1.0
107.0,0.55,0.005494176267792028,-0.2841782361691587,-0.2654830448628548,0.11387364247773638,0.008504365772515201,0.040376869695070705,-0.17515697115263906,1.3621553281878818e-55,0.17694206984103564,0.1980939639788943,0.0,0.0,3.0,2.0,0.08502505496540705,0.0,8.56072840681667e-52,0.14184958388874372,0.42488253162414474,0.0,0.0,3.0,2.0,6.0,3.0,0.5173371455740636,1.0
107.0,0.6,0.005494176267792028,-0.2841782361691587,-0.2654830448628548,0.11387364247773638,0.008504365772515201,0.040376869695070705,-0.17515697115263906,3.984599407690119e-54,0.20366716647294206,0.22801381477689583,0.0,0.0,3.0,2.0,0.0978671270182834,0.0,1.1197462290303943e-51,0.1434454475630084,0.4296626274091307,0.0,0.0,3.0,2.0,6.0,3.0,0.5231573921714521,1.0
107.0,0.65,0.005494176267792028,-0.2841782361691587,-0.2654830448628548,0.11387364247773638,0.008504365772515201,0.040376869695070705,-0.17515697115263906,8.837334295194878e-53,0.2317403794266735,0.2594429375435981,0.0,0.0,3.0,2.0,0.11135700241417429,0.0,1.458134186776763e-51,0.14503239374977495,0.4344160126140777,0.0,1.0,3.0,2.0,6.0,3.0,0.5289451159555796,1.0
107.0,0.7,0.005494176267792028,-0.2841782361691587,-0.2654830448628548,0.11387364247773638,0.008504365772515201,0.040376869695070705,-0.17515697115263906,2.8671596303132005e-52,0.24338780924531234,0.27248271686240566,0.0,0.0,3.0,2.0,0.11695388144596809,0.0,1.689057774520812e-51,0.14592352334751793,0.43708521606969875,0.0,1.0,3.0,2.0,6.0,3.0,0.5321951391829619,1.0
107.0,0.75,0.005494176267792028,-0.2841782361691587,-0.2654830448628548,0.11387364247773638,0.008504365772515201,0.040376869695070705,-0.17515697115263906,8.923732062132562e-52,0.2551787066733288,0.28568311410248953,0.0,0.0,4.0,2.0,0.12261970022388363,0.0,2.957435460751899e-51,0.14936938378688658,0.4474066133340767,0.0,1.0,4.0,2.0,6.0,3.0,0.5447624767448949,1.0
107.0,0.8,0.005494176267792028,-0.2841782361691587,-0.2654830448628548,0.11387364247773638,0.008504365772515201,0.040376869695070705,-0.17515697115263906,4.780606090680634e-50,0.30121975450190774,0.3372279710056491,0.0,0.0,4.0,2.0,0.14474356610725866,0.0,4.233956493882449e-51,0.15161932277406637,0.4541458630848733,0.0,1.0,4.0,2.0,6.0,3.0,0.5529681900183038,1.0
107.0,0.85,0.005494176267792028,-0.2841782361691587,-0.2654830448628548,0.11387364247773638,0.008504365772515201,0.040376869695070705,-0.17515697115263906,7.09924940949049e-49,0.3370586768756831,0.37735112659058834,0.0,0.0,4.0,2.0,0.1619650575675361,0.0,6.25905390013435e-51,0.15410899265800385,0.4616031795901189,0.0,1.0,4.0,2.0,6.0,3.0,0.562048221667802,1.0
107.0,0.9,0.005494176267792028,-0.2841782361691587,-0.2654830448628548,0.11387364247773638,0.008504365772515201,0.040376869695070705,-0.17515697115263906,3.999856192486599e-47,0.3987097377202189,0.44637203856008195,0.0,0.0,4.0,2.0,0.1915899220313214,0.0,1.260367851319685e-50,0.1586697634901443,0.47526407167167245,0.0,1.0,4.0,2.0,6.0,3.0,0.5786817294951326,1.0
107.0,0.95,0.005494176267792028,-0.2841782361691587,-0.2654830448628548,0.11387364247773638,0.008504365772515201,0.040376869695070705,-0.17515697115263906,4.583769435078385e-46,0.44135624433745785,0.49411656620831546,0.0,1.0,5.0,3.0,0.21208262663498598,0.0,2.0816324246110514e-50,0.1620218629163533,0.48530462626068405,0.0,1.0,4.0,2.0,6.0,3.0,0.5909071128998207,1.0
108.0,0.4,0.17037034810749319,-0.05775231990766777,-0.06202053863766227,-0.012640889391508769,-0.0018805028041813776,0.1276839866468401,0.015443423610722928,2.1289178057900322e-62,0.09257231580762534,0.10240888379281851,0.0,0.0,2.0,0.0,0.026079708942457754,0.0,2.345415540173389e-54,0.09650901031593041,0.2857117025263395,0.0,0.0,6.0,3.0,6.0,3.0,0.20819540175010662,1.0
108.0,0.45,0.17037034810749319,-0.05775231990766777,-0.06202053863766227,-0.012640889391508769,-0.0018805028041813776,0.1276839866468401,0.015443423610722928,1.3160657994654693e-61,0.0998721519642454,0.11048438742636096,0.0,0.0,2.0,0.0,0.02813623740489683,0.0,3.1033791683796124e-54,0.09764166027637089,0.2890648749141245,0.0,0.0,6.0,3.0,6.0,3.0,0.21063882659493915,1.0
108.0,0.5,0.17037034810749319,-0.05775231990766777,-0.06202053863766227,-0.012640889391508769,-0.0018805028041813776,0.1276839866468401,0.015443423610722928,6.267457251490142e-61,0.10658268300108299,0.11790796743669263,0.0,0.0,3.0,1.0,0.030026745325793393,0.0,4.5685236461260726e-54,0.0992276482915251,0.29376013947556495,0.0,0.0,6.0,3.0,6.0,3.0,0.2140602212492306,1.0
108.0,0.55,0.17037034810749319,-0.05775231990766777,-0.06202053863766227,-0.012640889391508769,-0.0018805028041813776,0.1276839866468401,0.015443423610722928,2.105337395527914e-59,0.12338989046236122,0.1365010785711346,0.0,0.0,4.0,1.0,0.03476171468354965,1.0,5.857738594466777e-54,0.10026071249229379,0.2968184915470908,0.0,0.0,6.0,3.0,6.0,3.0,0.21628881333206945,1.0
108.0,0.6,0.17037034810749319,-0.05775231990766777,-0.06202053863766227,-0.012640889391508769,-0.0018805028041813776,0.1276839866468401,0.015443423610722928,1.4027134248747032e-56,0.16178250192857022,0.17897321996507345,0.0,0.0,4.0,1.0,0.045577779117546666,1.0,1.069044032469074e-53,0.10280561927200456,0.3043526030919272,0.0,0.0,6.0,3.0,6.0,3.0,0.22177884879802204,1.0
108.0,0.65,0.17037034810749319,-0.05775231990766777,-0.06202053863766227,-0.012640889391508769,-0.0018805028041813776,0.1276839866468401,0.015443423610722928,3.922636718143365e-55,0.18586898530709242,0.20561908979957913,0.0,0.0,4.0,1.0,0.05236348465465999,1.0,1.601613772345285e-53,0.1045519037642959,0.309522420021503,0.0,0.0,6.0,3.0,6.0,3.0,0.2255460452520361,1.0
108.0,0.7,0.17037034810749319,-0.05775231990766777,-0.06202053863766227,-0.012640889391508769,-0.0018805028041813776,0.1276839866468401,0.015443423610722928,3.002824358506104e-54,0.20231973838270778,0.22381787034565545,0.0,0.0,4.0,1.0,0.056998032773644715,1.0,2.674474552503955e-53,0.10680960443462374,0.3162062674695557,0.0,0.0,6.0,3.0,6.0,3.0,0.23041650135299147,1.0
108.0,0.75,0.17037034810749319,-0.05775231990766777,-0.06202053863766227,-0.012640889391508769,-0.0018805028041813776,0.1276839866468401,0.015443423610722928,6.668664618846324e-54,0.209158793264466,0.2313836309137949,0.0,0.0,4.0,1.0,0.058924748759970474,1.0,3.8851468524816247e-53,0.10848441391399885,0.32116448501000155,0.0,0.0,6.0,3.0,6.0,3.0,0.2340295073435402,1.0
108.0,0.8,0.17037034810749319,-0.05775231990766777,-0.06202053863766227,-0.012640889391508769,-0.0018805028041813776,0.1276839866468401,0.015443423610722928,3.3160780734057986e-53,0.22361479729103034,0.24737570396014066,0.0,0.0,4.0,1.0,0.06299733108865777,1.0,5.645941350818733e-53,0.11018717589156983,0.32620545498799985,0.0,0.0,6.0,3.0,6.0,3.0,0.23770281424871612,1.0
108.0,0.85,0.17037034810749319,-0.05775231990766777,-0.06202053863766227,-0.012640889391508769,-0.0018805028041813776,0.1276839866468401,0.015443423610722928,1.0940798518467035e-52,0.2350182294861503,0.25999084437572845,0.0,0.0,4.0,1.0,0.06620993509450121,1.0,1.1890672014875043e-52,0.11366034512438425,0.3364876565298149,0.0,0.0,6.0,3.0,6.0,3.0,0.24519535677303372,1.0
108.0,0.9,0.17037034810749319,-0.05775231990766777,-0.06202053863766227,-0.012640889391508769,-0.0018805028041813776,0.1276839866468401,0.015443423610722928,2.8239945875691275e-51,0.2691083469432525,0.29770331647594933,0.0,0.0,5.0,2.0,0.07581388994146625,1.0,2.5245093551729283e-52,0.11728237305850876,0.3472105492863459,0.0,0.0,6.0,3.0,6.0,3.0,0.25300902679645004,1.0
108.0,0.95,0.17037034810749319,-0.05775231990766777,-0.06202053863766227,-0.012640889391508769,-0.0018805028041813776,0.1276839866468401,0.015443423610722928,8.995474059302264e-48,0.37661028541795827,0.41662821782158493,1.0,1.0,6.0,3.0,0.10609961026412226,1.0,4.411523723091582e-52,0.12004200194329008,0.3553803384534988,0.0,0.0,6.0,3.0,6.0,3.0,0.2589622745032439,1.0
109.0,0.4,0.07438324124522178,-0.1411510540775584,-0.09307715651955584,0.019259516341006824,-0.021733256051742388,0.11935189953836861,-0.037256690597963216,8.984120068451044e-63,0.08919276255182433,0.09701802393055255,0.0,0.0,2.0,0.0,0.0263876022259825,0.0,1.3913714579964423e-54,0.13065143319531627,0.28374651623992236,0.0,0.0,5.0,2.0,6.0,3.0,0.2052224604546587,1.0
109.0,0.45,0.07438324124522178,-0.1411510540775584,-0.09307715651955584,0.019259516341006824,-0.021733256051742388,0.11935189953836861,-0.037256690597963216,2.861799360651669e-62,0.09360407737115574,0.10181636220893496,0.0,0.0,2.0,0.0,0.02769268592802013,0.0,1.9880302252904287e-54,0.13260859499116906,0.28799704627782013,0.0,0.0,5.0,2.0,6.0,3.0,0.2082966981375496,1.0
109.0,0.5,0.07438324124522178,-0.1411510540775584,-0.09307715651955584,0.019259516341006824,-0.021733256051742388,0.11935189953836861,-0.037256690597963216,8.920316542504152e-62,0.09814480400287136,0.10675546614981717,0.0,0.0,2.0,0.0,0.02903605600364727,0.0,2.3957082499537974e-54,0.13364328115731827,0.2902441597450532,0.0,0.0,5.0,2.0,6.0,3.0,0.20992194506842798,1.0
109.0,0.55,0.07438324124522178,-0.1411510540775584,-0.09307715651955584,0.019259516341006824,-0.021733256051742388,0.11935189953836861,-0.037256690597963216,2.431251169425682e-60,0.1126361274286153,0.12251817517104868,0.0,0.0,2.0,0.0,0.033323301597866964,0.0,4.7022925369013337e-54,0.13745175347848126,0.2985153338676567,0.0,0.0,6.0,3.0,6.0,3.0,0.2159041531560662,1.0
109.0,0.6,0.07438324124522178,-0.1411510540775584,-0.09307715651955584,0.019259516341006824,-0.021733256051742388,0.11935189953836861,-0.037256690597963216,1.0484741771310003e-58,0.13176236258948718,0.14332243649730458,0.0,0.0,2.0,0.0,0.03898178184969728,0.0,7.147930379965241e-54,0.13987117689804446,0.3037697956812065,0.0,0.0,6.0,3.0,6.0,3.0,0.2197044943762204,1.0
109.0,0.65,0.07438324124522178,-0.1411510540775584,-0.09307715651955584,0.019259516341006824,-0.021733256051742388,0.11935189953836861,-0.037256690597963216,6.376445895131378e-58,0.14205578114846784,0.15451894055784574,0.0,0.0,3.0,1.0,0.04202708089312703,0.0,1.1839959972178677e-53,0.1428434428511704,0.3102249113191439,0.0,0.0,6.0,3.0,6.0,3.0,0.22437322029149018,1.0
109.0,0.7,0.07438324124522178,-0.1411510540775584,-0.09307715651955584,0.019259516341006824,-0.021733256051742388,0.11935189953836861,-0.037256690597963216,1.4140221988038857e-56,0.16163564619161705,0.1758166306502397,0.0,0.0,3.0,1.0,0.047819767156172636,0.0,1.8306655754233304e-53,0.14546084016033634,0.31590932939193545,0.0,0.0,6.0,3.0,6.0,3.0,0.2284845316076961,1.0
109.0,0.75,0.07438324124522178,-0.1411510540775584,-0.09307715651955584,0.019259516341006824,-0.021733256051742388,0.11935189953836861,-0.037256690597963216,7.923166608362651e-56,0.17366897876905113,0.1889056988051078,0.0,0.0,4.0,1.0,0.051379818268187355,0.0,3.0176692375522757e-53,0.1485218559267994,0.3225571903349604,0.0,0.0,6.0,3.0,6.0,3.0,0.23329266246183655,1.0
109.0,0.8,0.07438324124522178,-0.1411510540775584,-0.09307715651955584,0.019259516341006824,-0.021733256051742388,0.11935189953836861,-0.037256690597963216,1.2812836134289183e-54,0.1950233837169736,0.21213361675480108,0.0,0.0,4.0,1.0,0.05769750063855817,0.0,3.670979717027236e-53,0.14973958738695722,0.32520183839648603,0.0,0.0,6.0,3.0,6.0,3.0,0.2352054302005038,1.0
109.0,0.85,0.07438324124522178,-0.1411510540775584,-0.09307715651955584,0.019259516341006824,-0.021733256051742388,0.11935189953836861,-0.037256690597963216,2.882464467066809e-54,0.20172433823230101,0.21942247458278724,0.0,0.0,4.0,1.0,0.05967997227892384,0.0,4.765761804017265e-53,0.15137688466478055,0.3287576922227274,0.0,0.0,6.0,3.0,6.0,3.0,0.23777723647643104,1.0
109.0,0.9,0.07438324124522178,-0.1411510540775584,-0.09307715651955584,0.019259516341006824,-0.021733256051742388,0.11935189953836861,-0.037256690597963216,3.0096380601761692e-52,0.2448346582475836,0.2663150467964385,0.0,0.0,5.0,2.0,0.07243412344379122,0.0,1.318924814161026e-52,0.15793554534162435,0.34300167770945456,0.0,1.0,6.0,3.0,6.0,3.0,0.248079339166548,1.0
109.0,0.95,0.07438324124522178,-0.1411510540775584,-0.09307715651955584,0.019259516341006824,-0.021733256051742388,0.11935189953836861,-0.037256690597963216,1.1272244100161802e-49,0.31340209866588087,0.34089820113582653,1.0,1.0,6.0,3.0,0.09271974182409976,1.0,3.8763562138822434e-52,0.16519175583298004,0.3587605897831383,0.0,1.0,6.0,3.0,6.0,3.0,0.2594771274203265,1.0
110.0,0.4,0.022234892479985446,0.07822265902801795,0.025681968272585842,-0.008225080787178572,-0.0021179487859056974,0.1529310055640159,0.02453327634171909,3.959232950141624e-59,0.13178288029128674,0.13765260235317112,0.0,0.0,4.0,1.0,0.043053287947258365,0.0,2.5218973062740334e-50,0.15156583468380783,0.41154049530986686,0.0,0.0,6.0,3.0,6.0,3.0,0.41737600489827426,1.0
110.0,0.45,0.022234892479985446,0.07822265902801795,0.025681968272585842,-0.008225080787178572,-0.0021179487859056974,0.1529310055640159,0.02453327634171909,9.841641344966519e-57,0.16583251300371232,0.17321883479303782,0.0,0.0,4.0,1.0,0.05417725669362494,1.0,7.061248935739991e-50,0.15820956534879962,0.42957994472985,0.0,0.0,6.0,3.0,6.0,3.0,0.4356712478094439,1.0
110.0,0.5,0.022234892479985446,0.07822265902801795,0.025681968272585842,-0.008225080787178572,-0.0021179487859056974,0.1529310055640159,0.02453327634171909,4.973810864938991e-56,0.17741374122925524,0.1853159008168511,0.0,0.0,4.0,1.0,0.05796082822032939,1.0,1.2489277495124801e-49,0.16201369567361493,0.4399091437961421,0.0,0.0,6.0,3.0,6.0,3.0,0.44614691153930813,1.0
110.0,0.55,0.022234892479985446,0.07822265902801795,0.025681968272585842,-0.008225080787178572,-0.0021179487859056974,0.1529310055640159,0.02453327634171909,2.8745480420431276e-54,0.21008688104904968,0.21944433019479886,0.0,0.0,5.0,2.0,0.06863509860881514,1.0,2.435952935790375e-49,0.1665867841565447,0.45232626341473536,0.0,1.0,6.0,3.0,6.0,3.0,0.45874010185184383,1.0
110.0,0.6,0.022234892479985446,0.07822265902801795,0.025681968272585842,-0.008225080787178572,-0.0021179487859056974,0.1529310055640159,0.02453327634171909,5.321402787016475e-53,0.23725185877250868,0.2478192592313688,0.0,0.0,5.0,2.0,0.07750985992397111,1.0,4.36486462988013e-49,0.17068477727349707,0.4634533760694132,0.0,1.0,6.0,3.0,6.0,3.0,0.470024993323741,1.0
110.0,0.65,0.022234892479985446,0.07822265902801795,0.025681968272585842,-0.008225080787178572,-0.0021179487859056974,0.1529310055640159,0.02453327634171909,1.0156308904390021e-51,0.26827026030725587,0.2802192468675159,0.0,0.0,5.0,2.0,0.08764352956290558,1.0,6.884971192011172e-49,0.17395700797312943,0.47233832989627134,1.0,1.0,6.0,3.0,6.0,3.0,0.47903593288915935,1.0
110.0,0.7,0.022234892479985446,0.07822265902801795,0.025681968272585842,-0.008225080787178572,-0.0021179487859056974,0.1529310055640159,0.02453327634171909,8.467765055781297e-51,0.2930548420102738,0.3061077550114739,0.0,0.0,5.0,2.0,0.09574061873225602,1.0,1.0482870557652039e-48,0.17703101115077113,0.480685044661838,1.0,1.0,6.0,3.0,6.0,3.0,0.48750100133948177,1.0
110.0,0.75,0.022234892479985446,0.07822265902801795,0.025681968272585842,-0.008225080787178572,-0.0021179487859056974,0.1529310055640159,0.02453327634171909,4.2746176173754075e-50,0.31350604629547635,0.3274698734056989,0.0,0.0,5.0,2.0,0.10242199938665386,1.0,1.6494773234961852e-48,0.1804064685060159,0.48985028559342886,1.0,1.0,6.0,3.0,6.0,3.0,0.4967962023890826,1.0
110.0,0.8,0.022234892479985446,0.07822265902801795,0.025681968272585842,-0.008225080787178572,-0.0021179487859056974,0.1529310055640159,0.02453327634171909,2.0079655492364005e-49,0.3343798090957703,0.34927337143224235,0.0,0.0,5.0,2.0,0.10924142933383225,1.0,2.977226613567131e-48,0.1849005357319351,0.5020528420334668,1.0,1.0,6.0,3.0,6.0,3.0,0.5091717870873858,1.0
110.0,0.85,0.022234892479985446,0.07822265902801795,0.025681968272585842,-0.008225080787178572,-0.0021179487859056974,0.1529310055640159,0.02453327634171909,1.415930520098009e-47,0.3992564574961362,0.4170396811723438,1.0,1.0,6.0,3.0,0.1304365422230037,1.0,4.418848815027823e-48,0.18796798604291226,0.5103817640689076,1.0,1.0,6.0,3.0,6.0,3.0,0.51761881051249,1.0
110.0,0.9,0.022234892479985446,0.07822265902801795,0.025681968272585842,-0.008225080787178572,-0.0021179487859056974,0.1529310055640159,0.02453327634171909,1.563663244915898e-44,0.5346232429276695,0.5584358188622097,1.0,1.0,6.0,3.0,0.1746606871103869,1.0,6.102277174300156e-48,0.19051309730829105,0.5172924003145879,1.0,1.0,6.0,3.0,6.0,3.0,0.5246274373193258,1.0
110.0,0.95,0.022234892479985446,0.07822265902801795,0.025681968272585842,-0.008225080787178572,-0.0021179487859056974,0.1529310055640159,0.02453327634171909,5.333664294691454e-41,0.7503282038703275,0.7837484630282456,1.0,1.0,6.0,3.0,0.2451312047875635,1.0,1.0737151362309065e-47,0.19505169054990074,0.52961585641905,1.0,1.0,6.0,3.0,6.0,3.0,0.537125635999742,1.0
111.0,0.4,0.07054856459191794,-0.15953023713501147,-0.15989475677836507,-0.022908902675111323,0.05705331911405129,0.10408565657419522,-0.08307998298827068,4.704854639202979e-59,0.13177271068369528,0.1400138863136859,0.0,0.0,3.0,1.0,0.03311124296932198,0.0,5.610641506297156e-53,0.1727056092422125,0.4396589464727616,0.0,0.0,4.0,2.0,6.0,3.0,0.28213473288073043,1.0
111.0,0.45,0.07054856459191794,-0.15953023713501147,-0.15989475677836507,-0.022908902675111323,0.05705331911405129,0.10408565657419522,-0.08307998298827068,1.5470870848547142e-57,0.15241668188794247,0.16194894875762883,0.0,0.0,3.0,1.0,0.038298565464616866,0.0,1.0401240870869337e-52,0.17720506708774303,0.45111327563291165,0.0,0.0,4.0,2.0,6.0,3.0,0.28948512145772526,1.0
111.0,0.5,0.07054856459191794,-0.15953023713501147,-0.15989475677836507,-0.022908902675111323,0.05705331911405129,0.10408565657419522,-0.08307998298827068,6.3774416544750615e-56,0.17796297546674045,0.1890929289210454,0.0,0.0,3.0,1.0,0.04471772106416749,0.0,1.3467237697465364e-52,0.17912279611292886,0.4559952636964896,0.0,0.0,4.0,2.0,6.0,3.0,0.29261795523557677,1.0
111.0,0.55,0.07054856459191794,-0.15953023713501147,-0.15989475677836507,-0.022908902675111323,0.05705331911405129,0.10408565657419522,-0.08307998298827068,1.4448971972294942e-54,0.20267301458667522,0.21534835457173268,0.0,0.0,3.0,1.0,0.050926746474941324,0.0,1.6422330500718692e-52,0.18060954737798063,0.4597801059938985,0.0,0.0,4.0,2.0,6.0,3.0,0.2950467366333897,1.0
111.0,0.6,0.07054856459191794,-0.15953023713501147,-0.15989475677836507,-0.022908902675111323,0.05705331911405129,0.10408565657419522,-0.08307998298827068,2.8055484553980455e-53,0.22933488838834748,0.2436776842789881,0.0,0.0,3.0,1.0,0.05762621996140276,0.0,2.6427124905819307e-52,0.1842254677907938,0.46898520226264334,0.0,1.0,4.0,2.0,6.0,3.0,0.3009537638820314,1.0
111.0,0.65,0.07054856459191794,-0.15953023713501147,-0.15989475677836507,-0.022908902675111323,0.05705331911405129,0.10408565657419522,-0.08307998298827068,7.38114138415957e-52,0.2628095855047112,0.2792459169738896,0.0,0.0,4.0,2.0,0.06603758847460679,0.0,3.902736615805104e-52,0.18724259003148044,0.4766659301297936,0.0,1.0,4.0,2.0,6.0,3.0,0.30588258455658646,1.0
111.0,0.7,0.07054856459191794,-0.15953023713501147,-0.15989475677836507,-0.022908902675111323,0.05705331911405129,0.10408565657419522,-0.08307998298827068,3.1097279135054016e-51,0.27903980136934103,0.29649118412462483,0.0,0.0,4.0,2.0,0.07011584275161165,0.0,5.113215578661713e-52,0.18936214992793834,0.48206172170339373,0.0,1.0,4.0,2.0,6.0,3.0,0.30934513257593443,1.0
111.0,0.75,0.07054856459191794,-0.15953023713501147,-0.15989475677836507,-0.022908902675111323,0.05705331911405129,0.10408565657419522,-0.08307998298827068,3.547263269329584e-50,0.30882677556182225,0.3281410606170783,0.0,1.0,5.0,3.0,0.07760057714533317,0.0,8.707027371073507e-52,0.19360898179812552,0.49287293758738293,0.0,1.0,4.0,2.0,6.0,3.0,0.3162828271913085,1.0
111.0,0.8,0.07054856459191794,-0.15953023713501147,-0.15989475677836507,-0.022908902675111323,0.05705331911405129,0.10408565657419522,-0.08307998298827068,2.3326763668112036e-49,0.33403860256458956,0.35492965638482515,1.0,1.0,6.0,3.0,0.08393568951615603,0.0,1.4364834757056648e-51,0.1976901880464513,0.5032625181421203,0.0,1.0,4.0,2.0,6.0,3.0,0.32294995305800617,1.0
111.0,0.85,0.07054856459191794,-0.15953023713501147,-0.15989475677836507,-0.022908902675111323,0.05705331911405129,0.10408565657419522,-0.08307998298827068,2.4689801546200344e-48,0.3685453656162268,0.39159450128251055,1.0,1.0,6.0,3.0,0.0926063908287379,0.0,2.4854372588508054e-51,0.2022581535938354,0.5148912482621139,0.0,1.0,4.0,2.0,6.0,3.0,0.3304122569471183,1.0
111.0,0.9,0.07054856459191794,-0.15953023713501147,-0.15989475677836507,-0.022908902675111323,0.05705331911405129,0.10408565657419522,-0.08307998298827068,7.310097445294586e-47,0.42442359504633204,0.45096740195552426,1.0,1.0,6.0,3.0,0.1066472162906722,0.0,4.3579022325973585e-51,0.20704630443624755,0.5270805069906779,0.0,1.0,4.0,2.0,6.0,3.0,0.3382342591672198,1.0
111.0,0.95,0.07054856459191794,-0.15953023713501147,-0.15989475677836507,-0.022908902675111323,0.05705331911405129,0.10408565657419522,-0.08307998298827068,1.1419996978481052e-45,0.4759253127640705,0.5056900802102049,1.0,1.0,6.0,3.0,0.1195883319423249,0.0,5.963263146730993e-51,0.20976969834444906,0.5340134867691804,0.0,1.0,4.0,2.0,6.0,3.0,0.3426832403913435,1.0
