seed,cw_alpha,ec1,ec2,ec3,ec4,ec5,ec6,bm,cw_energy_volume,cw_ec_volume,cw_ec_volume_red,cw_fullcov,cw_redcov,cw_cwfullcov,cw_cwredcov,cw_Mvol,cw_Mcov,mv_energy_volume,mv_ec_volume,mv_ec_volume_red,mv_fullcov,mv_redcov,mv_cwfullcov,mv_cwredcov,mv_cwfullcov_upper,mv_cwredcov_upper,mv_Mvol,mv_Mcov
2.0,0.4,-0.715090534547425,0.11328641851230789,0.5304797401144162,2.072477426680831e-5,-0.0001062261490004853,-0.016920938830455534,0.11528998189380257,1.8681959166783853e-19,0.14028782864274328,0.1647307324989478,0.0,0.0,3.0,1.0,0.1859251991277384,0.0,1.3702941300075194e-26,0.14405147451739228,0.6815538708800725,0.0,1.0,6.0,3.0,6.0,3.0,1.5360142522679847,1.0
2.0,0.45,-0.715090534547425,0.11328641851230789,0.5304797401144162,2.072477426680831e-5,-0.0001062261490004853,-0.016920938830455534,0.11528998189380257,2.1920495989785835e-18,0.15544597870089455,0.18252994706065512,0.0,0.0,3.0,1.0,0.206014483388791,0.0,1.700572709972325e-26,0.1453534240458591,0.687713812968759,0.0,1.0,6.0,3.0,6.0,3.0,1.5498968802532826,1.0
2.0,0.5,-0.715090534547425,0.11328641851230789,0.5304797401144162,2.072477426680831e-5,-0.0001062261490004853,-0.016920938830455534,0.11528998189380257,4.8617255178273625e-17,0.17687250529049423,0.20768970221661684,0.0,0.0,3.0,1.0,0.23441132480638877,1.0,2.985164432129223e-26,0.14880155761389208,0.7040280422293603,0.0,1.0,6.0,3.0,6.0,3.0,1.5866641700152688,1.0
2.0,0.55,-0.715090534547425,0.11328641851230789,0.5304797401144162,2.072477426680831e-5,-0.0001062261490004853,-0.016920938830455534,0.11528998189380257,2.1769219694164673e-16,0.1882727697892684,0.22107627993853213,0.0,0.0,3.0,1.0,0.24952023673089524,1.0,7.431167077277592e-26,0.1545650063080919,0.7312967722462564,0.0,1.0,6.0,3.0,6.0,3.0,1.6481195585572124,1.0
2.0,0.6,-0.715090534547425,0.11328641851230789,0.5304797401144162,2.072477426680831e-5,-0.0001062261490004853,-0.016920938830455534,0.11528998189380257,8.133352407354667e-15,0.2189300075987122,0.2570750496793121,0.0,0.0,3.0,1.0,0.2901506542059762,1.0,1.0489643869826675e-25,0.15680100100909342,0.7418759825517429,0.0,1.0,6.0,3.0,6.0,3.0,1.6719618672891474,1.0
2.0,0.65,-0.715090534547425,0.11328641851230789,0.5304797401144162,2.072477426680831e-5,-0.0001062261490004853,-0.016920938830455534,0.11528998189380257,8.032318757494754e-14,0.24084950874616573,0.2828136723022828,0.0,0.0,3.0,1.0,0.3192008409188902,1.0,1.9641965160183275e-25,0.1609532827693945,0.7615217634519323,0.0,1.0,6.0,3.0,6.0,3.0,1.7162374568630996,1.0
2.0,0.7,-0.715090534547425,0.11328641851230789,0.5304797401144162,2.072477426680831e-5,-0.0001062261490004853,-0.016920938830455534,0.11528998189380257,4.372579631809678e-13,0.2584688027809692,0.3035028457006312,0.0,0.0,4.0,2.0,0.34255190981491906,1.0,2.6065921269637576e-25,0.16286215540247345,0.7705532540107807,0.0,1.0,6.0,3.0,6.0,3.0,1.7365916780190904,1.0
2.0,0.75,-0.715090534547425,0.11328641851230789,0.5304797401144162,2.072477426680831e-5,-0.0001062261490004853,-0.016920938830455534,0.11528998189380257,8.63953641517489e-11,0.32215471663722567,0.3782850084934024,0.0,0.0,4.0,2.0,0.42695564127126867,1.0,3.639327974721591e-25,0.1651428149203797,0.7813437879348246,0.0,1.0,6.0,3.0,6.0,3.0,1.7609102456409147,1.0
2.0,0.8,-0.715090534547425,0.11328641851230789,0.5304797401144162,2.072477426680831e-5,-0.0001062261490004853,-0.016920938830455534,0.11528998189380257,4.995432584896979e-10,0.34659152461896825,0.40697953828771466,0.0,0.0,4.0,2.0,0.45934204595090794,1.0,6.794369054148096e-25,0.16949491769641123,0.8019349863478202,0.0,1.0,6.0,3.0,6.0,3.0,1.8073165175219588,1.0
2.0,0.85,-0.715090534547425,0.11328641851230789,0.5304797401144162,2.072477426680831e-5,-0.0001062261490004853,-0.016920938830455534,0.11528998189380257,9.724845883299983e-9,0.39222852329586233,0.46056805194447054,0.0,0.0,4.0,2.0,0.5198253262802509,1.0,1.432805960841191e-24,0.17484703578311844,0.8272575789253932,0.0,1.0,6.0,3.0,6.0,3.0,1.8643859067006932,1.0
2.0,0.9,-0.715090534547425,0.11328641851230789,0.5304797401144162,2.072477426680831e-5,-0.0001062261490004853,-0.016920938830455534,0.11528998189380257,1.6912109703648079e-7,0.44179313896929656,0.5187685068585326,0.0,0.0,4.0,2.0,0.5855139261247947,1.0,2.343758669605238e-24,0.17846929319892052,0.844395644129758,0.0,1.0,6.0,3.0,6.0,3.0,1.9030098710488248,1.0
2.0,0.95,-0.715090534547425,0.11328641851230789,0.5304797401144162,2.072477426680831e-5,-0.0001062261490004853,-0.016920938830455534,0.11528998189380257,3.703381805332512e-5,0.5530134103600575,0.6493671265120524,0.0,0.0,5.0,2.0,0.732915531135223,1.0,4.054677258544708e-24,0.1825920979762729,0.8639019599401393,0.0,1.0,6.0,3.0,6.0,3.0,1.9469711489083383,1.0
3.0,0.4,-1.377003885529498,-1.2105844148683733,-1.2109491167764586,0.0006334688034240951,0.0005690187635888383,-0.08509741649996622,-1.2663003730274716,2.9293135218310133e-19,0.1699974359411211,0.24047140900977013,0.0,0.0,2.0,0.0,0.21946089274756073,0.0,1.945456442165389e-27,0.0928298155508252,1.1874843341869188,0.0,0.0,4.0,2.0,4.0,2.0,1.9194738739727755,0.0
3.0,0.45,-1.377003885529498,-1.2105844148683733,-1.2109491167764586,0.0006334688034240951,0.0005690187635888383,-0.08509741649996622,-1.2663003730274716,3.15008186466245e-18,0.18768253913643537,0.2654880315271436,0.0,0.0,2.0,0.0,0.24229175789614255,0.0,4.5048151127322604e-27,0.09613498547353078,1.229764257741111,0.0,0.0,4.0,2.0,4.0,2.0,1.9878160039019304,0.0
3.0,0.5,-1.377003885529498,-1.2105844148683733,-1.2109491167764586,0.0006334688034240951,0.0005690187635888383,-0.08509741649996622,-1.2663003730274716,2.1653346008642712e-17,0.2033795752400232,0.2876924157768823,0.0,0.0,2.0,0.0,0.262556096224029,0.0,1.1274758014810019e-26,0.0998809641125248,1.2776830317213168,0.0,0.0,4.0,2.0,4.0,2.0,2.065272886556967,0.0
3.0,0.55,-1.377003885529498,-1.2105844148683733,-1.2109491167764586,0.0006334688034240951,0.0005690187635888383,-0.08509741649996622,-1.2663003730274716,8.706907473012364e-16,0.23722190583921626,0.3355643903058457,0.0,0.0,2.0,0.0,0.3062453909762709,0.0,1.6190887928617267e-26,0.10139842338330832,1.2970944579008248,0.0,0.0,4.0,2.0,4.0,2.0,2.096649911360944,0.0
3.0,0.6,-1.377003885529498,-1.2105844148683733,-1.2109491167764586,0.0006334688034240951,0.0005690187635888383,-0.08509741649996622,-1.2663003730274716,1.4800663989590413e-14,0.2669452373897433,0.37760979751360724,0.0,0.0,3.0,1.0,0.34461719841794136,0.0,2.730301648875625e-26,0.10363036652346277,1.325645602788948,0.0,0.0,4.0,2.0,4.0,2.0,2.1428005637165293,0.0
3.0,0.65,-1.377003885529498,-1.2105844148683733,-1.2109491167764586,0.0006334688034240951,0.0005690187635888383,-0.08509741649996622,-1.2663003730274716,9.007745929051262e-14,0.28780795853626634,0.40712134821499496,0.0,0.0,3.0,1.0,0.3715502599821472,0.0,4.558651534597596e-26,0.10586760972442909,1.3542645463594987,0.0,0.0,4.0,2.0,4.0,2.0,2.189060807243857,0.0
3.0,0.7,-1.377003885529498,-1.2105844148683733,-1.2109491167764586,0.0006334688034240951,0.0005690187635888383,-0.08509741649996622,-1.2663003730274716,6.429890106054955e-13,0.31236972955630166,0.4418654233374511,0.0,0.0,3.0,1.0,0.40325866879241345,0.0,7.535292979159815e-26,0.10810789981313852,1.3829224658931225,0.0,0.0,4.0,2.0,4.0,2.0,2.23538405231207,0.0
3.0,0.75,-1.377003885529498,-1.2105844148683733,-1.2109491167764586,0.0006334688034240951,0.0005690187635888383,-0.08509741649996622,-1.2663003730274716,1.4133357835504902e-11,0.3552935718599498,0.5025837323032786,0.0,0.0,3.0,1.0,0.4586718854680861,0.0,1.3937045047220665e-25,0.11091374526858591,1.4188150021727952,0.0,0.0,4.0,2.0,4.0,2.0,2.2934014793012234,0.0
3.0,0.8,-1.377003885529498,-1.2105844148683733,-1.2109491167764586,0.0006334688034240951,0.0005690187635888383,-0.08509741649996622,-1.2663003730274716,1.1400034060136167e-10,0.38758314567229696,0.5482592406895898,0.0,0.0,3.0,1.0,0.5003566241587939,0.0,2.254410913601689e-25,0.11315870519988414,1.4475326586011263,0.0,0.0,4.0,2.0,4.0,2.0,2.3398212843032415,0.0
3.0,0.85,-1.377003885529498,-1.2105844148683733,-1.2109491167764586,0.0006334688034240951,0.0005690187635888383,-0.08509741649996622,-1.2663003730274716,3.67114407417842e-9,0.44791319163584786,0.6335996523149984,0.0,0.0,3.0,1.0,0.5782406561935358,0.0,3.6908369430608353e-25,0.1155070414978344,1.477572711451298,0.0,0.0,4.0,2.0,4.0,2.0,2.388378637826685,0.0
3.0,0.9,-1.377003885529498,-1.2105844148683733,-1.2109491167764586,0.0006334688034240951,0.0005690187635888383,-0.08509741649996622,-1.2663003730274716,3.858696759628128e-6,0.5985431810235482,0.8466746648094964,0.0,0.0,3.0,1.0,0.7726988358864919,0.0,6.100813251907163e-25,0.11795130403529815,1.5088398582688953,0.0,0.0,4.0,2.0,4.0,2.0,2.4389194910423555,0.0
3.0,0.95,-1.377003885529498,-1.2105844148683733,-1.2109491167764586,0.0006334688034240951,0.0005690187635888383,-0.08509741649996622,-1.2663003730274716,0.01113196088569254,0.8341950592766647,1.1800181584075564,0.0,0.0,3.0,1.0,1.0769173747883405,0.0,2.0160257422941554e-24,0.12397447017230705,1.5858885455625507,0.0,0.0,4.0,2.0,6.0,3.0,2.5634625591286646,1.0
4.0,0.4,-0.32686055842617545,0.09121711109462277,0.08858607496710169,-0.0007352798530804251,-0.00012496009170450615,0.1847171253125568,-0.04989580283065731,4.636774811122536e-21,0.10003816619837562,0.14146978406658892,0.0,0.0,2.0,0.0,0.11065561547109108,1.0,6.3397966468117815e-28,0.0711819136541677,0.6566965293443343,0.0,0.0,4.0,2.0,6.0,3.0,0.94236399696106,1.0
4.0,0.45,-0.32686055842617545,0.09121711109462277,0.08858607496710169,-0.0007352798530804251,-0.00012496009170450615,0.1847171253125568,-0.04989580283065731,2.979334176786688e-19,0.11898576924077607,0.16826469057929305,0.0,0.0,2.0,0.0,0.1316142031385326,1.0,1.0315588924566252e-27,0.07264049113602931,0.6701527954229893,0.0,0.0,4.0,2.0,6.0,3.0,0.9616738305286484,1.0
4.0,0.5,-0.32686055842617545,0.09121711109462277,0.08858607496710169,-0.0007352798530804251,-0.00012496009170450615,0.1847171253125568,-0.04989580283065731,1.9045172168413826e-18,0.12854773421861065,0.18178682090287446,0.0,0.0,2.0,0.0,0.1421910175679086,1.0,1.3968841562845585e-27,0.07356392117791336,0.6786720002668457,0.0,0.0,4.0,2.0,6.0,3.0,0.9738989475634564,1.0
4.0,0.55,-0.32686055842617545,0.09121711109462277,0.08858607496710169,-0.0007352798530804251,-0.00012496009170450615,0.1847171253125568,-0.04989580283065731,5.1774543333623304e-17,0.14751229961794482,0.20860571487020593,0.0,0.0,2.0,0.0,0.16316836787482739,1.0,2.098180216547387e-27,0.07482153899345714,0.690274290965599,0.0,0.0,4.0,2.0,6.0,3.0,0.9905483138204977,1.0
4.0,0.6,-0.32686055842617545,0.09121711109462277,0.08858607496710169,-0.0007352798530804251,-0.00012496009170450615,0.1847171253125568,-0.04989580283065731,1.56424629654107e-15,0.1700210794659861,0.24043668844473448,0.0,0.0,2.0,0.0,0.18806609423507675,1.0,2.74301363887959e-27,0.07566168682533139,0.6980251666727131,0.0,0.0,4.0,2.0,6.0,3.0,1.0016708733056174,1.0
4.0,0.65,-0.32686055842617545,0.09121711109462277,0.08858607496710169,-0.0007352798530804251,-0.00012496009170450615,0.1847171253125568,-0.04989580283065731,3.615223241402721e-14,0.19378895399684076,0.27404822097656917,0.0,0.0,3.0,0.0,0.21435654801484724,1.0,5.171078963215249e-27,0.07768712854909024,0.7167111008110368,0.0,1.0,5.0,2.0,6.0,3.0,1.028485316194669,1.0
4.0,0.7,-0.32686055842617545,0.09121711109462277,0.08858607496710169,-0.0007352798530804251,-0.00012496009170450615,0.1847171253125568,-0.04989580283065731,2.094274966951584e-13,0.20850499305185932,0.29485902695736455,0.0,0.0,4.0,1.0,0.23063445894436732,1.0,7.70742230438638e-27,0.07898980994428925,0.7287291304923527,0.0,1.0,6.0,3.0,6.0,3.0,1.0457312707261923,1.0
4.0,0.75,-0.32686055842617545,0.09121711109462277,0.08858607496710169,-0.0007352798530804251,-0.00012496009170450615,0.1847171253125568,-0.04989580283065731,5.391280269109794e-12,0.23872279179761044,0.33759177212836183,0.0,0.0,5.0,2.0,0.2640593931016165,1.0,1.1674331617021866e-26,0.08036825185648344,0.7414460971088813,0.0,1.0,6.0,3.0,6.0,3.0,1.0639802045250926,1.0
4.0,0.8,-0.32686055842617545,0.09121711109462277,0.08858607496710169,-0.0007352798530804251,-0.00012496009170450615,0.1847171253125568,-0.04989580283065731,1.8080723571362064e-10,0.276348671093319,0.3908007144906605,0.0,0.0,5.0,2.0,0.30567865692190055,1.0,1.9271596943232586e-26,0.08206439240930191,0.7570940272801275,1.0,1.0,6.0,3.0,6.0,3.0,1.0864350910082996,1.0
4.0,0.85,-0.32686055842617545,0.09121711109462277,0.08858607496710169,-0.0007352798530804251,-0.00012496009170450615,0.1847171253125568,-0.04989580283065731,3.708583085191136e-9,0.313417846637158,0.44322238972723166,0.0,0.0,5.0,2.0,0.3466821318024309,1.0,3.0473967867653267e-26,0.08364633096297279,0.7716883744183466,1.0,1.0,6.0,3.0,6.0,3.0,1.1073780786557916,1.0
4.0,0.9,-0.32686055842617545,0.09121711109462277,0.08858607496710169,-0.0007352798530804251,-0.00012496009170450615,0.1847171253125568,-0.04989580283065731,2.0871866695872636e-8,0.3368126872591294,0.476306393331411,0.0,0.0,5.0,2.0,0.3725599600978717,1.0,8.86081839366871e-26,0.08745029198833296,0.8067822328843007,1.0,1.0,6.0,3.0,6.0,3.0,1.1577380048240955,1.0
4.0,0.95,-0.32686055842617545,0.09121711109462277,0.08858607496710169,-0.0007352798530804251,-0.00012496009170450615,0.1847171253125568,-0.04989580283065731,8.694771147740854e-7,0.39343755427302884,0.556382908262427,1.0,1.0,6.0,3.0,0.43519464992181883,1.0,2.0512119945762629e-25,0.09056289427061058,0.8354978856543535,1.0,1.0,6.0,3.0,6.0,3.0,1.1989451623322238,1.0
5.0,0.4,-0.8441267667773622,0.09907570953678607,0.08448573910649793,-0.00023119102598125908,8.67711519969501e-6,0.07227385789689178,-0.2250514295214554,1.779005895585214e-19,0.12604082323955676,0.17543083277985938,0.0,0.0,2.0,0.0,0.12587568320114428,0.0,8.177628490850657e-24,0.11641489525416489,0.9025633580052308,0.0,1.0,6.0,3.0,6.0,3.0,1.2558456587287188,1.0
5.0,0.45,-0.8441267667773622,0.09907570953678607,0.08448573910649793,-0.00023119102598125908,8.67711519969501e-6,0.07227385789689178,-0.2250514295214554,1.2990688819693267e-18,0.1369268174635226,0.1905825826912144,0.0,0.0,2.0,0.0,0.1367474144787242,0.0,1.1314094203366192e-23,0.11800033374387092,0.9148552445722861,0.0,1.0,6.0,3.0,6.0,3.0,1.2729488484892006,1.0
5.0,0.5,-0.8441267667773622,0.09907570953678607,0.08448573910649793,-0.00023119102598125908,8.67711519969501e-6,0.07227385789689178,-0.2250514295214554,1.7487970688731777e-17,0.1525930132155161,0.212387690723879,0.0,0.0,3.0,1.0,0.15239308421302153,0.0,1.6871457862649928e-23,0.11998135708610211,0.9302140959988776,0.0,1.0,6.0,3.0,6.0,3.0,1.2943194777265479,1.0
5.0,0.55,-0.8441267667773622,0.09907570953678607,0.08448573910649793,-0.00023119102598125908,8.67711519969501e-6,0.07227385789689178,-0.2250514295214554,1.1325409251307098e-16,0.16494510029779536,0.2295800325994558,0.0,0.0,4.0,1.0,0.1647289874583279,0.0,1.9855512827485896e-23,0.12079829111942755,0.9365477762618473,0.0,1.0,6.0,3.0,6.0,3.0,1.3031322937925651,1.0
5.0,0.6,-0.8441267667773622,0.09907570953678607,0.08448573910649793,-0.00023119102598125908,8.67711519969501e-6,0.07227385789689178,-0.2250514295214554,2.529715050352057e-15,0.18773640195177746,0.2613022708912176,0.0,0.0,4.0,1.0,0.18749042770444324,0.0,2.443014931692484e-23,0.12184638983908892,0.9446736737071288,0.0,1.0,6.0,3.0,6.0,3.0,1.3144388385790553,1.0
5.0,0.65,-0.8441267667773622,0.09907570953678607,0.08448573910649793,-0.00023119102598125908,8.67711519969501e-6,0.07227385789689178,-0.2250514295214554,5.022155019225799e-13,0.23404045193263018,0.3257508982520699,0.0,0.0,5.0,2.0,0.23373380962239423,0.0,3.445141976426351e-23,0.12360405194426144,0.9583008080048446,0.0,1.0,6.0,3.0,6.0,3.0,1.333399920144035,1.0
5.0,0.7,-0.8441267667773622,0.09907570953678607,0.08448573910649793,-0.00023119102598125908,8.67711519969501e-6,0.07227385789689178,-0.2250514295214554,5.6869317620797815e-11,0.28501896413614475,0.39670570971615465,0.0,0.0,5.0,2.0,0.2846455292324687,0.0,6.035127847400901e-23,0.1265253888819243,0.9809499000352511,0.0,1.0,6.0,3.0,6.0,3.0,1.3649143436448925,1.0
5.0,0.75,-0.8441267667773622,0.09907570953678607,0.08448573910649793,-0.00023119102598125908,8.67711519969501e-6,0.07227385789689178,-0.2250514295214554,4.42740746228515e-10,0.31046315662202506,0.4321203933280284,0.0,0.0,5.0,2.0,0.3100563844644617,0.0,1.2281861148053029e-22,0.13032720615948212,1.0104253461202497,0.0,1.0,6.0,3.0,6.0,3.0,1.4059270998980926,1.0
5.0,0.8,-0.8441267667773622,0.09907570953678607,0.08448573910649793,-0.00023119102598125908,8.67711519969501e-6,0.07227385789689178,-0.2250514295214554,1.7581958822877318e-9,0.32882511127688585,0.4576776129158904,0.0,0.0,5.0,2.0,0.32839428108939944,0.0,1.8711192357036314e-22,0.1326335229618966,1.0283061940415263,0.0,1.0,6.0,3.0,6.0,3.0,1.4308068881557863,1.0
5.0,0.85,-0.8441267667773622,0.09907570953678607,0.08448573910649793,-0.00023119102598125908,8.67711519969501e-6,0.07227385789689178,-0.2250514295214554,1.0171625445337426e-6,0.42860947908790464,0.5965632080236584,0.0,0.0,5.0,2.0,0.42804791035151213,0.0,2.761893289316451e-22,0.13480294027559642,1.0451256617848312,0.0,1.0,6.0,3.0,6.0,3.0,1.454209849687752,1.0
5.0,0.9,-0.8441267667773622,0.09907570953678607,0.08448573910649793,-0.00023119102598125908,8.67711519969501e-6,0.07227385789689178,-0.2250514295214554,6.761276393791259e-5,0.5105109190143843,0.7105583204235801,0.0,0.0,5.0,2.0,0.5098420421329967,1.0,5.498756830003192e-22,0.13872671393900163,1.0755466343413376,0.0,1.0,6.0,3.0,6.0,3.0,1.4965382313803457,1.0
5.0,0.95,-0.8441267667773622,0.09907570953678607,0.08448573910649793,-0.00023119102598125908,8.67711519969501e-6,0.07227385789689178,-0.2250514295214554,0.026663613334787457,0.6548881495269783,0.9115108144828626,0.0,0.0,5.0,2.0,0.6540301080497088,1.0,1.2504001958302315e-21,0.14355757737996142,1.1130002636197727,0.0,1.0,6.0,3.0,6.0,3.0,1.5486519997000703,1.0
6.0,0.4,0.00037639341207507115,0.07241697472605546,0.07141566797022869,-0.00015421426470519807,-0.00011191464123501501,0.26305884841844485,0.0477362431175109,3.5029532055567163e-19,0.126342330224289,0.17443697538779587,0.0,0.0,3.0,1.0,0.13195345282351906,1.0,1.2267993644923176e-27,0.07284699538321458,0.7455754306191353,0.0,1.0,6.0,3.0,6.0,3.0,1.026909759060576,1.0
6.0,0.45,0.00037639341207507115,0.07241697472605546,0.07141566797022869,-0.00015421426470519807,-0.00011191464123501501,0.26305884841844485,0.0477362431175109,2.7678999169660085e-18,0.13770627096950605,0.19012681938990303,0.0,0.0,3.0,1.0,0.14382208953736836,1.0,1.550470286057002e-27,0.07356118609155607,0.7528850395071167,0.0,1.0,6.0,3.0,6.0,3.0,1.0369775649373745,1.0
6.0,0.5,0.00037639341207507115,0.07241697472605546,0.07141566797022869,-0.00015421426470519807,-0.00011191464123501501,0.26305884841844485,0.0477362431175109,1.3225349328381501e-17,0.14697926907924672,0.20292976310772395,0.0,0.0,5.0,2.0,0.15350692055508067,1.0,1.9963709686079712e-27,0.07434004130317402,0.7608564775429238,0.0,1.0,6.0,3.0,6.0,3.0,1.0479569335921595,1.0
6.0,0.55,0.00037639341207507115,0.07241697472605546,0.07141566797022869,-0.00015421426470519807,-0.00011191464123501501,0.26305884841844485,0.0477362431175109,7.183351329088002e-17,0.15771672420340588,0.21775463765211028,0.0,0.0,5.0,2.0,0.16472124813361383,1.0,3.441893941386334e-27,0.07604651353562202,0.7783219030262124,0.0,1.0,6.0,3.0,6.0,3.0,1.0720127368527905,1.0
6.0,0.6,0.00037639341207507115,0.07241697472605546,0.07141566797022869,-0.00015421426470519807,-0.00011191464123501501,0.26305884841844485,0.0477362431175109,5.8240590181499464e-15,0.1894153593657184,0.2615199697606675,0.0,0.0,5.0,2.0,0.1978276848443721,1.0,4.5297576668303006e-27,0.07692175834772871,0.7872798706712852,0.0,1.0,6.0,3.0,6.0,3.0,1.0843508907380852,1.0
6.0,0.65,0.00037639341207507115,0.07241697472605546,0.07141566797022869,-0.00015421426470519807,-0.00011191464123501501,0.26305884841844485,0.0477362431175109,8.257727756760912e-14,0.21154364118411279,0.2920718089113072,0.0,0.0,5.0,2.0,0.22093872914603635,1.0,7.06334047676855e-27,0.07835887076118626,0.8019884485731628,1.0,1.0,6.0,3.0,6.0,3.0,1.1046095816351258,1.0
6.0,0.7,0.00037639341207507115,0.07241697472605546,0.07141566797022869,-0.00015421426470519807,-0.00011191464123501501,0.26305884841844485,0.0477362431175109,3.6134705936506135e-13,0.2249629372850747,0.3105994189334551,0.0,0.0,5.0,2.0,0.2349540037720437,1.0,1.03966435787451e-26,0.07963120622233522,0.8150105650564556,1.0,1.0,6.0,3.0,6.0,3.0,1.1225454442603366,1.0
6.0,0.75,0.00037639341207507115,0.07241697472605546,0.07141566797022869,-0.00015421426470519807,-0.00011191464123501501,0.26305884841844485,0.0477362431175109,2.2428028223420725e-12,0.24274320452895728,0.3351480878879026,0.0,0.0,5.0,2.0,0.25352392923400235,1.0,1.870789180587416e-26,0.08160443862975127,0.8352062312487482,1.0,1.0,6.0,3.0,6.0,3.0,1.1503617132143342,1.0
6.0,0.8,0.00037639341207507115,0.07241697472605546,0.07141566797022869,-0.00015421426470519807,-0.00011191464123501501,0.26305884841844485,0.0477362431175109,6.589868407603233e-11,0.27945849524426397,0.3858397622577843,0.0,0.0,5.0,2.0,0.2918698214832861,1.0,2.9676670180471767e-26,0.08318851623915823,0.8514189705601606,1.0,1.0,6.0,3.0,6.0,3.0,1.1726921435588118,1.0
6.0,0.85,0.00037639341207507115,0.07241697472605546,0.07141566797022869,-0.00015421426470519807,-0.00011191464123501501,0.26305884841844485,0.0477362431175109,7.019251628848553e-10,0.30840842666237483,0.4258100435189776,0.0,0.0,5.0,2.0,0.3221054788662256,1.0,5.983600829073399e-26,0.08565502675030474,0.8766632462753183,1.0,1.0,6.0,3.0,6.0,3.0,1.2074620568736651,1.0
6.0,0.9,0.00037639341207507115,0.07241697472605546,0.07141566797022869,-0.00015421426470519807,-0.00011191464123501501,0.26305884841844485,0.0477362431175109,6.686259637844348e-8,0.37288944195291307,0.514837001128893,0.0,0.0,5.0,2.0,0.38945022859537787,1.0,1.324601365267403e-25,0.08853866365756202,0.9061767329684559,1.0,1.0,6.0,3.0,6.0,3.0,1.2481121189122162,1.0
6.0,0.95,0.00037639341207507115,0.07241697472605546,0.07141566797022869,-0.00015421426470519807,-0.00011191464123501501,0.26305884841844485,0.0477362431175109,1.7099929863499893e-5,0.4697919264922772,0.648627285672495,0.0,0.0,5.0,2.0,0.4906563516694683,1.0,2.884876268664053e-25,0.09145723045888676,0.9360477206219809,1.0,1.0,6.0,3.0,6.0,3.0,1.2892545807939202,1.0
7.0,0.4,-0.3298547211927729,0.041636986823503086,0.04162022301708046,3.284120259210125e-5,0.0006285464266616124,0.20570730851349084,-0.08220442505287062,8.753063276347442e-21,0.1044585334891373,0.14523732769023928,0.0,0.0,4.0,1.0,0.11086155116648035,0.0,4.2206453222403755e-29,0.06332419543051095,0.6129713673966222,0.0,0.0,6.0,3.0,6.0,3.0,0.8854173942910702,1.0
7.0,0.45,-0.3298547211927729,0.041636986823503086,0.04162022301708046,3.284120259210125e-5,0.0006285464266616124,0.20570730851349084,-0.08220442505287062,1.7507179641482604e-19,0.11834627587348459,0.16454660309532448,0.0,0.0,4.0,1.0,0.12560057354696705,0.0,7.039176128114003e-29,0.06468828505891937,0.6261756075625257,0.0,0.0,6.0,3.0,6.0,3.0,0.9044904938567848,1.0
7.0,0.5,-0.3298547211927729,0.041636986823503086,0.04162022301708046,3.284120259210125e-5,0.0006285464266616124,0.20570730851349084,-0.08220442505287062,1.0962698427649027e-17,0.14061030471007616,0.19550212146071735,0.0,0.0,4.0,1.0,0.1492293254506731,0.0,1.040595013354113e-28,0.065750486000639,0.6364575978708011,0.0,0.0,6.0,3.0,6.0,3.0,0.9193424976388617,1.0
7.0,0.55,-0.3298547211927729,0.041636986823503086,0.04162022301708046,3.284120259210125e-5,0.0006285464266616124,0.20570730851349084,-0.08220442505287062,1.5712323256206542e-16,0.15710762802938688,0.21843971279869753,0.0,0.0,4.0,1.0,0.16673788882203153,1.0,1.484133759538461e-28,0.06673038107276687,0.6459428762574257,0.0,0.0,6.0,3.0,6.0,3.0,0.9330436767149413,1.0
7.0,0.6,-0.3298547211927729,0.041636986823503086,0.04162022301708046,3.284120259210125e-5,0.0006285464266616124,0.20570730851349084,-0.08220442505287062,1.5720369425933851e-15,0.1729311393146824,0.2404404476069424,0.0,0.0,4.0,1.0,0.18353133735508598,1.0,1.9183728064975832e-28,0.0674477971550463,0.652887386392256,0.0,0.0,6.0,3.0,6.0,3.0,0.9430747978981766,1.0
7.0,0.65,-0.3298547211927729,0.041636986823503086,0.04162022301708046,3.284120259210125e-5,0.0006285464266616124,0.20570730851349084,-0.08220442505287062,5.927374062221968e-15,0.18276366236713099,0.25411141660191505,0.0,0.0,4.0,1.0,0.1939665667333348,1.0,3.0072632535078443e-28,0.06872309421421395,0.6652321240850184,0.0,0.0,6.0,3.0,6.0,3.0,0.9609063738289655,1.0
7.0,0.7,-0.3298547211927729,0.041636986823503086,0.04162022301708046,3.284120259210125e-5,0.0006285464266616124,0.20570730851349084,-0.08220442505287062,1.4762273213982474e-13,0.20896263683634186,0.29053801491835296,0.0,0.0,4.0,1.0,0.22177146549662982,1.0,4.529132429843423e-28,0.06990574266429059,0.6766800332556683,0.0,0.0,6.0,3.0,6.0,3.0,0.977442509849491,1.0
7.0,0.75,-0.3298547211927729,0.041636986823503086,0.04162022301708046,3.284120259210125e-5,0.0006285464266616124,0.20570730851349084,-0.08220442505287062,6.501362176149173e-13,0.22227763633601974,0.30905095858064546,0.0,0.0,4.0,1.0,0.2359026374460111,1.0,6.594429879124694e-28,0.07100865398496813,0.6873560956320913,0.0,1.0,6.0,3.0,6.0,3.0,0.9928637380395918,1.0
7.0,0.8,-0.3298547211927729,0.041636986823503086,0.04162022301708046,3.284120259210125e-5,0.0006285464266616124,0.20570730851349084,-0.08220442505287062,1.596436003811833e-12,0.23075541508849579,0.32083831466952595,0.0,0.0,4.0,1.0,0.24490008046528783,1.0,1.0174387340789888e-27,0.07230334769940669,0.6998885908513964,0.0,1.0,6.0,3.0,6.0,3.0,1.0109665236691572,1.0
7.0,0.85,-0.3298547211927729,0.041636986823503086,0.04162022301708046,3.284120259210125e-5,0.0006285464266616124,0.20570730851349084,-0.08220442505287062,7.2753195967453e-10,0.2978043872040824,0.41406203904296673,0.0,0.0,5.0,2.0,0.3160589681556363,1.0,1.8751552080123212e-27,0.07416894684003306,0.7179473888901111,0.0,1.0,6.0,3.0,6.0,3.0,1.0370518757001614,1.0
7.0,0.9,-0.3298547211927729,0.041636986823503086,0.04162022301708046,3.284120259210125e-5,0.0006285464266616124,0.20570730851349084,-0.08220442505287062,1.2465537891438707e-7,0.3689848606533176,0.5130301309946692,0.0,0.0,5.0,2.0,0.3916026067245932,1.0,4.390982689066953e-27,0.07684559306384459,0.7438570350323539,1.0,1.0,6.0,3.0,6.0,3.0,1.0744775249139278,1.0
7.0,0.95,-0.3298547211927729,0.041636986823503086,0.04162022301708046,3.284120259210125e-5,0.0006285464266616124,0.20570730851349084,-0.08220442505287062,5.108415407155526e-6,0.43072410788429966,0.5988713062622437,1.0,1.0,6.0,3.0,0.45712629815751243,1.0,1.3808586240359517e-26,0.0806031062533348,0.780229356577286,1.0,1.0,6.0,3.0,6.0,3.0,1.1270161717081635,1.0
8.0,0.4,0.2761188658508963,0.22259342451819222,0.22090853013119077,0.0002688164489036052,6.013038569134948e-5,0.2062930215987973,0.239312308704426,9.071568034325516e-20,0.11792258691646422,0.15757299574049585,0.0,0.0,2.0,0.0,0.12385444588612698,0.0,1.148852699685752e-27,0.06924629532464216,0.7200727948900821,0.0,1.0,4.0,2.0,6.0,3.0,1.032636248375503,1.0
8.0,0.45,0.2761188658508963,0.22259342451819222,0.22090853013119077,0.0002688164489036052,6.013038569134948e-5,0.2062930215987973,0.239312308704426,5.637923857494629e-19,0.12724972909407692,0.17003630555293317,0.0,0.0,2.0,0.0,0.13365077122393257,0.0,1.5901994106354858e-27,0.07019066309557576,0.7298930103547825,0.0,1.0,4.0,2.0,6.0,3.0,1.0467191446155357,1.0
8.0,0.5,0.2761188658508963,0.22259342451819222,0.22090853013119077,0.0002688164489036052,6.013038569134948e-5,0.2062930215987973,0.239312308704426,3.8330284392868576e-18,0.13782917329052788,0.184172992670263,0.0,0.0,2.0,0.0,0.14476239311926006,0.0,2.502540726956829e-27,0.07152942663039169,0.7438144367024644,0.0,1.0,4.0,2.0,6.0,3.0,1.066683472635872,1.0
8.0,0.55,0.2761188658508963,0.22259342451819222,0.22090853013119077,0.0002688164489036052,6.013038569134948e-5,0.2062930215987973,0.239312308704426,7.331313601478659e-17,0.15586291981420342,0.20827042420111394,0.0,0.0,2.0,0.0,0.16370329105362233,0.0,3.7914874739910774e-27,0.07277841561954664,0.7568023227401409,0.0,1.0,4.0,2.0,6.0,3.0,1.0853090366169724,1.0
8.0,0.6,0.2761188658508963,0.22259342451819222,0.22090853013119077,0.0002688164489036052,6.013038569134948e-5,0.2062930215987973,0.239312308704426,1.730751854177343e-15,0.17780884042557057,0.2375954631562541,0.0,0.0,2.0,0.0,0.18675315713828766,0.0,4.693047492249194e-27,0.07342818925677763,0.7635591364702222,0.0,1.0,4.0,2.0,6.0,3.0,1.0949987941397072,1.0
8.0,0.65,0.2761188658508963,0.22259342451819222,0.22090853013119077,0.0002688164489036052,6.013038569134948e-5,0.2062930215987973,0.239312308704426,2.4329579926973258e-14,0.19851005435076274,0.26525727400143295,0.0,0.0,2.0,0.0,0.2084957040660542,0.0,8.039909806362506e-27,0.07509384261272455,0.7808797983440703,0.0,1.0,4.0,2.0,6.0,3.0,1.1198378707215708,1.0
8.0,0.7,0.2761188658508963,0.22259342451819222,0.22090853013119077,0.0002688164489036052,6.013038569134948e-5,0.2062930215987973,0.239312308704426,1.3643573306822425e-13,0.2132957677516961,0.28501455049669755,0.0,0.0,2.0,0.0,0.22402518309284103,0.0,1.0808437363004566e-26,0.07602544723560668,0.790567293413464,0.0,1.0,4.0,2.0,6.0,3.0,1.1337304363560523,1.0
8.0,0.75,0.2761188658508963,0.22259342451819222,0.22090853013119077,0.0002688164489036052,6.013038569134948e-5,0.2062930215987973,0.239312308704426,1.272945750712483e-12,0.23409599219416935,0.31280866325473106,0.0,0.0,2.0,0.0,0.24587172106316707,0.0,1.912048495873845e-26,0.07785406918654053,0.8095826199783455,0.0,1.0,4.0,2.0,6.0,3.0,1.1609997841566333,1.0
8.0,0.8,0.2761188658508963,0.22259342451819222,0.22090853013119077,0.0002688164489036052,6.013038569134948e-5,0.2062930215987973,0.239312308704426,2.0097301014098448e-10,0.28906197915568893,0.3862564687671321,0.0,0.0,3.0,1.0,0.3036026616379841,0.0,3.191476388396154e-26,0.07953382094384777,0.827049887171993,1.0,1.0,4.0,2.0,6.0,3.0,1.18604910332578,1.0
8.0,0.85,0.2761188658508963,0.22259342451819222,0.22090853013119077,0.0002688164489036052,6.013038569134948e-5,0.2062930215987973,0.239312308704426,1.2544383404742031e-9,0.3119815809233172,0.4168825804064801,0.0,0.0,3.0,1.0,0.32767518795451755,0.0,7.252625720907013e-26,0.08230119954778621,0.8558270807606851,1.0,1.0,4.0,2.0,6.0,3.0,1.2273176714998324,1.0
8.0,0.9,0.2761188658508963,0.22259342451819222,0.22090853013119077,0.0002688164489036052,6.013038569134948e-5,0.2062930215987973,0.239312308704426,4.579335177625785e-7,0.39892721722052865,0.5330629046018815,0.0,0.0,4.0,2.0,0.4189944499160644,0.0,1.507613177454383e-25,0.08484917212697726,0.8823227326623467,1.0,1.0,4.0,2.0,6.0,3.0,1.2653143445753257,1.0
8.0,0.95,0.2761188658508963,0.22259342451819222,0.22090853013119077,0.0002688164489036052,6.013038569134948e-5,0.2062930215987973,0.239312308704426,8.088226750915806e-5,0.49490379920517186,0.6613107487147893,1.0,1.0,6.0,3.0,0.519798941155501,1.0,4.342856796292266e-25,0.08867329403589815,0.9220887033622572,1.0,1.0,4.0,2.0,6.0,3.0,1.322341610551725,1.0
9.0,0.4,-0.7042606504563829,0.031683989177638316,0.031116230610227114,0.0013781891528040922,0.0005793177549057189,-0.009631414289231255,-0.21400906307864276,3.249471857426696e-20,0.12270589438768961,0.16683409064749555,0.0,0.0,5.0,2.0,0.12262410872260557,0.0,1.3025926334009739e-27,0.07336863794293959,0.7439575782332692,1.0,1.0,6.0,3.0,6.0,3.0,1.077029858645156,1.0
9.0,0.45,-0.7042606504563829,0.031683989177638316,0.031116230610227114,0.0013781891528040922,0.0005793177549057189,-0.009631414289231255,-0.21400906307864276,9.339701539111337e-19,0.14113577132137126,0.19189182543944786,0.0,0.0,5.0,2.0,0.1410417018149122,0.0,2.0417559443217123e-27,0.07475557571157151,0.75802111944708,1.0,1.0,6.0,3.0,6.0,3.0,1.097389694002343,1.0
9.0,0.5,-0.7042606504563829,0.031683989177638316,0.031116230610227114,0.0013781891528040922,0.0005793177549057189,-0.009631414289231255,-0.21400906307864276,3.3713305186173393e-16,0.18038411152048567,0.24525487844694646,0.0,0.0,5.0,2.0,0.18026388229592472,0.0,3.0513798642527384e-27,0.07601759212196434,0.7708179587872989,1.0,1.0,6.0,3.0,6.0,3.0,1.1159157208470882,1.0
9.0,0.55,-0.7042606504563829,0.031683989177638316,0.031116230610227114,0.0013781891528040922,0.0005793177549057189,-0.009631414289231255,-0.21400906307864276,4.332934334892659e-15,0.20063459237797215,0.2727879531691678,0.0,0.0,5.0,2.0,0.20050086584707988,0.0,7.048999142850003e-27,0.07871643342012963,0.7981841944502875,1.0,1.0,6.0,3.0,6.0,3.0,1.1555339111715326,1.0
9.0,0.6,-0.7042606504563829,0.031683989177638316,0.031116230610227114,0.0013781891528040922,0.0005793177549057189,-0.009631414289231255,-0.21400906307864276,7.081392966618487e-13,0.24810080406770713,0.33732423566199105,0.0,0.0,5.0,2.0,0.24793544046093166,0.0,8.86890317007401e-27,0.07947331778879888,0.805858997713716,1.0,1.0,6.0,3.0,6.0,3.0,1.1666447493641743,1.0
9.0,0.65,-0.7042606504563829,0.031683989177638316,0.031116230610227114,0.0013781891528040922,0.0005793177549057189,-0.009631414289231255,-0.21400906307864276,3.0897856459405088e-12,0.26380735976723585,0.3586792728459097,0.0,0.0,5.0,2.0,0.2636315274612143,0.0,1.2545090097479545e-26,0.08062997131295084,0.8175874579769735,1.0,1.0,6.0,3.0,6.0,3.0,1.1836240802683093,1.0
9.0,0.7,-0.7042606504563829,0.031683989177638316,0.031116230610227114,0.0013781891528040922,0.0005793177549057189,-0.009631414289231255,-0.21400906307864276,1.5066470338262836e-11,0.2818104150096072,0.383156689886268,0.0,0.0,5.0,2.0,0.2816225833464733,0.0,1.623289420992049e-26,0.08150043545744642,0.8264139595317859,1.0,1.0,6.0,3.0,6.0,3.0,1.196402235905203,1.0
9.0,0.75,-0.7042606504563829,0.031683989177638316,0.031116230610227114,0.0013781891528040922,0.0005793177549057189,-0.009631414289231255,-0.21400906307864276,4.591990759608857e-11,0.29520470024257855,0.4013679046601537,0.0,0.0,5.0,2.0,0.29500794104966643,0.0,2.4651727057575452e-26,0.08293166865900606,0.8409266561876438,1.0,1.0,6.0,3.0,6.0,3.0,1.2174123150886662,1.0
9.0,0.8,-0.7042606504563829,0.031683989177638316,0.031116230610227114,0.0013781891528040922,0.0005793177549057189,-0.009631414289231255,-0.21400906307864276,3.8501039929373243e-10,0.32255311866771413,0.4385515178954643,0.0,0.0,5.0,2.0,0.3223381312666051,0.0,3.267885242601765e-26,0.08391144774263494,0.8508616106136351,1.0,1.0,6.0,3.0,6.0,3.0,1.2317951816312485,1.0
9.0,0.85,-0.7042606504563829,0.031683989177638316,0.031116230610227114,0.0013781891528040922,0.0005793177549057189,-0.009631414289231255,-0.21400906307864276,2.4883547536244038e-9,0.34863386598082075,0.47401157287572265,0.0,0.0,5.0,2.0,0.34840149529689934,0.0,4.3972321593714937e-26,0.0849557097329794,0.861450421352931,1.0,1.0,6.0,3.0,6.0,3.0,1.2471246381317749,1.0
9.0,0.9,-0.7042606504563829,0.031683989177638316,0.031116230610227114,0.0013781891528040922,0.0005793177549057189,-0.009631414289231255,-0.21400906307864276,1.6889427408267704e-8,0.3775929248128879,0.5133850542424007,0.0,0.0,5.0,2.0,0.3773412524002386,0.0,7.847435875226235e-26,0.08703095616112666,0.8824934085230403,1.0,1.0,6.0,3.0,6.0,3.0,1.2775886405969652,1.0
9.0,0.95,-0.7042606504563829,0.031683989177638316,0.031116230610227114,0.0013781891528040922,0.0005793177549057189,-0.009631414289231255,-0.21400906307864276,1.6322465904685156e-6,0.4568138891426913,0.6210959153231409,0.0,0.0,5.0,2.0,0.4565094145456917,1.0,2.51267388172854e-25,0.09135502402266588,0.9263394324452633,1.0,1.0,6.0,3.0,6.0,3.0,1.3410646751569575,1.0
10.0,0.4,-0.24879410290164072,0.024947554958156926,0.02377981536153556,-6.225141431209102e-5,0.0006472702893357251,0.1589885813793051,-0.06707782405952312,4.125007561264895e-21,0.10652073753676902,0.14682408075600656,0.0,0.0,4.0,1.0,0.11227808375796408,0.0,1.2599519694829904e-29,0.06358691938988507,0.6578111938572149,1.0,1.0,6.0,3.0,6.0,3.0,0.8765230832117638,1.0
10.0,0.45,-0.24879410290164072,0.024947554958156926,0.02377981536153556,-6.225141431209102e-5,0.0006472702893357251,0.1589885813793051,-0.06707782405952312,4.782154943565128e-20,0.11797114249580835,0.16260687780822045,0.0,0.0,4.0,1.0,0.12434737239398998,0.0,1.6456295559364222e-29,0.0642984058365606,0.6651715716423243,1.0,1.0,6.0,3.0,6.0,3.0,0.8863306709969118,1.0
10.0,0.5,-0.24879410290164072,0.024947554958156926,0.02377981536153556,-6.225141431209102e-5,0.0006472702893357251,0.1589885813793051,-0.06707782405952312,5.050025724558408e-19,0.13014536322977635,0.17938735463855196,0.0,0.0,4.0,1.0,0.13717959837050067,1.0,2.3203236590010924e-29,0.06522552136767988,0.6747626476092179,1.0,1.0,6.0,3.0,6.0,3.0,0.8991106290704808,1.0
10.0,0.55,-0.24879410290164072,0.024947554958156926,0.02377981536153556,-6.225141431209102e-5,0.0006472702893357251,0.1589885813793051,-0.06707782405952312,8.493174621641359e-18,0.14638707028592723,0.20177429790961732,0.0,0.0,4.0,1.0,0.15429915450006043,1.0,3.115813583005953e-29,0.06603160394346465,0.6831016290634574,1.0,1.0,6.0,3.0,6.0,3.0,0.9102221908732772,1.0
10.0,0.6,-0.24879410290164072,0.024947554958156926,0.02377981536153556,-6.225141431209102e-5,0.0006472702893357251,0.1589885813793051,-0.06707782405952312,5.934553493384987e-17,0.15873863285814746,0.21879921589744616,0.0,0.0,4.0,1.0,0.16731830747529006,1.0,4.37196641403379e-29,0.06697014454001371,0.6928108981430602,1.0,1.0,6.0,3.0,6.0,3.0,0.9231596394130075,1.0
10.0,0.65,-0.24879410290164072,0.024947554958156926,0.02377981536153556,-6.225141431209102e-5,0.0006472702893357251,0.1589885813793051,-0.06707782405952312,3.31539088316218e-16,0.17053508723375732,0.23505899413340917,0.0,0.0,4.0,1.0,0.17975234917514724,1.0,6.94872602453018e-29,0.06827563558882666,0.7063162956938364,1.0,1.0,6.0,3.0,6.0,3.0,0.9411553695126937,1.0
10.0,0.7,-0.24879410290164072,0.024947554958156926,0.02377981536153556,-6.225141431209102e-5,0.0006472702893357251,0.1589885813793051,-0.06707782405952312,4.082895987179995e-15,0.18934266262918462,0.2609826314695637,0.0,0.0,4.0,1.0,0.19957645642753175,1.0,9.684594385042236e-29,0.0692266148605269,0.7161542437506518,1.0,1.0,6.0,3.0,6.0,3.0,0.9542642807683279,1.0
10.0,0.75,-0.24879410290164072,0.024947554958156926,0.02377981536153556,-6.225141431209102e-5,0.0006472702893357251,0.1589885813793051,-0.06707782405952312,2.002550256626409e-14,0.20231314883945464,0.2788606499551567,0.0,0.0,5.0,2.0,0.21324798528448813,1.0,1.317375492371828e-28,0.07011984294981863,0.725394751726845,1.0,1.0,6.0,3.0,6.0,3.0,0.9665771125008539,1.0
10.0,0.8,-0.24879410290164072,0.024947554958156926,0.02377981536153556,-6.225141431209102e-5,0.0006472702893357251,0.1589885813793051,-0.06707782405952312,4.329265933205784e-12,0.2531096643491742,0.34887660992490793,0.0,0.0,5.0,2.0,0.26679000494093597,1.0,1.6767944580482332e-28,0.0708282255809544,0.7327230203199179,1.0,1.0,6.0,3.0,6.0,3.0,0.9763419152919693,1.0
10.0,0.85,-0.24879410290164072,0.024947554958156926,0.02377981536153556,-6.225141431209102e-5,0.0006472702893357251,0.1589885813793051,-0.06707782405952312,1.193559009835527e-10,0.29062075669471243,0.40058045444519425,1.0,1.0,6.0,3.0,0.3063285367387587,1.0,2.9419017333289307e-28,0.072506878549946,0.7500888044182741,1.0,1.0,6.0,3.0,6.0,3.0,0.9994815498290871,1.0
10.0,0.9,-0.24879410290164072,0.024947554958156926,0.02377981536153556,-6.225141431209102e-5,0.0006472702893357251,0.1589885813793051,-0.06707782405952312,7.85179132037205e-10,0.31435123055224157,0.43328962535976356,1.0,1.0,6.0,3.0,0.3313416205100959,1.0,4.012740372478955e-28,0.07345078017553532,0.7598535337237708,1.0,1.0,6.0,3.0,6.0,3.0,1.012492898248677,1.0
10.0,0.95,-0.24879410290164072,0.024947554958156926,0.02377981536153556,-6.225141431209102e-5,0.0006472702893357251,0.1589885813793051,-0.06707782405952312,2.376730144479231e-8,0.36234640902844145,0.49944433028805124,1.0,1.0,6.0,3.0,0.38193089348681647,1.0,1.0224389853963574e-27,0.076369730949341,0.790050286636965,1.0,1.0,6.0,3.0,6.0,3.0,1.0527295971884667,1.0
11.0,0.4,-1.0292879240286446,0.13843768273001122,0.14824111857608244,-0.00040523097762171873,0.0003772728268029387,0.11178988222108138,-0.2442682289588265,3.169768690608859e-22,0.09520952125169492,0.13400693660915544,0.0,0.0,2.0,0.0,0.09593536144428907,0.0,2.317789447209617e-26,0.11054534771945049,0.8002530491236933,0.0,1.0,4.0,2.0,6.0,3.0,1.074081335549237,1.0
11.0,0.45,-1.0292879240286446,0.13843768273001122,0.14824111857608244,-0.00040523097762171873,0.0003772728268029387,0.11178988222108138,-0.2442682289588265,3.3157627522055103e-19,0.12720237191665795,0.1790367178184539,0.0,0.0,2.0,0.0,0.1281721131034279,0.0,5.406185643028448e-26,0.11451600196626713,0.8289971639470066,0.0,1.0,4.0,2.0,6.0,3.0,1.1126610289004994,1.0
11.0,0.5,-1.0292879240286446,0.13843768273001122,0.14824111857608244,-0.00040523097762171873,0.0003772728268029387,0.11178988222108138,-0.2442682289588265,7.594817580810705e-18,0.14493027692214375,0.2039886576145063,0.0,0.0,2.0,0.0,0.14603516873055641,0.0,1.1934399500180444e-25,0.1183574895003735,0.8568062230866194,0.0,1.0,4.0,2.0,6.0,3.0,1.1499857119038956,1.0
11.0,0.55,-1.0292879240286446,0.13843768273001122,0.14824111857608244,-0.00040523097762171873,0.0003772728268029387,0.11178988222108138,-0.2442682289588265,3.389043962615459e-16,0.16978166281167315,0.23896686199749004,0.0,0.0,2.0,0.0,0.17107601187691415,0.0,2.270263966078046e-25,0.12157162890055115,0.8800738223873923,1.0,1.0,4.0,2.0,6.0,3.0,1.181214951404283,1.0
11.0,0.6,-1.0292879240286446,0.13843768273001122,0.14824111857608244,-0.00040523097762171873,0.0003772728268029387,0.11178988222108138,-0.2442682289588265,4.388667912634679e-15,0.18890121989466357,0.2658775453023893,0.0,0.0,2.0,0.0,0.19034132899328138,0.0,3.4980758737842195e-25,0.12378136624217248,0.8960704163814044,1.0,1.0,4.0,2.0,6.0,3.0,1.202685213917049,1.0
11.0,0.65,-1.0292879240286446,0.13843768273001122,0.14824111857608244,-0.00040523097762171873,0.0003772728268029387,0.11178988222108138,-0.2442682289588265,2.1086599709829154e-13,0.22197522539260237,0.3124290466638588,0.0,0.0,2.0,0.0,0.223667477787446,0.0,4.233152923842904e-25,0.12476900712749242,0.9032200852387707,1.0,1.0,4.0,2.0,6.0,3.0,1.2122813358980447,1.0
11.0,0.7,-1.0292879240286446,0.13843768273001122,0.14824111857608244,-0.00040523097762171873,0.0003772728268029387,0.11178988222108138,-0.2442682289588265,7.512942429684303e-13,0.23404335681263425,0.32941488275392716,0.0,0.0,3.0,1.0,0.2358276119265232,0.0,7.757735914590924e-25,0.12795816758900233,0.9263068585505254,1.0,1.0,4.0,2.0,6.0,3.0,1.2432678748926356,1.0
11.0,0.75,-1.0292879240286446,0.13843768273001122,0.14824111857608244,-0.00040523097762171873,0.0003772728268029387,0.11178988222108138,-0.2442682289588265,6.89078089028735e-12,0.25668397191663034,0.3612814380432121,0.0,0.0,3.0,1.0,0.25864083023460527,0.0,1.1509529074182671e-24,0.13007877917892702,0.9416582589111367,1.0,1.0,4.0,2.0,6.0,3.0,1.263872173270421,1.0
11.0,0.8,-1.0292879240286446,0.13843768273001122,0.14824111857608244,-0.00040523097762171873,0.0003772728268029387,0.11178988222108138,-0.2442682289588265,4.971181333469629e-9,0.3376681119028563,0.47526621993064283,0.0,0.0,5.0,2.0,0.3402423616643747,0.0,2.0127916996678858e-24,0.13314371552093088,0.9638457566544456,1.0,1.0,5.0,3.0,6.0,3.0,1.293651725169317,1.0
11.0,0.85,-1.0292879240286446,0.13843768273001122,0.14824111857608244,-0.00040523097762171873,0.0003772728268029387,0.11178988222108138,-0.2442682289588265,2.2681847103221743e-7,0.3959352482559064,0.5572769300466882,0.0,0.0,5.0,2.0,0.39895370390058027,0.0,3.342302132145919e-24,0.13598707275473074,0.9844292126120036,1.0,1.0,5.0,3.0,6.0,3.0,1.3212783688782317,1.0
11.0,0.9,-1.0292879240286446,0.13843768273001122,0.14824111857608244,-0.00040523097762171873,0.0003772728268029387,0.11178988222108138,-0.2442682289588265,2.3269749919097446e-5,0.4801982290466164,0.6758766643680929,0.0,0.0,5.0,2.0,0.48385907273611617,0.0,6.044490910602377e-24,0.13938596396342662,1.0090342557866971,1.0,1.0,5.0,3.0,6.0,3.0,1.354302694950167,1.0
11.0,0.95,-1.0292879240286446,0.13843768273001122,0.14824111857608244,-0.00040523097762171873,0.0003772728268029387,0.11178988222108138,-0.2442682289588265,0.0009114606506042467,0.5594912678306474,0.7874812295647672,0.0,0.0,5.0,2.0,0.5637566106688219,1.0,2.462868412621451e-23,0.14778797708649194,1.0698575899135596,1.0,1.0,6.0,3.0,6.0,3.0,1.4359383825905643,1.0
12.0,0.4,-0.3017173963574018,0.2687897101133607,0.26805641021976656,-0.00012849133638561993,-1.2419100669503826e-5,0.18804217713222837,0.0781321413607105,3.3697845895205003e-22,0.11388910506637093,0.15304891263782863,0.0,0.0,2.0,0.0,0.1228558628179602,0.0,8.57208319332276e-28,0.0831062726252523,0.9028391356304564,0.0,0.0,4.0,2.0,6.0,3.0,1.3674457319157292,1.0
12.0,0.45,-0.3017173963574018,0.2687897101133607,0.26805641021976656,-0.00012849133638561993,-1.2419100669503826e-5,0.18804217713222837,0.0781321413607105,1.212286031953438e-20,0.13222562759469222,0.17769029368023084,0.0,0.0,2.0,0.0,0.1426360629958881,0.0,1.4048627608812969e-27,0.08483465235417789,0.9216156829500657,0.0,0.0,4.0,2.0,6.0,3.0,1.3958848064739926,1.0
12.0,0.5,-0.3017173963574018,0.2687897101133607,0.26805641021976656,-0.00012849133638561993,-1.2419100669503826e-5,0.18804217713222837,0.0781321413607105,1.4380261817106524e-19,0.14657920915405906,0.19697923311688065,0.0,0.0,2.0,0.0,0.1581197358720276,1.0,2.4042528035696142e-27,0.08675530562548568,0.9424810266183175,0.0,0.0,4.0,2.0,6.0,3.0,1.4274875848849906,1.0
12.0,0.55,-0.3017173963574018,0.2687897101133607,0.26805641021976656,-0.00012849133638561993,-1.2419100669503826e-5,0.18804217713222837,0.0781321413607105,3.2633358044753935e-18,0.16694291714709927,0.2243448302369281,0.0,0.0,2.0,0.0,0.1800867266056889,1.0,3.34920080925634e-27,0.08796186349453193,0.9555886733598565,0.0,1.0,4.0,2.0,6.0,3.0,1.4473405076093255,1.0
12.0,0.6,-0.3017173963574018,0.2687897101133607,0.26805641021976656,-0.00012849133638561993,-1.2419100669503826e-5,0.18804217713222837,0.0781321413607105,2.043614677086501e-15,0.21832261105514436,0.29339099825895365,0.0,0.0,2.0,0.0,0.23551166495002804,1.0,6.643045741214701e-27,0.09050804283730504,0.9832495259570515,1.0,1.0,4.0,2.0,6.0,3.0,1.4892358058218607,1.0
12.0,0.65,-0.3017173963574018,0.2687897101133607,0.26805641021976656,-0.00012849133638561993,-1.2419100669503826e-5,0.18804217713222837,0.0781321413607105,7.44002392539364e-14,0.2535990885403831,0.3407969947997312,0.0,0.0,2.0,0.0,0.27356554267697725,1.0,9.146798609317837e-27,0.09172226101210176,0.9964403917337362,1.0,1.0,4.0,2.0,6.0,3.0,1.5092147726108929,1.0
12.0,0.7,-0.3017173963574018,0.2687897101133607,0.26805641021976656,-0.00012849133638561993,-1.2419100669503826e-5,0.18804217713222837,0.0781321413607105,7.206939733548735e-13,0.2787650851832292,0.3746161069912814,0.0,0.0,2.0,0.0,0.30071291756792007,1.0,2.1080806213851884e-26,0.09496943172210931,1.0317165833430915,1.0,1.0,4.0,2.0,6.0,3.0,1.562644310333324,1.0
12.0,0.75,-0.3017173963574018,0.2687897101133607,0.26805641021976656,-0.00012849133638561993,-1.2419100669503826e-5,0.18804217713222837,0.0781321413607105,7.693393323086085e-12,0.3076713131767719,0.4134614975165179,0.0,0.0,3.0,1.0,0.3318950010419256,1.0,3.045379467473837e-26,0.09643623892039399,1.0476514929618572,1.0,1.0,4.0,2.0,6.0,3.0,1.5867794228762993,1.0
12.0,0.8,-0.3017173963574018,0.2687897101133607,0.26805641021976656,-0.00012849133638561993,-1.2419100669503826e-5,0.18804217713222837,0.0781321413607105,1.0860563644998426e-10,0.3435520990458962,0.46167958877871507,0.0,0.0,3.0,1.0,0.3706007657765663,1.0,4.583568683155625e-26,0.09809315307753415,1.0656516618804153,1.0,1.0,4.0,2.0,6.0,3.0,1.6140425899124258,1.0
12.0,0.85,-0.3017173963574018,0.2687897101133607,0.26805641021976656,-0.00012849133638561993,-1.2419100669503826e-5,0.18804217713222837,0.0781321413607105,3.207555740938709e-9,0.39559975745452775,0.5316233952573415,0.0,0.0,3.0,1.0,0.42674625904144414,1.0,9.120316782497457e-26,0.10094596221620548,1.0966436394473897,1.0,1.0,4.0,2.0,6.0,3.0,1.6609832305814782,1.0
12.0,0.9,-0.3017173963574018,0.2687897101133607,0.26805641021976656,-0.00012849133638561993,-1.2419100669503826e-5,0.18804217713222837,0.0781321413607105,1.19707884438216e-5,0.5572976425933862,0.7489197334972163,1.0,1.0,6.0,3.0,0.6011749999029767,1.0,1.4543444354851598e-25,0.10292787540677076,1.118174490673665,1.0,1.0,4.0,2.0,6.0,3.0,1.6935939908508844,1.0
12.0,0.95,-0.3017173963574018,0.2687897101133607,0.26805641021976656,-0.00012849133638561993,-1.2419100669503826e-5,0.18804217713222837,0.0781321413607105,0.028994926189813527,0.7710730213935268,1.0361999720681876,1.0,1.0,6.0,3.0,0.83178141828182,1.0,3.9469535887593653e-25,0.10729993431329876,1.165671096638589,1.0,1.0,4.0,2.0,6.0,3.0,1.765532643645178,1.0
13.0,0.4,-0.4677940950282877,0.07665930335417354,0.07635475137205316,0.00024362411315106733,-7.814936323266076e-5,0.06543436781073708,-0.10502786409472709,3.6004634353597e-18,0.1436897669352733,0.1954151207433765,0.0,0.0,2.0,0.0,0.14917108153903372,0.0,2.0070799225639017e-28,0.06660304457279531,0.6583291340447904,1.0,1.0,4.0,2.0,6.0,3.0,1.0358900787214995,1.0
13.0,0.45,-0.4677940950282877,0.07665930335417354,0.07635475137205316,0.00024362411315106733,-7.814936323266076e-5,0.06543436781073708,-0.10502786409472709,2.3317505297657907e-17,0.15532129171575135,0.2112337546509016,0.0,0.0,5.0,2.0,0.16124631256250369,0.0,4.0085540794116367e-28,0.06855067105595142,0.6775801947781699,1.0,1.0,6.0,3.0,6.0,3.0,1.0661818914141086,1.0
13.0,0.5,-0.4677940950282877,0.07665930335417354,0.07635475137205316,0.00024362411315106733,-7.814936323266076e-5,0.06543436781073708,-0.10502786409472709,7.760273207723016e-17,0.16330110205367698,0.2220861321998011,0.0,0.0,5.0,2.0,0.16953052767380614,0.0,5.176350331019499e-28,0.06928483817897074,0.6848369742458594,1.0,1.0,6.0,3.0,6.0,3.0,1.0776005351673694,1.0
13.0,0.55,-0.4677940950282877,0.07665930335417354,0.07635475137205316,0.00024362411315106733,-7.814936323266076e-5,0.06543436781073708,-0.10502786409472709,1.4576806952612178e-15,0.18452852356595448,0.2509549878348782,0.0,0.0,5.0,2.0,0.19156770883715082,0.0,9.324699546872856e-28,0.07100495770164582,0.7018392720098682,1.0,1.0,6.0,3.0,6.0,3.0,1.1043538879485133,1.0
13.0,0.6,-0.4677940950282877,0.07665930335417354,0.07635475137205316,0.00024362411315106733,-7.814936323266076e-5,0.06543436781073708,-0.10502786409472709,4.3069560497712316e-14,0.21248813030718214,0.2889794765915168,0.0,0.0,5.0,2.0,0.22059388701220317,1.0,1.181130959303066e-27,0.07170778482727695,0.7087862753483452,1.0,1.0,6.0,3.0,6.0,3.0,1.115285094639852,1.0
13.0,0.65,-0.4677940950282877,0.07665930335417354,0.07635475137205316,0.00024362411315106733,-7.814936323266076e-5,0.06543436781073708,-0.10502786409472709,8.279095665976545e-13,0.24034044504331412,0.32685805043314264,0.0,0.0,5.0,2.0,0.24950868032818044,1.0,2.0507077513760384e-27,0.07337529803773338,0.7252685928593439,1.0,1.0,6.0,3.0,6.0,3.0,1.1412202512370981,1.0
13.0,0.7,-0.4677940950282877,0.07665930335417354,0.07635475137205316,0.00024362411315106733,-7.814936323266076e-5,0.06543436781073708,-0.10502786409472709,6.426123119905922e-12,0.26176331596165303,0.35599271323110465,0.0,0.0,5.0,2.0,0.27174876668032294,1.0,3.1925545089582665e-27,0.07474112854179314,0.738768966885142,1.0,1.0,6.0,3.0,6.0,3.0,1.1624632781504443,1.0
13.0,0.75,-0.4677940950282877,0.07665930335417354,0.07635475137205316,0.00024362411315106733,-7.814936323266076e-5,0.06543436781073708,-0.10502786409472709,1.2803343197717026e-11,0.2693907718530576,0.36636589599682684,0.0,0.0,5.0,2.0,0.2796671861264665,1.0,3.737859736776877e-27,0.07523383138733195,0.7436390240983741,1.0,1.0,6.0,3.0,6.0,3.0,1.1701263811320761,1.0
13.0,0.8,-0.4677940950282877,0.07665930335417354,0.07635475137205316,0.00024362411315106733,-7.814936323266076e-5,0.06543436781073708,-0.10502786409472709,1.1147823642534674e-10,0.2948110972896934,0.4009370145286969,0.0,0.0,5.0,2.0,0.3060572173676287,1.0,6.1502532015169975e-27,0.07681117863656253,0.7592301078894304,1.0,1.0,6.0,3.0,6.0,3.0,1.1946591690347477,1.0
13.0,0.85,-0.4677940950282877,0.07665930335417354,0.07635475137205316,0.00024362411315106733,-7.814936323266076e-5,0.06543436781073708,-0.10502786409472709,1.324497250388293e-9,0.32683586025614836,0.44449003194493947,0.0,0.0,5.0,2.0,0.33930362474672343,1.0,9.169495032485608e-27,0.07810010424589477,0.7719703254828227,1.0,1.0,6.0,3.0,6.0,3.0,1.2147060791945077,1.0
13.0,0.9,-0.4677940950282877,0.07665930335417354,0.07635475137205316,0.00024362411315106733,-7.814936323266076e-5,0.06543436781073708,-0.10502786409472709,1.51710697640431e-7,0.39821710924120624,0.5415670589785457,1.0,1.0,6.0,3.0,0.41340784483015264,1.0,1.438448772820914e-26,0.07957918512594765,0.7865901081247888,1.0,1.0,6.0,3.0,6.0,3.0,1.2377105111855837,1.0
13.0,0.95,-0.4677940950282877,0.07665930335417354,0.07635475137205316,0.00024362411315106733,-7.814936323266076e-5,0.06543436781073708,-0.10502786409472709,2.5519109772487376e-6,0.4479164063693115,0.6091570784788524,1.0,1.0,6.0,3.0,0.465003014496402,1.0,3.1583650969807273e-26,0.08223022619517094,0.8127939788729408,1.0,1.0,6.0,3.0,6.0,3.0,1.2789426674557087,1.0
14.0,0.4,-0.25434289091790263,0.017052638681066157,0.014951775103216214,-0.0012855010849201274,-0.0005224438053870491,0.2245930213737661,-0.07481278023715665,3.397687307310229e-23,0.08666781819939079,0.12063932142436558,0.0,0.0,4.0,1.0,0.09580875431989891,0.0,3.986608409453728e-28,0.06846340336415607,0.6580696938524362,0.0,0.0,6.0,3.0,6.0,3.0,0.9549827050234154,1.0
14.0,0.45,-0.25434289091790263,0.017052638681066157,0.014951775103216214,-0.0012855010849201274,-0.0005224438053870491,0.2245930213737661,-0.07481278023715665,2.300845955975897e-21,0.10330877280213621,0.14380309216231404,0.0,0.0,4.0,1.0,0.11420484602160783,0.0,6.860428405429272e-28,0.07002954481776594,0.6731234331680929,0.0,1.0,6.0,3.0,6.0,3.0,0.9768285077198186,1.0
14.0,0.5,-0.25434289091790263,0.017052638681066157,0.014951775103216214,-0.0012855010849201274,-0.0005224438053870491,0.2245930213737661,-0.07481278023715665,2.6514734213701926e-20,0.11438538147967138,0.15922143985241977,0.0,0.0,4.0,1.0,0.12644971501141108,0.0,1.220876253211944e-27,0.07173173255528281,0.6894848482930318,0.0,1.0,6.0,3.0,6.0,3.0,1.0005719935845983,1.0
14.0,0.55,-0.25434289091790263,0.017052638681066157,0.014951775103216214,-0.0012855010849201274,-0.0005224438053870491,0.2245930213737661,-0.07481278023715665,9.632333760256781e-19,0.132855855946439,0.1849318540794227,0.0,0.0,4.0,1.0,0.1468682877541474,0.0,2.2036951319930738e-27,0.0735187275361611,0.7066614299731369,0.0,1.0,6.0,3.0,6.0,3.0,1.0254984392014683,1.0
14.0,0.6,-0.25434289091790263,0.017052638681066157,0.014951775103216214,-0.0012855010849201274,-0.0005224438053870491,0.2245930213737661,-0.07481278023715665,1.6889403424930893e-17,0.1496956399481415,0.20837239010658395,0.0,0.0,4.0,1.0,0.16548417957811648,1.0,4.478851644185312e-27,0.07572372103305632,0.7278558100966374,0.0,1.0,6.0,3.0,6.0,3.0,1.0562554648641225,1.0
14.0,0.65,-0.25434289091790263,0.017052638681066157,0.014951775103216214,-0.0012855010849201274,-0.0005224438053870491,0.2245930213737661,-0.07481278023715665,5.245405298729455e-16,0.172735929821971,0.24044386708094037,0.0,0.0,4.0,1.0,0.19095455044752535,1.0,5.972300170931904e-27,0.07663713071879595,0.7366354968010704,1.0,1.0,6.0,3.0,6.0,3.0,1.0689964390141,1.0
14.0,0.7,-0.25434289091790263,0.017052638681066157,0.014951775103216214,-0.0012855010849201274,-0.0005224438053870491,0.2245930213737661,-0.07481278023715665,3.5243199502292908e-15,0.1870050610593337,0.26030612213194787,0.0,0.0,5.0,2.0,0.20672866034762305,1.0,7.545687272671847e-27,0.07738749436658268,0.7438479862730084,1.0,1.0,6.0,3.0,6.0,3.0,1.0794631156749597,1.0
14.0,0.75,-0.25434289091790263,0.017052638681066157,0.014951775103216214,-0.0012855010849201274,-0.0005224438053870491,0.2245930213737661,-0.07481278023715665,1.4507491119480034e-13,0.21833577466337145,0.3039176506953705,0.0,0.0,5.0,2.0,0.2413638537183668,1.0,1.1287167172145998e-26,0.07869691511575187,0.7564341281997612,1.0,1.0,6.0,3.0,6.0,3.0,1.0977279711686914,1.0
14.0,0.8,-0.25434289091790263,0.017052638681066157,0.014951775103216214,-0.0012855010849201274,-0.0005224438053870491,0.2245930213737661,-0.07481278023715665,1.8089065525063211e-12,0.24254047688761865,0.3376099590086372,0.0,0.0,5.0,2.0,0.2681214486015563,1.0,2.4516816782298458e-26,0.08128199205077533,0.781281867336646,1.0,1.0,6.0,3.0,6.0,3.0,1.1337867068259204,1.0
14.0,0.85,-0.25434289091790263,0.017052638681066157,0.014951775103216214,-0.0012855010849201274,-0.0005224438053870491,0.2245930213737661,-0.07481278023715665,4.4617036472928894e-11,0.2771965059264359,0.3858502391191548,0.0,0.0,5.0,2.0,0.3064326815466896,1.0,3.5588442933423215e-26,0.08255395350698398,0.7935079508345279,1.0,1.0,6.0,3.0,6.0,3.0,1.151529049923804,1.0
14.0,0.9,-0.25434289091790263,0.017052638681066157,0.014951775103216214,-0.0012855010849201274,-0.0005224438053870491,0.2245930213737661,-0.07481278023715665,2.065575151021186e-9,0.32522600420286885,0.4527060363551159,0.0,0.0,5.0,2.0,0.35952789608050983,1.0,6.284490566431769e-26,0.08453331920969213,0.8125335983775643,1.0,1.0,6.0,3.0,6.0,3.0,1.1791388373448086,1.0
14.0,0.95,-0.25434289091790263,0.017052638681066157,0.014951775103216214,-0.0012855010849201274,-0.0005224438053870491,0.2245930213737661,-0.07481278023715665,9.600573526338136e-5,0.5089255688468415,0.7084109944932685,1.0,1.0,6.0,3.0,0.5626024262037392,1.0,2.3617840793209133e-25,0.08932746510155726,0.8586148909268525,1.0,1.0,6.0,3.0,6.0,3.0,1.2460114464632623,1.0
15.0,0.4,-1.4704671537640794,-1.0583344815053546,-1.059026136159889,7.925333600401306e-5,-0.0002832189844821162,-0.03211073112170193,-1.196172808694619,6.007727072601057e-19,0.16350145114258033,0.2291825698344833,0.0,0.0,3.0,1.0,0.22761007265514868,0.0,4.293015663384174e-28,0.0857018141557784,1.0165555562143205,0.0,0.0,3.0,1.0,3.0,1.0,1.838502118729596,0.0
15.0,0.45,-1.4704671537640794,-1.0583344815053546,-1.059026136159889,7.925333600401306e-5,-0.0002832189844821162,-0.03211073112170193,-1.196172808694619,1.6828970463834707e-17,0.1878571594989054,0.2633223514219514,0.0,0.0,3.0,1.0,0.2615156099443346,0.0,6.28288745554158e-28,0.08707260724909283,1.0328152742746184,0.0,0.0,3.0,1.0,3.0,1.0,1.8679088008544047,0.0
15.0,0.5,-1.4704671537640794,-1.0583344815053546,-1.059026136159889,7.925333600401306e-5,-0.0002832189844821162,-0.03211073112170193,-1.196172808694619,3.879893000620168e-17,0.19451040717503273,0.2726483139103849,0.0,0.0,3.0,1.0,0.2707775839291126,0.0,1.223400041699655e-27,0.08952416232319306,1.06189449455124,0.0,0.0,3.0,1.0,4.0,2.0,1.9205003269768621,0.0
15.0,0.55,-1.4704671537640794,-1.0583344815053546,-1.059026136159889,7.925333600401306e-5,-0.0002832189844821162,-0.03211073112170193,-1.196172808694619,2.509092194832991e-16,0.2102431618322052,0.2947011649261348,0.0,0.0,3.0,1.0,0.2926791230626212,0.0,2.156522405537467e-27,0.09166382895287452,1.087274237352197,0.0,0.0,3.0,1.0,4.0,2.0,1.9664011246530246,0.0
15.0,0.6,-1.4704671537640794,-1.0583344815053546,-1.059026136159889,7.925333600401306e-5,-0.0002832189844821162,-0.03211073112170193,-1.196172808694619,9.806726083870698e-15,0.2449376360127091,0.34333295807646025,0.0,0.0,3.0,1.0,0.340977237444923,0.0,2.681887656806e-27,0.09250032737455452,1.0971963974219672,0.0,0.0,3.0,1.0,4.0,2.0,1.984345950392385,0.0
15.0,0.65,-1.4704671537640794,-1.0583344815053546,-1.059026136159889,7.925333600401306e-5,-0.0002832189844821162,-0.03211073112170193,-1.196172808694619,1.2922986534216626e-12,0.30018026772108664,0.42076742860177213,0.0,0.0,3.0,1.0,0.41788040453571873,0.0,5.398061247973081e-27,0.09523607482254028,1.1296465771065418,0.0,0.0,3.0,1.0,4.0,2.0,2.043034060194688,0.0
15.0,0.7,-1.4704671537640794,-1.0583344815053546,-1.059026136159889,7.925333600401306e-5,-0.0002832189844821162,-0.03211073112170193,-1.196172808694619,5.194538486855328e-12,0.31809473225853707,0.44587841686034896,0.0,0.0,3.0,1.0,0.4428190980240805,0.0,8.93173289574107e-27,0.09725543951459573,1.1535993535787024,0.0,0.0,3.0,1.0,4.0,2.0,2.086354103082969,0.0
15.0,0.75,-1.4704671537640794,-1.0583344815053546,-1.059026136159889,7.925333600401306e-5,-0.0002832189844821162,-0.03211073112170193,-1.196172808694619,6.375773594406042e-11,0.3531269719579865,0.4949836612803265,0.0,0.0,3.0,1.0,0.49158741517076365,0.0,1.7619834079271716e-26,0.1000479792259851,1.1867231770067808,0.0,0.0,3.0,1.0,4.0,2.0,2.1462605382804045,0.0
15.0,0.8,-1.4704671537640794,-1.0583344815053546,-1.059026136159889,7.925333600401306e-5,-0.0002832189844821162,-0.03211073112170193,-1.196172808694619,6.067034517618114e-10,0.38788177367631066,0.543700016494492,0.0,0.0,3.0,1.0,0.539969511408703,0.0,2.526261979754273e-26,0.10156128293657302,1.2046732905532882,0.0,0.0,3.0,1.0,4.0,2.0,2.1787244027341974,0.0
15.0,0.85,-1.4704671537640794,-1.0583344815053546,-1.059026136159889,7.925333600401306e-5,-0.0002832189844821162,-0.03211073112170193,-1.196172808694619,8.90902294296994e-9,0.4338286938964285,0.6081045412154606,0.0,0.0,3.0,1.0,0.6039321354496451,0.0,4.970143413888611e-26,0.10446567559211514,1.2391238622302512,0.0,0.0,3.0,1.0,4.0,2.0,2.24103034226928,0.0
15.0,0.9,-1.4704671537640794,-1.0583344815053546,-1.059026136159889,7.925333600401306e-5,-0.0002832189844821162,-0.03211073112170193,-1.196172808694619,4.641543194262436e-8,0.46471456751752194,0.6513977587288179,0.0,0.0,3.0,1.0,0.6469283039226968,0.0,8.961551575499814e-26,0.10706336256343435,1.269936431952523,0.0,0.0,3.0,1.0,4.0,2.0,2.2967567355505905,0.0
15.0,0.95,-1.4704671537640794,-1.0583344815053546,-1.059026136159889,7.925333600401306e-5,-0.0002832189844821162,-0.03211073112170193,-1.196172808694619,6.475683450585804e-5,0.6283653864765825,0.8807896997939065,0.0,0.0,3.0,1.0,0.8747463112434024,0.0,2.2791081314140623e-25,0.11130938528502402,1.320300803255078,0.0,0.0,3.0,1.0,4.0,2.0,2.387843742829422,0.0
16.0,0.4,-0.026058843101160467,0.02743951205952183,0.027990541704081773,6.095385488757235e-5,-0.0004198791331182755,0.18957454218448944,0.00997441343566774,1.2507548576764884e-18,0.15656006532102426,0.2179747343836999,0.0,0.0,5.0,2.0,0.18012354934825658,1.0,1.0266854009482702e-27,0.07991652231735437,0.8841247039997404,1.0,1.0,6.0,3.0,6.0,3.0,1.3086434391267083,1.0
16.0,0.45,-0.026058843101160467,0.02743951205952183,0.027990541704081773,6.095385488757235e-5,-0.0004198791331182755,0.18957454218448944,0.00997441343566774,1.8813600389775822e-17,0.17528112368529494,0.24403960422114013,0.0,0.0,5.0,2.0,0.20166226979535046,1.0,1.988131834205481e-27,0.08214766714393942,0.9088080886389227,1.0,1.0,6.0,3.0,6.0,3.0,1.3451787256280068,1.0
16.0,0.5,-0.026058843101160467,0.02743951205952183,0.027990541704081773,6.095385488757235e-5,-0.0004198791331182755,0.18957454218448944,0.00997441343566774,9.036559605894962e-17,0.18712520199371707,0.26052982360118637,0.0,0.0,5.0,2.0,0.21528897223250892,1.0,3.365907830050592e-27,0.08396970189492726,0.9289654464440752,1.0,1.0,6.0,3.0,6.0,3.0,1.375014781472285,1.0
16.0,0.55,-0.026058843101160467,0.02743951205952183,0.027990541704081773,6.095385488757235e-5,-0.0004198791331182755,0.18957454218448944,0.00997441343566774,5.928211120372443e-16,0.20238141970544926,0.28177068088235757,0.0,0.0,5.0,2.0,0.2328413670800212,1.0,4.844650414297199e-27,0.08525357914497164,0.9431691124789898,1.0,1.0,6.0,3.0,6.0,3.0,1.3960384382981263,1.0
16.0,0.6,-0.026058843101160467,0.02743951205952183,0.027990541704081773,6.095385488757235e-5,-0.0004198791331182755,0.18957454218448944,0.00997441343566774,9.791115806877838e-15,0.22746617605295702,0.3166955711518914,0.0,0.0,5.0,2.0,0.26170157059733884,1.0,6.628653804327229e-27,0.0863746050650437,0.9555711375048526,1.0,1.0,6.0,3.0,6.0,3.0,1.4143953834310434,1.0
16.0,0.65,-0.026058843101160467,0.02743951205952183,0.027990541704081773,6.095385488757235e-5,-0.0004198791331182755,0.18957454218448944,0.00997441343566774,1.961495900535111e-13,0.25772504697523113,0.3588242540858761,0.0,0.0,5.0,2.0,0.2965146323996249,1.0,1.0565404733465079e-26,0.08806877212225364,0.9743138818654462,1.0,1.0,6.0,3.0,6.0,3.0,1.4421375891716581,1.0
16.0,0.7,-0.026058843101160467,0.02743951205952183,0.027990541704081773,6.095385488757235e-5,-0.0004198791331182755,0.18957454218448944,0.00997441343566774,1.1565020053945853e-12,0.2775001689345996,0.3863566707826884,0.0,0.0,5.0,2.0,0.3192660610529813,1.0,1.713288252047532e-26,0.08986066339568731,0.9941377592788435,1.0,1.0,6.0,3.0,6.0,3.0,1.471480041653454,1.0
16.0,0.75,-0.026058843101160467,0.02743951205952183,0.027990541704081773,6.095385488757235e-5,-0.0004198791331182755,0.18957454218448944,0.00997441343566774,1.882987301449736e-12,0.2831940515941969,0.3942841237879794,0.0,0.0,5.0,2.0,0.32581691648419353,1.0,2.712074062476874e-26,0.09159692972641403,1.013346252231309,1.0,1.0,6.0,3.0,6.0,3.0,1.4999116284692464,1.0
16.0,0.8,-0.026058843101160467,0.02743951205952183,0.027990541704081773,6.095385488757235e-5,-0.0004198791331182755,0.18957454218448944,0.00997441343566774,3.4015931493921184e-9,0.3870664989532146,0.5389031815051598,0.0,0.0,5.0,2.0,0.44532295948073847,1.0,3.54377513763631e-26,0.09262348314165271,1.0247031182218447,1.0,1.0,6.0,3.0,6.0,3.0,1.5167215740576008,1.0
16.0,0.85,-0.026058843101160467,0.02743951205952183,0.027990541704081773,6.095385488757235e-5,-0.0004198791331182755,0.18957454218448944,0.00997441343566774,9.286882013971118e-8,0.4442492799777582,0.6185173633183065,1.0,1.0,6.0,3.0,0.5111121852237462,1.0,4.5795695983065787e-26,0.09361836380227828,1.0357095852712699,1.0,1.0,6.0,3.0,6.0,3.0,1.5330128741728832,1.0
16.0,0.9,-0.026058843101160467,0.02743951205952183,0.027990541704081773,6.095385488757235e-5,-0.0004198791331182755,0.18957454218448944,0.00997441343566774,1.9123174049594557e-6,0.5039225789933338,0.7015990321720333,1.0,1.0,6.0,3.0,0.5797667709124116,1.0,6.682302315124491e-26,0.09510396141893995,1.052144904464439,1.0,1.0,6.0,3.0,6.0,3.0,1.5573397282182373,1.0
16.0,0.95,-0.026058843101160467,0.02743951205952183,0.027990541704081773,6.095385488757235e-5,-0.0004198791331182755,0.18957454218448944,0.00997441343566774,9.208399464051743e-5,0.5922064845766966,0.8245145459745493,1.0,1.0,6.0,3.0,0.6813380776910261,1.0,2.2385602807867437e-25,0.1000173596156998,1.1065023339468254,1.0,1.0,6.0,3.0,6.0,3.0,1.6377972622494759,1.0
18.0,0.4,-0.0066075177197971735,0.1356230178162724,0.1347257136848946,-0.0002465293136092387,-2.1543165272555617e-5,0.23304481737325874,0.08761496988333073,4.9574678232739587e-20,0.11394389708359369,0.1566389700698861,0.0,0.0,3.0,1.0,0.1279721643117406,0.0,6.585622903729117e-28,0.07232824261433313,0.7040150022554241,0.0,0.0,4.0,2.0,6.0,3.0,1.1016915971365429,1.0
18.0,0.45,-0.0066075177197971735,0.1356230178162724,0.1347257136848946,-0.0002465293136092387,-2.1543165272555617e-5,0.23304481737325874,0.08761496988333073,4.357817211443685e-19,0.12474546946003488,0.17148791955719225,0.0,0.0,3.0,1.0,0.14010357837044168,0.0,1.147985405675093e-27,0.07402249611040773,0.7205062072916136,0.0,0.0,4.0,2.0,6.0,3.0,1.1274981807417517,1.0
18.0,0.5,-0.0066075177197971735,0.1356230178162724,0.1347257136848946,-0.0002465293136092387,-2.1543165272555617e-5,0.23304481737325874,0.08761496988333073,1.6078546366078624e-17,0.14498247932186012,0.1993077893631623,0.0,0.0,3.0,1.0,0.16283207912828263,0.0,1.792882911698217e-27,0.07541036465620637,0.7340151803024832,0.0,0.0,4.0,2.0,6.0,3.0,1.1486379604401107,1.0
18.0,0.55,-0.0066075177197971735,0.1356230178162724,0.1347257136848946,-0.0002465293136092387,-2.1543165272555617e-5,0.23304481737325874,0.08761496988333073,1.4577701067354945e-16,0.1589311221160697,0.2184830246945886,0.0,0.0,3.0,1.0,0.17849801695623663,1.0,3.160901997817574e-27,0.07721325071384827,0.7515637724714503,0.0,0.0,4.0,2.0,6.0,3.0,1.1760992169079283,1.0
18.0,0.6,-0.0066075177197971735,0.1356230178162724,0.1347257136848946,-0.0002465293136092387,-2.1543165272555617e-5,0.23304481737325874,0.08761496988333073,1.0799261854756057e-15,0.1727613779521929,0.2374955131684912,0.0,0.0,3.0,1.0,0.1940309925489119,1.0,5.262156388027442e-27,0.07887054954028057,0.7676952751162754,0.0,0.0,4.0,2.0,6.0,3.0,1.2013429132156122,1.0
18.0,0.65,-0.0066075177197971735,0.1356230178162724,0.1347257136848946,-0.0002465293136092387,-2.1543165272555617e-5,0.23304481737325874,0.08761496988333073,4.506563458645783e-14,0.20182058861406887,0.27744328523548234,0.0,0.0,3.0,1.0,0.22666784433977902,1.0,7.916170741706186e-27,0.08022403626197855,0.7808695888143113,0.0,0.0,4.0,2.0,6.0,3.0,1.2219589947659617,1.0
18.0,0.7,-0.0066075177197971735,0.1356230178162724,0.1347257136848946,-0.0002465293136092387,-2.1543165272555617e-5,0.23304481737325874,0.08761496988333073,3.2765368124892243e-12,0.24128530164390663,0.3316955283245726,0.0,0.0,3.0,1.0,0.2709912777981321,1.0,1.2395843195986662e-26,0.08173716058547166,0.7955977528829021,0.0,0.0,4.0,2.0,6.0,3.0,1.2450066493523442,1.0
18.0,0.75,-0.0066075177197971735,0.1356230178162724,0.1347257136848946,-0.0002465293136092387,-2.1543165272555617e-5,0.23304481737325874,0.08761496988333073,1.3889561006083422e-11,0.25625199862274284,0.35227028537709876,0.0,0.0,3.0,1.0,0.2878006081264998,1.0,2.6303725171368e-26,0.08434003229501608,0.8209330944622144,0.0,1.0,4.0,2.0,6.0,3.0,1.284653152394315,1.0
18.0,0.8,-0.0066075177197971735,0.1356230178162724,0.1347257136848946,-0.0002465293136092387,-2.1543165272555617e-5,0.23304481737325874,0.08761496988333073,1.36321794221541e-9,0.3102145237358043,0.4264527082398092,0.0,0.0,5.0,2.0,0.3484067599889277,1.0,3.447041995986336e-26,0.08529560444359069,0.8302342623603634,0.0,1.0,4.0,2.0,6.0,3.0,1.2992082662542739,1.0
18.0,0.85,-0.0066075177197971735,0.1356230178162724,0.1347257136848946,-0.0002465293136092387,-2.1543165272555617e-5,0.23304481737325874,0.08761496988333073,1.6189939009791417e-7,0.3785359432847056,0.5203743404269305,0.0,0.0,5.0,2.0,0.42513960968344866,1.0,6.92513708828908e-26,0.0878113982940185,0.8547220219030256,1.0,1.0,4.0,2.0,6.0,3.0,1.3375284140272938,1.0
18.0,0.9,-0.0066075177197971735,0.1356230178162724,0.1347257136848946,-0.0002465293136092387,-2.1543165272555617e-5,0.23304481737325874,0.08761496988333073,5.823096971241274e-7,0.3992730438366467,0.5488816861982331,0.0,0.0,5.0,2.0,0.44842977007909657,1.0,1.9093067439110731e-25,0.0916015589669287,0.8916139727957813,1.0,1.0,4.0,2.0,6.0,3.0,1.3952595023852337,1.0
18.0,0.95,-0.0066075177197971735,0.1356230178162724,0.1347257136848946,-0.0002465293136092387,-2.1543165272555617e-5,0.23304481737325874,0.08761496988333073,1.952089722801245e-5,0.46219587336696083,0.6353818627217774,1.0,1.0,6.0,3.0,0.5190993792965649,1.0,6.951278955206297e-25,0.09666866932433447,0.9409352556136026,1.0,1.0,4.0,2.0,6.0,3.0,1.472440873046814,1.0
19.0,0.4,0.017991981891349873,0.10452544978123637,0.10334591688702566,-0.00024982871996804455,5.978326820337545e-5,0.22795915494713706,0.0748949385551338,6.785472789894655e-24,0.08376172330908695,0.11633297132038424,0.0,0.0,3.0,1.0,0.09257412045168863,0.0,2.3912362296584887e-29,0.06461945036264852,0.6275067162169945,0.0,1.0,4.0,2.0,6.0,3.0,0.9074085939115147,1.0
19.0,0.45,0.017991981891349873,0.10452544978123637,0.10334591688702566,-0.00024982871996804455,5.978326820337545e-5,0.22795915494713706,0.0748949385551338,3.3519555780758265e-22,0.09854105171537902,0.13685933013560686,0.0,0.0,3.0,1.0,0.10890835133935137,0.0,3.020724644944114e-29,0.06525171846697662,0.6336465468668853,0.0,1.0,4.0,2.0,6.0,3.0,0.9162871205517702,1.0
19.0,0.5,0.017991981891349873,0.10452544978123637,0.10334591688702566,-0.00024982871996804455,5.978326820337545e-5,0.22795915494713706,0.0748949385551338,2.5585926570074425e-21,0.10724979738848439,0.14895452374674373,0.0,0.0,3.0,1.0,0.11853332607811383,0.0,4.468694030461677e-29,0.06632514102713372,0.6440703412826104,1.0,1.0,4.0,2.0,6.0,3.0,0.9313604901102971,1.0
19.0,0.55,0.017991981891349873,0.10452544978123637,0.10334591688702566,-0.00024982871996804455,5.978326820337545e-5,0.22795915494713706,0.0748949385551338,1.0800413919409188e-19,0.1253496471689694,0.17409260856917003,0.0,0.0,3.0,1.0,0.13853742350520576,0.0,8.261383460304995e-29,0.06804525649453802,0.6607740427596017,1.0,1.0,4.0,2.0,6.0,3.0,0.9555149443633612,1.0
19.0,0.6,0.017991981891349873,0.10452544978123637,0.10334591688702566,-0.00024982871996804455,5.978326820337545e-5,0.22795915494713706,0.0748949385551338,2.1136845240308903e-18,0.14188607430564287,0.19705932448466693,0.0,0.0,3.0,1.0,0.15681361383550796,1.0,1.1693017602333275e-28,0.06903737418262516,0.6704083016252917,1.0,1.0,4.0,2.0,6.0,3.0,0.9694466028855191,1.0
19.0,0.65,0.017991981891349873,0.10452544978123637,0.10334591688702566,-0.00024982871996804455,5.978326820337545e-5,0.22795915494713706,0.0748949385551338,1.832188826576236e-17,0.15524591884427816,0.21561422462470795,0.0,0.0,3.0,1.0,0.17157901990256874,1.0,1.8573115125165118e-28,0.0703813383334593,0.683459271979734,1.0,1.0,4.0,2.0,6.0,3.0,0.9883190107059475,1.0
19.0,0.7,0.017991981891349873,0.10452544978123637,0.10334591688702566,-0.00024982871996804455,5.978326820337545e-5,0.22795915494713706,0.0748949385551338,6.31356219137652e-17,0.16345863521000184,0.2270205049600665,0.0,0.0,3.0,1.0,0.18065577911955086,1.0,2.481916898687564e-28,0.07123664504485312,0.6917649864792083,1.0,1.0,4.0,2.0,6.0,3.0,1.0003295223397264,1.0
19.0,0.75,0.017991981891349873,0.10452544978123637,0.10334591688702566,-0.00024982871996804455,5.978326820337545e-5,0.22795915494713706,0.0748949385551338,4.477786340034541e-16,0.17736070489728686,0.24632847774683772,0.0,0.0,3.0,1.0,0.19602045671828497,1.0,4.510243535663674e-28,0.07303185345801051,0.7091979007170035,1.0,1.0,4.0,2.0,6.0,3.0,1.025538457618799,1.0
19.0,0.8,0.017991981891349873,0.10452544978123637,0.10334591688702566,-0.00024982871996804455,5.978326820337545e-5,0.22795915494713706,0.0748949385551338,9.769028207604858e-15,0.20166950826352406,0.2800899049610572,0.0,0.0,3.0,1.0,0.22288673885718552,1.0,6.278618848410952e-28,0.0740454416613325,0.7190406555144119,1.0,1.0,4.0,2.0,6.0,3.0,1.0397716125159713,1.0
19.0,0.85,0.017991981891349873,0.10452544978123637,0.10334591688702566,-0.00024982871996804455,5.978326820337545e-5,0.22795915494713706,0.0748949385551338,1.245015567777175e-11,0.2716618882959234,0.3772992413653287,0.0,0.0,5.0,2.0,0.30024287199105065,1.0,1.096788137754062e-27,0.0757866023510571,0.7359487229876497,1.0,1.0,4.0,2.0,6.0,3.0,1.0642215910343622,1.0
19.0,0.9,0.017991981891349873,0.10452544978123637,0.10334591688702566,-0.00024982871996804455,5.978326820337545e-5,0.22795915494713706,0.0748949385551338,1.178232947033582e-9,0.3283706991519184,0.4560596131234379,0.0,0.0,5.0,2.0,0.36291789919271034,1.0,2.7103771420466974e-27,0.07869797572081356,0.7642204946088067,1.0,1.0,4.0,2.0,6.0,3.0,1.1051040993345127,1.0
19.0,0.95,0.017991981891349873,0.10452544978123637,0.10334591688702566,-0.00024982871996804455,5.978326820337545e-5,0.22795915494713706,0.0748949385551338,5.074331710631809e-7,0.42278595487674747,0.5871888067756859,0.0,0.0,5.0,2.0,0.46726638810446,1.0,8.978279099681445e-27,0.0827250494648685,0.8033266121463872,1.0,1.0,4.0,2.0,6.0,3.0,1.1616536568309517,1.0
20.0,0.4,-0.21119936745039913,0.09974389263308575,0.09857300180194278,-0.00011755365405935536,0.0013900048791204039,0.21421914605385792,-0.004684121282171105,8.191951290273696e-20,0.13692702274888494,0.1900022979154221,0.0,0.0,2.0,0.0,0.15514292308593353,1.0,8.507785732645116e-28,0.07843896422600703,0.8562871043915302,1.0,1.0,4.0,2.0,6.0,3.0,1.2225350171999336,1.0
20.0,0.45,-0.21119936745039913,0.09974389263308575,0.09857300180194278,-0.00011755365405935536,0.0013900048791204039,0.21421914605385792,-0.004684121282171105,6.740810861604914e-19,0.14949535463420355,0.20744233196592266,0.0,0.0,2.0,0.0,0.16938326591861486,1.0,1.0781852723545549e-27,0.07921699897156928,0.8647806015452393,1.0,1.0,4.0,2.0,6.0,3.0,1.234661321141269,1.0
20.0,0.5,-0.21119936745039913,0.09974389263308575,0.09857300180194278,-0.00011755365405935536,0.0013900048791204039,0.21421914605385792,-0.004684121282171105,8.721172896609809e-18,0.1663241499548504,0.23079425854607794,0.0,0.0,4.0,1.0,0.18845085714820142,1.0,1.771553015099055e-27,0.08087312979344262,0.8828599257682039,1.0,1.0,4.0,2.0,6.0,3.0,1.2604734661993109,1.0
20.0,0.55,-0.21119936745039913,0.09974389263308575,0.09857300180194278,-0.00011755365405935536,0.0013900048791204039,0.21421914605385792,-0.004684121282171105,1.0013141270752747e-16,0.18412882828245664,0.2555003372146703,0.0,0.0,4.0,1.0,0.208624156653993,1.0,2.384687687761881e-27,0.08188087477715934,0.893861078608335,1.0,1.0,4.0,2.0,6.0,3.0,1.2761799909240823,1.0
20.0,0.6,-0.21119936745039913,0.09974389263308575,0.09857300180194278,-0.00011755365405935536,0.0013900048791204039,0.21421914605385792,-0.004684121282171105,6.848402867724288e-16,0.19948683777834045,0.27681137602237393,0.0,0.0,5.0,2.0,0.22602529806595986,1.0,3.0265022474338072e-27,0.08269806907478054,0.9027820650815769,1.0,1.0,4.0,2.0,6.0,3.0,1.2889166283154103,1.0
20.0,0.65,-0.21119936745039913,0.09974389263308575,0.09857300180194278,-0.00011755365405935536,0.0013900048791204039,0.21421914605385792,-0.004684121282171105,2.544886636124335e-15,0.21070145933279566,0.29237297827459025,0.0,0.0,5.0,2.0,0.23873184155410315,1.0,4.6403627905802736e-27,0.08418392262890127,0.9190025398158169,1.0,1.0,4.0,2.0,6.0,3.0,1.3120748637442925,1.0
20.0,0.7,-0.21119936745039913,0.09974389263308575,0.09857300180194278,-0.00011755365405935536,0.0013900048791204039,0.21421914605385792,-0.004684121282171105,1.455760913451339e-14,0.22658271557024567,0.31441008328367953,0.0,0.0,5.0,2.0,0.256725839126615,1.0,6.692234435129939e-27,0.08547811939597785,0.9331307733172155,1.0,1.0,4.0,2.0,6.0,3.0,1.332245972357344,1.0
20.0,0.75,-0.21119936745039913,0.09974389263308575,0.09857300180194278,-0.00011755365405935536,0.0013900048791204039,0.21421914605385792,-0.004684121282171105,3.690397783765928e-13,0.2592543633060281,0.35974582506685077,0.0,0.0,5.0,2.0,0.29374391510610226,1.0,9.712548719976212e-27,0.08681505499292347,0.9477255696963215,1.0,1.0,4.0,2.0,6.0,3.0,1.3530832003745046,1.0
20.0,0.8,-0.21119936745039913,0.09974389263308575,0.09857300180194278,-0.00011755365405935536,0.0013900048791204039,0.21421914605385792,-0.004684121282171105,2.93405698427311e-11,0.31110659280106795,0.43169687284624625,0.0,0.0,5.0,2.0,0.35249423546570163,1.0,1.7042625144177602e-26,0.08887306976826494,0.9701921018613119,1.0,1.0,4.0,2.0,6.0,3.0,1.3851590335219244,1.0
20.0,0.85,-0.21119936745039913,0.09974389263308575,0.09857300180194278,-0.00011755365405935536,0.0013900048791204039,0.21421914605385792,-0.004684121282171105,6.573358272263907e-10,0.35413797219385323,0.4914079569183356,0.0,0.0,5.0,2.0,0.40125023592048314,1.0,3.325914413049749e-26,0.09138378081716009,0.9976005399409856,1.0,1.0,4.0,2.0,6.0,3.0,1.4242905060704545,1.0
20.0,0.9,-0.21119936745039913,0.09974389263308575,0.09857300180194278,-0.00011755365405935536,0.0013900048791204039,0.21421914605385792,-0.004684121282171105,1.6652414521390286e-7,0.4459911515427489,0.6188650124853289,0.0,0.0,5.0,2.0,0.5053229781216951,1.0,4.848978368412985e-26,0.09283069199676827,1.0133958961969476,1.0,1.0,4.0,2.0,6.0,3.0,1.4468417929379394,1.0
20.0,0.95,-0.21119936745039913,0.09974389263308575,0.09857300180194278,-0.00011755365405935536,0.0013900048791204039,0.21421914605385792,-0.004684121282171105,1.0007898967016825e-6,0.4805947030764368,0.6668814972919336,1.0,1.0,6.0,3.0,0.5445299660946722,1.0,1.2682725317125167e-25,0.09662511386254663,1.0548180968130283,1.0,1.0,4.0,2.0,6.0,3.0,1.5059809420421684,1.0
21.0,0.4,0.38592334753867896,-0.9068341593733963,-0.9045102077853452,0.0003647734288924963,-0.00011790947016332784,0.05381735824254541,-0.4743653560106704,5.0320681413387285e-20,0.16450532355333336,0.2943809597849075,0.0,0.0,3.0,1.0,0.45572485131470414,0.0,4.085617628315484e-27,0.11199252713245128,1.7939428159953987,0.0,0.0,4.0,2.0,4.0,2.0,4.459037716967921,1.0
21.0,0.45,0.38592334753867896,-0.9068341593733963,-0.9045102077853452,0.0003647734288924963,-0.00011790947016332784,0.05381735824254541,-0.4743653560106704,5.055001969485811e-19,0.18110436062221602,0.32408480375965126,0.0,0.0,4.0,2.0,0.5017087352206334,0.0,7.219010193843835e-27,0.1146805785844672,1.83700114064296,0.0,0.0,4.0,2.0,4.0,2.0,4.566063811624342,1.0
21.0,0.5,0.38592334753867896,-0.9068341593733963,-0.9045102077853452,0.0003647734288924963,-0.00011790947016332784,0.05381735824254541,-0.4743653560106704,1.0579175265203226e-17,0.20556981457864862,0.3678655377912348,0.0,0.0,4.0,2.0,0.5694847507671896,0.0,1.1710721585444325e-26,0.11701574233490437,1.874406763513808,0.0,0.0,4.0,2.0,4.0,2.0,4.65903950835258,1.0
21.0,0.55,0.38592334753867896,-0.9068341593733963,-0.9045102077853452,0.0003647734288924963,-0.00011790947016332784,0.05381735824254541,-0.4743653560106704,4.704221369721151e-17,0.2187564372030443,0.39146289343080765,0.0,0.0,4.0,2.0,0.6060153110253054,0.0,2.051389013696228e-26,0.1197811948019579,1.9187049297689553,0.0,0.0,4.0,2.0,4.0,2.0,4.769147362606905,1.0
21.0,0.6,0.38592334753867896,-0.9068341593733963,-0.9045102077853452,0.0003647734288924963,-0.00011790947016332784,0.05381735824254541,-0.4743653560106704,4.0829067841045464e-16,0.23936698322069566,0.42834530056093406,0.0,0.0,4.0,2.0,0.6631121746192904,0.0,2.4545210879531168e-26,0.12067998709655325,1.9331021580595038,0.0,0.0,4.0,2.0,4.0,2.0,4.804933221216748,1.0
21.0,0.65,0.38592334753867896,-0.9068341593733963,-0.9045102077853452,0.0003647734288924963,-0.00011790947016332784,0.05381735824254541,-0.4743653560106704,7.557984715906144e-13,0.3274970826965241,0.5860534081725559,0.0,0.0,4.0,2.0,0.9072567142150012,0.0,3.4225595741603724e-26,0.12236332381521281,1.9600665447972825,0.0,0.0,4.0,2.0,4.0,2.0,4.871956103109417,1.0
21.0,0.7,0.38592334753867896,-0.9068341593733963,-0.9045102077853452,0.0003647734288924963,-0.00011790947016332784,0.05381735824254541,-0.4743653560106704,1.43112957990798e-11,0.3701920960391955,0.6624557928149607,0.0,0.0,4.0,2.0,1.0255336075531072,1.0,4.938028024512517e-26,0.12424665470462878,1.990234521230337,0.0,0.0,4.0,2.0,4.0,2.0,4.946941851573728,1.0
21.0,0.75,0.38592334753867896,-0.9068341593733963,-0.9045102077853452,0.0003647734288924963,-0.00011790947016332784,0.05381735824254541,-0.4743653560106704,2.406278901437289e-10,0.41638646163715254,0.7451202403091036,0.0,0.0,4.0,2.0,1.153504666112078,1.0,1.02579816769544e-25,0.12808970330824404,2.0517940699832913,0.0,0.0,4.0,2.0,4.0,2.0,5.099954727614954,1.0
21.0,0.8,0.38592334753867896,-0.9068341593733963,-0.9045102077853452,0.0003647734288924963,-0.00011790947016332784,0.05381735824254541,-0.4743653560106704,9.631722700223031e-10,0.4411587025180015,0.7894499670863832,0.0,0.0,4.0,2.0,1.2221305655559758,1.0,1.8823076479823733e-25,0.13137077088520355,2.104351573230992,0.0,0.0,4.0,2.0,6.0,3.0,5.230592051838204,1.0
21.0,0.85,0.38592334753867896,-0.9068341593733963,-0.9045102077853452,0.0003647734288924963,-0.00011790947016332784,0.05381735824254541,-0.4743653560106704,3.975342653885497e-9,0.46800208977334523,0.8374859937231997,0.0,0.0,4.0,2.0,1.296494108336757,1.0,3.575701522391874e-25,0.13493046764632383,2.1613722744799366,0.0,0.0,4.0,2.0,6.0,3.0,5.37232313448474,1.0
21.0,0.9,0.38592334753867896,-0.9068341593733963,-0.9045102077853452,0.0003647734288924963,-0.00011790947016332784,0.05381735824254541,-0.4743653560106704,8.642578026710123e-7,0.5856443932494217,1.0480059541752214,0.0,0.0,4.0,2.0,1.6223955448490703,1.0,6.955300927571663e-25,0.1387234251735819,2.2221294435663426,0.0,0.0,4.0,2.0,6.0,3.0,5.5233416096094095,1.0
21.0,0.95,0.38592334753867896,-0.9068341593733963,-0.9045102077853452,0.0003647734288924963,-0.00011790947016332784,0.05381735824254541,-0.4743653560106704,0.0003745115283148774,0.7542261194014342,1.3496816037826127,0.0,0.0,4.0,2.0,2.089413149055019,1.0,1.9983459821158307e-24,0.1449599124875508,2.322028087702743,0.0,1.0,4.0,2.0,6.0,3.0,5.771650428656688,1.0
22.0,0.4,-0.3670868495324906,0.07730102351777574,0.08062636944995766,0.0003471333343009566,-0.00014621394809898158,0.23393850667315672,-0.06861103687752501,5.444058511234231e-18,0.13761717774659926,0.19169416234318362,0.0,0.0,2.0,0.0,0.14563125021807105,1.0,2.966489569891196e-28,0.07286320642228888,0.7225291027707511,0.0,0.0,5.0,3.0,6.0,3.0,0.9939764610260204,1.0
22.0,0.45,-0.3670868495324906,0.07730102351777574,0.08062636944995766,0.0003471333343009566,-0.00014621394809898158,0.23393850667315672,-0.06861103687752501,1.224478785929406e-16,0.15667769263260697,0.21824455012711935,0.0,0.0,2.0,0.0,0.1658017453415844,1.0,4.174286724653302e-28,0.07390759824715931,0.7328855436305086,0.0,0.0,6.0,3.0,6.0,3.0,1.0082237188805918,1.0
22.0,0.5,-0.3670868495324906,0.07730102351777574,0.08062636944995766,0.0003471333343009566,-0.00014621394809898158,0.23393850667315672,-0.06861103687752501,3.257975882981312e-16,0.16319819790132292,0.2273273028474404,0.0,0.0,2.0,0.0,0.1727019692081511,1.0,5.5928266293341915e-28,0.0748139872052295,0.7418735148273874,0.0,0.0,6.0,3.0,6.0,3.0,1.0205883859477287,1.0
22.0,0.55,-0.3670868495324906,0.07730102351777574,0.08062636944995766,0.0003471333343009566,-0.00014621394809898158,0.23393850667315672,-0.06861103687752501,1.6013008793717098e-15,0.1743929417613394,0.24292104689910088,0.0,0.0,2.0,0.0,0.18454863378084868,1.0,8.52455689897765e-28,0.07613940642123307,0.7550166909783785,0.0,0.0,6.0,3.0,6.0,3.0,1.0386693292164577,1.0
22.0,0.6,-0.3670868495324906,0.07730102351777574,0.08062636944995766,0.0003471333343009566,-0.00014621394809898158,0.23393850667315672,-0.06861103687752501,3.770834560025609e-14,0.1989271646997306,0.2770960488278266,0.0,0.0,4.0,1.0,0.2105115958045709,1.0,1.5252859994502456e-27,0.07800775833501966,0.7735437185168661,0.0,1.0,6.0,3.0,6.0,3.0,1.0641567859782943,1.0
22.0,0.65,-0.3670868495324906,0.07730102351777574,0.08062636944995766,0.0003471333343009566,-0.00014621394809898158,0.23393850667315672,-0.06861103687752501,1.1990311395985403e-13,0.20875031219845602,0.29077922459247607,0.0,0.0,4.0,1.0,0.2209067897385001,1.0,2.8671851082279596e-27,0.08008640825306458,0.794156111712344,0.0,1.0,6.0,3.0,6.0,3.0,1.092513060574224,1.0
22.0,0.7,-0.3670868495324906,0.07730102351777574,0.08062636944995766,0.0003471333343009566,-0.00014621394809898158,0.23393850667315672,-0.06861103687752501,1.493494118615268e-12,0.23188234175181874,0.32300103804002883,0.0,0.0,4.0,1.0,0.24538590229624052,1.0,4.3491325573254764e-27,0.08148886546975252,0.8080632152314382,0.0,1.0,6.0,3.0,6.0,3.0,1.1116449315065116,1.0
22.0,0.75,-0.3670868495324906,0.07730102351777574,0.08062636944995766,0.0003471333343009566,-0.00014621394809898158,0.23393850667315672,-0.06861103687752501,7.137491282278359e-12,0.24749908481211078,0.3447544159866666,0.0,0.0,4.0,1.0,0.2619120791401841,1.0,8.243690403837322e-27,0.08368929272440513,0.8298831818247572,0.0,1.0,6.0,3.0,6.0,3.0,1.141662453418033,1.0
22.0,0.8,-0.3670868495324906,0.07730102351777574,0.08062636944995766,0.0003471333343009566,-0.00014621394809898158,0.23393850667315672,-0.06861103687752501,1.2417728343640579e-11,0.25327614509161445,0.35280158530970485,0.0,0.0,4.0,1.0,0.2680255638436594,1.0,1.1710773839377841e-26,0.08492245897828815,0.8421115553857748,1.0,1.0,6.0,3.0,6.0,3.0,1.1584849114057791,1.0
22.0,0.85,-0.3670868495324906,0.07730102351777574,0.08062636944995766,0.0003471333343009566,-0.00014621394809898158,0.23393850667315672,-0.06861103687752501,9.446395367562451e-10,0.3033741827086849,0.4225857613354985,0.0,0.0,5.0,2.0,0.32104103742850565,1.0,1.569469646543749e-26,0.08596490736974105,0.8524487246917204,1.0,1.0,6.0,3.0,6.0,3.0,1.1727056575658275,1.0
22.0,0.9,-0.3670868495324906,0.07730102351777574,0.08062636944995766,0.0003471333343009566,-0.00014621394809898158,0.23393850667315672,-0.06861103687752501,1.1872450808164604e-8,0.3371178228397187,0.46958904199599155,0.0,0.0,5.0,2.0,0.35674972278056055,1.0,2.800071135450887e-26,0.08806368860336483,0.8732607448607699,1.0,1.0,6.0,3.0,6.0,3.0,1.2013365571034451,1.0
22.0,0.95,-0.3670868495324906,0.07730102351777574,0.08062636944995766,0.0003471333343009566,-0.00014621394809898158,0.23393850667315672,-0.06861103687752501,1.1118882239315965e-6,0.40731313135930464,0.5673677574690015,0.0,0.0,5.0,2.0,0.4310328225108421,1.0,7.20689116920397e-26,0.09160186719547984,0.9083461758914513,1.0,1.0,6.0,3.0,6.0,3.0,1.2496032531240118,1.0
23.0,0.4,-0.39994277644606835,0.1284360290558518,0.12543401606348684,4.8766750747520696e-5,0.0013527093349093068,0.15904453668088403,-0.04969124810636483,2.0131399518282836e-23,0.08413497468076338,0.11974156602932529,0.0,0.0,2.0,0.0,0.09531536438944743,0.0,2.658534928071951e-28,0.06873199951783947,0.6756453082232222,0.0,0.0,4.0,2.0,6.0,3.0,0.9201438528534793,1.0
23.0,0.45,-0.39994277644606835,0.1284360290558518,0.12543401606348684,4.8766750747520696e-5,0.0013527093349093068,0.15904453668088403,-0.04969124810636483,5.419097310784402e-22,0.0965077319494184,0.13735057271258524,0.0,0.0,2.0,0.0,0.10933229221332512,1.0,5.407416093851621e-28,0.0707956848798674,0.6959316281656708,0.0,1.0,4.0,2.0,6.0,3.0,0.9477712667715164,1.0
23.0,0.5,-0.39994277644606835,0.1284360290558518,0.12543401606348684,4.8766750747520696e-5,0.0013527093349093068,0.15904453668088403,-0.04969124810636483,8.142682301280667e-21,0.10804312369290865,0.153767834111525,0.0,0.0,2.0,0.0,0.1224005800636237,1.0,7.529125630733567e-28,0.07177886204847854,0.7055963992444156,0.0,1.0,4.0,2.0,6.0,3.0,0.960933468283327,1.0
23.0,0.55,-0.39994277644606835,0.1284360290558518,0.12543401606348684,4.8766750747520696e-5,0.0013527093349093068,0.15904453668088403,-0.04969124810636483,1.4986894001648996e-20,0.110824676230612,0.15772656183588954,0.0,0.0,2.0,0.0,0.12555176296592516,1.0,1.4469304152208742e-27,0.07375942653684385,0.7250656292040389,0.0,1.0,4.0,2.0,6.0,3.0,0.9874481085081652,1.0
23.0,0.6,-0.39994277644606835,0.1284360290558518,0.12543401606348684,4.8766750747520696e-5,0.0013527093349093068,0.15904453668088403,-0.04969124810636483,6.355191939077679e-19,0.12955241536989717,0.184380029329467,0.0,0.0,2.0,0.0,0.14676816300674686,1.0,2.8801208140067742e-27,0.07590568881527127,0.7461636919522293,0.0,1.0,4.0,2.0,6.0,3.0,1.0161810139373704,1.0
23.0,0.65,-0.39994277644606835,0.1284360290558518,0.12543401606348684,4.8766750747520696e-5,0.0013527093349093068,0.15904453668088403,-0.04969124810636483,2.3514172128816124e-16,0.16575013479238015,0.23589691189565679,0.0,0.0,2.0,0.0,0.18777606524849794,1.0,5.343708171406822e-27,0.07788592703800858,0.7656297146744331,0.0,1.0,4.0,2.0,6.0,3.0,1.0426912863086006,1.0
23.0,0.7,-0.39994277644606835,0.1284360290558518,0.12543401606348684,4.8766750747520696e-5,0.0013527093349093068,0.15904453668088403,-0.04969124810636483,2.9011507701253544e-15,0.184044248006592,0.2619332395192075,0.0,0.0,2.0,0.0,0.2085012163977154,1.0,7.270499055050747e-27,0.07889159239413546,0.7755155478274961,0.0,1.0,4.0,2.0,6.0,3.0,1.0561545465361422,1.0
23.0,0.75,-0.39994277644606835,0.1284360290558518,0.12543401606348684,4.8766750747520696e-5,0.0013527093349093068,0.15904453668088403,-0.04969124810636483,9.914317314989258e-14,0.21321909892197127,0.30345511969490035,0.0,0.0,2.0,0.0,0.24155300676858696,1.0,1.451087421677452e-26,0.0811962761614992,0.798170916291691,0.0,1.0,4.0,2.0,6.0,3.0,1.087008306301425,1.0
23.0,0.8,-0.39994277644606835,0.1284360290558518,0.12543401606348684,4.8766750747520696e-5,0.0013527093349093068,0.15904453668088403,-0.04969124810636483,5.773035896009036e-12,0.25256528911727816,0.3594529309398706,0.0,0.0,2.0,0.0,0.28612776857284355,1.0,2.7964709873746625e-26,0.08344640721246299,0.82029002381273,0.0,1.0,4.0,2.0,6.0,3.0,1.1171317461719856,1.0
23.0,0.85,-0.39994277644606835,0.1284360290558518,0.12543401606348684,4.8766750747520696e-5,0.0013527093349093068,0.15904453668088403,-0.04969124810636483,5.320772859370191e-11,0.27705379265459934,0.3943051642043318,0.0,0.0,5.0,2.0,0.3138704599668628,1.0,6.082338511826728e-26,0.08619230349220568,0.8472825738809728,0.0,1.0,4.0,2.0,6.0,3.0,1.1538922012744546,1.0
23.0,0.9,-0.39994277644606835,0.1284360290558518,0.12543401606348684,4.8766750747520696e-5,0.0013527093349093068,0.15904453668088403,-0.04969124810636483,4.308971678030132e-10,0.30228323037653987,0.4302119009012553,0.0,0.0,5.0,2.0,0.34245254558502675,1.0,1.4763195521062944e-25,0.08943648624052253,0.8791733506413681,1.0,1.0,4.0,2.0,6.0,3.0,1.1973234244941766,1.0
23.0,0.95,-0.39994277644606835,0.1284360290558518,0.12543401606348684,4.8766750747520696e-5,0.0013527093349093068,0.15904453668088403,-0.04969124810636483,7.675454988706051e-7,0.41291547407012735,0.5876645912178897,1.0,1.0,6.0,3.0,0.4677863043564243,1.0,3.809831656729688e-25,0.09304005405252073,0.9145969335739271,1.0,1.0,4.0,2.0,6.0,3.0,1.2455658849756321,1.0
24.0,0.4,-0.6068707332447021,0.07484036075518757,0.07384702089013045,-0.00021536671501378433,-0.0008304021956936432,0.13714593352311444,-0.1530585638214803,7.815084669296975e-20,0.12730399258559283,0.1744619069636308,0.0,0.0,2.0,0.0,0.13074765967266908,0.0,1.6463789940324898e-28,0.06571505185362692,0.6749886861861657,0.0,0.0,4.0,2.0,6.0,3.0,1.0488247854200956,1.0
24.0,0.45,-0.6068707332447021,0.07484036075518757,0.07384702089013045,-0.00021536671501378433,-0.0008304021956936432,0.13714593352311444,-0.1530585638214803,1.1701970552768115e-17,0.15684857564908578,0.2149508515522053,0.0,0.0,4.0,1.0,0.1610914455437938,0.0,2.3674066276169728e-28,0.06671714934218889,0.6852816776417839,0.0,0.0,4.0,2.0,6.0,3.0,1.0648184528336446,1.0
24.0,0.5,-0.6068707332447021,0.07484036075518757,0.07384702089013045,-0.00021536671501378433,-0.0008304021956936432,0.13714593352311444,-0.1530585638214803,5.499825567405099e-17,0.16729552557841648,0.22926772229291828,0.0,0.0,4.0,1.0,0.1718209931898284,0.0,3.554083934487339e-28,0.06785623605318593,0.6969817466643359,0.0,0.0,4.0,2.0,6.0,3.0,1.082998494415251,1.0
24.0,0.55,-0.6068707332447021,0.07484036075518757,0.07384702089013045,-0.00021536671501378433,-0.0008304021956936432,0.13714593352311444,-0.1530585638214803,2.9505050893471004e-16,0.17942466174518393,0.24588992072124363,0.0,0.0,4.0,1.0,0.18427823145428987,0.0,5.004178523626923e-28,0.0688306143192813,0.706990021589615,0.0,0.0,4.0,2.0,6.0,3.0,1.0985497577412204,1.0
24.0,0.6,-0.6068707332447021,0.07484036075518757,0.07384702089013045,-0.00021536671501378433,-0.0008304021956936432,0.13714593352311444,-0.1530585638214803,1.358553196357845e-15,0.1912117815285889,0.26204340776634905,0.0,0.0,4.0,1.0,0.19638420153944203,0.0,9.13285486945522e-28,0.07057778955025638,0.7249360397456941,0.0,0.0,5.0,2.0,6.0,3.0,1.1264350083045218,1.0
24.0,0.65,-0.6068707332447021,0.07484036075518757,0.07384702089013045,-0.00021536671501378433,-0.0008304021956936432,0.13714593352311444,-0.1530585638214803,2.717374192544845e-14,0.2166336985594872,0.29688250459121684,0.0,0.0,4.0,1.0,0.22249380021481688,0.0,1.5456264735558483e-27,0.0721421036421144,0.7410038093641013,0.0,0.0,6.0,3.0,6.0,3.0,1.1514017601436146,1.0
24.0,0.7,-0.6068707332447021,0.07484036075518757,0.07384702089013045,-0.00021536671501378433,-0.0008304021956936432,0.13714593352311444,-0.1530585638214803,1.0572065154315082e-12,0.25233439214829595,0.3458080014034254,0.0,0.0,4.0,1.0,0.2591602239508157,0.0,1.9490016140240175e-27,0.07284251871047233,0.7481980857656318,0.0,0.0,6.0,3.0,6.0,3.0,1.1625805184806206,1.0
24.0,0.75,-0.6068707332447021,0.07484036075518757,0.07384702089013045,-0.00021536671501378433,-0.0008304021956936432,0.13714593352311444,-0.1530585638214803,1.7714686403630593e-11,0.2837812399779467,0.38890387710164664,0.0,0.0,4.0,1.0,0.29145773225594573,0.0,4.1546138184189205e-27,0.07517640556302245,0.7721704813717234,0.0,1.0,6.0,3.0,6.0,3.0,1.1998297986420807,1.0
24.0,0.8,-0.6068707332447021,0.07484036075518757,0.07384702089013045,-0.00021536671501378433,-0.0008304021956936432,0.13714593352311444,-0.1530585638214803,1.145743701933396e-9,0.3376227988285611,0.4626902591324941,0.0,0.0,5.0,2.0,0.3467557450666044,1.0,7.283656781155923e-27,0.07695567891471022,0.7904461936803261,0.0,1.0,6.0,3.0,6.0,3.0,1.2282273413457572,1.0
24.0,0.85,-0.6068707332447021,0.07484036075518757,0.07384702089013045,-0.00021536671501378433,-0.0008304021956936432,0.13714593352311444,-0.1530585638214803,1.756986733501683e-8,0.3782989543973514,0.5184343055237273,0.0,0.0,5.0,2.0,0.3885322207064001,1.0,1.4244956055687045e-26,0.07913683169955406,0.8128497893724106,0.0,1.0,6.0,3.0,6.0,3.0,1.2630389565998652,1.0
24.0,0.9,-0.6068707332447021,0.07484036075518757,0.07384702089013045,-0.00021536671501378433,-0.0008304021956936432,0.13714593352311444,-0.1530585638214803,7.044648361222141e-8,0.40083342147123635,0.5493163385084808,0.0,0.0,5.0,2.0,0.4116762617693723,1.0,2.781026890226424e-26,0.08137381215923929,0.8358268160796296,0.0,1.0,6.0,3.0,6.0,3.0,1.298741592212848,1.0
24.0,0.95,-0.6068707332447021,0.07484036075518757,0.07384702089013045,-0.00021536671501378433,-0.0008304021956936432,0.13714593352311444,-0.1530585638214803,0.0004676752530044779,0.57838559808763,0.7926401391914221,1.0,1.0,6.0,3.0,0.5940313559882248,1.0,1.422780276750187e-25,0.08710107646776921,0.8946541090971603,0.0,1.0,6.0,3.0,6.0,3.0,1.3901498250301614,1.0
25.0,0.4,0.21580202025706363,0.2026617240061685,0.20156196668338938,-0.0003646042677503336,-0.00021610062787148817,0.07264148845555113,0.20630898454128083,2.4648419743744774e-21,0.12324313048193346,0.1642509075327308,0.0,0.0,2.0,0.0,0.13523177041417234,0.0,2.9932713299616783e-28,0.07846331528836686,0.9177742345227105,1.0,1.0,4.0,2.0,6.0,3.0,1.2923745545974612,1.0
25.0,0.45,0.21580202025706363,0.2026617240061685,0.20156196668338938,-0.0003646042677503336,-0.00021610062787148817,0.07264148845555113,0.20630898454128083,5.876233791568238e-19,0.15481652103162571,0.20632999162766563,0.0,0.0,2.0,0.0,0.16987650465060827,0.0,4.231872508214058e-28,0.0796036090325344,0.9311120881978727,1.0,1.0,4.0,2.0,6.0,3.0,1.3111564097142465,1.0
25.0,0.5,0.21580202025706363,0.2026617240061685,0.20156196668338938,-0.0003646042677503336,-0.00021610062787148817,0.07264148845555113,0.20630898454128083,6.522235937671136e-18,0.17114781694003156,0.22809534409519697,0.0,0.0,3.0,1.0,0.1877964491555493,0.0,6.913762212668664e-28,0.08124849697533339,0.9503521084166184,1.0,1.0,4.0,2.0,6.0,3.0,1.3382494698866967,1.0
25.0,0.55,0.21580202025706363,0.2026617240061685,0.20156196668338938,-0.0003646042677503336,-0.00021610062787148817,0.07264148845555113,0.20630898454128083,1.5017054626805977e-16,0.19504247885233142,0.2599406882448926,0.0,0.0,3.0,1.0,0.21401549618245103,0.0,1.0140894528132446e-27,0.08255570271333562,0.9656423079340555,1.0,1.0,4.0,2.0,6.0,3.0,1.359780543703919,1.0
25.0,0.6,0.21580202025706363,0.2026617240061685,0.20156196668338938,-0.0003646042677503336,-0.00021610062787148817,0.07264148845555113,0.20630898454128083,2.630830871003279e-15,0.21975666124991536,0.2928782391806641,0.0,0.0,4.0,2.0,0.24113378364313826,0.0,1.800505052000166e-27,0.08455422859400051,0.9890187807935062,1.0,1.0,4.0,2.0,6.0,3.0,1.3926983981864045,1.0
25.0,0.65,0.21580202025706363,0.2026617240061685,0.20156196668338938,-0.0003646042677503336,-0.00021610062787148817,0.07264148845555113,0.20630898454128083,2.976560955975827e-14,0.24313246809173525,0.32403208502233205,0.0,0.0,4.0,2.0,0.2667835032803916,0.0,3.311304261743702e-27,0.08672823923498414,1.0144478739249916,1.0,1.0,4.0,2.0,6.0,3.0,1.428506673983895,1.0
25.0,0.7,0.21580202025706363,0.2026617240061685,0.20156196668338938,-0.0003646042677503336,-0.00021610062787148817,0.07264148845555113,0.20630898454128083,1.4957219451235376e-13,0.2600500623652108,0.3465788200965132,0.0,0.0,4.0,2.0,0.28534677910602585,0.0,4.830066614797943e-27,0.08810325369456298,1.030531222410328,1.0,1.0,4.0,2.0,6.0,3.0,1.4511546298245623,1.0
25.0,0.75,0.21580202025706363,0.2026617240061685,0.20156196668338938,-0.0003646042677503336,-0.00021610062787148817,0.07264148845555113,0.20630898454128083,3.0838611789723867e-12,0.2949966791353998,0.39315353381285734,0.0,0.0,4.0,2.0,0.3236928746436675,0.0,9.10786792944526e-27,0.09046271078460279,1.0581294562695784,1.0,1.0,4.0,2.0,6.0,3.0,1.490017406583679,1.0
25.0,0.8,0.21580202025706363,0.2026617240061685,0.20156196668338938,-0.0003646042677503336,-0.00021610062787148817,0.07264148845555113,0.20630898454128083,4.144923825154363e-11,0.3287264875079586,0.43810655970917733,0.0,0.0,4.0,2.0,0.36070379512349554,0.0,1.4679407984392453e-26,0.09227982379844824,1.0793839686387559,1.0,1.0,4.0,2.0,6.0,3.0,1.5199471975094256,1.0
25.0,0.85,0.21580202025706363,0.2026617240061685,0.20156196668338938,-0.0003646042677503336,-0.00021610062787148817,0.07264148845555113,0.20630898454128083,2.2843228989790637e-10,0.3529553249842173,0.4703972726144447,1.0,1.0,6.0,3.0,0.38728952508815284,0.0,3.9012193303858556e-26,0.09611560767286917,1.1242505868310053,1.0,1.0,4.0,2.0,6.0,3.0,1.583126652239552,1.0
25.0,0.9,0.21580202025706363,0.2026617240061685,0.20156196668338938,-0.0003646042677503336,-0.00021610062787148817,0.07264148845555113,0.20630898454128083,1.2308830671895017e-8,0.41673874169670255,0.5554039098168309,1.0,1.0,6.0,3.0,0.4572775587527045,1.0,7.01272675403289e-26,0.09849311107515524,1.1520599058368228,1.0,1.0,4.0,2.0,6.0,3.0,1.6222866710240103,1.0
25.0,0.95,0.21580202025706363,0.2026617240061685,0.20156196668338938,-0.0003646042677503336,-0.00021610062787148817,0.07264148845555113,0.20630898454128083,4.375549580197296e-5,0.585887908154736,0.7808355747744954,1.0,1.0,6.0,3.0,0.6428809360342854,1.0,1.7412735150863734e-25,0.10229710863598968,1.1965547240418688,1.0,1.0,4.0,2.0,6.0,3.0,1.6849425712406312,1.0
26.0,0.4,-0.44519086772289285,-1.0933837054681366,-1.0928304062867098,-0.0001577687311156106,-6.173964447839684e-5,-0.11462159521107834,-0.8769502267654372,7.234679857022478e-19,0.1626157501246244,0.24099268505676444,0.0,0.0,2.0,0.0,0.22425506977900453,0.0,7.914774377093124e-28,0.09508630474751141,1.3109303046377365,0.0,0.0,4.0,2.0,4.0,2.0,2.0481609327655246,1.0
26.0,0.45,-0.44519086772289285,-1.0933837054681366,-1.0928304062867098,-0.0001577687311156106,-6.173964447839684e-5,-0.11462159521107834,-0.8769502267654372,9.380482978558295e-18,0.18093788877785597,0.2681456600093179,0.0,0.0,2.0,0.0,0.24952219475940868,0.0,1.391646112795206e-27,0.09734867948723723,1.3421210803717267,0.0,0.0,4.0,2.0,4.0,2.0,2.096892530543838,1.0
26.0,0.5,-0.44519086772289285,-1.0933837054681366,-1.0928304062867098,-0.0001577687311156106,-6.173964447839684e-5,-0.11462159521107834,-0.8769502267654372,7.741649563693508e-17,0.19757024182980432,0.29279441277606566,0.0,0.0,2.0,0.0,0.2724590227812652,0.0,2.1073352333229437e-27,0.09904637806473464,1.3655268118205557,0.0,0.0,4.0,2.0,4.0,2.0,2.1334609923352095,1.0
26.0,0.55,-0.44519086772289285,-1.0933837054681366,-1.0928304062867098,-0.0001577687311156106,-6.173964447839684e-5,-0.11462159521107834,-0.8769502267654372,9.142855820038135e-16,0.21897702265684885,0.3245187542742139,0.0,0.0,2.0,0.0,0.3019800201289003,0.0,4.4972598510492025e-27,0.10222470444372694,1.4093455760402218,0.0,0.0,4.0,2.0,4.0,2.0,2.201922207000304,1.0
26.0,0.6,-0.44519086772289285,-1.0933837054681366,-1.0928304062867098,-0.0001577687311156106,-6.173964447839684e-5,-0.11462159521107834,-0.8769502267654372,1.648301784534146e-13,0.27189214792383715,0.40293771497410696,0.0,0.0,2.0,0.0,0.37495256491634604,0.0,5.651209458641409e-27,0.10320219226475515,1.422821947957322,0.0,0.0,4.0,2.0,4.0,2.0,2.2229773144902856,1.0
26.0,0.65,-0.44519086772289285,-1.0933837054681366,-1.0928304062867098,-0.0001577687311156106,-6.173964447839684e-5,-0.11462159521107834,-0.8769502267654372,1.3265875593860496e-12,0.2965747219605373,0.4395167043195923,0.0,0.0,3.0,1.0,0.4089910412550992,0.0,8.39045853790053e-27,0.1049157690242809,1.4464465877974144,0.0,0.0,4.0,2.0,4.0,2.0,2.2598877926445797,1.0
26.0,0.7,-0.44519086772289285,-1.0933837054681366,-1.0928304062867098,-0.0001577687311156106,-6.173964447839684e-5,-0.11462159521107834,-0.8769502267654372,4.454799566122898e-11,0.3433375540939049,0.5088181125044842,0.0,0.0,4.0,2.0,0.47347927302290405,0.0,1.126803515745945e-26,0.10621276277546353,1.4643279053842735,0.0,0.0,4.0,2.0,4.0,2.0,2.2878250643501867,1.0
26.0,0.75,-0.44519086772289285,-1.0933837054681366,-1.0928304062867098,-0.0001577687311156106,-6.173964447839684e-5,-0.11462159521107834,-0.8769502267654372,2.055627030534685e-9,0.40277219509356316,0.5968988409020441,0.0,0.0,4.0,2.0,0.5554425487477576,0.0,2.1784827164998304e-26,0.109170706104137,1.5051083054561414,0.0,0.0,4.0,2.0,4.0,2.0,2.3515392236416894,1.0
26.0,0.8,-0.44519086772289285,-1.0933837054681366,-1.0928304062867098,-0.0001577687311156106,-6.173964447839684e-5,-0.11462159521107834,-0.8769502267654372,6.200019950564536e-8,0.4641979097610237,0.6879302932545823,0.0,0.0,4.0,2.0,0.6401516124049972,0.0,4.277472311549098e-26,0.11228347147933283,1.548023197063369,0.0,0.0,4.0,2.0,4.0,2.0,2.418588252955327,1.0
26.0,0.85,-0.44519086772289285,-1.0933837054681366,-1.0928304062867098,-0.0001577687311156106,-6.173964447839684e-5,-0.11462159521107834,-0.8769502267654372,7.038021463779536e-7,0.5136459991638704,0.7612111890287393,0.0,0.0,4.0,2.0,0.7083429452308492,0.0,8.639415434791722e-26,0.11562095332367335,1.5940361965435985,0.0,0.0,4.0,2.0,4.0,2.0,2.490477679571953,1.0
26.0,0.9,-0.44519086772289285,-1.0933837054681366,-1.0928304062867098,-0.0001577687311156106,-6.173964447839684e-5,-0.11462159521107834,-0.8769502267654372,1.806868212544061e-5,0.5880199648879985,0.871431642363925,0.0,0.0,4.0,2.0,0.81090828014105,0.0,1.5679325977224183e-25,0.11852819538294414,1.6341175913200134,0.0,0.0,4.0,2.0,4.0,2.0,2.553099732492221,1.0
26.0,0.95,-0.44519086772289285,-1.0933837054681366,-1.0928304062867098,-0.0001577687311156106,-6.173964447839684e-5,-0.11462159521107834,-0.8769502267654372,0.0007975053682963799,0.6885344943927659,1.0203917912671352,0.0,0.0,4.0,2.0,0.9495227305286704,0.0,4.441705267905547e-25,0.12378393089016472,1.7065770581998256,0.0,0.0,4.0,2.0,4.0,2.0,2.666308381912573,1.0
27.0,0.4,-0.6239879937977502,0.09219590862051058,0.06320385639903942,-0.0003871730955378299,0.00017302603201979576,0.16759473489354865,-0.1658597603332237,1.449122607649926e-19,0.12166982223612029,0.16695994357306848,0.0,0.0,2.0,0.0,0.11936538092973092,0.0,4.682049725007823e-25,0.10832512407790426,0.8059281572983774,0.0,0.0,6.0,3.0,6.0,3.0,1.2146399434616626,1.0
27.0,0.45,-0.6239879937977502,0.09219590862051058,0.06320385639903942,-0.0003871730955378299,0.00017302603201979576,0.16759473489354865,-0.1658597603332237,8.142118162398687e-19,0.13074273069411096,0.1794101325874817,0.0,0.0,3.0,0.0,0.12826644739243123,0.0,6.986685222350256e-25,0.11014691213658062,0.8194820793973848,0.0,0.0,6.0,3.0,6.0,3.0,1.2350674902881802,1.0
27.0,0.5,-0.6239879937977502,0.09219590862051058,0.06320385639903942,-0.0003871730955378299,0.00017302603201979576,0.16759473489354865,-0.1658597603332237,6.85700745665887e-17,0.15726875023880882,0.21581014242563268,0.0,0.0,3.0,0.0,0.15429006088434252,0.0,9.957860180933427e-25,0.11178527818395427,0.8316713599616099,0.0,0.0,6.0,3.0,6.0,3.0,1.2534383424805147,1.0
27.0,0.55,-0.6239879937977502,0.09219590862051058,0.06320385639903942,-0.0003871730955378299,0.00017302603201979576,0.16759473489354865,-0.1658597603332237,6.900550107828599e-15,0.19058570124902283,0.2615289259206632,0.0,0.0,4.0,1.0,0.1869759847696719,0.0,1.2551128077851025e-24,0.11286851453087332,0.8397305307257557,0.0,0.0,6.0,3.0,6.0,3.0,1.26558457491161,1.0
27.0,0.6,-0.6239879937977502,0.09219590862051058,0.06320385639903942,-0.0003871730955378299,0.00017302603201979576,0.16759473489354865,-0.1658597603332237,2.873836749884914e-13,0.2226243922922735,0.30549363261970924,0.0,0.0,4.0,1.0,0.21840785908806998,0.0,1.7740052890024686e-24,0.11450755691582697,0.8519248431743585,0.0,0.0,6.0,3.0,6.0,3.0,1.283963010816834,1.0
27.0,0.65,-0.6239879937977502,0.09219590862051058,0.06320385639903942,-0.0003871730955378299,0.00017302603201979576,0.16759473489354865,-0.1658597603332237,6.4432272022492675e-12,0.2534250086241487,0.34775940625424123,0.0,0.0,4.0,1.0,0.24862510798147155,0.0,2.468420774731428e-24,0.11609454861127293,0.8637319036660571,0.0,0.0,6.0,3.0,6.0,3.0,1.3017578069884443,1.0
27.0,0.7,-0.6239879937977502,0.09219590862051058,0.06320385639903942,-0.0003871730955378299,0.00017302603201979576,0.16759473489354865,-0.1658597603332237,3.2887451861905226e-10,0.29854725730862663,0.409677866853536,0.0,0.0,4.0,1.0,0.29289273576000385,0.0,4.149433002206864e-24,0.11863437841480826,0.8826279849845762,0.0,1.0,6.0,3.0,6.0,3.0,1.3302366917829798,1.0
27.0,0.75,-0.6239879937977502,0.09219590862051058,0.06320385639903942,-0.0003871730955378299,0.00017302603201979576,0.16759473489354865,-0.1658597603332237,7.95095936962409e-10,0.30973311501702755,0.42502752494859447,0.0,0.0,4.0,1.0,0.30386673195601915,0.0,5.5971552646671946e-24,0.12012304539153887,0.8937035193409885,0.0,1.0,6.0,3.0,6.0,3.0,1.3469289816634784,1.0
27.0,0.8,-0.6239879937977502,0.09219590862051058,0.06320385639903942,-0.0003871730955378299,0.00017302603201979576,0.16759473489354865,-0.1658597603332237,1.9832023244857187e-8,0.3541553327603694,0.4859853765465489,0.0,0.0,4.0,1.0,0.3474475874650141,1.0,8.551567063138082e-24,0.1222633427087148,0.9096271186683407,0.0,1.0,6.0,3.0,6.0,3.0,1.3709279443644689,1.0
27.0,0.85,-0.6239879937977502,0.09219590862051058,0.06320385639903942,-0.0003871730955378299,0.00017302603201979576,0.16759473489354865,-0.1658597603332237,7.913093519486446e-7,0.41295359901326656,0.5666705870231991,0.0,0.0,5.0,2.0,0.4051322073674276,1.0,1.4834816300643508e-23,0.12510205722465395,0.9307468725426281,0.0,1.0,6.0,3.0,6.0,3.0,1.4027581967504652,1.0
27.0,0.9,-0.6239879937977502,0.09219590862051058,0.06320385639903942,-0.0003871730955378299,0.00017302603201979576,0.16759473489354865,-0.1658597603332237,7.511487718925091e-5,0.49922011359739993,0.6850487694065078,1.0,1.0,6.0,3.0,0.4897648236198932,1.0,2.4721109337238303e-23,0.12779254690914568,0.9507638484022015,0.0,1.0,6.0,3.0,6.0,3.0,1.432926417337085,1.0
27.0,0.95,-0.6239879937977502,0.09219590862051058,0.06320385639903942,-0.0003871730955378299,0.00017302603201979576,0.16759473489354865,-0.1658597603332237,0.003530442166840873,0.5860882827671087,0.804252565025802,1.0,1.0,6.0,3.0,0.5749876990465355,1.0,7.368814901306418e-23,0.1337424463696512,0.9950305090604183,0.0,1.0,6.0,3.0,6.0,3.0,1.4996421086952003,1.0
28.0,0.4,0.026128010079922603,-0.021141365636984766,-0.019018181900523345,6.454489108316877e-5,-0.000515007245667226,0.21114533466275445,-0.003969117907041242,5.947341788932751e-20,0.13017159309860687,0.16755432595488448,0.0,0.0,5.0,2.0,0.1401641058078465,1.0,7.728163445497274e-27,0.08150974957630727,0.8927210194251433,1.0,1.0,6.0,3.0,6.0,3.0,1.3774844035562108,1.0
28.0,0.45,0.026128010079922603,-0.021141365636984766,-0.019018181900523345,6.454489108316877e-5,-0.000515007245667226,0.21114533466275445,-0.003969117907041242,2.1986127080527627e-19,0.13745977535094211,0.17693553145185742,0.0,0.0,5.0,2.0,0.1480117592324254,1.0,1.6460560476153548e-26,0.08411851015707585,0.9212930051962391,1.0,1.0,6.0,3.0,6.0,3.0,1.421571485547019,1.0
28.0,0.5,0.026128010079922603,-0.021141365636984766,-0.019018181900523345,6.454489108316877e-5,-0.000515007245667226,0.21114533466275445,-0.003969117907041242,1.350469308797769e-17,0.1631885295713135,0.2100530801307586,0.0,0.0,5.0,2.0,0.17571555960088553,1.0,3.251267190018972e-26,0.08653834274408334,0.9477957907542929,1.0,1.0,6.0,3.0,6.0,3.0,1.4624657548233515,1.0
28.0,0.55,0.026128010079922603,-0.021141365636984766,-0.019018181900523345,6.454489108316877e-5,-0.000515007245667226,0.21114533466275445,-0.003969117907041242,5.190946031955981e-16,0.18998590004508914,0.2445461307281769,0.0,0.0,5.0,2.0,0.20457000764941707,1.0,4.710744939086067e-26,0.08788574650694593,0.9625529905618309,1.0,1.0,6.0,3.0,6.0,3.0,1.4852363764763918,1.0
28.0,0.6,0.026128010079922603,-0.021141365636984766,-0.019018181900523345,6.454489108316877e-5,-0.000515007245667226,0.21114533466275445,-0.003969117907041242,5.264468844852303e-15,0.20923895348669522,0.2693282841549847,0.0,0.0,5.0,2.0,0.2253010055228869,1.0,5.960076265035245e-26,0.08875139855653497,0.972033890505624,1.0,1.0,6.0,3.0,6.0,3.0,1.4998655736388615,1.0
28.0,0.65,0.026128010079922603,-0.021141365636984766,-0.019018181900523345,6.454489108316877e-5,-0.000515007245667226,0.21114533466275445,-0.003969117907041242,3.6583474156849226e-14,0.22684174108556177,0.2919862477002327,0.0,0.0,5.0,2.0,0.24425505628610972,1.0,8.486326588938887e-26,0.0900678305932551,0.9864518779971022,1.0,1.0,6.0,3.0,6.0,3.0,1.522112784657786,1.0
28.0,0.7,0.026128010079922603,-0.021141365636984766,-0.019018181900523345,6.454489108316877e-5,-0.000515007245667226,0.21114533466275445,-0.003969117907041242,6.932241810649291e-13,0.2564223269043308,0.33006179859604096,0.0,0.0,5.0,2.0,0.2761063708614738,1.0,1.2747941853802186e-25,0.0916079257146925,1.0033194956007383,1.0,1.0,6.0,3.0,6.0,3.0,1.5481398184887134,1.0
28.0,0.75,0.026128010079922603,-0.021141365636984766,-0.019018181900523345,6.454489108316877e-5,-0.000515007245667226,0.21114533466275445,-0.003969117907041242,2.4039990210888963e-12,0.27005881717532243,0.34761442187856884,0.0,0.0,5.0,2.0,0.2907896548229989,1.0,1.8691247983207535e-25,0.09308034312148171,1.0194458850847055,1.0,1.0,6.0,3.0,6.0,3.0,1.5730231241536146,1.0
28.0,0.8,0.026128010079922603,-0.021141365636984766,-0.019018181900523345,6.454489108316877e-5,-0.000515007245667226,0.21114533466275445,-0.003969117907041242,3.9079346749063196e-10,0.33387500167557793,0.42975736508471823,0.0,0.0,5.0,2.0,0.3595046349782398,1.0,3.561494071840348e-25,0.09561463888741861,1.0472023082298167,1.0,1.0,6.0,3.0,6.0,3.0,1.61585177851365,1.0
28.0,0.85,0.026128010079922603,-0.021141365636984766,-0.019018181900523345,6.454489108316877e-5,-0.000515007245667226,0.21114533466275445,-0.003969117907041242,5.909874366008077e-7,0.4529690471367683,0.5830528886124523,0.0,0.0,5.0,2.0,0.4877408345341735,1.0,5.6692363993376155e-25,0.09748472480467867,1.0676840912698455,1.0,1.0,6.0,3.0,6.0,3.0,1.647455533864709,1.0
28.0,0.9,0.026128010079922603,-0.021141365636984766,-0.019018181900523345,6.454489108316877e-5,-0.000515007245667226,0.21114533466275445,-0.003969117907041242,3.411154122152935e-5,0.5363607488895229,0.6903930543491431,1.0,1.0,6.0,3.0,0.5775340300366303,1.0,9.994019024259074e-25,0.0998149408101625,1.0932053671749917,1.0,1.0,6.0,3.0,6.0,3.0,1.6868353162975596,1.0
28.0,0.95,0.026128010079922603,-0.021141365636984766,-0.019018181900523345,6.454489108316877e-5,-0.000515007245667226,0.21114533466275445,-0.003969117907041242,0.00042832788175336015,0.5959961399198458,0.7671545620582215,1.0,1.0,6.0,3.0,0.6417472816324268,1.0,3.9949408729943224e-24,0.10574730577206759,1.1581785381627885,1.0,1.0,6.0,3.0,6.0,3.0,1.787090074209401,1.0
29.0,0.4,-1.3032908797844445,-1.1305657394056454,-1.1294872467358221,3.456653998960905e-6,-0.00019819265957489267,-0.13072035318532677,-1.1874214577520295,2.7449675719891694e-19,0.15697974705426282,0.22176689037227212,0.0,0.0,2.0,0.0,0.1902406248826026,0.0,5.123715830935457e-28,0.08973083713589705,1.1659932910333124,0.0,0.0,4.0,2.0,4.0,2.0,1.6776616507208169,0.0
29.0,0.45,-1.3032908797844445,-1.1305657394056454,-1.1294872467358221,3.456653998960905e-6,-0.00019819265957489267,-0.13072035318532677,-1.1874214577520295,1.4857564057025546e-17,0.18538263804926713,0.261891944283637,0.0,0.0,2.0,0.0,0.22466152205409748,0.0,7.371934175915184e-28,0.09110136902600849,1.1838024527443183,0.0,0.0,4.0,2.0,4.0,2.0,1.7032859384965748,0.0
29.0,0.5,-1.3032908797844445,-1.1305657394056454,-1.1294872467358221,3.456653998960905e-6,-0.00019819265957489267,-0.13072035318532677,-1.1874214577520295,9.762650327508661e-17,0.20051024291372263,0.2832628660268801,0.0,0.0,2.0,0.0,0.24299436470669977,0.0,1.8212733181126116e-27,0.09460003706630686,1.2292653459118292,0.0,0.0,4.0,2.0,4.0,2.0,1.7686991385419688,0.0
29.0,0.55,-1.3032908797844445,-1.1305657394056454,-1.1294872467358221,3.456653998960905e-6,-0.00019819265957489267,-0.13072035318532677,-1.1874214577520295,9.970338013439625e-16,0.22089411853062438,0.31205937509331977,0.0,0.0,2.0,0.0,0.2676971770608832,0.0,3.075160805311156e-27,0.09668746399036376,1.2563900877136525,0.0,0.0,4.0,2.0,4.0,2.0,1.8077269266575393,0.0
29.0,0.6,-1.3032908797844445,-1.1305657394056454,-1.1294872467358221,3.456653998960905e-6,-0.00019819265957489267,-0.13072035318532677,-1.1874214577520295,1.3040788667247718e-14,0.2458719024225307,0.34734574525280254,0.0,0.0,2.0,0.0,0.2979672552394162,0.0,5.463277229099913e-27,0.09903063442660835,1.2868380484773638,0.0,0.0,4.0,2.0,4.0,2.0,1.8515362491542928,0.0
29.0,0.65,-1.3032908797844445,-1.1305657394056454,-1.1294872467358221,3.456653998960905e-6,-0.00019819265957489267,-0.13072035318532677,-1.1874214577520295,3.157192350503011e-13,0.2807860005716846,0.3966692479465209,0.0,0.0,2.0,0.0,0.34027895451111645,0.0,8.731171526094621e-27,0.10098426247779554,1.3122241618088248,0.0,0.0,4.0,2.0,4.0,2.0,1.8880624531423977,0.0
29.0,0.7,-1.3032908797844445,-1.1305657394056454,-1.1294872467358221,3.456653998960905e-6,-0.00019819265957489267,-0.13072035318532677,-1.1874214577520295,2.2420565994687932e-12,0.304682970692683,0.4304287414639937,0.0,0.0,2.0,0.0,0.3692392160348412,0.0,1.4427523447900795e-26,0.10311978548046388,1.3399738805614485,0.0,0.0,4.0,2.0,4.0,2.0,1.9279894744448176,0.0
29.0,0.75,-1.3032908797844445,-1.1305657394056454,-1.1294872467358221,3.456653998960905e-6,-0.00019819265957489267,-0.13072035318532677,-1.1874214577520295,1.4280954590312716e-11,0.3291188769830765,0.46494959560688914,0.0,0.0,2.0,0.0,0.3988526035545082,0.0,3.1264935440401776e-26,0.10649676289211506,1.3838554839392585,0.0,0.0,4.0,2.0,4.0,2.0,1.9911274733726252,0.0
29.0,0.8,-1.3032908797844445,-1.1305657394056454,-1.1294872467358221,3.456653998960905e-6,-0.00019819265957489267,-0.13072035318532677,-1.1874214577520295,3.122439662458901e-10,0.3742615051309643,0.5287230469944005,0.0,0.0,3.0,1.0,0.4535600543489636,0.0,4.507549753669132e-26,0.108132571665298,1.4051117445050219,0.0,0.0,4.0,2.0,4.0,2.0,2.021711537160254,0.0
29.0,0.85,-1.3032908797844445,-1.1305657394056454,-1.1294872467358221,3.456653998960905e-6,-0.00019819265957489267,-0.13072035318532677,-1.1874214577520295,2.3346206704088086e-8,0.4479679270482588,0.6328488612844116,0.0,0.0,3.0,1.0,0.5428833971784047,0.0,7.124490773762192e-26,0.110214927473709,1.4321705904898676,0.0,0.0,4.0,2.0,4.0,2.0,2.0606445126504536,0.0
29.0,0.9,-1.3032908797844445,-1.1305657394056454,-1.1294872467358221,3.456653998960905e-6,-0.00019819265957489267,-0.13072035318532677,-1.1874214577520295,2.4621025403565234e-6,0.5439291448979704,0.7684142528601194,0.0,0.0,3.0,1.0,0.6591768833815278,0.0,8.745969465129194e-26,0.11116063215481616,1.4444594016574235,0.0,0.0,4.0,2.0,4.0,2.0,2.078325975646255,0.0
29.0,0.95,-1.3032908797844445,-1.1305657394056454,-1.1294872467358221,3.456653998960905e-6,-0.00019819265957489267,-0.13072035318532677,-1.1874214577520295,0.00896827103011797,0.7654804515588249,1.0814020443304915,0.0,0.0,3.0,1.0,0.9276704936314466,0.0,2.4551380828529787e-25,0.11604564314517976,1.5079369108749243,0.0,0.0,4.0,2.0,4.0,2.0,2.169659076545234,0.0
31.0,0.4,-0.2767990940701268,0.06385551331133099,0.06518647044946696,-0.0004118059591583829,0.0002869553608745246,0.20442743955205192,-0.048808384390397586,5.766497947054893e-23,0.0892325207317717,0.1261005359941619,0.0,0.0,2.0,0.0,0.09720049005441647,0.0,1.7535464714468923e-29,0.06338779742162053,0.6155882422803433,0.0,0.0,6.0,3.0,6.0,3.0,0.8682670488812887,1.0
31.0,0.45,-0.2767990940701268,0.06385551331133099,0.06518647044946696,-0.0004118059591583829,0.0002869553608745246,0.20442743955205192,-0.048808384390397586,5.791067421696757e-22,0.09823511657620844,0.1388227156660188,0.0,0.0,2.0,0.0,0.10700696778994391,1.0,2.816408909349097e-29,0.0646516722394751,0.6278623156703758,0.0,0.0,6.0,3.0,6.0,3.0,0.8855792272956099,1.0
31.0,0.5,-0.2767990940701268,0.06385551331133099,0.06518647044946696,-0.0004118059591583829,0.0002869553608745246,0.20442743955205192,-0.048808384390397586,4.9376341664808573e-20,0.11822657550882228,0.16707400416526086,0.0,0.0,2.0,0.0,0.128783553156101,1.0,5.027421564929559e-29,0.06623158712859403,0.6432056004839528,0.0,0.0,6.0,3.0,6.0,3.0,0.9072204278745559,1.0
31.0,0.55,-0.2767990940701268,0.06385551331133099,0.06518647044946696,-0.0004118059591583829,0.0002869553608745246,0.20442743955205192,-0.048808384390397586,1.8070314475461316e-19,0.12479352729926359,0.1763542097879584,0.0,0.0,2.0,0.0,0.13593689732883085,1.0,6.97677360876385e-29,0.06714206862668376,0.6520477077638417,0.0,0.0,6.0,3.0,6.0,3.0,0.9196919305227564,1.0
31.0,0.6,-0.2767990940701268,0.06385551331133099,0.06518647044946696,-0.0004118059591583829,0.0002869553608745246,0.20442743955205192,-0.048808384390397586,1.617215093337352e-18,0.13672580217100577,0.19321651788613836,0.0,0.0,3.0,1.0,0.1489346581842449,1.0,9.296588078882903e-29,0.06794996814955229,0.659893593998282,0.0,0.0,6.0,3.0,6.0,3.0,0.9307582960228531,1.0
31.0,0.65,-0.2767990940701268,0.06385551331133099,0.06518647044946696,-0.0004118059591583829,0.0002869553608745246,0.20442743955205192,-0.048808384390397586,3.281544170355499e-16,0.17060368839939416,0.2410916600060218,0.0,0.0,4.0,1.0,0.1858376518058814,1.0,1.1994996219409788e-28,0.06867533387197967,0.6669379562926432,0.0,0.0,6.0,3.0,6.0,3.0,0.9406941382636309,1.0
31.0,0.7,-0.2767990940701268,0.06385551331133099,0.06518647044946696,-0.0004118059591583829,0.0002869553608745246,0.20442743955205192,-0.048808384390397586,2.971178186178658e-15,0.18700670783124962,0.2642718809088608,0.0,0.0,4.0,1.0,0.20370536992113106,1.0,2.378595417802804e-28,0.07066252173743613,0.6862364575016462,0.0,0.0,6.0,3.0,6.0,3.0,0.9679140419942526,1.0
31.0,0.75,-0.2767990940701268,0.06385551331133099,0.06518647044946696,-0.0004118059591583829,0.0002869553608745246,0.20442743955205192,-0.048808384390397586,8.024224081095685e-15,0.1949105211294349,0.2754412963319094,0.0,0.0,4.0,1.0,0.21231494992158362,1.0,3.6375814970787267e-28,0.07192440952379586,0.6984912339090571,0.0,0.0,6.0,3.0,6.0,3.0,0.9851990026467611,1.0
31.0,0.8,-0.2767990940701268,0.06385551331133099,0.06518647044946696,-0.0004118059591583829,0.0002869553608745246,0.20442743955205192,-0.048808384390397586,2.641284448365703e-13,0.22545547586046896,0.31860644656989173,0.0,0.0,5.0,2.0,0.2455873997436735,1.0,7.6543581145823915e-28,0.07418885020945966,0.720482265592395,0.0,1.0,6.0,3.0,6.0,3.0,1.0162166324033264,1.0
31.0,0.85,-0.2767990940701268,0.06385551331133099,0.06518647044946696,-0.0004118059591583829,0.0002869553608745246,0.20442743955205192,-0.048808384390397586,4.6886928519007324e-11,0.27975572316919456,0.3953418142821683,0.0,0.0,5.0,2.0,0.3047363580517052,1.0,1.2637779303186343e-27,0.07575513153564181,0.7356931485654661,0.0,1.0,6.0,3.0,6.0,3.0,1.037671084523763,1.0
31.0,0.9,-0.2767990940701268,0.06385551331133099,0.06518647044946696,-0.0004118059591583829,0.0002869553608745246,0.20442743955205192,-0.048808384390397586,5.477260569269113e-10,0.309926442146418,0.4379781065571941,0.0,0.0,5.0,2.0,0.3376011549422411,1.0,3.1848296375430143e-27,0.07872953745272665,0.7645789812462839,0.0,1.0,6.0,3.0,6.0,3.0,1.0784136052115287,1.0
31.0,0.95,-0.2767990940701268,0.06385551331133099,0.06518647044946696,-0.0004118059591583829,0.0002869553608745246,0.20442743955205192,-0.048808384390397586,5.234462969861525e-9,0.3404903656275821,0.48117006282440133,0.0,0.0,5.0,2.0,0.3708942673186693,1.0,1.0100533994173601e-26,0.08260825632259011,0.8022470156081222,1.0,1.0,6.0,3.0,6.0,3.0,1.1315431336628174,1.0
32.0,0.4,-0.9474107662528859,0.0831865937803612,0.08112571038996425,0.0007487142602182173,0.0007624606257078828,0.11906646274614019,-0.2617194484909857,1.1040625540040206e-22,0.09151447233216424,0.1274181288760156,0.0,0.0,2.0,0.0,0.09280252621348012,0.0,1.7194976524563202e-28,0.0691515836562872,0.6633837813213324,0.0,0.0,4.0,2.0,6.0,3.0,0.8776703809952707,1.0
32.0,0.45,-0.9474107662528859,0.0831865937803612,0.08112571038996425,0.0007487142602182173,0.0007624606257078828,0.11906646274614019,-0.2617194484909857,4.8950228060852216e-21,0.10717779630839125,0.1492266077118622,0.0,0.0,2.0,0.0,0.10868630936657542,0.0,2.723846992977327e-28,0.07048981062502314,0.6762216372292864,0.0,0.0,4.0,2.0,6.0,3.0,0.8946551282911029,1.0
32.0,0.5,-0.9474107662528859,0.0831865937803612,0.08112571038996425,0.0007487142602182173,0.0007624606257078828,0.11906646274614019,-0.2617194484909857,4.027450524323119e-19,0.12879765881871602,0.1793285397606372,0.0,0.0,2.0,0.0,0.13061046853195674,0.0,4.048054620128925e-28,0.07166311185763279,0.6874773304059789,0.0,0.0,4.0,2.0,6.0,3.0,0.9095466417662692,1.0
32.0,0.55,-0.9474107662528859,0.0831865937803612,0.08112571038996425,0.0007487142602182173,0.0007624606257078828,0.11906646274614019,-0.2617194484909857,4.315448181910584e-18,0.14217539909269514,0.1979547372446021,0.0,0.0,2.0,0.0,0.14417649869980742,0.0,5.5144288954825615e-28,0.07259213788645831,0.6963896469049254,0.0,0.0,4.0,2.0,6.0,3.0,0.9213378197200033,1.0
32.0,0.6,-0.9474107662528859,0.0831865937803612,0.08112571038996425,0.0007487142602182173,0.0007624606257078828,0.11906646274614019,-0.2617194484909857,9.167315856348542e-17,0.16148237743489283,0.2248363767483897,0.0,0.0,2.0,0.0,0.16375522016368188,0.0,6.984027523028633e-28,0.07331026879944325,0.7032788080108748,0.0,0.0,4.0,2.0,6.0,3.0,0.9304523214953607,1.0
32.0,0.65,-0.9474107662528859,0.0831865937803612,0.08112571038996425,0.0007487142602182173,0.0007624606257078828,0.11906646274614019,-0.2617194484909857,4.628674525331331e-15,0.19014828091004166,0.2647487063533345,0.0,0.0,4.0,1.0,0.19282459237215385,0.0,1.0106446744300343e-27,0.0744478227956823,0.714191571415298,0.0,0.0,4.0,2.0,6.0,3.0,0.9448901318316252,1.0
32.0,0.7,-0.9474107662528859,0.0831865937803612,0.08112571038996425,0.0007487142602182173,0.0007624606257078828,0.11906646274614019,-0.2617194484909857,5.71094298043903e-14,0.21113547157584758,0.2939697519087848,0.0,0.0,4.0,1.0,0.2141071749219548,0.0,1.4346042868084027e-27,0.07554242164930582,0.7246922582854065,0.0,1.0,4.0,2.0,6.0,3.0,0.9587827564412337,1.0
32.0,0.75,-0.9474107662528859,0.0831865937803612,0.08112571038996425,0.0007487142602182173,0.0007624606257078828,0.11906646274614019,-0.2617194484909857,1.1649085125353867e-12,0.23940168475887325,0.3333255816743665,0.0,0.0,4.0,1.0,0.24277123125123543,0.0,2.0774738282089834e-27,0.07671690010773212,0.7359592448045279,0.0,1.0,4.0,2.0,6.0,3.0,0.9736892112406106,1.0
32.0,0.8,-0.9474107662528859,0.0831865937803612,0.08112571038996425,0.0007487142602182173,0.0007624606257078828,0.11906646274614019,-0.2617194484909857,1.2168149500041385e-11,0.26398711650154216,0.3675565577203143,0.0,0.0,5.0,2.0,0.2677026996367758,0.0,3.0703418903814185e-27,0.07797580106176917,0.7480361117545187,0.0,1.0,4.0,2.0,6.0,3.0,0.9896671545001144,1.0
32.0,0.85,-0.9474107662528859,0.0831865937803612,0.08112571038996425,0.0007487142602182173,0.0007624606257078828,0.11906646274614019,-0.2617194484909857,4.1594646567117544e-11,0.2778592995156883,0.38687118149558486,0.0,0.0,5.0,2.0,0.28177013175981525,0.0,5.4691282308072454e-27,0.07987428533496309,0.7662486183861865,0.0,1.0,4.0,2.0,6.0,3.0,1.0137626751992432,1.0
32.0,0.9,-0.9474107662528859,0.0831865937803612,0.08112571038996425,0.0007487142602182173,0.0007624606257078828,0.11906646274614019,-0.2617194484909857,3.1611859067634086e-9,0.3328067515680705,0.4633760374882736,0.0,0.0,5.0,2.0,0.33749096180456134,0.0,9.304608853095598e-27,0.08166252785648408,0.7834035557444189,1.0,1.0,4.0,2.0,6.0,3.0,1.0364590100073698,1.0
32.0,0.95,-0.9474107662528859,0.0831865937803612,0.08112571038996425,0.0007487142602182173,0.0007624606257078828,0.11906646274614019,-0.2617194484909857,4.1799743045994864e-7,0.4079252707161437,0.5679656276357611,0.0,0.0,5.0,2.0,0.4136667639995847,0.0,3.038341815973481e-26,0.08579005058787958,0.8229996357221762,1.0,1.0,6.0,3.0,6.0,3.0,1.0888454378618126,1.0
33.0,0.4,-0.03647619012347425,-0.009045639533913075,-0.008025341100553973,-0.0010600797296703305,-0.001153558449670579,0.30312465131074107,-0.017508624108193982,1.3745057275238822e-20,0.11246398595024755,0.15302955734928833,0.0,0.0,5.0,2.0,0.11218201137286085,1.0,3.0889968400765424e-28,0.0702103711556398,0.71429607079221,0.0,0.0,6.0,3.0,6.0,3.0,0.9936953032204014,1.0
33.0,0.45,-0.03647619012347425,-0.009045639533913075,-0.008025341100553973,-0.0010600797296703305,-0.001153558449670579,0.30312465131074107,-0.017508624108193982,1.5110480630590902e-18,0.1367919771979167,0.18613261430011643,0.0,0.0,5.0,2.0,0.13644900642701288,1.0,5.4068718233143255e-28,0.0718673494085017,0.731153595342019,0.0,1.0,6.0,3.0,6.0,3.0,1.017146703352688,1.0
33.0,0.5,-0.03647619012347425,-0.009045639533913075,-0.008025341100553973,-0.0010600797296703305,-0.001153558449670579,0.30312465131074107,-0.017508624108193982,5.697850743074549e-18,0.14457015938838674,0.19671637378127438,0.0,0.0,5.0,2.0,0.14420768682215296,1.0,8.950699351690055e-28,0.07339270844020172,0.7466720713870387,0.0,1.0,6.0,3.0,6.0,3.0,1.038735281800238,1.0
33.0,0.55,-0.03647619012347425,-0.009045639533913075,-0.008025341100553973,-0.0010600797296703305,-0.001153558449670579,0.30312465131074107,-0.017508624108193982,1.1866035197701581e-16,0.16406657046012316,0.2232451076777189,0.0,0.0,5.0,2.0,0.16365521564748794,1.0,1.2428075753187714e-27,0.07440332943999788,0.7569537804470043,0.0,1.0,6.0,3.0,6.0,3.0,1.053038714815955,1.0
33.0,0.6,-0.03647619012347425,-0.009045639533913075,-0.008025341100553973,-0.0010600797296703305,-0.001153558449670579,0.30312465131074107,-0.017508624108193982,9.707184712234309e-14,0.21696328736480464,0.29522158178859587,0.0,0.0,5.0,2.0,0.21641930761212025,1.0,1.905174717252174e-27,0.07573956821766858,0.7705482123353433,0.0,1.0,6.0,3.0,6.0,3.0,1.0719506529740497,1.0
33.0,0.65,-0.03647619012347425,-0.009045639533913075,-0.008025341100553973,-0.0010600797296703305,-0.001153558449670579,0.30312465131074107,-0.017508624108193982,7.53205824331991e-13,0.2362991185085258,0.32153181484589854,0.0,0.0,5.0,2.0,0.2357066591223916,1.0,3.521483112901476e-27,0.07770323647288307,0.7905258950615861,0.0,1.0,6.0,3.0,6.0,3.0,1.0997426713065566,1.0
33.0,0.7,-0.03647619012347425,-0.009045639533913075,-0.008025341100553973,-0.0010600797296703305,-0.001153558449670579,0.30312465131074107,-0.017508624108193982,4.415732013479238e-12,0.2543699540298249,0.3461207704781448,0.0,0.0,5.0,2.0,0.2537321866620636,1.0,5.670544879622458e-27,0.07926106573928128,0.806374712061665,0.0,1.0,6.0,3.0,6.0,3.0,1.1217908046486755,1.0
33.0,0.75,-0.03647619012347425,-0.009045639533913075,-0.008025341100553973,-0.0010600797296703305,-0.001153558449670579,0.30312465131074107,-0.017508624108193982,3.20708961945842e-11,0.27627737923742196,0.3759301672717487,0.0,0.0,5.0,2.0,0.2755846846241754,1.0,1.1408367746886039e-26,0.08160370068088663,0.8302078709888534,0.0,1.0,6.0,3.0,6.0,3.0,1.1549463812439467,1.0
33.0,0.8,-0.03647619012347425,-0.009045639533913075,-0.008025341100553973,-0.0010600797296703305,-0.001153558449670579,0.30312465131074107,-0.017508624108193982,1.7098291207645143e-10,0.2962309251243104,0.4030809237456484,0.0,0.0,5.0,2.0,0.29548820211645127,1.0,1.4726829917851404e-26,0.08247647557016227,0.8390871813219909,0.0,1.0,6.0,3.0,6.0,3.0,1.1672988627073952,1.0
33.0,0.85,-0.03647619012347425,-0.009045639533913075,-0.008025341100553973,-0.0010600797296703305,-0.001153558449670579,0.30312465131074107,-0.017508624108193982,3.4370735227543836e-9,0.33568497234851497,0.45676597973351746,0.0,0.0,5.0,2.0,0.33484332844435083,1.0,3.1522125881789253e-26,0.08513363693708534,0.8661202234867529,0.0,1.0,6.0,3.0,6.0,3.0,1.2049059672811193,1.0
33.0,0.9,-0.03647619012347425,-0.009045639533913075,-0.008025341100553973,-0.0010600797296703305,-0.001153558449670579,0.30312465131074107,-0.017508624108193982,8.334229630558293e-8,0.3833776222963537,0.5216612886509964,0.0,0.0,5.0,2.0,0.3824164013142489,1.0,4.838829835067589e-26,0.08666752394025592,0.8817254601685985,0.0,1.0,6.0,3.0,6.0,3.0,1.2266152430709112,1.0
33.0,0.95,-0.03647619012347425,-0.009045639533913075,-0.008025341100553973,-0.0010600797296703305,-0.001153558449670579,0.30312465131074107,-0.017508624108193982,1.6840786582312286e-5,0.4782876101755717,0.6508051502211196,0.0,0.0,5.0,2.0,0.4770884267604632,1.0,1.9419434071666302e-25,0.09183369628556305,0.9342843136050517,1.0,1.0,6.0,3.0,6.0,3.0,1.2997326630568964,1.0
34.0,0.4,-0.4357113405169468,0.17695200104923745,0.17449239983153586,-0.0006635368263988949,0.001357021509725598,0.20940127238497466,-0.02890851361795832,3.82976890816924e-21,0.11499717522709717,0.15906293469105867,0.0,0.0,2.0,0.0,0.13491529624169418,1.0,4.1423014932447494e-29,0.07054056774195983,0.7706145746106324,0.0,0.0,4.0,2.0,6.0,3.0,1.0957949106669769,1.0
34.0,0.45,-0.4357113405169468,0.17695200104923745,0.17449239983153586,-0.0006635368263988949,0.001357021509725598,0.20940127238497466,-0.02890851361795832,9.747036236117832e-20,0.1316006415197422,0.18202868206125913,0.0,0.0,2.0,0.0,0.15439457100724818,1.0,7.204683947858528e-29,0.0721862534375891,0.7885927313348485,0.0,0.0,4.0,2.0,6.0,3.0,1.1213594059291172,1.0
34.0,0.5,-0.4357113405169468,0.17695200104923745,0.17449239983153586,-0.0006635368263988949,0.001357021509725598,0.20940127238497466,-0.02890851361795832,4.32533819065963e-19,0.1400304501997264,0.19368870853473116,0.0,0.0,2.0,0.0,0.1642844672857864,1.0,1.071795843921678e-28,0.07339084406720152,0.8017521816388837,0.0,0.0,4.0,2.0,6.0,3.0,1.1400718195603055,1.0
34.0,0.55,-0.4357113405169468,0.17695200104923745,0.17449239983153586,-0.0006635368263988949,0.001357021509725598,0.20940127238497466,-0.02890851361795832,1.9931020939137952e-18,0.1492343207565657,0.20641940960105198,0.0,0.0,2.0,0.0,0.17508249706603082,1.0,1.6695590300184088e-28,0.07475879406188271,0.8166962377612559,0.0,0.0,4.0,2.0,6.0,3.0,1.1613218986311453,1.0
34.0,0.6,-0.4357113405169468,0.17695200104923745,0.17449239983153586,-0.0006635368263988949,0.001357021509725598,0.20940127238497466,-0.02890851361795832,5.174112954788176e-18,0.1552857050444797,0.21478962340741808,0.0,0.0,2.0,0.0,0.18218201322600575,1.0,2.366629768522475e-28,0.07585356145499429,0.8286559332378554,0.0,0.0,4.0,2.0,6.0,3.0,1.1783282905009151,1.0
34.0,0.65,-0.4357113405169468,0.17695200104923745,0.17449239983153586,-0.0006635368263988949,0.001357021509725598,0.20940127238497466,-0.02890851361795832,3.9496821490689474e-17,0.1690097418103307,0.23377257285355257,0.0,0.0,2.0,0.0,0.19828312599021217,1.0,3.8020629185430608e-28,0.07736680884187216,0.8451872786557901,0.0,0.0,4.0,2.0,6.0,3.0,1.2018354557846802,1.0
34.0,0.7,-0.4357113405169468,0.17695200104923745,0.17449239983153586,-0.0006635368263988949,0.001357021509725598,0.20940127238497466,-0.02890851361795832,2.650048355668206e-15,0.20138350274266806,0.2785516329540735,0.0,0.0,2.0,0.0,0.23626419411661342,1.0,6.9912952913296425e-28,0.0793555150838822,0.8669127348545281,0.0,0.0,4.0,2.0,6.0,3.0,1.2327285184373358,1.0
34.0,0.75,-0.4357113405169468,0.17695200104923745,0.17449239983153586,-0.0006635368263988949,0.001357021509725598,0.20940127238497466,-0.02890851361795832,4.0260966872714024e-14,0.22555813265891886,0.31198973760277826,0.0,0.0,2.0,0.0,0.26462599822391786,1.0,1.0133109538922597e-27,0.0805922276750689,0.8804230988603746,0.0,0.0,4.0,2.0,6.0,3.0,1.2519399226939252,1.0
34.0,0.8,-0.4357113405169468,0.17695200104923745,0.17449239983153586,-0.0006635368263988949,0.001357021509725598,0.20940127238497466,-0.02890851361795832,1.934875153957444e-12,0.26505267298299645,0.36661818804789725,0.0,0.0,2.0,0.0,0.3109612025211528,1.0,1.4861903172035403e-27,0.08188863793516057,0.8945856250928812,0.0,0.0,4.0,2.0,6.0,3.0,1.2720786855451338,1.0
34.0,0.85,-0.4357113405169468,0.17695200104923745,0.17449239983153586,-0.0006635368263988949,0.001357021509725598,0.20940127238497466,-0.02890851361795832,5.671283417277762e-10,0.33583429095258077,0.464522609214675,0.0,0.0,4.0,1.0,0.39400257234588487,1.0,3.424144115587585e-27,0.08478653382346979,0.9262434480835365,0.0,1.0,4.0,2.0,6.0,3.0,1.3170953287009997,1.0
34.0,0.9,-0.4357113405169468,0.17695200104923745,0.17449239983153586,-0.0006635368263988949,0.001357021509725598,0.20940127238497466,-0.02890851361795832,7.01767822707081e-9,0.3729463627657226,0.5158556532081998,0.0,0.0,5.0,2.0,0.4375426519428422,1.0,6.071461011692827e-27,0.08683425784046193,0.9486136390642328,0.0,1.0,4.0,2.0,6.0,3.0,1.3489051883051753,1.0
34.0,0.95,-0.4357113405169468,0.17695200104923745,0.17449239983153586,-0.0006635368263988949,0.001357021509725598,0.20940127238497466,-0.02890851361795832,2.7289479451881883e-7,0.4343983006572882,0.6008553548459304,0.0,0.0,5.0,2.0,0.5096383915894381,1.0,2.4904164826953139e-26,0.09209411503097821,1.006074512163661,0.0,1.0,4.0,2.0,6.0,3.0,1.4306131320417028,1.0
35.0,0.4,-0.10954869330965211,0.09998158018609166,0.09760084437947569,-0.0006263093445996553,0.0013978164677530137,0.15852417759281712,0.028551331816433212,1.0912396990931027e-20,0.12125711514374381,0.17020184485411916,0.0,0.0,3.0,1.0,0.14448301548251513,1.0,1.1497740077993473e-28,0.07328878400762406,0.7794875019383596,1.0,1.0,4.0,2.0,6.0,3.0,1.127840066581103,1.0
35.0,0.45,-0.10954869330965211,0.09998158018609166,0.09760084437947569,-0.0006263093445996553,0.0013978164677530137,0.15852417759281712,0.028551331816433212,1.4017962848655194e-19,0.13486702039044246,0.18930530924490444,0.0,0.0,3.0,1.0,0.16069979705564807,1.0,1.684221354068495e-28,0.07446381703091685,0.791984960702668,1.0,1.0,4.0,2.0,6.0,3.0,1.1459226332544385,1.0
35.0,0.5,-0.10954869330965211,0.09998158018609166,0.09760084437947569,-0.0006263093445996553,0.0013978164677530137,0.15852417759281712,0.028551331816433212,3.4458503118696395e-19,0.14001715276206034,0.19653426261273907,0.0,0.0,3.0,1.0,0.16683639905465958,1.0,2.4717855724097827e-28,0.07566367747753158,0.8047464798746746,1.0,1.0,4.0,2.0,6.0,3.0,1.164387268796177,1.0
35.0,0.55,-0.10954869330965211,0.09998158018609166,0.09760084437947569,-0.0006263093445996553,0.0013978164677530137,0.15852417759281712,0.028551331816433212,3.8862669383127626e-18,0.1548903702490654,0.2174109678865196,0.0,0.0,5.0,2.0,0.1845584709504187,1.0,3.887354698611811e-28,0.07710471202451191,0.820073087273642,1.0,1.0,4.0,2.0,6.0,3.0,1.1865633291772972,1.0
35.0,0.6,-0.10954869330965211,0.09998158018609166,0.09760084437947569,-0.0006263093445996553,0.0013978164677530137,0.15852417759281712,0.028551331816433212,1.0903725758737398e-16,0.17797520973516326,0.24981386864856853,0.0,0.0,5.0,2.0,0.21206504008598948,1.0,4.768775131361332e-28,0.07776406374350996,0.8270858441545189,1.0,1.0,4.0,2.0,6.0,3.0,1.1967100835098265,1.0
35.0,0.65,-0.10954869330965211,0.09998158018609166,0.09760084437947569,-0.0006263093445996553,0.0013978164677530137,0.15852417759281712,0.028551331816433212,7.003987078647495e-15,0.21168168347842836,0.29712576459652884,0.0,0.0,5.0,2.0,0.25222773867844744,1.0,7.712083706666043e-28,0.07933731245564292,0.843818659757254,1.0,1.0,4.0,2.0,6.0,3.0,1.22092078581942,1.0
35.0,0.7,-0.10954869330965211,0.09998158018609166,0.09760084437947569,-0.0006263093445996553,0.0013978164677530137,0.15852417759281712,0.028551331816433212,7.054791136841835e-14,0.23306697087482034,0.3271430989466546,0.0,0.0,5.0,2.0,0.27770921913696023,1.0,1.0906330796591574e-27,0.08049123794498379,0.8560916222478822,1.0,1.0,4.0,2.0,6.0,3.0,1.2386785289495619,1.0
35.0,0.75,-0.10954869330965211,0.09998158018609166,0.09760084437947569,-0.0006263093445996553,0.0013978164677530137,0.15852417759281712,0.028551331816433212,1.5284888428870875e-12,0.2649342785148231,0.3718734600840817,0.0,0.0,5.0,2.0,0.3156804730108336,1.0,1.8217808774754527e-27,0.08223045024761297,0.8745895994141542,1.0,1.0,4.0,2.0,6.0,3.0,1.26544324261969,1.0
35.0,0.8,-0.10954869330965211,0.09998158018609166,0.09760084437947569,-0.0006263093445996553,0.0013978164677530137,0.15852417759281712,0.028551331816433212,1.5084119642655004e-11,0.29145100491344555,0.40909350896275826,0.0,0.0,5.0,2.0,0.3472762815228214,1.0,3.2213326730026632e-27,0.08420673169853064,0.8956090052094896,1.0,1.0,4.0,2.0,6.0,3.0,1.2958562100794062,1.0
35.0,0.85,-0.10954869330965211,0.09998158018609166,0.09760084437947569,-0.0006263093445996553,0.0013978164677530137,0.15852417759281712,0.028551331816433212,1.2274891916506704e-10,0.3180555377557998,0.44643680684579645,0.0,0.0,5.0,2.0,0.3789767151510684,1.0,5.2406382347830906e-27,0.08593162079577829,0.9139546431094774,1.0,1.0,4.0,2.0,6.0,3.0,1.3224005041433162,1.0
35.0,0.9,-0.10954869330965211,0.09998158018609166,0.09760084437947569,-0.0006263093445996553,0.0013978164677530137,0.15852417759281712,0.028551331816433212,3.059540687875425e-9,0.3636605864796927,0.5104500684038259,1.0,1.0,6.0,3.0,0.4333170724409807,1.0,1.2824034648746445e-26,0.08919620100368915,0.9486761834597325,1.0,1.0,4.0,2.0,6.0,3.0,1.3726390830596558,1.0
35.0,0.95,-0.10954869330965211,0.09998158018609166,0.09760084437947569,-0.0006263093445996553,0.0013978164677530137,0.15852417759281712,0.028551331816433212,3.813267049495073e-7,0.44464622470975235,0.6241250887694708,1.0,1.0,6.0,3.0,0.5298149085340141,1.0,3.8243840812469693e-26,0.09335094635108648,0.9928653744237395,1.0,1.0,4.0,2.0,6.0,3.0,1.4365764007909565,1.0
36.0,0.4,-0.23357317365959185,0.08635271724484428,0.08741546786019877,-2.093836403897417e-5,0.0001572070531621881,0.1658890187941338,-0.019580412646397982,1.4083136275120733e-21,0.10326453348190232,0.14461711849779968,0.0,0.0,2.0,0.0,0.11736279375464585,1.0,3.351272791363988e-30,0.06132768810349656,0.5891334818883782,0.0,0.0,4.0,2.0,6.0,3.0,0.88652332544337,1.0
36.0,0.45,-0.23357317365959185,0.08635271724484428,0.08741546786019877,-2.093836403897417e-5,0.0001572070531621881,0.1658890187941338,-0.019580412646397982,1.3993214132650085e-19,0.12507445182238822,0.17516088254459267,0.0,0.0,2.0,0.0,0.14215032594689375,1.0,4.834243407671099e-30,0.06227110042333453,0.5981962038338814,0.0,0.0,4.0,2.0,6.0,3.0,0.90016083654008,1.0
36.0,0.5,-0.23357317365959185,0.08635271724484428,0.08741546786019877,-2.093836403897417e-5,0.0001572070531621881,0.1658890187941338,-0.019580412646397982,5.860769202319154e-19,0.1327659851171544,0.18593251288478022,0.0,0.0,2.0,0.0,0.15089195102661038,1.0,6.813773504115727e-30,0.06316803096805082,0.6068124069088938,0.0,0.0,4.0,2.0,6.0,3.0,0.9131264296316005,1.0
36.0,0.55,-0.23357317365959185,0.08635271724484428,0.08741546786019877,-2.093836403897417e-5,0.0001572070531621881,0.1658890187941338,-0.019580412646397982,5.210128531635715e-18,0.14541997467734066,0.2036538296427365,0.0,0.0,2.0,0.0,0.1652735350695563,1.0,1.0058560367285126e-29,0.06420150050962095,0.616740247469642,0.0,0.0,4.0,2.0,6.0,3.0,0.9280657642628194,1.0
36.0,0.6,-0.23357317365959185,0.08635271724484428,0.08741546786019877,-2.093836403897417e-5,0.0001572070531621881,0.1658890187941338,-0.019580412646397982,5.46609073058315e-16,0.17653273428304272,0.24722578499834683,0.0,0.0,3.0,1.0,0.20063398522238474,1.0,1.4624576968301406e-29,0.06521056910174967,0.62643368466789,0.0,0.0,4.0,2.0,6.0,3.0,0.9426523705993374,1.0
36.0,0.65,-0.23357317365959185,0.08635271724484428,0.08741546786019877,-2.093836403897417e-5,0.0001572070531621881,0.1658890187941338,-0.019580412646397982,2.1427540602865052e-15,0.18687271417180473,0.2617064401315057,0.0,0.0,5.0,2.0,0.21238563785852088,1.0,2.335954590088995e-29,0.06649549176661382,0.6387770647449476,0.0,0.0,4.0,2.0,6.0,3.0,0.9612265896677379,1.0
36.0,0.7,-0.23357317365959185,0.08635271724484428,0.08741546786019877,-2.093836403897417e-5,0.0001572070531621881,0.1658890187941338,-0.019580412646397982,4.264228588776358e-15,0.1923086118642842,0.26931915898306547,0.0,0.0,5.0,2.0,0.21856367515983324,1.0,3.105683850371477e-29,0.06728930936008339,0.646402731671047,0.0,1.0,4.0,2.0,6.0,3.0,0.9727016319287546,1.0
36.0,0.75,-0.23357317365959185,0.08635271724484428,0.08741546786019877,-2.093836403897417e-5,0.0001572070531621881,0.1658890187941338,-0.019580412646397982,4.502369583911196e-14,0.2121527964494081,0.2971100054322196,0.0,0.0,5.0,2.0,0.24111710046631746,1.0,5.143323176625321e-29,0.06871865931530699,0.6601335267164561,0.0,1.0,4.0,2.0,6.0,3.0,0.9933636218832552,1.0
36.0,0.8,-0.23357317365959185,0.08635271724484428,0.08741546786019877,-2.093836403897417e-5,0.0001572070531621881,0.1658890187941338,-0.019580412646397982,1.3209465131523393e-12,0.2442262069276926,0.3420273071172123,0.0,0.0,5.0,2.0,0.2775693550018081,1.0,6.268041538078042e-29,0.06928725353644531,0.6655956255439145,0.0,1.0,4.0,2.0,6.0,3.0,1.001582944269919,1.0
36.0,0.85,-0.23357317365959185,0.08635271724484428,0.08741546786019877,-2.093836403897417e-5,0.0001572070531621881,0.1658890187941338,-0.019580412646397982,1.1803712244222447e-11,0.26756100713538605,0.37470659644310556,0.0,0.0,5.0,2.0,0.30408995458948124,1.0,8.942417848112782e-29,0.07032074702479002,0.6755236961450751,0.0,1.0,4.0,2.0,6.0,3.0,1.016522625064102,1.0
36.0,0.9,-0.23357317365959185,0.08635271724484428,0.08741546786019877,-2.093836403897417e-5,0.0001572070531621881,0.1658890187941338,-0.019580412646397982,2.992224814965518e-10,0.30614121793527754,0.4287363657045511,0.0,0.0,5.0,2.0,0.3479373547611187,1.0,1.8845226140194844e-28,0.07253922456869034,0.6968351044232336,0.0,1.0,4.0,2.0,6.0,3.0,1.0485918608442104,1.0
36.0,0.95,-0.23357317365959185,0.08635271724484428,0.08741546786019877,-2.093836403897417e-5,0.0001572070531621881,0.1658890187941338,-0.019580412646397982,9.613036504056781e-9,0.35375933141222676,0.4954232922527112,1.0,1.0,6.0,3.0,0.4020565633852486,1.0,4.125957926285213e-28,0.07494679268561359,0.7199629775172393,1.0,1.0,6.0,3.0,6.0,3.0,1.083394498270298,1.0
37.0,0.4,-0.3510099452613835,0.16683477086115145,0.1553358445821667,-0.0002777061264703018,3.1396911872131144e-5,-0.10769311084760153,-0.013445752032349989,6.552690481820824e-19,0.14534170320805329,0.20356572314097612,0.0,0.0,2.0,0.0,0.15975421645070753,1.0,4.233088704467708e-26,0.14130317695529726,0.9986137537890873,1.0,1.0,6.0,3.0,6.0,3.0,1.254856142144532,1.0
37.0,0.45,-0.3510099452613835,0.16683477086115145,0.1553358445821667,-0.0002777061264703018,3.1396911872131144e-5,-0.10769311084760153,-0.013445752032349989,7.178159177017073e-17,0.17675564995783785,0.24756412584083992,0.0,0.0,2.0,0.0,0.19428326308952534,1.0,6.507382020704118e-26,0.14385770641877624,1.0166670510443683,1.0,1.0,6.0,3.0,6.0,3.0,1.277541881110966,1.0
37.0,0.5,-0.3510099452613835,0.16683477086115145,0.1553358445821667,-0.0002777061264703018,3.1396911872131144e-5,-0.10769311084760153,-0.013445752032349989,3.10699715217074e-16,0.1878827732294293,0.2631487849253551,0.0,0.0,3.0,0.0,0.2065137848211919,1.0,9.520788364919145e-26,0.14615687225275498,1.032915649791582,1.0,1.0,6.0,3.0,6.0,3.0,1.2979598393674168,1.0
37.0,0.55,-0.3510099452613835,0.16683477086115145,0.1553358445821667,-0.0002777061264703018,3.1396911872131144e-5,-0.10769311084760153,-0.013445752032349989,2.4886358485039045e-15,0.20489804562396388,0.2869803910850537,0.0,0.0,4.0,1.0,0.22521634196126544,1.0,1.2674143932824413e-25,0.14790952613993585,1.045301955004836,1.0,1.0,6.0,3.0,6.0,3.0,1.3135244469209908,1.0
37.0,0.6,-0.3510099452613835,0.16683477086115145,0.1553358445821667,-0.0002777061264703018,3.1396911872131144e-5,-0.10769311084760153,-0.013445752032349989,8.266724394645836e-14,0.2370982346662469,0.3320800054626653,0.0,0.0,4.0,1.0,0.26060959700418246,1.0,2.0934680244688046e-25,0.15103489561436817,1.067389476390346,1.0,1.0,6.0,3.0,6.0,3.0,1.341279584250303,1.0
37.0,0.65,-0.3510099452613835,0.16683477086115145,0.1553358445821667,-0.0002777061264703018,3.1396911872131144e-5,-0.10769311084760153,-0.013445752032349989,2.67423157561383e-13,0.2489847331185072,0.3487282461233981,0.0,0.0,4.0,1.0,0.2736747958058309,1.0,3.390981402679608e-25,0.1541007531395595,1.089056416637432,1.0,1.0,6.0,3.0,6.0,3.0,1.3685062201216502,1.0
37.0,0.7,-0.3510099452613835,0.16683477086115145,0.1553358445821667,-0.0002777061264703018,3.1396911872131144e-5,-0.10769311084760153,-0.013445752032349989,6.094968089317319e-12,0.28362634570602563,0.3972473205631215,0.0,0.0,5.0,2.0,0.31175157317499363,1.0,4.820534558258938e-25,0.1563760249645143,1.105136152330335,1.0,1.0,6.0,3.0,6.0,3.0,1.3887119853854857,1.0
37.0,0.75,-0.3510099452613835,0.16683477086115145,0.1553358445821667,-0.0002777061264703018,3.1396911872131144e-5,-0.10769311084760153,-0.013445752032349989,2.1976338353409886e-11,0.29919493131468133,0.41905269588042815,0.0,0.0,5.0,2.0,0.32886398578788467,1.0,5.654237824835011e-25,0.15741886939601485,1.112506112544947,1.0,1.0,6.0,3.0,6.0,3.0,1.3979730633624063,1.0
37.0,0.8,-0.3510099452613835,0.16683477086115145,0.1553358445821667,-0.0002777061264703018,3.1396911872131144e-5,-0.10769311084760153,-0.013445752032349989,1.0271681867658227e-10,0.31904932095392957,0.44686077226336907,0.0,0.0,5.0,2.0,0.3506871954373874,1.0,9.623540650905354e-25,0.16094598833823784,1.1374328662305218,1.0,1.0,6.0,3.0,6.0,3.0,1.429295974595485,1.0
37.0,0.85,-0.3510099452613835,0.16683477086115145,0.1553358445821667,-0.0002777061264703018,3.1396911872131144e-5,-0.10769311084760153,-0.013445752032349989,2.1264967825302792e-8,0.3984362005401051,0.5580501088003994,1.0,1.0,6.0,3.0,0.43794631284707947,1.0,1.5664521151344311e-24,0.16424648448595047,1.1607580378115996,1.0,1.0,6.0,3.0,6.0,3.0,1.458606340804674,1.0
37.0,0.9,-0.3510099452613835,0.16683477086115145,0.1553358445821667,-0.0002777061264703018,3.1396911872131144e-5,-0.10769311084760153,-0.013445752032349989,3.830384783596377e-7,0.4494429023996603,0.6294901423206699,1.0,1.0,6.0,3.0,0.4940109901520073,1.0,2.3395781287420537e-24,0.16701491901437554,1.1803230387982688,1.0,1.0,6.0,3.0,6.0,3.0,1.4831916838024348,1.0
37.0,0.95,-0.3510099452613835,0.16683477086115145,0.1553358445821667,-0.0002777061264703018,3.1396911872131144e-5,-0.10769311084760153,-0.013445752032349989,1.2463662582092424e-5,0.5196265461537892,0.7277894182898419,1.0,1.0,6.0,3.0,0.5711542516393627,1.0,5.0490450883206424e-24,0.17245465488173667,1.218766583884627,1.0,1.0,6.0,3.0,6.0,3.0,1.5314997693804504,1.0
38.0,0.4,0.03881555441350226,-0.046545034163845644,-0.04758030368234545,5.0264330386165075e-6,-0.000519012741290419,0.17430064948031415,-0.01878135098372946,4.602930757447426e-20,0.12583686121981988,0.16454713543064534,0.0,0.0,5.0,2.0,0.11793282085818477,1.0,3.8949932213227485e-27,0.07981097891058302,0.7884523501114182,1.0,1.0,6.0,3.0,6.0,3.0,0.9868623996163216,1.0
38.0,0.45,0.03881555441350226,-0.046545034163845644,-0.04758030368234545,5.0264330386165075e-6,-0.000519012741290419,0.17430064948031415,-0.01878135098372946,8.296859429579724e-18,0.15624381964107995,0.2043079643076217,0.0,0.0,5.0,2.0,0.14642986334299782,1.0,6.453022943470101e-27,0.08150764124583568,0.8052136707196293,1.0,1.0,6.0,3.0,6.0,3.0,1.0078416218531763,1.0
38.0,0.5,0.03881555441350226,-0.046545034163845644,-0.04758030368234545,5.0264330386165075e-6,-0.000519012741290419,0.17430064948031415,-0.01878135098372946,1.1655580163814262e-16,0.17442966804039037,0.22808819237811648,0.0,0.0,5.0,2.0,0.16347342578281004,1.0,9.686313770889482e-27,0.08289877832269175,0.8189567084889464,1.0,1.0,6.0,3.0,6.0,3.0,1.0250430256274559,1.0
38.0,0.55,0.03881555441350226,-0.046545034163845644,-0.04758030368234545,5.0264330386165075e-6,-0.000519012741290419,0.17430064948031415,-0.01878135098372946,2.4705372930715126e-15,0.19809845307854174,0.25903803282548854,0.0,0.0,5.0,2.0,0.18565553171565846,1.0,1.4894011904188256e-26,0.08439829611113747,0.8337704388863457,1.0,1.0,6.0,3.0,6.0,3.0,1.043584556418988,1.0
38.0,0.6,0.03881555441350226,-0.046545034163845644,-0.04758030368234545,5.0264330386165075e-6,-0.000519012741290419,0.17430064948031415,-0.01878135098372946,3.477603420268891e-14,0.2211743591370303,0.2892126112644564,0.0,0.0,5.0,2.0,0.20728199846757553,1.0,2.673582609354734e-26,0.0864809447132393,0.8543449163228793,1.0,1.0,6.0,3.0,6.0,3.0,1.0693364971304338,1.0
38.0,0.65,0.03881555441350226,-0.046545034163845644,-0.04758030368234545,5.0264330386165075e-6,-0.000519012741290419,0.17430064948031415,-0.01878135098372946,1.918722225851249e-13,0.2374872396891845,0.3105437040735043,0.0,0.0,5.0,2.0,0.22257023755101474,1.0,3.2218314807839125e-26,0.0871557027573815,0.8610108484154622,1.0,1.0,6.0,3.0,6.0,3.0,1.0776798773481937,1.0
38.0,0.7,0.03881555441350226,-0.046545034163845644,-0.04758030368234545,5.0264330386165075e-6,-0.000519012741290419,0.17430064948031415,-0.01878135098372946,1.7470193701526608e-11,0.2866006561228317,0.37476552196557483,0.0,0.0,5.0,2.0,0.2685987516593312,1.0,4.216494028394146e-26,0.08813826630212201,0.8707175898507781,1.0,1.0,6.0,3.0,6.0,3.0,1.0898292712132216,1.0
38.0,0.75,0.03881555441350226,-0.046545034163845644,-0.04758030368234545,5.0264330386165075e-6,-0.000519012741290419,0.17430064948031415,-0.01878135098372946,7.729248738031019e-11,0.30492087834605086,0.3987214602976473,0.0,0.0,5.0,2.0,0.28576824766065667,1.0,6.212181688213737e-26,0.08957291291956021,0.884890458202209,1.0,1.0,6.0,3.0,6.0,3.0,1.1075686702634797,1.0
38.0,0.8,0.03881555441350226,-0.046545034163845644,-0.04758030368234545,5.0264330386165075e-6,-0.000519012741290419,0.17430064948031415,-0.01878135098372946,1.3768096427617617e-10,0.3123449733230987,0.4084293753695614,0.0,0.0,5.0,2.0,0.29272602183330443,1.0,1.1686417188038556e-25,0.09196267227255155,0.9084988815518054,1.0,1.0,6.0,3.0,6.0,3.0,1.1371180340451315,1.0
38.0,0.85,0.03881555441350226,-0.046545034163845644,-0.04758030368234545,5.0264330386165075e-6,-0.000519012741290419,0.17430064948031415,-0.01878135098372946,1.122645922702368e-9,0.340885262235806,0.44574930483558123,1.0,1.0,6.0,3.0,0.3194736436903332,1.0,2.5784230626805357e-25,0.09504543927955705,0.9389535248189002,1.0,1.0,6.0,3.0,6.0,3.0,1.175236434389524,1.0
38.0,0.9,0.03881555441350226,-0.046545034163845644,-0.04758030368234545,5.0264330386165075e-6,-0.000519012741290419,0.17430064948031415,-0.01878135098372946,7.326971648768506e-7,0.44656700318457715,0.58394114760625,1.0,1.0,6.0,3.0,0.4185173237573427,1.0,5.801996195470033e-25,0.09831216305562947,0.9712254762918273,1.0,1.0,6.0,3.0,6.0,3.0,1.2156294593660786,1.0
38.0,0.95,0.03881555441350226,-0.046545034163845644,-0.04758030368234545,5.0264330386165075e-6,-0.000519012741290419,0.17430064948031415,-0.01878135098372946,1.0938659939475992e-5,0.4998100068385751,0.6535629074631215,1.0,1.0,6.0,3.0,0.46841603825968475,1.0,1.161107703759258e-24,0.101195502813489,0.9997099785405847,1.0,1.0,6.0,3.0,6.0,3.0,1.251281942660869,1.0
39.0,0.4,-0.7206890266616028,0.8582544105277765,0.11548242488863794,0.00014771752981545356,0.0003282008094007632,0.01620381742543242,-0.16324105896144225,5.2920426000226754e-21,0.13816651845521408,0.23095393618973425,0.0,0.0,3.0,1.0,0.12176247811960002,0.0,1.0094379803817603e-25,0.18777748479529816,1.3772161580269138,0.0,1.0,6.0,3.0,6.0,3.0,1.143900136607552,1.0
39.0,0.45,-0.7206890266616028,0.8582544105277765,0.11548242488863794,0.00014771752981545356,0.0003282008094007632,0.01620381742543242,-0.16324105896144225,1.6959922668278624e-19,0.15964102343003037,0.26684990800049907,0.0,0.0,3.0,1.0,0.14068738823067653,0.0,2.0562018314715886e-25,0.1934273751615939,1.418654141457278,1.0,1.0,6.0,3.0,6.0,3.0,1.1783180561407094,1.0
39.0,0.5,-0.7206890266616028,0.8582544105277765,0.11548242488863794,0.00014771752981545356,0.0003282008094007632,0.01620381742543242,-0.16324105896144225,1.7126662876643477e-18,0.17578758780464707,0.29383989544429084,0.0,0.0,3.0,1.0,0.15491692598955303,0.0,3.121716020409332e-25,0.19682182627327552,1.4435500597498072,1.0,1.0,6.0,3.0,6.0,3.0,1.1989963237966703,1.0
39.0,0.55,-0.7206890266616028,0.8582544105277765,0.11548242488863794,0.00014771752981545356,0.0003282008094007632,0.01620381742543242,-0.16324105896144225,3.218265030223227e-17,0.19864123991368302,0.3320411975390784,0.0,0.0,3.0,1.0,0.17505724179103604,0.0,5.201178732658856e-25,0.20105325406868607,1.4745846150252515,1.0,1.0,6.0,3.0,6.0,3.0,1.224773273778143,1.0
39.0,0.6,-0.7206890266616028,0.8582544105277765,0.11548242488863794,0.00014771752981545356,0.0003282008094007632,0.01620381742543242,-0.16324105896144225,5.167581151053223e-16,0.22300031672839876,0.372758910739113,0.0,0.0,4.0,1.0,0.19652424834824983,0.0,7.165347639908855e-25,0.20375506745372068,1.4944005213566174,1.0,1.0,6.0,3.0,6.0,3.0,1.241232141057137,1.0
39.0,0.65,-0.7206890266616028,0.8582544105277765,0.11548242488863794,0.00014771752981545356,0.0003282008094007632,0.01620381742543242,-0.16324105896144225,6.571144586323708e-15,0.2479249407505163,0.4144219713005121,0.0,0.0,4.0,1.0,0.21848965661838793,0.0,1.165228126153535e-24,0.2079252931562016,1.5249862022029488,1.0,1.0,6.0,3.0,6.0,3.0,1.2666362610236634,1.0
39.0,0.7,-0.7206890266616028,0.8582544105277765,0.11548242488863794,0.00014771752981545356,0.0003282008094007632,0.01620381742543242,-0.16324105896144225,3.345142939326539e-14,0.2653194696360298,0.44349800910758463,0.0,0.0,4.0,1.0,0.23381899231059203,0.0,1.7469707995314424e-24,0.2114635089328215,1.5509365334871215,1.0,1.0,6.0,3.0,6.0,3.0,1.2881903121636848,1.0
39.0,0.75,-0.7206890266616028,0.8582544105277765,0.11548242488863794,0.00014771752981545356,0.0003282008094007632,0.01620381742543242,-0.16324105896144225,4.118213711944155e-13,0.29457646451622316,0.49240289723975394,0.0,0.0,4.0,1.0,0.2596024037967802,0.0,3.1508826922040795e-24,0.21672459944683878,1.589522942675877,1.0,1.0,6.0,3.0,6.0,3.0,1.3202397464409077,1.0
39.0,0.8,-0.7206890266616028,0.8582544105277765,0.11548242488863794,0.00014771752981545356,0.0003282008094007632,0.01620381742543242,-0.16324105896144225,3.241315118789916e-12,0.3210198551457934,0.5366046707257205,0.0,0.0,4.0,1.0,0.28290626068584823,0.0,5.934728128148747e-24,0.22251804399780112,1.6320137953727072,1.0,1.0,6.0,3.0,6.0,3.0,1.355532167257485,1.0
39.0,0.85,-0.7206890266616028,0.8582544105277765,0.11548242488863794,0.00014771752981545356,0.0003282008094007632,0.01620381742543242,-0.16324105896144225,2.0020767977339697e-9,0.4195788027087985,0.7013520866763656,0.0,0.0,4.0,1.0,0.36976363995766653,1.0,1.1017262799494566e-23,0.2283284019339256,1.6746286958879308,1.0,1.0,6.0,3.0,6.0,3.0,1.3909276207865229,1.0
39.0,0.9,-0.7206890266616028,0.8582544105277765,0.11548242488863794,0.00014771752981545356,0.0003282008094007632,0.01620381742543242,-0.16324105896144225,3.476695049594068e-7,0.5201562052204526,0.8694734757184964,0.0,0.0,5.0,2.0,0.4583998298940956,1.0,2.6454030916883158e-23,0.23681581020141315,1.7368778831027751,1.0,1.0,6.0,3.0,6.0,3.0,1.442631090386229,1.0
39.0,0.95,-0.7206890266616028,0.8582544105277765,0.11548242488863794,0.00014771752981545356,0.0003282008094007632,0.01620381742543242,-0.16324105896144225,0.00018762062769004273,0.6760391803194055,1.1300415720025416,0.0,0.0,5.0,2.0,0.5957753500774235,1.0,5.711867764997176e-23,0.24453402060049198,1.793485543410135,1.0,1.0,6.0,3.0,6.0,3.0,1.4896487716566789,1.0
40.0,0.4,-0.1011327901071093,-0.018993985663050994,-0.013013474845841033,-0.0003943943601304221,0.00044852457539140895,0.15952056576588847,-0.04238624659959711,7.433962763627498e-21,0.1181792512236919,0.1559367298819258,0.0,0.0,5.0,2.0,0.1293469106060677,1.0,1.3053088119700921e-27,0.07967734649323317,0.8480270005388982,0.0,1.0,6.0,3.0,6.0,3.0,1.2708910038472159,1.0
40.0,0.45,-0.1011327901071093,-0.018993985663050994,-0.013013474845841033,-0.0003943943601304221,0.00044852457539140895,0.15952056576588847,-0.04238624659959711,6.3278864372755325e-19,0.14221961423097204,0.18765782773719933,0.0,0.0,5.0,2.0,0.15565903098796346,1.0,2.292603704916356e-27,0.08156938425494122,0.8681644571509087,1.0,1.0,6.0,3.0,6.0,3.0,1.301069892529185,1.0
40.0,0.5,-0.1011327901071093,-0.018993985663050994,-0.013013474845841033,-0.0003943943601304221,0.00044852457539140895,0.15952056576588847,-0.04238624659959711,8.597820222251548e-18,0.15855255070049715,0.2092090279356687,0.0,0.0,5.0,2.0,0.17353539127611128,1.0,4.504882369410961e-27,0.08389774473621552,0.8929458114757046,1.0,1.0,6.0,3.0,6.0,3.0,1.3382083329969057,1.0
40.0,0.55,-0.1011327901071093,-0.018993985663050994,-0.013013474845841033,-0.0003943943601304221,0.00044852457539140895,0.15952056576588847,-0.04238624659959711,6.277964391305783e-17,0.17224614205965738,0.22727762995147466,0.0,0.0,5.0,2.0,0.18852299459115268,1.0,8.056137808212904e-27,0.08595452862300416,0.9148367045216752,1.0,1.0,6.0,3.0,6.0,3.0,1.371014999554251,1.0
40.0,0.6,-0.1011327901071093,-0.018993985663050994,-0.013013474845841033,-0.0003943943601304221,0.00044852457539140895,0.15952056576588847,-0.04238624659959711,6.934107750898096e-15,0.2095471020900285,0.2764959966982969,0.0,0.0,5.0,2.0,0.2293488070126286,1.0,1.5498959461558668e-26,0.08833024098658694,0.9401220374111608,1.0,1.0,6.0,3.0,6.0,3.0,1.4089087247282241,1.0
40.0,0.65,-0.1011327901071093,-0.018993985663050994,-0.013013474845841033,-0.0003943943601304221,0.00044852457539140895,0.15952056576588847,-0.04238624659959711,1.3405150672910876e-13,0.23707005780072798,0.31281235228332144,0.0,0.0,5.0,2.0,0.2594726168613486,1.0,2.5550610590126183e-26,0.09018933737630022,0.9599088903181554,1.0,1.0,6.0,3.0,6.0,3.0,1.438562183094487,1.0
40.0,0.7,-0.1011327901071093,-0.018993985663050994,-0.013013474845841033,-0.0003943943601304221,0.00044852457539140895,0.15952056576588847,-0.04238624659959711,3.235924770608539e-13,0.24593687599202496,0.3245120594560408,0.0,0.0,5.0,2.0,0.26917732837436276,1.0,3.843375473236369e-26,0.09173671335448563,0.9763780207202071,1.0,1.0,6.0,3.0,6.0,3.0,1.4632435548619585,1.0
40.0,0.75,-0.1011327901071093,-0.018993985663050994,-0.013013474845841033,-0.0003943943601304221,0.00044852457539140895,0.15952056576588847,-0.04238624659959711,1.5032760776345438e-12,0.2621905286374732,0.3459586451800482,0.0,0.0,5.0,2.0,0.28696691270480906,1.0,4.820671072382315e-26,0.09260681655363223,0.9856387584155101,1.0,1.0,6.0,3.0,6.0,3.0,1.4771221085146966,1.0
40.0,0.8,-0.1011327901071093,-0.018993985663050994,-0.013013474845841033,-0.0003943943601304221,0.00044852457539140895,0.15952056576588847,-0.04238624659959711,3.899348461890789e-11,0.3002836734506486,0.3962222944380861,0.0,0.0,5.0,2.0,0.32865976949510495,1.0,7.527380514223464e-26,0.09434241096203902,1.0041111471821,1.0,1.0,6.0,3.0,6.0,3.0,1.504805652420856,1.0
40.0,0.85,-0.1011327901071093,-0.018993985663050994,-0.013013474845841033,-0.0003943943601304221,0.00044852457539140895,0.15952056576588847,-0.04238624659959711,1.3540695848511836e-9,0.34811715511877134,0.45933825289068775,0.0,0.0,5.0,2.0,0.3810134019072157,1.0,1.0720416339378815e-25,0.09574269063641441,1.0190146928502155,1.0,1.0,6.0,3.0,6.0,3.0,1.527140769230814,1.0
40.0,0.9,-0.1011327901071093,-0.018993985663050994,-0.013013474845841033,-0.0003943943601304221,0.00044852457539140895,0.15952056576588847,-0.04238624659959711,3.9666538446329817e-7,0.4410705529141059,0.5819896382525916,1.0,1.0,6.0,3.0,0.4827506756728583,1.0,3.14754289137276e-25,0.10013724260088434,1.0657870677492496,1.0,1.0,6.0,3.0,6.0,3.0,1.5972359318258464,1.0
40.0,0.95,-0.1011327901071093,-0.018993985663050994,-0.013013474845841033,-0.0003943943601304221,0.00044852457539140895,0.15952056576588847,-0.04238624659959711,0.0032165701989896227,0.641773471719415,0.8468157943856857,1.0,1.0,6.0,3.0,0.7024195450241206,1.0,1.2265003254287591e-24,0.10597610709699214,1.1279316416226766,1.0,1.0,6.0,3.0,6.0,3.0,1.6903685559327064,1.0
41.0,0.4,-0.2980269445786332,0.008194075265756107,1.7403243304816072,0.0002134885884797098,-0.00022272327582145604,0.04303422927773204,1.0608742387948604,7.17388258398636e-19,0.16376660598125864,0.1582558806754921,0.0,0.0,4.0,2.0,0.6017954835579363,0.0,3.8578769528612915e-24,0.2032938399263757,0.7368184937976882,1.0,1.0,6.0,3.0,6.0,3.0,5.729576413650744,1.0
41.0,0.45,-0.2980269445786332,0.008194075265756107,1.7403243304816072,0.0002134885884797098,-0.00022272327582145604,0.04303422927773204,1.0608742387948604,1.5039039487511217e-16,0.2046223611102011,0.19773684487971432,0.0,0.0,4.0,2.0,0.7519287098443761,0.0,5.590385013405393e-24,0.20646024669974583,0.7482948231854862,1.0,1.0,6.0,3.0,6.0,3.0,5.818817531686075,1.0
41.0,0.5,-0.2980269445786332,0.008194075265756107,1.7403243304816072,0.0002134885884797098,-0.00022272327582145604,0.04303422927773204,1.0608742387948604,2.6535443069407933e-14,0.25384095039651483,0.2452992349435489,0.0,0.0,4.0,2.0,0.9327929621265924,0.0,8.381571055759496e-24,0.20997371394069386,0.7610290390447585,1.0,1.0,6.0,3.0,6.0,3.0,5.917840104338354,1.0
41.0,0.55,-0.2980269445786332,0.008194075265756107,1.7403243304816072,0.0002134885884797098,-0.00022272327582145604,0.04303422927773204,1.0608742387948604,1.5081704011103897e-12,0.3003800058098662,0.2902722571058834,0.0,0.0,4.0,2.0,1.1038106930552802,0.0,1.2142436779093559e-23,0.2132418528514332,0.7728740865415479,1.0,1.0,6.0,3.0,6.0,3.0,6.009948412323915,1.0
41.0,0.6,-0.2980269445786332,0.008194075265756107,1.7403243304816072,0.0002134885884797098,-0.00022272327582145604,0.04303422927773204,1.0608742387948604,8.20048852239244e-12,0.32233854608469825,0.31149189531429505,0.0,0.0,4.0,2.0,1.1845020542991669,0.0,1.6685538766114306e-23,0.2160846316243742,0.783177458126427,1.0,1.0,6.0,3.0,6.0,3.0,6.090068489806678,1.0
41.0,0.65,-0.2980269445786332,0.008194075265756107,1.7403243304816072,0.0002134885884797098,-0.00022272327582145604,0.04303422927773204,1.0608742387948604,1.7399217374084091e-10,0.3660926352746608,0.3537736650097845,0.0,1.0,5.0,3.0,1.345285830111947,0.0,2.1553607933962453e-23,0.21840187848057505,0.7915760910557951,1.0,1.0,6.0,3.0,6.0,3.0,6.155377123539523,1.0
41.0,0.7,-0.2980269445786332,0.008194075265756107,1.7403243304816072,0.0002134885884797098,-0.00022272327582145604,0.04303422927773204,1.0608742387948604,3.1694520569527603e-10,0.3753559131753185,0.36272523479610697,0.0,1.0,5.0,3.0,1.3793257295783607,0.0,3.13424207040661e-23,0.22183593201879345,0.8040224797735598,1.0,1.0,6.0,3.0,6.0,3.0,6.252161522727005,1.0
41.0,0.75,-0.2980269445786332,0.008194075265756107,1.7403243304816072,0.0002134885884797098,-0.00022272327582145604,0.04303422927773204,1.0608742387948604,3.2560857405120257e-9,0.4136165557186012,0.3996984116206321,0.0,1.0,5.0,3.0,1.5199226586202141,0.0,4.637090241677411e-23,0.2254861829032117,0.817252454472325,1.0,1.0,6.0,3.0,6.0,3.0,6.355039167120192,1.0
41.0,0.8,-0.2980269445786332,0.008194075265756107,1.7403243304816072,0.0002134885884797098,-0.00022272327582145604,0.04303422927773204,1.0608742387948604,9.141382564505438e-8,0.4752743931489766,0.45928147072248005,0.0,1.0,5.0,3.0,1.7464975935357958,0.0,7.282188002374235e-23,0.22976680342421538,0.832767141813307,1.0,1.0,6.0,3.0,6.0,3.0,6.475682972076667,1.0
41.0,0.85,-0.2980269445786332,0.008194075265756107,1.7403243304816072,0.0002134885884797098,-0.00022272327582145604,0.04303422927773204,1.0608742387948604,1.0512749214253846e-5,0.5791713897062342,0.5596823466592323,0.0,1.0,5.0,3.0,2.12828936914692,1.0,1.2419061597090836e-22,0.234934466912343,0.8514968289949474,1.0,1.0,6.0,3.0,6.0,3.0,6.621326946561993,1.0
41.0,0.9,-0.2980269445786332,0.008194075265756107,1.7403243304816072,0.0002134885884797098,-0.00022272327582145604,0.04303422927773204,1.0608742387948604,3.156409187550678e-5,0.606320112898589,0.5859175187950765,1.0,1.0,6.0,3.0,2.2280531696093497,1.0,2.8630938476031465e-22,0.2432546698349201,0.881652584760713,1.0,1.0,6.0,3.0,6.0,3.0,6.85582120590232,1.0
41.0,0.95,-0.2980269445786332,0.008194075265756107,1.7403243304816072,0.0002134885884797098,-0.00022272327582145604,0.04303422927773204,1.0608742387948604,0.004198573055623605,0.7433582383458053,0.7183443288814357,1.0,1.0,6.0,3.0,2.7316291243972164,1.0,6.61500486897213e-22,0.251892436536658,0.9129593191568721,1.0,1.0,6.0,3.0,6.0,3.0,7.099265593488381,1.0
42.0,0.4,-0.7447074444657957,0.17249434024443716,0.14808894112987628,0.00017602896776794643,0.00041293835135950357,0.19201021161550896,-0.14950952073534762,7.350441780228277e-16,0.16579907368318864,0.22309738226172757,0.0,0.0,2.0,0.0,0.1612468956340858,0.0,5.081749319903071e-26,0.09559711536246185,0.8025786210879812,0.0,0.0,4.0,2.0,6.0,3.0,1.2001013724270773,1.0
42.0,0.45,-0.7447074444657957,0.17249434024443716,0.14808894112987628,0.00017602896776794643,0.00041293835135950357,0.19201021161550896,-0.14950952073534762,3.604200831173859e-15,0.1771547279326566,0.238377423824363,0.0,0.0,2.0,0.0,0.17229076913074692,0.0,6.884943391386797e-26,0.09681442824551587,0.8127984827585957,0.0,0.0,4.0,2.0,6.0,3.0,1.2153832023869795,1.0
42.0,0.5,-0.7447074444657957,0.17249434024443716,0.14808894112987628,0.00017602896776794643,0.00041293835135950357,0.19201021161550896,-0.14950952073534762,2.9937774949722335e-14,0.1934913344012016,0.2603597790764595,0.0,0.0,2.0,0.0,0.18817883786195178,0.0,8.809268565824439e-26,0.09781378466450819,0.8211885068057566,0.0,0.0,4.0,2.0,6.0,3.0,1.227928863471305,1.0
42.0,0.55,-0.7447074444657957,0.17249434024443716,0.14808894112987628,0.00017602896776794643,0.00041293835135950357,0.19201021161550896,-0.14950952073534762,1.0540799393303072e-13,0.2039101156285749,0.27437917476154117,0.0,0.0,2.0,0.0,0.19831156111476564,0.0,1.3349197822867835e-25,0.09952255909069,0.8355343980757552,0.0,0.0,4.0,2.0,6.0,3.0,1.2493803740765534,1.0
42.0,0.6,-0.7447074444657957,0.17249434024443716,0.14808894112987628,0.00017602896776794643,0.00041293835135950357,0.19201021161550896,-0.14950952073534762,7.313200087634937e-12,0.2433082585885786,0.32739287601505646,0.0,0.0,2.0,0.0,0.23662798897483672,0.0,1.987230428069078e-25,0.10118619047439598,0.8495012942197548,0.0,0.0,4.0,2.0,6.0,3.0,1.2702651706441939,1.0
42.0,0.65,-0.7447074444657957,0.17249434024443716,0.14808894112987628,0.00017602896776794643,0.00041293835135950357,0.19201021161550896,-0.14950952073534762,2.1731033352435336e-10,0.2802403857851967,0.37708833399250424,0.0,0.0,2.0,0.0,0.2725461079807193,0.0,2.692526469168849e-25,0.10247491544690912,0.8603206908875267,0.0,0.0,4.0,2.0,6.0,3.0,1.2864434894389618,1.0
42.0,0.7,-0.7447074444657957,0.17249434024443716,0.14808894112987628,0.00017602896776794643,0.00041293835135950357,0.19201021161550896,-0.14950952073534762,5.373371120518268e-9,0.3203165104617832,0.4310143198736161,0.0,0.0,3.0,0.0,0.311521902896752,1.0,3.7037251236102647e-25,0.10384546066704155,0.8718270034864166,0.0,0.0,4.0,2.0,6.0,3.0,1.303648958384525,1.0
42.0,0.75,-0.7447074444657957,0.17249434024443716,0.14808894112987628,0.00017602896776794643,0.00041293835135950357,0.19201021161550896,-0.14950952073534762,3.1867179514900745e-8,0.34497823100050823,0.46419885566163316,0.0,0.0,4.0,1.0,0.3355065114324028,1.0,6.020282393385784e-25,0.10596886238711659,0.8896538680110636,0.0,0.0,4.0,2.0,6.0,3.0,1.3303055924138476,1.0
42.0,0.8,-0.7447074444657957,0.17249434024443716,0.14808894112987628,0.00017602896776794643,0.00041293835135950357,0.19201021161550896,-0.14950952073534762,1.239949943776344e-7,0.36507117710063036,0.49123569957928265,0.0,0.0,4.0,1.0,0.3550477857641195,1.0,1.1316828313694112e-24,0.10879261931783281,0.9133605137100379,0.0,0.0,4.0,2.0,6.0,3.0,1.3657543039686288,1.0
42.0,0.85,-0.7447074444657957,0.17249434024443716,0.14808894112987628,0.00017602896776794643,0.00041293835135950357,0.19201021161550896,-0.14950952073534762,2.270149340089075e-5,0.45358077727277385,0.6103332292866489,0.0,0.0,5.0,2.0,0.4411272670575026,1.0,1.9430048541589717e-24,0.11127065588122005,0.9341646892388518,0.0,0.0,4.0,2.0,6.0,3.0,1.3968629317694754,1.0
42.0,0.9,-0.7447074444657957,0.17249434024443716,0.14808894112987628,0.00017602896776794643,0.00041293835135950357,0.19201021161550896,-0.14950952073534762,0.0001764535719236144,0.49403984333691664,0.6647744968229932,0.0,0.0,5.0,2.0,0.4804754893253988,1.0,3.6131891813026365e-24,0.11418428812104184,0.9586258765511195,0.0,0.0,4.0,2.0,6.0,3.0,1.4334399146261252,1.0
42.0,0.95,-0.7447074444657957,0.17249434024443716,0.14808894112987628,0.00017602896776794643,0.00041293835135950357,0.19201021161550896,-0.14950952073534762,0.017450654564305598,0.598266283709224,0.805020431211935,1.0,1.0,6.0,3.0,0.5818402893793438,1.0,9.400410621387242e-24,0.1188252364346142,0.9975886201854334,0.0,0.0,4.0,2.0,6.0,3.0,1.491701175118808,1.0
43.0,0.4,-0.05377907853628128,0.07436785845838723,0.07372586738046999,0.0009791430823280212,-0.0003607412110880626,0.11857254184264848,0.03122455207488628,2.294947717642051e-20,0.11292623356605369,0.15921444760827577,0.0,0.0,3.0,1.0,0.11989539765807072,1.0,1.4688523809397404e-28,0.06807276662125768,0.6658572338036725,1.0,1.0,5.0,2.0,6.0,3.0,0.8651372952179197,1.0
43.0,0.45,-0.05377907853628128,0.07436785845838723,0.07372586738046999,0.0009791430823280212,-0.0003607412110880626,0.11857254184264848,0.03122455207488628,3.675860597037401e-19,0.1267610817014363,0.17872016947697614,0.0,0.0,3.0,1.0,0.1345840538396344,1.0,2.3468509029739476e-28,0.06941492750622415,0.6789856488592196,1.0,1.0,6.0,3.0,6.0,3.0,0.8821948278466082,1.0
43.0,0.5,-0.05377907853628128,0.07436785845838723,0.07372586738046999,0.0009791430823280212,-0.0003607412110880626,0.11857254184264848,0.03122455207488628,2.2237592666283296e-18,0.13663374348725907,0.19263961355135653,0.0,0.0,3.0,1.0,0.14506600009229575,1.0,3.7313812489019885e-28,0.07076913375102441,0.692231886215478,1.0,1.0,6.0,3.0,6.0,3.0,0.8994054450426463,1.0
43.0,0.55,-0.05377907853628128,0.07436785845838723,0.07372586738046999,0.0009791430823280212,-0.0003607412110880626,0.11857254184264848,0.03122455207488628,2.292600429782998e-17,0.15058313189975253,0.21230682550409857,0.0,0.0,3.0,1.0,0.15987626532463892,1.0,6.548090006232295e-28,0.07244705823231562,0.7086445899896645,1.0,1.0,6.0,3.0,6.0,3.0,0.9207301997040929,1.0
43.0,0.6,-0.05377907853628128,0.07436785845838723,0.07372586738046999,0.0009791430823280212,-0.0003607412110880626,0.11857254184264848,0.03122455207488628,1.159156344772144e-16,0.16110235692852234,0.227137857668499,0.0,0.0,3.0,1.0,0.17104467702183215,1.0,8.722804750451757e-28,0.07331789454734099,0.7171627197587213,1.0,1.0,6.0,3.0,6.0,3.0,0.9317976648822065,1.0
43.0,0.65,-0.05377907853628128,0.07436785845838723,0.07372586738046999,0.0009791430823280212,-0.0003607412110880626,0.11857254184264848,0.03122455207488628,1.611762726715556e-15,0.17977674917613953,0.2534668421058087,0.0,0.0,5.0,2.0,0.190871546420086,1.0,1.2950076878350992e-27,0.07453506932480453,0.729068576837907,1.0,1.0,6.0,3.0,6.0,3.0,0.9472667481448421,1.0
43.0,0.7,-0.05377907853628128,0.07436785845838723,0.07372586738046999,0.0009791430823280212,-0.0003607412110880626,0.11857254184264848,0.03122455207488628,7.513213922436165e-15,0.19168525926779711,0.27025662421584273,0.0,0.0,5.0,2.0,0.20351498194314618,1.0,1.8383490594342053e-27,0.07563111057700396,0.7397895601701213,1.0,1.0,6.0,3.0,6.0,3.0,0.9611963445376372,1.0
43.0,0.75,-0.05377907853628128,0.07436785845838723,0.07372586738046999,0.0009791430823280212,-0.0003607412110880626,0.11857254184264848,0.03122455207488628,3.1796711683111564e-14,0.2035613092812209,0.2870006409331764,0.0,0.0,5.0,2.0,0.21612395413678365,1.0,3.4696791851012804e-27,0.07765951971488404,0.7596305474636972,1.0,1.0,6.0,3.0,6.0,3.0,0.986975411295781,1.0
43.0,0.8,-0.05377907853628128,0.07436785845838723,0.07372586738046999,0.0009791430823280212,-0.0003607412110880626,0.11857254184264848,0.03122455207488628,1.0155727011981551e-13,0.21365297078308335,0.30122885222412416,0.0,0.0,5.0,2.0,0.22683841552089343,1.0,5.5104370580455794e-27,0.07917086632403245,0.7744138612973362,1.0,1.0,6.0,3.0,6.0,3.0,1.0061831265462893,1.0
43.0,0.85,-0.05377907853628128,0.07436785845838723,0.07372586738046999,0.0009791430823280212,-0.0003607412110880626,0.11857254184264848,0.03122455207488628,3.914665427771544e-12,0.2487663231930187,0.3507350903326723,1.0,1.0,6.0,3.0,0.2641187640931733,1.0,9.494366860230244e-27,0.08098608326432649,0.79216949825187,1.0,1.0,6.0,3.0,6.0,3.0,1.0292527320861546,1.0
43.0,0.9,-0.05377907853628128,0.07436785845838723,0.07372586738046999,0.0009791430823280212,-0.0003607412110880626,0.11857254184264848,0.03122455207488628,3.5075223345353375e-8,0.3634720290363347,0.5124584119794401,1.0,1.0,6.0,3.0,0.38590345292448663,1.0,1.8292419483465655e-26,0.08322949827698081,0.8141135764602787,1.0,1.0,6.0,3.0,6.0,3.0,1.0577643100993934,1.0
43.0,0.95,-0.05377907853628128,0.07436785845838723,0.07372586738046999,0.0009791430823280212,-0.0003607412110880626,0.11857254184264848,0.03122455207488628,2.254425324854651e-6,0.4323204745908305,0.6095276834984953,1.0,1.0,6.0,3.0,0.4590008324901299,1.0,4.0584531953094853e-26,0.08603945838716497,0.8415993443955812,1.0,1.0,6.0,3.0,6.0,3.0,1.0934761139536515,1.0
44.0,0.4,-0.46662482358284807,0.015204869049699865,0.33264187757094765,-0.00032967943380237096,0.0001882151526899305,0.2633610641260974,0.06621997718634914,1.5004934641432962e-20,0.12081216262656097,0.13972356642594316,0.0,0.0,3.0,1.0,0.20118527952306725,1.0,2.3380034407819524e-27,0.13847700121265383,0.6001072984423937,0.0,0.0,5.0,2.0,5.0,2.0,1.6433215064650128,1.0
44.0,0.45,-0.46662482358284807,0.015204869049699865,0.33264187757094765,-0.00032967943380237096,0.0001882151526899305,0.2633610641260974,0.06621997718634914,6.088383744040132e-19,0.14096841655035927,0.16303499155724727,0.0,0.0,3.0,1.0,0.23475095280988706,1.0,3.836719856619682e-27,0.14136463388765008,0.6126212135930033,0.0,0.0,5.0,2.0,6.0,3.0,1.6775893548155507,1.0
44.0,0.5,-0.46662482358284807,0.015204869049699865,0.33264187757094765,-0.00032967943380237096,0.0001882151526899305,0.2633610641260974,0.06621997718634914,1.557570118120283e-18,0.1465951338501438,0.1695424903992852,0.0,0.0,3.0,1.0,0.2441209753982051,1.0,8.435921439341854e-27,0.1460824209653823,0.6330663303492261,0.0,0.0,5.0,2.0,6.0,3.0,1.7335758428234354,1.0
44.0,0.55,-0.46662482358284807,0.015204869049699865,0.33264187757094765,-0.00032967943380237096,0.0001882151526899305,0.2633610641260974,0.06621997718634914,6.1414302014512995e-18,0.15521920953626975,0.17951654090707622,0.0,0.0,3.0,1.0,0.25848241914542497,1.0,1.1872810769334789e-26,0.1481774670876837,0.6421454731495225,0.0,0.0,5.0,2.0,6.0,3.0,1.7584379810822428,1.0
44.0,0.6,-0.46662482358284807,0.015204869049699865,0.33264187757094765,-0.00032967943380237096,0.0001882151526899305,0.2633610641260974,0.06621997718634914,1.5075670704459088e-16,0.17736275693878298,0.2051263416848735,0.0,0.0,3.0,1.0,0.2953574793790332,1.0,1.7079787253118308e-26,0.15043972749004542,0.651949259818398,0.0,0.0,6.0,3.0,6.0,3.0,1.785284469234569,1.0
44.0,0.65,-0.46662482358284807,0.015204869049699865,0.33264187757094765,-0.00032967943380237096,0.0001882151526899305,0.2633610641260974,0.06621997718634914,1.3730213434617464e-15,0.19446321331402094,0.22490362817915743,0.0,0.0,3.0,1.0,0.3238344143252164,1.0,2.825260664614878e-26,0.15362782221122834,0.6657652645957511,0.0,0.0,6.0,3.0,6.0,3.0,1.8231179330884129,1.0
44.0,0.7,-0.46662482358284807,0.015204869049699865,0.33264187757094765,-0.00032967943380237096,0.0001882151526899305,0.2633610641260974,0.06621997718634914,2.7321847737096754e-14,0.2202700701960026,0.2547501767666555,0.0,0.0,3.0,1.0,0.36680988635167106,1.0,6.779590018347212e-26,0.15933428848677716,0.6904949455556483,0.0,0.0,6.0,3.0,6.0,3.0,1.890837183753913,1.0
44.0,0.75,-0.46662482358284807,0.015204869049699865,0.33264187757094765,-0.00032967943380237096,0.0001882151526899305,0.2633610641260974,0.06621997718634914,1.568412581750074e-13,0.23690728589835008,0.27399170893353864,0.0,0.0,3.0,1.0,0.3945153989324587,1.0,1.2161327211129612e-25,0.16326132227964354,0.7075132346555837,0.0,0.0,6.0,3.0,6.0,3.0,1.9374397172570905,1.0
44.0,0.8,-0.46662482358284807,0.015204869049699865,0.33264187757094765,-0.00032967943380237096,0.0001882151526899305,0.2633610641260974,0.06621997718634914,9.864655828707589e-12,0.2815276044098344,0.3255966955668582,0.0,0.0,4.0,1.0,0.4688204279707158,1.0,2.6256565176111107e-25,0.16858179821740754,0.7305701785053148,0.0,0.0,6.0,3.0,6.0,3.0,2.0005783789596974,1.0
44.0,0.85,-0.46662482358284807,0.015204869049699865,0.33264187757094765,-0.00032967943380237096,0.0001882151526899305,0.2633610641260974,0.06621997718634914,1.1925992716715927e-10,0.31233561581382896,0.3612272573767904,0.0,0.0,4.0,1.0,0.520124189538343,1.0,7.911230096352464e-25,0.17650998160898368,0.7649279467629354,0.0,0.0,6.0,3.0,6.0,3.0,2.094662986226491,1.0
44.0,0.9,-0.46662482358284807,0.015204869049699865,0.33264187757094765,-0.00032967943380237096,0.0001882151526899305,0.2633610641260974,0.06621997718634914,6.18073058527904e-9,0.36818059591217506,0.42581396468080523,0.0,0.0,4.0,1.0,0.6131213488208456,1.0,1.759216356811577e-24,0.1824864984231985,0.7908279253013661,0.0,0.0,6.0,3.0,6.0,3.0,2.165586955756035,1.0
44.0,0.95,-0.46662482358284807,0.015204869049699865,0.33264187757094765,-0.00032967943380237096,0.0001882151526899305,0.2633610641260974,0.06621997718634914,1.0857513875188146e-5,0.5026391787529685,0.5813201018332858,0.0,0.0,5.0,2.0,0.8370316487855716,1.0,4.000977399269725e-24,0.18884233269011982,0.8183717231729888,1.0,1.0,6.0,3.0,6.0,3.0,2.24101232640166,1.0
45.0,0.4,-0.3206776478944937,0.04648665610562619,0.05036763231296193,-0.0003131216209408448,0.00033219008990361597,0.1559468167316318,-0.07331379442285657,5.754989691172487e-23,0.08826065157665737,0.12481459503533554,0.0,0.0,2.0,0.0,0.09452064457104095,0.0,1.3289078479774357e-29,0.061403922753701164,0.6002646849862666,0.0,1.0,6.0,3.0,6.0,3.0,0.8603631360929577,1.0
45.0,0.45,-0.3206776478944937,0.04648665610562619,0.05036763231296193,-0.0003131216209408448,0.00033219008990361597,0.1559468167316318,-0.07331379442285657,7.467414912178764e-21,0.10809709796391782,0.1528664842808582,0.0,0.0,4.0,1.0,0.11576401480487945,0.0,1.9156131449068346e-29,0.06234667865494206,0.6094807586294313,0.0,1.0,6.0,3.0,6.0,3.0,0.8735725922219292,1.0
45.0,0.5,-0.3206776478944937,0.04648665610562619,0.05036763231296193,-0.0003131216209408448,0.00033219008990361597,0.1559468167316318,-0.07331379442285657,2.8040169787656994e-20,0.11422367606585086,0.16153043986111998,0.0,0.0,4.0,1.0,0.12232512783616693,0.0,2.8517284629840593e-29,0.06338891784220836,0.6196693483704186,0.0,1.0,6.0,3.0,6.0,3.0,0.8881759617706824,1.0
45.0,0.55,-0.3206776478944937,0.04648665610562619,0.05036763231296193,-0.0003131216209408448,0.00033219008990361597,0.1559468167316318,-0.07331379442285657,1.4156726864133914e-19,0.12219555039741636,0.17280393771766753,0.0,0.0,4.0,1.0,0.13086241695423406,0.0,4.0002248641660437e-29,0.06428910021566024,0.628469237116903,0.0,1.0,6.0,3.0,6.0,3.0,0.9007888974781492,1.0
45.0,0.6,-0.3206776478944937,0.04648665610562619,0.05036763231296193,-0.0003131216209408448,0.00033219008990361597,0.1559468167316318,-0.07331379442285657,6.073252407120146e-18,0.14291390797051226,0.20210298960646145,0.0,0.0,4.0,1.0,0.15305024898673922,1.0,5.858916451253357e-29,0.06531950500356401,0.6385421376366359,0.0,1.0,6.0,3.0,6.0,3.0,0.9152264489408144,1.0
45.0,0.65,-0.3206776478944937,0.04648665610562619,0.05036763231296193,-0.0003131216209408448,0.00033219008990361597,0.1559468167316318,-0.07331379442285657,6.552864735294984e-17,0.15780347883251492,0.22315921029135727,0.0,0.0,4.0,1.0,0.168995880591785,1.0,8.853826545251441e-29,0.0664529537138895,0.6496223618721569,0.0,1.0,6.0,3.0,6.0,3.0,0.931107803800303,1.0
45.0,0.7,-0.3206776478944937,0.04648665610562619,0.05036763231296193,-0.0003131216209408448,0.00033219008990361597,0.1559468167316318,-0.07331379442285657,3.0365913762473165e-15,0.18515326341890878,0.26183615439356056,0.0,0.0,4.0,1.0,0.19828548158390782,1.0,1.174657449681643e-28,0.06724037582107516,0.6573199431002638,0.0,1.0,6.0,3.0,6.0,3.0,0.9421407952312343,1.0
45.0,0.75,-0.3206776478944937,0.04648665610562619,0.05036763231296193,-0.0003131216209408448,0.00033219008990361597,0.1559468167316318,-0.07331379442285657,1.927785563666341e-13,0.22011149312319386,0.31127264965785056,0.0,0.0,4.0,1.0,0.23572316582581104,1.0,1.910582668290231e-28,0.06861710753581599,0.6707784224937434,0.0,1.0,6.0,3.0,6.0,3.0,0.9614309181180762,1.0
45.0,0.8,-0.3206776478944937,0.04648665610562619,0.05036763231296193,-0.0003131216209408448,0.00033219008990361597,0.1559468167316318,-0.07331379442285657,3.4130809157942165e-12,0.24811120655624616,0.35086869648984725,0.0,0.0,5.0,2.0,0.2657087926506698,1.0,2.6445448616118973e-28,0.06955288032302957,0.6799262314959237,0.0,1.0,6.0,3.0,6.0,3.0,0.9745425301091689,1.0
45.0,0.85,-0.3206776478944937,0.04648665610562619,0.05036763231296193,-0.0003131216209408448,0.00033219008990361597,0.1559468167316318,-0.07331379442285657,2.8653026200711577e-11,0.2711111486615197,0.38339427168586254,0.0,0.0,5.0,2.0,0.29034003334572533,1.0,4.641099729116891e-28,0.07120213805051862,0.696048836141613,0.0,1.0,6.0,3.0,6.0,3.0,0.9976511604215939,1.0
45.0,0.9,-0.3206776478944937,0.04648665610562619,0.05036763231296193,-0.0003131216209408448,0.00033219008990361597,0.1559468167316318,-0.07331379442285657,6.608689925110092e-10,0.3089845377898217,0.4369532658947259,1.0,1.0,6.0,3.0,0.3308996382041573,1.0,8.544065969610916e-28,0.07303592297876246,0.7139753184072516,0.0,1.0,6.0,3.0,6.0,3.0,1.0233452998353307,1.0
45.0,0.95,-0.3206776478944937,0.04648665610562619,0.05036763231296193,-0.0003131216209408448,0.00033219008990361597,0.1559468167316318,-0.07331379442285657,3.863612113819933e-8,0.3660637038761438,0.5176722824978521,1.0,1.0,6.0,3.0,0.39202721287848186,1.0,2.8560616637460466e-27,0.07680228591611006,0.750794051816179,0.0,1.0,6.0,3.0,6.0,3.0,1.0761178212496132,1.0
46.0,0.4,-0.3983786121673034,0.020289068132447352,0.019415651915845822,-0.0002880914127134469,0.00030944423094747694,-0.0028798892937069165,-0.11984876944520384,6.715119292949619e-22,0.08886125711832907,0.12774835752133065,0.0,0.0,5.0,2.0,0.09464917906964135,0.0,6.674243117456442e-29,0.06532663441061552,0.6653300469811263,1.0,1.0,6.0,3.0,6.0,3.0,0.8640331445358727,1.0
46.0,0.45,-0.3983786121673034,0.020289068132447352,0.019415651915845822,-0.0002880914127134469,0.00030944423094747694,-0.0028798892937069165,-0.11984876944520384,3.6035366135699756e-20,0.10490163403714835,0.15080825867345568,0.0,0.0,5.0,2.0,0.11173433582487612,0.0,1.0255704118614949e-28,0.06650644925453446,0.67734606881687,1.0,1.0,6.0,3.0,6.0,3.0,0.8796377924525838,1.0
46.0,0.5,-0.3983786121673034,0.020289068132447352,0.019415651915845822,-0.0002880914127134469,0.00030944423094747694,-0.0028798892937069165,-0.11984876944520384,2.456129562053305e-19,0.11363506125898853,0.1633635726460737,0.0,0.0,5.0,2.0,0.12103660932198522,0.0,2.09555061523106e-28,0.06851636112434895,0.6978163528110858,1.0,1.0,6.0,3.0,6.0,3.0,0.906221596880653,1.0
46.0,0.55,-0.3983786121673034,0.020289068132447352,0.019415651915845822,-0.0002880914127134469,0.00030944423094747694,-0.0028798892937069165,-0.11984876944520384,6.295261984296133e-18,0.13008007822350323,0.1870051907680149,0.0,0.0,5.0,2.0,0.13855276209714762,0.0,3.5685092063769593e-28,0.07005306649679059,0.7134671859952397,1.0,1.0,6.0,3.0,6.0,3.0,0.9265466050056731,1.0
46.0,0.6,-0.3983786121673034,0.020289068132447352,0.019415651915845822,-0.0002880914127134469,0.00030944423094747694,-0.0028798892937069165,-0.11984876944520384,3.227641049886945e-17,0.13924793559933618,0.2001850484442677,0.0,0.0,5.0,2.0,0.14831776208240177,0.0,5.2262483203219545e-28,0.07117565158256704,0.7249003417761625,1.0,1.0,6.0,3.0,6.0,3.0,0.9413943119237392,1.0
46.0,0.65,-0.3983786121673034,0.020289068132447352,0.019415651915845822,-0.0002880914127134469,0.00030944423094747694,-0.0028798892937069165,-0.11984876944520384,7.211675500913508e-16,0.15849055568554285,0.227848545339731,0.0,0.0,5.0,2.0,0.16881373809457076,0.0,9.15413552726169e-28,0.07285749843673371,0.7420293926846222,1.0,1.0,6.0,3.0,6.0,3.0,0.9636390125599205,1.0
46.0,0.7,-0.3983786121673034,0.020289068132447352,0.019415651915845822,-0.0002880914127134469,0.00030944423094747694,-0.0028798892937069165,-0.11984876944520384,4.1115694794010764e-14,0.18757236984796907,0.2696570242367081,0.0,0.0,5.0,2.0,0.19978977788505156,0.0,1.8116638117895874e-27,0.07495951483265441,0.7634377306477019,1.0,1.0,6.0,3.0,6.0,3.0,0.9914410239878684,1.0
46.0,0.75,-0.3983786121673034,0.020289068132447352,0.019415651915845822,-0.0002880914127134469,0.00030944423094747694,-0.0028798892937069165,-0.11984876944520384,4.213333965395031e-13,0.2066702473460195,0.29711243688376043,0.0,0.0,5.0,2.0,0.22013158359185164,0.0,2.516654758620492e-27,0.07599316250331438,0.7739650884319622,1.0,1.0,6.0,3.0,6.0,3.0,1.0051124132348457,1.0
46.0,0.8,-0.3983786121673034,0.020289068132447352,0.019415651915845822,-0.0002880914127134469,0.00030944423094747694,-0.0028798892937069165,-0.11984876944520384,2.380862334880464e-11,0.24450203375675367,0.3515000151467311,0.0,0.0,5.0,2.0,0.26042751955577603,1.0,5.084396876176929e-27,0.07825285234700038,0.7969792780259402,1.0,1.0,6.0,3.0,6.0,3.0,1.0349998693839484,1.0
46.0,0.85,-0.3983786121673034,0.020289068132447352,0.019415651915845822,-0.0002880914127134469,0.00030944423094747694,-0.0028798892937069165,-0.11984876944520384,4.358626293007606e-10,0.2759887940656101,0.3967658829001882,1.0,1.0,6.0,3.0,0.29396515014350616,1.0,8.995589249042169e-27,0.0801354660946406,0.8161530729790327,1.0,1.0,6.0,3.0,6.0,3.0,1.059899983877766,1.0
46.0,0.9,-0.3983786121673034,0.020289068132447352,0.019415651915845822,-0.0002880914127134469,0.00030944423094747694,-0.0028798892937069165,-0.11984876944520384,4.96875096813686e-9,0.3054420660394011,0.43910837545878995,1.0,1.0,6.0,3.0,0.3253368424156739,1.0,1.7831547741439944e-26,0.08245299015427235,0.8397562848295443,1.0,1.0,6.0,3.0,6.0,3.0,1.0905523757979567,1.0
46.0,0.95,-0.3983786121673034,0.020289068132447352,0.019415651915845822,-0.0002880914127134469,0.00030944423094747694,-0.0028798892937069165,-0.11984876944520384,5.646024989735783e-7,0.3720270317946634,0.5348319819740784,1.0,1.0,6.0,3.0,0.39625877793053654,1.0,4.267761419979917e-26,0.08550638359658923,0.8708540816280036,1.0,1.0,6.0,3.0,6.0,3.0,1.1309376361327756,1.0
47.0,0.4,-0.6417335603721905,0.13536837007514138,0.13822172305558966,-0.0002559567701267774,0.0001994596366917576,0.10318724603874041,-0.12176303808700362,1.5277931859321352e-19,0.12962416543578084,0.17602624834293,0.0,0.0,2.0,0.0,0.1414085994736202,0.0,8.763364508063788e-28,0.0916051194998741,0.7139409280917514,0.0,0.0,4.0,2.0,6.0,3.0,1.1427500333505667,1.0
47.0,0.45,-0.6417335603721905,0.13536837007514138,0.13822172305558966,-0.0002559567701267774,0.0001994596366917576,0.10318724603874041,-0.12176303808700362,4.5277943488210786e-18,0.14928352970720188,0.20272315416964276,0.0,0.0,2.0,0.0,0.16285524222589817,0.0,1.6105688235641003e-27,0.09395774737602293,0.732276555385535,0.0,0.0,4.0,2.0,6.0,3.0,1.172098454035005,1.0
47.0,0.5,-0.6417335603721905,0.13536837007514138,0.13822172305558966,-0.0002559567701267774,0.0001994596366917576,0.10318724603874041,-0.12176303808700362,2.135742909559207e-17,0.15925062915688004,0.21625821622454133,0.0,0.0,2.0,0.0,0.17372847384328166,0.0,2.6112992646711533e-27,0.09586884298364379,0.7471710217562577,0.0,0.0,4.0,2.0,6.0,3.0,1.1959388745406283,1.0
47.0,0.55,-0.6417335603721905,0.13536837007514138,0.13822172305558966,-0.0002559567701267774,0.0001994596366917576,0.10318724603874041,-0.12176303808700362,2.1080278101281951e-16,0.17519086767295292,0.23790464591797605,0.0,0.0,2.0,0.0,0.19111787647708345,0.0,3.517782787308023e-27,0.0970665666051809,0.7565056956110175,0.0,0.0,4.0,2.0,6.0,3.0,1.2108801651140024,1.0
47.0,0.6,-0.6417335603721905,0.13536837007514138,0.13822172305558966,-0.0002559567701267774,0.0001994596366917576,0.10318724603874041,-0.12176303808700362,1.0764175106969658e-14,0.20638706782383948,0.28026827508121455,0.0,0.0,2.0,0.0,0.2251501956623601,0.0,4.843708845627674e-27,0.09836883854875944,0.766655185564225,0.0,0.0,4.0,2.0,6.0,3.0,1.2271256688050696,1.0
47.0,0.65,-0.6417335603721905,0.13536837007514138,0.13822172305558966,-0.0002559567701267774,0.0001994596366917576,0.10318724603874041,-0.12176303808700362,9.45406960144465e-14,0.2259439582188728,0.30682602404660425,0.0,0.0,3.0,1.0,0.2464850484000687,1.0,7.675630263662654e-27,0.10027397031238998,0.7815031716472006,0.0,0.0,4.0,2.0,6.0,3.0,1.2508916919084945,1.0
47.0,0.7,-0.6417335603721905,0.13536837007514138,0.13822172305558966,-0.0002559567701267774,0.0001994596366917576,0.10318724603874041,-0.12176303808700362,6.710222073586192e-13,0.24516811434806468,0.3329319285251706,0.0,0.0,3.0,1.0,0.26745691722678083,1.0,1.019506637348934e-26,0.10146697462174288,0.7908010646960496,0.0,0.0,4.0,2.0,6.0,3.0,1.2657741102901694,1.0
47.0,0.75,-0.6417335603721905,0.13536837007514138,0.13822172305558966,-0.0002559567701267774,0.0001994596366917576,0.10318724603874041,-0.12176303808700362,8.41956588656062e-12,0.27241876541257515,0.36993760455526636,0.0,0.0,5.0,2.0,0.2971849882914764,1.0,1.5876497044894922e-26,0.10335700218826734,0.8055313335099591,0.0,0.0,4.0,2.0,6.0,3.0,1.289351712464273,1.0
47.0,0.8,-0.6417335603721905,0.13536837007514138,0.13822172305558966,-0.0002559567701267774,0.0001994596366917576,0.10318724603874041,-0.12176303808700362,7.429140630006936e-11,0.29829024926466063,0.4050704073489206,0.0,0.0,5.0,2.0,0.3254085088482222,1.0,2.585590909986048e-26,0.10547878484707174,0.8220678272005533,0.0,0.0,4.0,2.0,6.0,3.0,1.3158203991200967,1.0
47.0,0.85,-0.6417335603721905,0.13536837007514138,0.13822172305558966,-0.0002559567701267774,0.0001994596366917576,0.10318724603874041,-0.12176303808700362,1.415845257147001e-8,0.3712293237028194,0.5041197750944406,0.0,0.0,5.0,2.0,0.4049786440041711,1.0,4.3872574871334397e-26,0.10782840286646189,0.8403799966358741,0.0,0.0,4.0,2.0,6.0,3.0,1.3451312726245286,1.0
47.0,0.9,-0.6417335603721905,0.13536837007514138,0.13822172305558966,-0.0002559567701267774,0.0001994596366917576,0.10318724603874041,-0.12176303808700362,3.4539732138253573e-7,0.4240788105580988,0.5758880049357563,0.0,0.0,5.0,2.0,0.4626328004955938,1.0,6.856572524854593e-26,0.10985325265188232,0.8561610265929547,0.0,0.0,4.0,2.0,6.0,3.0,1.3703907469033896,1.0
47.0,0.95,-0.6417335603721905,0.13536837007514138,0.13822172305558966,-0.0002559567701267774,0.0001994596366917576,0.10318724603874041,-0.12176303808700362,4.7066906845904027e-5,0.5204509057289324,0.7067588059228921,1.0,1.0,6.0,3.0,0.5677663067413686,1.0,1.9149463548032897e-25,0.11465640430724106,0.8935952504585429,0.0,0.0,4.0,2.0,6.0,3.0,1.4303088141939049,1.0
48.0,0.4,-0.4998190377964735,0.05043845328752322,0.049222485347603706,0.0004657277033011412,0.00022202782961860967,-0.04345647432902583,-0.13379102236708862,3.04225866523466e-18,0.13475950796671685,0.18339277598424966,0.0,0.0,5.0,2.0,0.13410869022219743,0.0,1.0953348189190677e-25,0.08571909458957115,0.856873289409263,1.0,1.0,6.0,3.0,6.0,3.0,1.208814356988137,1.0
48.0,0.45,-0.4998190377964735,0.05043845328752322,0.049222485347603706,0.0004657277033011412,0.00022202782961860967,-0.04345647432902583,-0.13379102236708862,1.546045815236942e-17,0.1442039563967221,0.19624562504367588,0.0,0.0,5.0,2.0,0.14350752691973065,0.0,1.976899241652425e-25,0.08785418957253793,0.8782163270371772,1.0,1.0,6.0,3.0,6.0,3.0,1.2389235582262181,1.0
48.0,0.5,-0.4998190377964735,0.05043845328752322,0.049222485347603706,0.0004657277033011412,0.00022202782961860967,-0.04345647432902583,-0.13379102236708862,5.630395125538346e-16,0.16750664131357676,0.22795800021681598,0.0,0.0,5.0,2.0,0.1666976720902798,0.0,5.927258444196495e-25,0.09196700262543872,0.9193292163675927,1.0,1.0,6.0,3.0,6.0,3.0,1.2969226247091215,1.0
48.0,0.55,-0.4998190377964735,0.05043845328752322,0.049222485347603706,0.0004657277033011412,0.00022202782961860967,-0.04345647432902583,-0.13379102236708862,1.2604920877267796e-14,0.19066987539356603,0.2594805982345483,0.0,0.0,5.0,2.0,0.18974903989836608,0.0,7.771383620732428e-25,0.09301090834988276,0.9297644051224487,1.0,1.0,6.0,3.0,6.0,3.0,1.3116438281130078,1.0
48.0,0.6,-0.4998190377964735,0.05043845328752322,0.049222485347603706,0.0004657277033011412,0.00022202782961860967,-0.04345647432902583,-0.13379102236708862,2.2464602997281167e-13,0.21498361370150834,0.29256890517575074,0.0,0.0,5.0,2.0,0.21394535560240338,0.0,9.176815249875097e-25,0.0936573691259013,0.9362266172383528,1.0,1.0,6.0,3.0,6.0,3.0,1.3207602457679366,1.0
48.0,0.65,-0.4998190377964735,0.05043845328752322,0.049222485347603706,0.0004657277033011412,0.00022202782961860967,-0.04345647432902583,-0.13379102236708862,4.3020613945310317e-11,0.2676061578772102,0.3641823638574142,0.0,0.0,5.0,2.0,0.26631376048932304,0.0,1.4228493441622139e-24,0.095384559008931,0.9534921154752662,1.0,1.0,6.0,3.0,6.0,3.0,1.3451171517507594,1.0
48.0,0.7,-0.4998190377964735,0.05043845328752322,0.049222485347603706,0.0004657277033011412,0.00022202782961860967,-0.04345647432902583,-0.13379102236708862,1.0333359521879068e-10,0.27755750510832883,0.37772504608469537,0.0,0.0,5.0,2.0,0.2762170479326196,1.0,1.8577294708711033e-24,0.09645040542822866,0.964146629871173,1.0,1.0,6.0,3.0,6.0,3.0,1.360147763776709,1.0
48.0,0.75,-0.4998190377964735,0.05043845328752322,0.049222485347603706,0.0004657277033011412,0.00022202782961860967,-0.04345647432902583,-0.13379102236708862,7.724871185064314e-10,0.3018248866288422,0.4107502665686928,0.0,0.0,5.0,2.0,0.30036723072819793,1.0,2.466048359941298e-24,0.0975955136511461,0.9755934685761194,1.0,1.0,6.0,3.0,6.0,3.0,1.3762961291647882,1.0
48.0,0.8,-0.4998190377964735,0.05043845328752322,0.049222485347603706,0.0004657277033011412,0.00022202782961860967,-0.04345647432902583,-0.13379102236708862,9.236049345120634e-9,0.33469932598136987,0.4554887401855225,0.0,0.0,5.0,2.0,0.33308290378071037,1.0,3.5676351270745935e-24,0.09910882010983293,0.9907209251754688,1.0,1.0,6.0,3.0,6.0,3.0,1.397636841902626,1.0
48.0,0.85,-0.4998190377964735,0.05043845328752322,0.049222485347603706,0.0004657277033011412,0.00022202782961860967,-0.04345647432902583,-0.13379102236708862,4.09250549804677e-7,0.391975687550709,0.5334355292838697,1.0,1.0,6.0,3.0,0.39008265056410035,1.0,5.561007160179741e-24,0.1009588779438501,1.0092146476001167,1.0,1.0,6.0,3.0,6.0,3.0,1.423726437012399,1.0
48.0,0.9,-0.4998190377964735,0.05043845328752322,0.049222485347603706,0.0004657277033011412,0.00022202782961860967,-0.04345647432902583,-0.13379102236708862,4.622581391077704e-5,0.47730549533002425,0.6495599538900803,1.0,1.0,6.0,3.0,0.4750003601258047,1.0,1.0780186759697422e-23,0.10378212282586839,1.0374366340833618,1.0,1.0,6.0,3.0,6.0,3.0,1.463539957710648,1.0
48.0,0.95,-0.4998190377964735,0.05043845328752322,0.049222485347603706,0.0004657277033011412,0.00022202782961860967,-0.04345647432902583,-0.13379102236708862,0.004928133674366367,0.5798130878140833,0.7890614423472571,1.0,1.0,6.0,3.0,0.5770128947015707,1.0,1.8578717572737946e-23,0.10616273785499769,1.0612339623285358,1.0,1.0,6.0,3.0,6.0,3.0,1.4971114931946832,1.0
49.0,0.4,-1.2174233521554747,-0.8251559625848822,-0.8245167274221467,-7.959190229601726e-5,-0.0001764843852896076,0.06646086661804007,-0.9554852689999225,8.578612654048071e-24,0.10085353225021909,0.14503912894784304,0.0,0.0,2.0,0.0,0.14991146149297335,0.0,6.3040593098768206e-30,0.07365403472537695,0.8820928923969347,0.0,0.0,3.0,1.0,3.0,1.0,1.5607622451795247,0.0
49.0,0.45,-1.2174233521554747,-0.8251559625848822,-0.8245167274221467,-7.959190229601726e-5,-0.0001764843852896076,0.06646086661804007,-0.9554852689999225,3.99359723386197e-23,0.107528168059398,0.1546380328454831,0.0,0.0,2.0,0.0,0.15983282355895265,0.0,1.0423947166923784e-29,0.07521371472115954,0.9007718777888848,0.0,0.0,3.0,1.0,4.0,2.0,1.5938125683703124,0.0
49.0,0.5,-1.2174233521554747,-0.8251559625848822,-0.8245167274221467,-7.959190229601726e-5,-0.0001764843852896076,0.06646086661804007,-0.9554852689999225,6.263313533835798e-21,0.13273911229381205,0.19089430776345073,0.0,0.0,2.0,0.0,0.19730706379103588,0.0,1.6965540637954097e-29,0.07675576734431232,0.9192397548530106,0.0,0.0,3.0,1.0,4.0,2.0,1.62648935957762,0.0
49.0,0.55,-1.2174233521554747,-0.8251559625848822,-0.8245167274221467,-7.959190229601726e-5,-0.0001764843852896076,0.06646086661804007,-0.9554852689999225,4.436184777810275e-19,0.1585224601754745,0.2279737658119557,0.0,0.0,2.0,0.0,0.23563214053234535,0.0,2.3742082573293613e-29,0.07783811568382634,0.9322021374426777,0.0,0.0,3.0,1.0,4.0,2.0,1.64942480949214,0.0
49.0,0.6,-1.2174233521554747,-0.8251559625848822,-0.8245167274221467,-7.959190229601726e-5,-0.0001764843852896076,0.06646086661804007,-0.9554852689999225,2.4872806647493178e-17,0.18747956434092342,0.2696174551434173,0.0,0.0,3.0,1.0,0.2786747758192942,0.0,5.082590372280505e-29,0.08034630512036428,0.9622406286537082,0.0,0.0,3.0,1.0,4.0,2.0,1.702574475914389,0.0
49.0,0.65,-1.2174233521554747,-0.8251559625848822,-0.8245167274221467,-7.959190229601726e-5,-0.0001764843852896076,0.06646086661804007,-0.9554852689999225,1.3580975286073895e-15,0.22148153555571273,0.3185162510256207,0.0,0.0,3.0,1.0,0.32921624010638184,0.0,8.158559710588076e-29,0.08194634588623138,0.9814029812984634,0.0,0.0,3.0,1.0,4.0,2.0,1.7364800620431708,0.0
49.0,0.7,-1.2174233521554747,-0.8251559625848822,-0.8245167274221467,-7.959190229601726e-5,-0.0001764843852896076,0.06646086661804007,-0.9554852689999225,1.2129935140002881e-14,0.24263838455348655,0.348942264685757,0.0,0.0,3.0,1.0,0.36066436178419764,0.0,1.4024459878069474e-28,0.08381709786476574,1.0038074161655475,0.0,0.0,3.0,1.0,4.0,2.0,1.7761221409744592,0.0
49.0,0.75,-1.2174233521554747,-0.8251559625848822,-0.8245167274221467,-7.959190229601726e-5,-0.0001764843852896076,0.06646086661804007,-0.9554852689999225,3.678742242065966e-14,0.2541184567432415,0.3654519459384609,0.0,0.0,3.0,1.0,0.3777286565254189,0.0,3.0516313304534535e-28,0.08657673418769442,1.0368572768436766,0.0,0.0,3.0,1.0,4.0,2.0,1.8346000804289984,0.0
49.0,0.8,-1.2174233521554747,-0.8251559625848822,-0.8245167274221467,-7.959190229601726e-5,-0.0001764843852896076,0.06646086661804007,-0.9554852689999225,3.978497663137717e-13,0.2806211275919258,0.40356587421563556,0.0,0.0,3.0,1.0,0.41712295468977356,0.0,7.055566219851255e-28,0.08965362580289382,1.0737066393336314,0.0,0.0,3.0,1.0,6.0,3.0,1.8998008027440536,0.0
49.0,0.85,-1.2174233521554747,-0.8251559625848822,-0.8245167274221467,-7.959190229601726e-5,-0.0001764843852896076,0.06646086661804007,-0.9554852689999225,1.739286388921009e-10,0.36153265595253176,0.519926078299965,0.0,0.0,3.0,1.0,0.5373920736540452,0.0,1.721799326246759e-27,0.093048984054305,1.1143700108906436,0.0,0.0,3.0,1.0,6.0,3.0,1.9717499768445665,1.0
49.0,0.9,-1.2174233521554747,-0.8251559625848822,-0.8245167274221467,-7.959190229601726e-5,-0.0001764843852896076,0.06646086661804007,-0.9554852689999225,1.1543988013757464e-9,0.3911982443310868,0.562588650469236,0.0,0.0,3.0,1.0,0.581487819342402,0.0,3.9402356904827225e-27,0.09631467314597718,1.1534804431606862,0.0,0.0,4.0,2.0,6.0,3.0,2.040951402914175,1.0
49.0,0.95,-1.2174233521554747,-0.8251559625848822,-0.8245167274221467,-7.959190229601726e-5,-0.0001764843852896076,0.06646086661804007,-0.9554852689999225,0.00040735703458215963,0.6661126838960131,0.9579476424652227,0.0,0.0,3.0,1.0,0.9901281961459648,0.0,8.707301774207791e-27,0.09954990424914566,1.1922261055267311,0.0,1.0,4.0,2.0,6.0,3.0,2.1095074104578595,1.0
50.0,0.4,-0.0488581967395052,0.06823260462759345,0.06691654587826462,-9.462546475393249e-5,-0.0003561741525509993,0.2446559395380185,0.028325298339008098,1.888988450531429e-20,0.11487330864003734,0.16164419569846636,0.0,0.0,3.0,1.0,0.12637987808514156,1.0,7.427964762590686e-29,0.0659023375444374,0.6380428684037279,0.0,1.0,6.0,3.0,6.0,3.0,0.9128187251731779,1.0
50.0,0.45,-0.0488581967395052,0.06823260462759345,0.06691654587826462,-9.462546475393249e-5,-0.0003561741525509993,0.2446559395380185,0.028325298339008098,8.585374979853897e-19,0.13467372684976206,0.1895063920075635,0.0,0.0,3.0,1.0,0.14816365422082486,1.0,1.3246784278575882e-28,0.06751016644958244,0.6536092929762924,0.0,1.0,6.0,3.0,6.0,3.0,0.9350888962502122,1.0
50.0,0.5,-0.0488581967395052,0.06823260462759345,0.06691654587826462,-9.462546475393249e-5,-0.0003561741525509993,0.2446559395380185,0.028325298339008098,1.2752170850383089e-17,0.1506984946797718,0.21205567467211595,0.0,0.0,5.0,2.0,0.16579358260606403,1.0,1.995089183793839e-28,0.06867199629543179,0.6648577141258901,0.0,1.0,6.0,3.0,6.0,3.0,0.9511814974882373,1.0
50.0,0.55,-0.0488581967395052,0.06823260462759345,0.06691654587826462,-9.462546475393249e-5,-0.0003561741525509993,0.2446559395380185,0.028325298339008098,7.386525590347164e-17,0.16214164856293592,0.22815793051898176,0.0,0.0,5.0,2.0,0.17838296833704798,1.0,2.837419742132571e-28,0.06968720701836353,0.6746866213517806,0.0,1.0,6.0,3.0,6.0,3.0,0.9652432651343973,1.0
50.0,0.6,-0.0488581967395052,0.06823260462759345,0.06691654587826462,-9.462546475393249e-5,-0.0003561741525509993,0.2446559395380185,0.028325298339008098,1.044200959944058e-15,0.18106127714713602,0.2547807220239252,0.0,0.0,5.0,2.0,0.1991977283730795,1.0,5.112485808216519e-28,0.07141798305023067,0.6914433760449249,0.0,1.0,6.0,3.0,6.0,3.0,0.9892163870271369,1.0
50.0,0.65,-0.0488581967395052,0.06823260462759345,0.06691654587826462,-9.462546475393249e-5,-0.0003561741525509993,0.2446559395380185,0.028325298339008098,2.0621981971940386e-14,0.2050249316868196,0.28850122428786873,0.0,0.0,5.0,2.0,0.22556176171601844,1.0,9.782176141593205e-28,0.07337521515293986,0.7103925974454915,0.0,1.0,6.0,3.0,6.0,3.0,1.016326170677198,1.0
50.0,0.7,-0.0488581967395052,0.06823260462759345,0.06691654587826462,-9.462546475393249e-5,-0.0003561741525509993,0.2446559395380185,0.028325298339008098,1.078400193853475e-13,0.21965549587094166,0.30908865062872476,0.0,0.0,5.0,2.0,0.24165783259441695,1.0,1.9030050549627115e-27,0.07543818662748575,0.7303655496365544,1.0,1.0,6.0,3.0,6.0,3.0,1.0449005591075606,1.0
50.0,0.75,-0.0488581967395052,0.06823260462759345,0.06691654587826462,-9.462546475393249e-5,-0.0003561741525509993,0.2446559395380185,0.028325298339008098,8.558482471787901e-13,0.23945621178030566,0.336951265846438,0.0,0.0,5.0,2.0,0.26344193624956114,1.0,3.365195386106135e-27,0.07725145559831004,0.7479209714689301,1.0,1.0,6.0,3.0,6.0,3.0,1.0700162975171097,1.0
50.0,0.8,-0.0488581967395052,0.06823260462759345,0.06691654587826462,-9.462546475393249e-5,-0.0003561741525509993,0.2446559395380185,0.028325298339008098,1.4501253355886728e-11,0.26942308619135735,0.3791192104204929,0.0,0.0,5.0,2.0,0.2964105168493323,1.0,5.115275870814099e-27,0.07861114469372592,0.7610849951272934,1.0,1.0,6.0,3.0,6.0,3.0,1.088849463577001,1.0
50.0,0.85,-0.0488581967395052,0.06823260462759345,0.06691654587826462,-9.462546475393249e-5,-0.0003561741525509993,0.2446559395380185,0.028325298339008098,4.98964829297746e-11,0.2836585137281249,0.3991506194731838,0.0,0.0,5.0,2.0,0.3120718712395332,1.0,9.165839187704736e-27,0.08054496908479516,0.7798075914333036,1.0,1.0,6.0,3.0,6.0,3.0,1.115635025078129,1.0
50.0,0.9,-0.0488581967395052,0.06823260462759345,0.06691654587826462,-9.462546475393249e-5,-0.0003561741525509993,0.2446559395380185,0.028325298339008098,2.1733114719901225e-10,0.3015942041415198,0.42438886050143454,0.0,0.0,5.0,2.0,0.3318041345011457,1.0,2.3414442248476923e-26,0.08375480563838422,0.8108840812524715,1.0,1.0,6.0,3.0,6.0,3.0,1.1600947365244147,1.0
50.0,0.95,-0.0488581967395052,0.06823260462759345,0.06691654587826462,-9.462546475393249e-5,-0.0003561741525509993,0.2446559395380185,0.028325298339008098,3.0377689706809335e-9,0.33662731775748894,0.47368577325086514,0.0,0.0,5.0,2.0,0.37034642670239926,1.0,3.5905717277972435e-26,0.08526020902890011,0.8254588586151379,1.0,1.0,6.0,3.0,6.0,3.0,1.180946203331271,1.0
51.0,0.4,-0.12100568362999864,0.18122826599543324,0.1796461726261861,0.0001503481371002403,0.0001967919079477083,0.15301081467727173,0.07942922054079127,5.804236068918628e-23,0.10246233133939735,0.14052770602621095,0.0,0.0,2.0,0.0,0.1198387961674716,0.0,2.6287543648374923e-29,0.07068188078033501,0.7762242236596537,0.0,1.0,4.0,2.0,6.0,3.0,1.1812975531151697,1.0
51.0,0.45,-0.12100568362999864,0.18122826599543324,0.1796461726261861,0.0001503481371002403,0.0001967919079477083,0.15301081467727173,0.07942922054079127,6.550435704224517e-20,0.13732600306395065,0.18834344227833488,0.0,0.0,3.0,1.0,0.16061495648739513,1.0,3.4039348879456375e-29,0.07144706594925498,0.78462744181321,0.0,1.0,4.0,2.0,6.0,3.0,1.1940859984387229,1.0
51.0,0.5,-0.12100568362999864,0.18122826599543324,0.1796461726261861,0.0001503481371002403,0.0001967919079477083,0.15301081467727173,0.07942922054079127,2.4438281614784705e-18,0.15967777281220022,0.21899902943204846,0.0,0.0,3.0,1.0,0.18675733626567756,1.0,6.272461929775226e-29,0.07329006355564487,0.8048671322463568,0.0,1.0,4.0,2.0,6.0,3.0,1.2248877900547601,1.0
51.0,0.55,-0.12100568362999864,0.18122826599543324,0.1796461726261861,0.0001503481371002403,0.0001967919079477083,0.15301081467727173,0.07942922054079127,1.2545018463226522e-17,0.17094031231412732,0.23444567035409467,0.0,0.0,3.0,1.0,0.1999298764378196,1.0,7.816521263884781e-29,0.07396519557951609,0.812281392100673,0.0,1.0,4.0,2.0,6.0,3.0,1.2361711882754063,1.0
51.0,0.6,-0.12100568362999864,0.18122826599543324,0.1796461726261861,0.0001503481371002403,0.0001967919079477083,0.15301081467727173,0.07942922054079127,5.027882765738784e-16,0.19935749579516096,0.2734200090609489,0.0,0.0,3.0,1.0,0.23316629624518154,1.0,1.067621830987018e-28,0.07493233058382301,0.8229024113718677,0.0,1.0,4.0,2.0,6.0,3.0,1.2523347962822502,1.0
51.0,0.65,-0.12100568362999864,0.18122826599543324,0.1796461726261861,0.0001503481371002403,0.0001967919079477083,0.15301081467727173,0.07942922054079127,8.430674393316965e-15,0.22420869552954953,0.3075035795304216,0.0,0.0,3.0,1.0,0.26223198136629894,1.0,1.5800005195196011e-28,0.0761662484043598,0.8364532237120577,0.0,1.0,4.0,2.0,6.0,3.0,1.2729571125824541,1.0
51.0,0.7,-0.12100568362999864,0.18122826599543324,0.1796461726261861,0.0001503481371002403,0.0001967919079477083,0.15301081467727173,0.07942922054079127,8.735445163112989e-14,0.24715063585990632,0.33896858920052286,0.0,0.0,3.0,1.0,0.2890646180533269,1.0,2.2737966912095796e-28,0.07733032429883407,0.8492370361614938,1.0,1.0,4.0,2.0,6.0,3.0,1.2924121693891115,1.0
51.0,0.75,-0.12100568362999864,0.18122826599543324,0.1796461726261861,0.0001503481371002403,0.0001967919079477083,0.15301081467727173,0.07942922054079127,1.0953824082055403e-12,0.2746144772310271,0.3766354134480342,0.0,0.0,3.0,1.0,0.3211860195969595,1.0,4.359571895429472e-28,0.07945636149107567,0.8725850505436806,1.0,1.0,4.0,2.0,6.0,3.0,1.327944366683522,1.0
51.0,0.8,-0.12100568362999864,0.18122826599543324,0.1796461726261861,0.0001503481371002403,0.0001967919079477083,0.15301081467727173,0.07942922054079127,1.5471300895880142e-10,0.33752437371073246,0.46291671627488234,0.0,0.0,5.0,2.0,0.3947647305495312,1.0,5.952448335762269e-28,0.08049412151330564,0.8839816695740077,1.0,1.0,4.0,2.0,6.0,3.0,1.3452883219015612,1.0
51.0,0.85,-0.12100568362999864,0.18122826599543324,0.1796461726261861,0.0001503481371002403,0.0001967919079477083,0.15301081467727173,0.07942922054079127,2.8944515384399555e-9,0.3813351018220413,0.5230033943773648,1.0,1.0,6.0,3.0,0.4460052679006555,1.0,1.09703295015318e-27,0.08257102324852668,0.9067900812806732,1.0,1.0,4.0,2.0,6.0,3.0,1.3799993243648658,1.0
51.0,0.9,-0.12100568362999864,0.18122826599543324,0.1796461726261861,0.0001503481371002403,0.0001967919079477083,0.15301081467727173,0.07942922054079127,6.392202131403404e-9,0.3941337506860973,0.5405568185634998,1.0,1.0,6.0,3.0,0.4609744243934758,1.0,2.192950523252786e-27,0.08498873822895504,0.9333412838377428,1.0,1.0,4.0,2.0,6.0,3.0,1.420406296547538,1.0
51.0,0.95,-0.12100568362999864,0.18122826599543324,0.1796461726261861,0.0001503481371002403,0.0001967919079477083,0.15301081467727173,0.07942922054079127,4.839419680918784e-7,0.4719991780289121,0.6473497222598948,1.0,1.0,6.0,3.0,0.552044956889165,1.0,4.779375841006908e-27,0.0877928160163205,0.9641354998312797,1.0,1.0,4.0,2.0,6.0,3.0,1.4672705026550965,1.0
52.0,0.4,-0.0012830620233527101,0.0546297520182466,0.05285940955746432,-0.00047515169508351634,-0.0006723784255823187,0.22902304549995184,0.034812252363858764,7.267188138636698e-21,0.12682894468052716,0.176462296544569,0.0,0.0,5.0,2.0,0.15047722421728085,1.0,1.1071660912456927e-28,0.07143082551650377,0.7691284015949451,0.0,1.0,6.0,3.0,6.0,3.0,1.16686380089779,1.0
52.0,0.45,-0.0012830620233527101,0.0546297520182466,0.05285940955746432,-0.00047515169508351634,-0.0006723784255823187,0.22902304549995184,0.034812252363858764,2.4807927417595547e-19,0.14692737359017605,0.2044260624756668,0.0,0.0,5.0,2.0,0.17432316727917777,1.0,2.2402126026146196e-28,0.07355951464734832,0.7920489720469934,0.0,1.0,6.0,3.0,6.0,3.0,1.2016371676086814,1.0
52.0,0.5,-0.0012830620233527101,0.0546297520182466,0.05285940955746432,-0.00047515169508351634,-0.0006723784255823187,0.22902304549995184,0.034812252363858764,6.870258258686252e-19,0.15329758843909547,0.2132892028617526,0.0,0.0,5.0,2.0,0.1818811600587256,1.0,3.7336369133953618e-28,0.07514192331301547,0.8090874906262496,0.0,1.0,6.0,3.0,6.0,3.0,1.2274867273308678,1.0
52.0,0.55,-0.0012830620233527101,0.0546297520182466,0.05285940955746432,-0.00047515169508351634,-0.0006723784255823187,0.22902304549995184,0.034812252363858764,1.530923741162509e-17,0.17446213258319618,0.2427362985101038,0.0,0.0,5.0,2.0,0.20699200413813204,1.0,6.622384574499023e-28,0.07695775737597484,0.8286394073275752,0.0,1.0,6.0,3.0,6.0,3.0,1.2571494257693023,1.0
52.0,0.6,-0.0012830620233527101,0.0546297520182466,0.05285940955746432,-0.00047515169508351634,-0.0006723784255823187,0.22902304549995184,0.034812252363858764,1.828943718231507e-16,0.1934578957025269,0.2691658804410839,0.0,0.0,5.0,2.0,0.22952968048075295,1.0,1.0544319961088358e-27,0.07846378320532571,0.8448554769377704,0.0,1.0,6.0,3.0,6.0,3.0,1.2817512277333654,1.0
52.0,0.65,-0.0012830620233527101,0.0546297520182466,0.05285940955746432,-0.00047515169508351634,-0.0006723784255823187,0.22902304549995184,0.034812252363858764,1.7880841351153063e-15,0.21273761033901842,0.2959905357281634,0.0,0.0,5.0,2.0,0.25240425339081163,1.0,1.3402434935058137e-27,0.07925185897093324,0.8533410495117204,0.0,1.0,6.0,3.0,6.0,3.0,1.294624900641427,1.0
52.0,0.7,-0.0012830620233527101,0.0546297520182466,0.05285940955746432,-0.00047515169508351634,-0.0006723784255823187,0.22902304549995184,0.034812252363858764,2.4729606552182654e-14,0.23734431237352474,0.3302268463931656,0.0,0.0,5.0,2.0,0.28159907345827473,1.0,1.895225118516301e-27,0.08040431142742381,0.865750032739416,0.0,1.0,6.0,3.0,6.0,3.0,1.3134508772980151,1.0
52.0,0.75,-0.0012830620233527101,0.0546297520182466,0.05285940955746432,-0.00047515169508351634,-0.0006723784255823187,0.22902304549995184,0.034812252363858764,4.725658983311527e-13,0.26838858732398163,0.373420015477066,0.0,0.0,5.0,2.0,0.3184318038271182,1.0,3.387345649451084e-27,0.08237351847268828,0.8869533865601531,0.0,1.0,6.0,3.0,6.0,3.0,1.345619012007044,1.0
52.0,0.8,-0.0012830620233527101,0.0546297520182466,0.05285940955746432,-0.00047515169508351634,-0.0006723784255823187,0.22902304549995184,0.034812252363858764,1.1362977943533934e-11,0.306412834350712,0.4263247051093613,0.0,0.0,5.0,2.0,0.3635459783552382,1.0,5.0834953449408176e-27,0.08377869119984266,0.9020835246453046,1.0,1.0,6.0,3.0,6.0,3.0,1.3685733202831887,1.0
52.0,0.85,-0.0012830620233527101,0.0546297520182466,0.05285940955746432,-0.00047515169508351634,-0.0006723784255823187,0.22902304549995184,0.034812252363858764,1.3426314089450995e-10,0.33961978189932185,0.47252688900691786,0.0,0.0,5.0,2.0,0.4029446290688466,1.0,1.0293174125870021e-26,0.08627792503582717,0.9289939195845123,1.0,1.0,6.0,3.0,6.0,3.0,1.4093997488187984,1.0
52.0,0.9,-0.0012830620233527101,0.0546297520182466,0.05285940955746432,-0.00047515169508351634,-0.0006723784255823187,0.22902304549995184,0.034812252363858764,1.1618804726039762e-8,0.408987315812995,0.5690407752564142,0.0,0.0,5.0,2.0,0.48524629908920974,1.0,2.2289743167176064e-26,0.08910071338652933,0.9593881741170287,1.0,1.0,6.0,3.0,6.0,3.0,1.455511627272021,1.0
52.0,0.95,-0.0012830620233527101,0.0546297520182466,0.05285940955746432,-0.00047515169508351634,-0.0006723784255823187,0.22902304549995184,0.034812252363858764,6.243576162822792e-6,0.5314607191711022,0.7394430290687423,1.0,1.0,6.0,3.0,0.6305558561796185,1.0,5.420743459206365e-26,0.09246185223450293,0.9955790949273073,1.0,1.0,6.0,3.0,6.0,3.0,1.5104177721070065,1.0
53.0,0.4,-0.1751101901682337,0.09298307446482018,0.09433198226980227,-0.00021171251870589654,0.00042010798974883955,0.13853186745236212,0.004518258123790364,9.07643733965001e-27,0.062273803649966014,0.08942999957826916,0.0,0.0,2.0,0.0,0.0704086289879893,1.0,2.4290201685713465e-29,0.06798555242642562,0.6919788118726066,1.0,1.0,4.0,2.0,6.0,3.0,0.9554183916032829,1.0
53.0,0.45,-0.1751101901682337,0.09298307446482018,0.09433198226980227,-0.00021171251870589654,0.00042010798974883955,0.13853186745236212,0.004518258123790364,1.5553786580451955e-22,0.09348001134076635,0.13424452795225872,0.0,0.0,2.0,0.0,0.10569130277123585,1.0,5.771582963616968e-29,0.07048190331819364,0.7173874738963826,1.0,1.0,4.0,2.0,6.0,3.0,0.9905002504507427,1.0
53.0,0.5,-0.1751101901682337,0.09298307446482018,0.09433198226980227,-0.00021171251870589654,0.00042010798974883955,0.13853186745236212,0.004518258123790364,1.9805336907324305e-21,0.10393412811870417,0.14925744838180555,0.0,0.0,2.0,0.0,0.11751104054977676,1.0,8.204059865244999e-29,0.07152231037801474,0.7279770714715144,1.0,1.0,4.0,2.0,6.0,3.0,1.005121357498195,1.0
53.0,0.55,-0.1751101901682337,0.09298307446482018,0.09433198226980227,-0.00021171251870589654,0.00042010798974883955,0.13853186745236212,0.004518258123790364,2.6439081653676415e-20,0.11578505759441357,0.1662762999035781,0.0,0.0,2.0,0.0,0.13091005663217573,1.0,1.730423301560586e-28,0.07378136441425333,0.7509704498020665,1.0,1.0,4.0,2.0,6.0,3.0,1.0368684228204013,1.0
53.0,0.6,-0.1751101901682337,0.09298307446482018,0.09433198226980227,-0.00021171251870589654,0.00042010798974883955,0.13853186745236212,0.004518258123790364,3.142679312462185e-19,0.1283649394264445,0.18434198340119778,0.0,0.0,3.0,1.0,0.14513324809808992,1.0,2.8695589071540826e-28,0.07535278330440813,0.7669648565216453,1.0,1.0,4.0,2.0,6.0,3.0,1.0589519752073808,1.0
53.0,0.65,-0.1751101901682337,0.09298307446482018,0.09433198226980227,-0.00021171251870589654,0.00042010798974883955,0.13853186745236212,0.004518258123790364,2.301158192065913e-18,0.13946760847479275,0.20028627506342686,0.0,0.0,3.0,1.0,0.15768625851312032,1.0,4.238485813686259e-28,0.07658742147045863,0.77953140074677,1.0,1.0,4.0,2.0,6.0,3.0,1.076302661768273,1.0
53.0,0.7,-0.1751101901682337,0.09298307446482018,0.09433198226980227,-0.00021171251870589654,0.00042010798974883955,0.13853186745236212,0.004518258123790364,5.709080215495035e-17,0.15943457440615652,0.22896038279672173,0.0,0.0,3.0,1.0,0.18026150868057947,1.0,7.140000352430891e-28,0.07826983660084817,0.7966555628878857,1.0,1.0,4.0,2.0,6.0,3.0,1.0999460727654153,1.0
53.0,0.75,-0.1751101901682337,0.09298307446482018,0.09433198226980227,-0.00021171251870589654,0.00042010798974883955,0.13853186745236212,0.004518258123790364,1.9236273812643967e-15,0.18459954391355032,0.2650992257857131,0.0,0.0,3.0,1.0,0.20871377749491796,1.0,1.305336471445843e-27,0.08026239297266077,0.8169364423033797,1.0,1.0,4.0,2.0,6.0,3.0,1.127947978111354,1.0
53.0,0.8,-0.1751101901682337,0.09298307446482018,0.09433198226980227,-0.00021171251870589654,0.00042010798974883955,0.13853186745236212,0.004518258123790364,5.6385692491979685e-14,0.2124993580300199,0.30516551720247337,0.0,0.0,5.0,2.0,0.2402581435979099,1.0,2.0747340540369838e-27,0.08182708915887407,0.8328624231807024,1.0,1.0,4.0,2.0,6.0,3.0,1.149937054616947,1.0
53.0,0.85,-0.1751101901682337,0.09298307446482018,0.09433198226980227,-0.00021171251870589654,0.00042010798974883955,0.13853186745236212,0.004518258123790364,2.0229869273906528e-10,0.29886516357729237,0.4291934952762629,1.0,1.0,6.0,3.0,0.33790591205937687,1.0,3.9252438843897546e-27,0.08403008013138048,0.8552851736227289,1.0,1.0,4.0,2.0,6.0,3.0,1.1808962513366679,1.0
53.0,0.9,-0.1751101901682337,0.09298307446482018,0.09433198226980227,-0.00021171251870589654,0.00042010798974883955,0.13853186745236212,0.004518258123790364,1.7783869452650506e-8,0.3601444100730324,0.5171952338415557,1.0,1.0,6.0,3.0,0.4071900649181602,1.0,1.1224116984078625e-26,0.08779032871018112,0.8935581926839486,1.0,1.0,6.0,3.0,6.0,3.0,1.233739988292019,1.0
53.0,0.95,-0.1751101901682337,0.09298307446482018,0.09433198226980227,-0.00021171251870589654,0.00042010798974883955,0.13853186745236212,0.004518258123790364,1.1190169175812866e-6,0.42798358400695957,0.6146175356878081,1.0,1.0,6.0,3.0,0.4838910683643848,1.0,4.4263808379051336e-26,0.09295563026093805,0.9461322926579779,1.0,1.0,6.0,3.0,6.0,3.0,1.306329294749606,1.0
54.0,0.4,-1.0459519432851128,-0.8920379758903402,-0.8922067335920582,-3.984603031560618e-5,-0.00021096169960128252,0.07514482037485343,-0.943454803489743,1.5444489712589178e-19,0.14933094859699322,0.2143631878216833,0.0,0.0,2.0,0.0,0.21661497129787222,0.0,2.288875110450778e-27,0.0903665689142938,1.1175979935797755,0.0,0.0,4.0,2.0,4.0,2.0,1.9111988684582022,1.0
54.0,0.45,-1.0459519432851128,-0.8920379758903402,-0.8922067335920582,-3.984603031560618e-5,-0.00021096169960128252,0.07514482037485343,-0.943454803489743,5.342263152808151e-18,0.17309033239724594,0.2484695622869399,0.0,0.0,2.0,0.0,0.2510796170280507,0.0,5.063064548381659e-27,0.0934058549784896,1.1551860092372224,0.0,0.0,4.0,2.0,4.0,2.0,1.9754779503863995,1.0
54.0,0.5,-1.0459519432851128,-0.8920379758903402,-0.8922067335920582,-3.984603031560618e-5,-0.00021096169960128252,0.07514482037485343,-0.943454803489743,2.26748081639368e-16,0.20234784162688443,0.2904684446694088,0.0,0.0,3.0,1.0,0.29351967772256227,0.0,7.491596406821808e-27,0.09494325960758229,1.1741996815436684,0.0,0.0,4.0,2.0,4.0,2.0,2.007993138500613,1.0
54.0,0.55,-1.0459519432851128,-0.8920379758903402,-0.8922067335920582,-3.984603031560618e-5,-0.00021096169960128252,0.07514482037485343,-0.943454803489743,1.2448848852247476e-15,0.21722741883542737,0.31182793936109626,0.0,0.0,3.0,1.0,0.31510354376128574,0.0,1.1353541973140589e-26,0.09660227319345709,1.1947173384290786,0.0,0.0,4.0,2.0,6.0,3.0,2.0430802832951422,1.0
54.0,0.6,-1.0459519432851128,-0.8920379758903402,-0.8922067335920582,-3.984603031560618e-5,-0.00021096169960128252,0.07514482037485343,-0.943454803489743,1.0010838652753952e-14,0.23693935104680355,0.34012423471484177,0.0,0.0,3.0,1.0,0.343697078258386,0.0,1.599594378326594e-26,0.09799199893801751,1.2119046093679582,0.0,0.0,4.0,2.0,6.0,3.0,2.072472151354118,1.0
54.0,0.65,-1.0459519432851128,-0.8920379758903402,-0.8922067335920582,-3.984603031560618e-5,-0.00021096169960128252,0.07514482037485343,-0.943454803489743,4.1764806256305246e-14,0.2514691391146506,0.3609816103483604,0.0,0.0,3.0,1.0,0.3647735507167163,0.0,2.3533512429662408e-26,0.09958115374383145,1.231558295944791,0.0,0.0,4.0,2.0,6.0,3.0,2.1060818247451367,1.0
54.0,0.7,-1.0459519432851128,-0.8920379758903402,-0.8922067335920582,-3.984603031560618e-5,-0.00021096169960128252,0.07514482037485343,-0.943454803489743,1.6167552216761901e-12,0.2928494661961322,0.42038268500589415,0.0,0.0,3.0,1.0,0.4247986054509644,0.0,5.201901680222844e-26,0.10292723231099153,1.2729405320742284,0.0,1.0,4.0,2.0,6.0,3.0,2.176849384564672,1.0
54.0,0.75,-1.0459519432851128,-0.8920379758903402,-0.8922067335920582,-3.984603031560618e-5,-0.00021096169960128252,0.07514482037485343,-0.943454803489743,1.539958597126281e-11,0.32168474702305455,0.4617754624433033,0.0,0.0,3.0,1.0,0.4666261943558381,0.0,9.911906930878818e-26,0.10572964070217111,1.3075989907586993,1.0,1.0,4.0,2.0,6.0,3.0,2.2361186454266186,1.0
54.0,0.8,-1.0459519432851128,-0.8920379758903402,-0.8922067335920582,-3.984603031560618e-5,-0.00021096169960128252,0.07514482037485343,-0.943454803489743,4.4059267106217454e-10,0.36992965284892754,0.5310305760427041,0.0,0.0,3.0,1.0,0.5366088000308579,0.0,1.7751690802795186e-25,0.1083282833157279,1.3397373999716953,1.0,1.0,4.0,2.0,6.0,3.0,2.291078381999857,1.0
54.0,0.85,-1.0459519432851128,-0.8920379758903402,-0.8922067335920582,-3.984603031560618e-5,-0.00021096169960128252,0.07514482037485343,-0.943454803489743,8.018304762685742e-8,0.4595023096631885,0.6596112918069994,0.0,0.0,3.0,1.0,0.6665401951447972,0.0,3.17791875408527e-25,0.1109888850395115,1.372642081248635,1.0,1.0,4.0,2.0,6.0,3.0,2.3473485166857935,1.0
54.0,0.9,-1.0459519432851128,-0.8920379758903402,-0.8922067335920582,-3.984603031560618e-5,-0.00021096169960128252,0.07514482037485343,-0.943454803489743,7.550850350814754e-7,0.5045072593634051,0.7242154785220312,0.0,0.0,3.0,1.0,0.7318230181574872,0.0,5.234976332605278e-25,0.11332132725887291,1.4014882881569815,1.0,1.0,4.0,2.0,6.0,3.0,2.3966782741828982,1.0
54.0,0.95,-1.0459519432851128,-0.8920379758903402,-0.8922067335920582,-3.984603031560618e-5,-0.00021096169960128252,0.07514482037485343,-0.943454803489743,0.0003028844099706094,0.6476456661785029,0.929689330211065,0.0,0.0,3.0,1.0,0.9394552750686301,0.0,1.7554676384639443e-24,0.11918087608156315,1.4739555743027268,1.0,1.0,4.0,2.0,6.0,3.0,2.5206042261599224,1.0
55.0,0.4,-0.7233099070377802,0.1648332434907811,0.16491018088569634,-0.0012603364546766535,0.000310876489411944,-0.00038181660318065136,-0.131162848422129,3.3258040508352884e-20,0.12020867185793457,0.16445586465057405,0.0,0.0,3.0,1.0,0.12225280686983864,0.0,2.735168696189905e-27,0.07337284332922832,0.7435029727911852,0.0,0.0,4.0,2.0,6.0,3.0,1.1244901771685396,1.0
55.0,0.45,-0.7233099070377802,0.1648332434907811,0.16491018088569634,-0.0012603364546766535,0.000310876489411944,-0.00038181660318065136,-0.131162848422129,1.8259880544656e-18,0.14204278709776585,0.19432682358513723,0.0,0.0,3.0,1.0,0.1444582087957789,0.0,3.66464845433395e-27,0.07427266789653374,0.7526210907545327,0.0,0.0,4.0,2.0,6.0,3.0,1.1382806184435175,1.0
55.0,0.5,-0.7233099070377802,0.1648332434907811,0.16491018088569634,-0.0012603364546766535,0.000310876489411944,-0.00038181660318065136,-0.131162848422129,5.925720531176881e-17,0.16420548250977607,0.2246473086269896,0.0,0.0,3.0,1.0,0.1669977783629532,0.0,5.6581888905974545e-27,0.07562915317618961,0.7663666509946643,0.0,0.0,4.0,2.0,6.0,3.0,1.159069704748956,1.0
55.0,0.55,-0.7233099070377802,0.1648332434907811,0.16491018088569634,-0.0012603364546766535,0.000310876489411944,-0.00038181660318065136,-0.131162848422129,4.698950251401567e-16,0.17900155621691857,0.24488961774939208,0.0,0.0,3.0,1.0,0.18204545764759708,0.0,8.825093061148232e-27,0.07704290465590617,0.7806925020897447,0.0,0.0,4.0,2.0,6.0,3.0,1.1807364356505443,1.0
55.0,0.6,-0.7233099070377802,0.1648332434907811,0.16491018088569634,-0.0012603364546766535,0.000310876489411944,-0.00038181660318065136,-0.131162848422129,5.677485544255749e-15,0.19858507547477888,0.2716815666385603,0.0,0.0,3.0,1.0,0.20196199245876617,0.0,1.2810000404157378e-26,0.07824841667084241,0.7929082174167195,0.0,0.0,4.0,2.0,6.0,3.0,1.1992117510090055,1.0
55.0,0.65,-0.7233099070377802,0.1648332434907811,0.16491018088569634,-0.0012603364546766535,0.000310876489411944,-0.00038181660318065136,-0.131162848422129,5.116842920600007e-14,0.21763656276613882,0.2977456497613056,0.0,0.0,3.0,1.0,0.22133744815938644,0.0,1.7035788425643098e-26,0.07918345319577366,0.8023831458018075,0.0,0.0,4.0,2.0,6.0,3.0,1.2135418401792055,1.0
55.0,0.7,-0.7233099070377802,0.1648332434907811,0.16491018088569634,-0.0012603364546766535,0.000310876489411944,-0.00038181660318065136,-0.131162848422129,2.775396852098297e-12,0.2570368065589682,0.35164859253777125,0.0,0.0,3.0,1.0,0.26140768868847186,0.0,2.8359860769218976e-26,0.08088295598597013,0.8196045770486275,0.0,0.0,4.0,2.0,6.0,3.0,1.2395879099092737,1.0
55.0,0.75,-0.7233099070377802,0.1648332434907811,0.16491018088569634,-0.0012603364546766535,0.000310876489411944,-0.00038181660318065136,-0.131162848422129,3.2669797839165524e-11,0.2848478024906656,0.3896964414329505,0.0,0.0,3.0,1.0,0.2896916074935464,1.0,4.55295240361229e-26,0.08249416363139858,0.8359312943980524,0.0,0.0,4.0,2.0,6.0,3.0,1.2642807947486085,1.0
55.0,0.8,-0.7233099070377802,0.1648332434907811,0.16491018088569634,-0.0012603364546766535,0.000310876489411944,-0.00038181660318065136,-0.131162848422129,1.62189846608472e-9,0.3351771655735634,0.45855136508515226,0.0,0.0,5.0,2.0,0.34087681576310574,1.0,7.447877951043949e-26,0.08420328480450963,0.8532501908099925,0.0,0.0,4.0,2.0,6.0,3.0,1.2904742729286822,1.0
55.0,0.85,-0.7233099070377802,0.1648332434907811,0.16491018088569634,-0.0012603364546766535,0.000310876489411944,-0.00038181660318065136,-0.131162848422129,2.3196227250407643e-8,0.3744689628504772,0.5123059436440651,0.0,0.0,5.0,2.0,0.38083676565540897,1.0,1.1395229660912442e-25,0.0857086140953445,0.8685040197742506,0.0,0.0,4.0,2.0,6.0,3.0,1.3135444978803386,1.0
55.0,0.9,-0.7233099070377802,0.1648332434907811,0.16491018088569634,-0.0012603364546766535,0.000310876489411944,-0.00038181660318065136,-0.131162848422129,6.954216179475498e-7,0.43146984218133816,0.5902880788038175,0.0,0.0,5.0,2.0,0.4388069385600916,1.0,2.0284887703005513e-25,0.0877929959256613,0.8896255140077326,0.0,0.0,4.0,2.0,6.0,3.0,1.345489108274442,1.0
55.0,0.95,-0.7233099070377802,0.1648332434907811,0.16491018088569634,-0.0012603364546766535,0.000310876489411944,-0.00038181660318065136,-0.131162848422129,8.565115022557379e-5,0.527295406537593,0.721385742543598,0.0,0.0,5.0,2.0,0.536262005913997,1.0,4.427527160502056e-25,0.09069521937521467,0.9190343751685985,0.0,1.0,4.0,2.0,6.0,3.0,1.3899677138850677,1.0
56.0,0.4,-0.6225540471133149,0.07001081551709804,0.06618812000302471,1.0658040651272837e-5,1.6094197695222747e-5,0.1261071294864759,-0.1633922690357551,6.293445742854337e-23,0.09190538800485185,0.1288357586355612,0.0,0.0,2.0,0.0,0.0961252609767299,0.0,6.350366123858678e-31,0.05214631949278325,0.49854734333635475,0.0,0.0,4.0,2.0,6.0,3.0,0.7696156340143263,1.0
56.0,0.45,-0.6225540471133149,0.07001081551709804,0.06618812000302471,1.0658040651272837e-5,1.6094197695222747e-5,0.1261071294864759,-0.1633922690357551,1.177969718168652e-21,0.10383677893145217,0.14556154408706107,0.0,0.0,2.0,0.0,0.10860448653175714,0.0,9.739190377471565e-31,0.053083819642315136,0.5075103576674285,0.0,0.0,4.0,2.0,6.0,3.0,0.7834519848630254,1.0
56.0,0.5,-0.6225540471133149,0.07001081551709804,0.06618812000302471,1.0658040651272837e-5,1.6094197695222747e-5,0.1261071294864759,-0.1633922690357551,5.489312435720977e-20,0.12186169100899315,0.17082941218775052,0.0,0.0,2.0,0.0,0.12745701971996118,0.0,1.9915859094786087e-30,0.05468988449923554,0.5228652163694767,0.0,0.0,4.0,2.0,6.0,3.0,0.8071555297181515,1.0
56.0,0.55,-0.6225540471133149,0.07001081551709804,0.06618812000302471,1.0658040651272837e-5,1.6094197695222747e-5,0.1261071294864759,-0.1633922690357551,4.572588749833863e-19,0.13311511601992998,0.18660480446895072,0.0,0.0,3.0,0.0,0.13922715028076416,0.0,2.7808059382369396e-30,0.055455865927155575,0.5301884178849233,0.0,0.0,4.0,2.0,6.0,3.0,0.8184604748806469,1.0
56.0,0.6,-0.6225540471133149,0.07001081551709804,0.06618812000302471,1.0658040651272837e-5,1.6094197695222747e-5,0.1261071294864759,-0.1633922690357551,6.970600288897338e-18,0.14911575892594942,0.2090349906876836,0.0,0.0,4.0,1.0,0.15596246916169182,0.0,3.9240005202863695e-30,0.05625732656620231,0.5378508200692367,0.0,0.0,4.0,2.0,6.0,3.0,0.8302890496268055,1.0
56.0,0.65,-0.6225540471133149,0.07001081551709804,0.06618812000302471,1.0658040651272837e-5,1.6094197695222747e-5,0.1261071294864759,-0.1633922690357551,1.4861875021658155e-16,0.16939100807003732,0.23745744949788597,0.0,0.0,4.0,1.0,0.17716866455081065,0.0,5.3369920475785206e-30,0.05698288093265605,0.5447875167596266,0.0,0.0,4.0,2.0,6.0,3.0,0.8409973410111562,1.0
56.0,0.7,-0.6225540471133149,0.07001081551709804,0.06618812000302471,1.0658040651272837e-5,1.6094197695222747e-5,0.1261071294864759,-0.1633922690357551,7.657148259144939e-16,0.18136636397721378,0.2542448663917735,0.0,0.0,4.0,1.0,0.18969387375623606,0.0,9.090265104654406e-30,0.0582614204572715,0.5570110540974011,0.0,0.0,4.0,2.0,6.0,3.0,0.8598670142003729,1.0
56.0,0.75,-0.6225540471133149,0.07001081551709804,0.06618812000302471,1.0658040651272837e-5,1.6094197695222747e-5,0.1261071294864759,-0.1633922690357551,3.998903827638605e-15,0.19429792340571786,0.2723727183651987,0.0,0.0,4.0,1.0,0.20321919095347615,0.0,1.340936669348088e-29,0.05921281713682077,0.5661069268581617,0.0,0.0,4.0,2.0,6.0,3.0,0.8739084607655859,1.0
56.0,0.8,-0.6225540471133149,0.07001081551709804,0.06618812000302471,1.0658040651272837e-5,1.6094197695222747e-5,0.1261071294864759,-0.1633922690357551,2.9147939057761184e-14,0.2110632459601174,0.29587485569312033,0.0,0.0,4.0,1.0,0.22075430005736935,0.0,2.012760742400631e-29,0.06022336973654089,0.5757683625796575,0.0,0.0,4.0,2.0,6.0,3.0,0.8888229760622222,1.0
56.0,0.85,-0.6225540471133149,0.07001081551709804,0.06618812000302471,1.0658040651272837e-5,1.6094197695222747e-5,0.1261071294864759,-0.1633922690357551,4.408675185916829e-13,0.23635608623822468,0.3313311258424397,0.0,0.0,4.0,1.0,0.24720847130190463,0.0,4.3560480780109234e-29,0.06219219815001565,0.5945914393484564,0.0,0.0,5.0,2.0,6.0,3.0,0.9178804654965724,1.0
56.0,0.9,-0.6225540471133149,0.07001081551709804,0.06618812000302471,1.0658040651272837e-5,1.6094197695222747e-5,0.1261071294864759,-0.1633922690357551,1.3135542929697954e-11,0.2722634145653115,0.3816671070729653,0.0,0.0,5.0,2.0,0.28476449909688145,0.0,7.429220579886783e-29,0.06359110156719801,0.6079657213496422,0.0,0.0,5.0,2.0,6.0,3.0,0.9385265619193246,1.0
56.0,0.95,-0.6225540471133149,0.07001081551709804,0.06618812000302471,1.0658040651272837e-5,1.6094197695222747e-5,0.1261071294864759,-0.1633922690357551,1.1377665256149938e-8,0.36090217583907563,0.5059236093426575,0.0,0.0,5.0,2.0,0.37747314485815964,1.0,1.958987223362464e-28,0.06621276073365383,0.6330302172773141,0.0,0.0,6.0,3.0,6.0,3.0,0.9772190315161595,1.0
57.0,0.4,-0.20466876274922674,0.047410303829643397,0.04555673085373679,-0.0001664356473724911,5.742328063285493e-6,-0.10594912491725789,-0.0378514336805843,2.226206820182738e-23,0.08417947760119796,0.1166321823608963,0.0,0.0,2.0,0.0,0.08733890805504343,1.0,7.96460388766395e-31,0.05634271198176683,0.5769476284258281,1.0,1.0,6.0,3.0,6.0,3.0,0.7585605539733881,1.0
57.0,0.45,-0.20466876274922674,0.047410303829643397,0.04555673085373679,-0.0001664356473724911,5.742328063285493e-6,-0.10594912491725789,-0.0378514336805843,2.293090854031598e-22,0.09277021206047972,0.1285347996807112,0.0,0.0,2.0,0.0,0.09625207060303514,1.0,1.3088553055035108e-30,0.057520995195574624,0.589013212099549,1.0,1.0,6.0,3.0,6.0,3.0,0.774424170330599,1.0
57.0,0.5,-0.20466876274922674,0.047410303829643397,0.04555673085373679,-0.0001664356473724911,5.742328063285493e-6,-0.10594912491725789,-0.0378514336805843,2.5764536064452142e-21,0.1026085602107156,0.1421660082399333,0.0,0.0,3.0,0.0,0.10645967237240904,1.0,2.3382568467072035e-30,0.05892863961494339,0.6034274474257519,1.0,1.0,6.0,3.0,6.0,3.0,0.7933757524074336,1.0
57.0,0.55,-0.20466876274922674,0.047410303829643397,0.04555673085373679,-0.0001664356473724911,5.742328063285493e-6,-0.10594912491725789,-0.0378514336805843,1.0460013269595216e-19,0.1197305120622028,0.16588878091117548,0.0,0.0,4.0,1.0,0.12422424660229994,1.0,3.20102190482012e-30,0.059704848413357346,0.6113758015190572,1.0,1.0,6.0,3.0,6.0,3.0,0.8038261080153509,1.0
57.0,0.6,-0.20466876274922674,0.047410303829643397,0.04555673085373679,-0.0001664356473724911,5.742328063285493e-6,-0.10594912491725789,-0.0378514336805843,4.2518424980575807e-19,0.12693509491778454,0.17587086021828724,0.0,0.0,4.0,1.0,0.13169923240085332,1.0,5.7786654796553526e-30,0.0611925739299099,0.6266100648041003,1.0,1.0,6.0,3.0,6.0,3.0,0.8238558483722166,1.0
57.0,0.65,-0.20466876274922674,0.047410303829643397,0.04555673085373679,-0.0001664356473724911,5.742328063285493e-6,-0.10594912491725789,-0.0378514336805843,2.859025977026308e-17,0.15126324663841606,0.20957795259805598,0.0,0.0,5.0,2.0,0.15694047013273427,1.0,8.220703518690458e-30,0.062097928674330366,0.6358808693909739,1.0,1.0,6.0,3.0,6.0,3.0,0.8360449385369266,1.0
57.0,0.7,-0.20466876274922674,0.047410303829643397,0.04555673085373679,-0.0001664356473724911,5.742328063285493e-6,-0.10594912491725789,-0.0378514336805843,3.4566891667383165e-16,0.16781670014249234,0.23251306056981855,0.0,0.0,5.0,2.0,0.1741152090926893,1.0,1.14540527197736e-29,0.06296210010601193,0.6447299581288992,1.0,1.0,6.0,3.0,6.0,3.0,0.8476795641501995,1.0
57.0,0.75,-0.20466876274922674,0.047410303829643397,0.04555673085373679,-0.0001664356473724911,5.742328063285493e-6,-0.10594912491725789,-0.0378514336805843,3.4190060827657347e-15,0.18463051941390807,0.25580891000164024,0.0,0.0,5.0,2.0,0.19156008588745096,1.0,1.5010502305069836e-29,0.06367550151223446,0.652035166468337,1.0,1.0,6.0,3.0,6.0,3.0,0.8572843230777549,1.0
57.0,0.8,-0.20466876274922674,0.047410303829643397,0.04555673085373679,-0.0001664356473724911,5.742328063285493e-6,-0.10594912491725789,-0.0378514336805843,4.618660923589397e-14,0.2057844242518935,0.2851180261545997,1.0,1.0,6.0,3.0,0.21350794066510584,1.0,2.8618302879768927e-29,0.06541079104021698,0.6698044775750809,1.0,1.0,6.0,3.0,6.0,3.0,0.8806470995461047,1.0
57.0,0.85,-0.20466876274922674,0.047410303829643397,0.04555673085373679,-0.0001664356473724911,5.742328063285493e-6,-0.10594912491725789,-0.0378514336805843,6.63704258068128e-13,0.22995345470382497,0.3186046531506742,1.0,1.0,6.0,3.0,0.23858408497692024,1.0,5.653028274824909e-29,0.06729264846552512,0.6890746394181675,1.0,1.0,6.0,3.0,6.0,3.0,0.9059831680602124,1.0
57.0,0.9,-0.20466876274922674,0.047410303829643397,0.04555673085373679,-0.0001664356473724911,5.742328063285493e-6,-0.10594912491725789,-0.0378514336805843,4.5021863730901e-10,0.3017289452654183,0.4180508880617759,1.0,1.0,6.0,3.0,0.3130534586223969,1.0,1.2668759021067483e-28,0.06959368390493147,0.712637171163514,1.0,1.0,6.0,3.0,6.0,3.0,0.9369627687261037,1.0
57.0,0.95,-0.20466876274922674,0.047410303829643397,0.04555673085373679,-0.0001664356473724911,5.742328063285493e-6,-0.10594912491725789,-0.0378514336805843,1.6673095937562168e-8,0.35073168939007937,0.4859450726278544,1.0,1.0,6.0,3.0,0.36389537740721584,1.0,7.611692806835606e-28,0.07499246434904294,0.7679205159664734,1.0,1.0,6.0,3.0,6.0,3.0,1.0096483342663498,1.0
58.0,0.4,-0.12155600735552907,-0.023348377037283652,-0.020693089850308155,-0.00027745823688891925,0.00017902849272578953,0.2340395892940533,-0.05431372901871501,3.806766662247485e-20,0.136612923010193,0.1645503163517973,0.0,0.0,4.0,1.0,0.13061872510461275,1.0,4.4577432156230127e-26,0.0886979132251674,0.8810274707642168,1.0,1.0,6.0,3.0,6.0,3.0,1.2618965822592736,1.0
58.0,0.45,-0.12155600735552907,-0.023348377037283652,-0.020693089850308155,-0.00027745823688891925,0.00017902849272578953,0.2340395892940533,-0.05431372901871501,2.8813861941560623e-19,0.14863417182562763,0.1790299150013031,0.0,0.0,5.0,2.0,0.142112514709863,1.0,8.119954650752035e-26,0.0909421063582489,0.9033188159385496,1.0,1.0,6.0,3.0,6.0,3.0,1.293824499631762,1.0
58.0,0.5,-0.12155600735552907,-0.023348377037283652,-0.020693089850308155,-0.00027745823688891925,0.00017902849272578953,0.2340395892940533,-0.05431372901871501,5.573896229220193e-18,0.1681609787026064,0.2025499611151511,0.0,0.0,5.0,2.0,0.16078253920999502,1.0,1.5427078355564234e-25,0.09340685771822428,0.9278009438464431,1.0,1.0,6.0,3.0,6.0,3.0,1.3288902774407187,1.0
58.0,0.55,-0.12155600735552907,-0.023348377037283652,-0.020693089850308155,-0.00027745823688891925,0.00017902849272578953,0.2340395892940533,-0.05431372901871501,9.889431956762106e-17,0.18956904073343483,0.22833597975841577,0.0,0.0,5.0,2.0,0.18125127458152818,1.0,3.08590596027928e-25,0.09614452409297318,0.9549939092076268,1.0,1.0,6.0,3.0,6.0,3.0,1.3678387906136478,1.0
58.0,0.6,-0.12155600735552907,-0.023348377037283652,-0.020693089850308155,-0.00027745823688891925,0.00017902849272578953,0.2340395892940533,-0.05431372901871501,4.294987707831189e-15,0.22182407875791296,0.26718718500252814,0.0,0.0,5.0,2.0,0.2120910505860559,1.0,4.641942939831319e-25,0.09779412539168085,0.9713792333615374,1.0,1.0,6.0,3.0,6.0,3.0,1.3913075078048327,1.0
58.0,0.65,-0.12155600735552907,-0.023348377037283652,-0.020693089850308155,-0.00027745823688891925,0.00017902849272578953,0.2340395892940533,-0.05431372901871501,8.866500267484533e-14,0.2516469180939552,0.3031088060258073,0.0,0.0,5.0,2.0,0.24060534606586848,1.0,6.634689356374111e-25,0.09926042571180148,0.9859438472903584,1.0,1.0,6.0,3.0,6.0,3.0,1.4121684198065467,1.0
58.0,0.7,-0.12155600735552907,-0.023348377037283652,-0.020693089850308155,-0.00027745823688891925,0.00017902849272578953,0.2340395892940533,-0.05431372901871501,1.363285477058404e-12,0.2819960705239036,0.3396643713655836,0.0,0.0,5.0,2.0,0.2696228614740532,1.0,1.0666002518496616e-24,0.10124346778433398,1.005641205188138,1.0,1.0,6.0,3.0,6.0,3.0,1.440380966447329,1.0
58.0,0.75,-0.12155600735552907,-0.023348377037283652,-0.020693089850308155,-0.00027745823688891925,0.00017902849272578953,0.2340395892940533,-0.05431372901871501,2.1015264057635704e-11,0.3160391549020866,0.38066927910482407,0.0,0.0,5.0,2.0,0.30217222929466003,1.0,1.8214206058530945e-24,0.10352630228496174,1.0283163711884435,1.0,1.0,6.0,3.0,6.0,3.0,1.4728586307965768,1.0
58.0,0.8,-0.12155600735552907,-0.023348377037283652,-0.020693089850308155,-0.00027745823688891925,0.00017902849272578953,0.2340395892940533,-0.05431372901871501,1.0544665246986965e-9,0.37204457214489073,0.44812782491187203,0.0,0.0,5.0,2.0,0.3557202834466172,1.0,3.487215372581408e-24,0.1063661788029276,1.056524579644877,1.0,1.0,6.0,3.0,6.0,3.0,1.5132612777332877,1.0
58.0,0.85,-0.12155600735552907,-0.023348377037283652,-0.020693089850308155,-0.00027745823688891925,0.00017902849272578953,0.2340395892940533,-0.05431372901871501,2.147351491685133e-8,0.421823952868331,0.5080871074259246,0.0,0.0,5.0,2.0,0.40331548237305975,1.0,5.9242365577138515e-24,0.10874099229259006,1.0801133637126898,1.0,1.0,6.0,3.0,6.0,3.0,1.5470475182111296,1.0
58.0,0.9,-0.12155600735552907,-0.023348377037283652,-0.020693089850308155,-0.00027745823688891925,0.00017902849272578953,0.2340395892940533,-0.05431372901871501,2.708427813476768e-5,0.567978407509035,0.6841302021597796,1.0,1.0,6.0,3.0,0.5430570830421584,1.0,1.1840212358191057e-23,0.11192409400474022,1.1117307935785052,1.0,1.0,6.0,3.0,6.0,3.0,1.5923331965939926,1.0
58.0,0.95,-0.12155600735552907,-0.023348377037283652,-0.020693089850308155,-0.00027745823688891925,0.00017902849272578953,0.2340395892940533,-0.05431372901871501,0.005230637136319203,0.7072534061521957,0.8518869895972189,1.0,1.0,6.0,3.0,0.676221079250328,1.0,4.627794216622065e-23,0.11846521866037267,1.1767031283466938,1.0,1.0,6.0,3.0,6.0,3.0,1.6853931407002343,1.0
59.0,0.4,-0.23482478420385022,0.040386334033537696,0.039992288771822926,-0.00036569283559975094,0.0014723869513656102,0.13829836479070368,-0.05161306888673478,1.9355698028143126e-21,0.1021096899879236,0.14354650764569543,0.0,0.0,4.0,1.0,0.11093543915056539,1.0,2.9315564404420104e-29,0.06257698317077585,0.5925820705617387,0.0,1.0,6.0,3.0,6.0,3.0,0.8919073376543634,1.0
59.0,0.45,-0.23482478420385022,0.040386334033537696,0.039992288771822926,-0.00036569283559975094,0.0014723869513656102,0.13829836479070368,-0.05161306888673478,1.251645289440789e-19,0.12148191861114425,0.1707801204840676,0.0,0.0,4.0,1.0,0.13198208702400727,1.0,3.865770746726692e-29,0.06330242759530987,0.5994517746827357,0.0,1.0,6.0,3.0,6.0,3.0,0.9022470691741236,1.0
59.0,0.5,-0.23482478420385022,0.040386334033537696,0.039992288771822926,-0.00036569283559975094,0.0014723869513656102,0.13829836479070368,-0.05161306888673478,1.4184864383644101e-18,0.13441342232860817,0.18895931775191566,0.0,0.0,4.0,1.0,0.14603131236142325,1.0,5.790481270733564e-29,0.06437718345360047,0.6096293354979659,0.0,1.0,6.0,3.0,6.0,3.0,0.9175655231427395,1.0
59.0,0.55,-0.23482478420385022,0.040386334033537696,0.039992288771822926,-0.00036569283559975094,0.0014723869513656102,0.13829836479070368,-0.05161306888673478,9.278451883480087e-18,0.14535436205555716,0.204340166409387,0.0,0.0,4.0,1.0,0.15791792129611396,1.0,7.620100736010456e-29,0.0651179256543532,0.6166439041913239,0.0,1.0,6.0,3.0,6.0,3.0,0.928123293279382,1.0
59.0,0.6,-0.23482478420385022,0.040386334033537696,0.039992288771822926,-0.00036569283559975094,0.0014723869513656102,0.13829836479070368,-0.05161306888673478,7.589517491357689e-17,0.15865685688373504,0.22304090554379916,0.0,0.0,4.0,1.0,0.17237020399070022,1.0,1.063924268115828e-28,0.06602982420062918,0.6252792634130964,0.0,1.0,6.0,3.0,6.0,3.0,0.9411205482349345,1.0
59.0,0.65,-0.23482478420385022,0.040386334033537696,0.039992288771822926,-0.00036569283559975094,0.0014723869513656102,0.13829836479070368,-0.05161306888673478,6.2655982153069854e-15,0.19068799922681626,0.2680705067481047,0.0,0.0,5.0,2.0,0.20716992615951924,1.0,1.7026087919673307e-28,0.06733620673179012,0.6376502475359387,0.0,1.0,6.0,3.0,6.0,3.0,0.9597403682755736,1.0
59.0,0.7,-0.23482478420385022,0.040386334033537696,0.039992288771822926,-0.00036569283559975094,0.0014723869513656102,0.13829836479070368,-0.05161306888673478,2.0738245963401732e-13,0.22062196935253472,0.31015188876019056,0.0,0.0,5.0,2.0,0.23969120912305805,1.0,3.241272745300736e-28,0.06916695821140248,0.6549868215844509,0.0,1.0,6.0,3.0,6.0,3.0,0.9858339987983438,1.0
59.0,0.75,-0.23482478420385022,0.040386334033537696,0.039992288771822926,-0.00036569283559975094,0.0014723869513656102,0.13829836479070368,-0.05161306888673478,1.7390917938909566e-12,0.24106270589083922,0.33888761740774986,0.0,0.0,5.0,2.0,0.2618987203269997,1.0,5.261881026450551e-28,0.07057752164313708,0.6683443622756474,0.0,1.0,6.0,3.0,6.0,3.0,1.0059387052134425,1.0
59.0,0.8,-0.23482478420385022,0.040386334033537696,0.039992288771822926,-0.00036569283559975094,0.0014723869513656102,0.13829836479070368,-0.05161306888673478,6.9394062348545206e-12,0.2553710638584113,0.35900240589288135,0.0,0.0,5.0,2.0,0.27744380693772025,1.0,9.21151518974007e-28,0.07224359055240594,0.6841214501748631,0.0,1.0,6.0,3.0,6.0,3.0,1.0296851213862923,1.0
59.0,0.85,-0.23482478420385022,0.040386334033537696,0.039992288771822926,-0.00036569283559975094,0.0014723869513656102,0.13829836479070368,-0.05161306888673478,1.1205762029052798e-10,0.2867543276134669,0.4031212149020436,1.0,1.0,6.0,3.0,0.31153965177925164,1.0,1.47831637579134e-27,0.07368162052850788,0.6977390894024171,0.0,1.0,6.0,3.0,6.0,3.0,1.0501813074033142,1.0
59.0,0.9,-0.23482478420385022,0.040386334033537696,0.039992288771822926,-0.00036569283559975094,0.0014723869513656102,0.13829836479070368,-0.05161306888673478,1.5394518714166719e-9,0.31983317613305245,0.4496236886877251,1.0,1.0,6.0,3.0,0.34747763756247413,1.0,2.661651670161845e-27,0.07550925092948631,0.7150461079315422,0.0,1.0,6.0,3.0,6.0,3.0,1.076230453312191,1.0
59.0,0.95,-0.23482478420385022,0.040386334033537696,0.039992288771822926,-0.00036569283559975094,0.0014723869513656102,0.13829836479070368,-0.05161306888673478,1.2418104390373081e-8,0.34890101041273003,0.49048745094344287,1.0,1.0,6.0,3.0,0.37905792109240427,1.0,4.4289850015016384e-27,0.07712849727756098,0.7303798026076341,0.0,1.0,6.0,3.0,6.0,3.0,1.0993095093187182,1.0
60.0,0.4,-0.5299509580984516,-0.003396274528484289,-0.004239791157238992,-0.0008542662953957535,-0.00014814329764353275,0.03717114440343794,-0.17947651347097648,3.0610460797264438e-24,0.07982064671804023,0.10808426443092414,0.0,0.0,5.0,2.0,0.07620808197027146,0.0,3.6810598730163736e-28,0.0671286038788477,0.6682363700719995,1.0,1.0,6.0,3.0,6.0,3.0,0.9239599699931801,1.0
60.0,0.45,-0.5299509580984516,-0.003396274528484289,-0.004239791157238992,-0.0008542662953957535,-0.00014814329764353275,0.03717114440343794,-0.17947651347097648,6.934728963662052e-22,0.10005686542169247,0.1354859067800988,0.0,0.0,5.0,2.0,0.095528439260583,0.0,5.13520462049245e-28,0.06806627509329181,0.6775704835862919,1.0,1.0,6.0,3.0,6.0,3.0,0.9368661026564613,1.0
60.0,0.5,-0.5299509580984516,-0.003396274528484289,-0.004239791157238992,-0.0008542662953957535,-0.00014814329764353275,0.03717114440343794,-0.17947651347097648,1.9236779074360722e-20,0.11491485655033262,0.15560495001126964,0.0,0.0,5.0,2.0,0.10971397962390186,0.0,7.227511211484964e-28,0.06904251619380468,0.6872885437220156,1.0,1.0,6.0,3.0,6.0,3.0,0.9503031123038524,1.0
60.0,0.55,-0.5299509580984516,-0.003396274528484289,-0.004239791157238992,-0.0008542662953957535,-0.00014814329764353275,0.03717114440343794,-0.17947651347097648,5.3992625889493195e-18,0.14533981390107192,0.19680305189101388,0.0,0.0,5.0,2.0,0.1387619482768935,0.0,1.037546017798448e-27,0.07009048285942487,0.6977206009990352,1.0,1.0,6.0,3.0,6.0,3.0,0.9647273546233832,1.0
60.0,0.6,-0.5299509580984516,-0.003396274528484289,-0.004239791157238992,-0.0008542662953957535,-0.00014814329764353275,0.03717114440343794,-0.17947651347097648,6.360894594475998e-16,0.17728987044868635,0.24006627390766613,0.0,0.0,5.0,2.0,0.1692659923863872,0.0,1.2948040755049859e-27,0.07074035701479714,0.7041898186126375,1.0,1.0,6.0,3.0,6.0,3.0,0.9736722405647145,1.0
60.0,0.65,-0.5299509580984516,-0.003396274528484289,-0.004239791157238992,-0.0008542662953957535,-0.00014814329764353275,0.03717114440343794,-0.17947651347097648,5.4983279260306604e-14,0.2134913454888481,0.28908629519178347,0.0,0.0,5.0,2.0,0.20382904205761784,0.0,1.8091146306825467e-27,0.07173313835259329,0.7140725296942122,1.0,1.0,6.0,3.0,6.0,3.0,0.9873369104978991,1.0
60.0,0.7,-0.5299509580984516,-0.003396274528484289,-0.004239791157238992,-0.0008542662953957535,-0.00014814329764353275,0.03717114440343794,-0.17947651347097648,7.734348810287267e-13,0.23835356619699394,0.32275195624376163,0.0,0.0,5.0,2.0,0.22756603532431285,0.0,2.7559190406684047e-27,0.07300229507638016,0.7267064388350374,1.0,1.0,6.0,3.0,6.0,3.0,1.0048056189272168,1.0
60.0,0.75,-0.5299509580984516,-0.003396274528484289,-0.004239791157238992,-0.0008542662953957535,-0.00014814329764353275,0.03717114440343794,-0.17947651347097648,6.504892067011628e-12,0.26046877547788755,0.3526979191761955,0.0,0.0,5.0,2.0,0.24868034284955046,0.0,3.603005459845782e-27,0.07382210927972233,0.7348673365108411,1.0,1.0,6.0,3.0,6.0,3.0,1.0160895644132133,1.0
60.0,0.8,-0.5299509580984516,-0.003396274528484289,-0.004239791157238992,-0.0008542662953957535,-0.00014814329764353275,0.03717114440343794,-0.17947651347097648,4.749159984341342e-11,0.28296303025570907,0.3831571434690143,0.0,0.0,5.0,2.0,0.2701565408315565,0.0,5.061236050036315e-27,0.07487487371712034,0.745347153541706,1.0,1.0,6.0,3.0,6.0,3.0,1.0305798433968745,1.0
60.0,0.85,-0.5299509580984516,-0.003396274528484289,-0.004239791157238992,-0.0008542662953957535,-0.00014814329764353275,0.03717114440343794,-0.17947651347097648,3.351373648004178e-9,0.33787413729271676,0.45751167274447485,0.0,0.0,5.0,2.0,0.32258245214917125,0.0,9.270592854860838e-27,0.07678709264407815,0.764382470242757,1.0,1.0,6.0,3.0,6.0,3.0,1.0568996778680486,1.0
60.0,0.9,-0.5299509580984516,-0.003396274528484289,-0.004239791157238992,-0.0008542662953957535,-0.00014814329764353275,0.03717114440343794,-0.17947651347097648,9.066423856856985e-8,0.3876417080145196,0.524901395769161,0.0,0.0,5.0,2.0,0.3700976160193137,1.0,2.596273316116388e-26,0.08015365765130351,0.797895176452167,1.0,1.0,6.0,3.0,6.0,3.0,1.103237172219487,1.0
60.0,0.95,-0.5299509580984516,-0.003396274528484289,-0.004239791157238992,-0.0008542662953957535,-0.00014814329764353275,0.03717114440343794,-0.17947651347097648,0.0003417235569341939,0.5463116383801044,0.7397546125245971,1.0,1.0,6.0,3.0,0.5215863793493265,1.0,8.550444254653246e-26,0.084234811153729,0.8385213036853417,1.0,1.0,6.0,3.0,6.0,3.0,1.1594102824847345,1.0
61.0,0.4,-0.12385256966381242,0.058305188815438114,0.055539805093147765,-0.00023056674826275037,-0.0002165979822937827,0.13537641763924274,-0.004257319825838879,1.5183837641599428e-20,0.10505943074567345,0.15156712687348703,0.0,0.0,3.0,1.0,0.11491591344351948,1.0,4.851631607662164e-29,0.06468837181288604,0.627200315233432,1.0,1.0,6.0,3.0,6.0,3.0,0.873315015981743,1.0
61.0,0.45,-0.12385256966381242,0.058305188815438114,0.055539805093147765,-0.00023056674826275037,-0.0002165979822937827,0.13537641763924274,-0.004257319825838879,5.636951882109185e-19,0.12213430318793607,0.1762007017885273,0.0,0.0,4.0,1.0,0.13359271903543438,1.0,7.682243790855125e-29,0.06593908221789617,0.6393268526358129,1.0,1.0,6.0,3.0,6.0,3.0,0.8902000317385063,1.0
61.0,0.5,-0.12385256966381242,0.058305188815438114,0.055539805093147765,-0.00023056674826275037,-0.0002165979822937827,0.13537641763924274,-0.004257319825838879,5.1006831660081585e-18,0.13387371846343862,0.1931369200019114,0.0,0.0,5.0,2.0,0.14643350467554445,1.0,1.1709309995976603e-28,0.06710728966412645,0.6506534644827311,1.0,1.0,6.0,3.0,6.0,3.0,0.9059712294975968,1.0
61.0,0.55,-0.12385256966381242,0.058305188815438114,0.055539805093147765,-0.00023056674826275037,-0.0002165979822937827,0.13537641763924274,-0.004257319825838879,5.566061672230644e-17,0.14789107958320338,0.21335948485107764,0.0,0.0,5.0,2.0,0.161765948852259,1.0,1.8729542925450752e-28,0.06843362205987494,0.6635132115037876,1.0,1.0,6.0,3.0,6.0,3.0,0.9238771678436819,1.0
61.0,0.6,-0.12385256966381242,0.058305188815438114,0.055539805093147765,-0.00023056674826275037,-0.0002165979822937827,0.13537641763924274,-0.004257319825838879,1.6155105916357828e-15,0.1701728950807778,0.24550501174497405,0.0,0.0,5.0,2.0,0.1861382033267977,1.0,2.962876741932088e-28,0.0697539748709142,0.6763149821481094,1.0,1.0,6.0,3.0,6.0,3.0,0.9417023797629063,1.0
61.0,0.65,-0.12385256966381242,0.058305188815438114,0.055539805093147765,-0.00023056674826275037,-0.0002165979822937827,0.13537641763924274,-0.004257319825838879,8.335698651922424e-15,0.18221469379657199,0.26287747246351767,0.0,0.0,5.0,2.0,0.19930974146579988,1.0,4.644015721536573e-28,0.0710724791181693,0.6890988296362957,1.0,1.0,6.0,3.0,6.0,3.0,0.9595026354424631,1.0
61.0,0.7,-0.12385256966381242,0.058305188815438114,0.055539805093147765,-0.00023056674826275037,-0.0002165979822937827,0.13537641763924274,-0.004257319825838879,2.5088683021364543e-13,0.2099853789508329,0.30294168117152914,0.0,0.0,5.0,2.0,0.22968582125990916,1.0,6.556525568848292e-28,0.07210116817218458,0.6990727102716254,1.0,1.0,6.0,3.0,6.0,3.0,0.9733902874650894,1.0
61.0,0.75,-0.12385256966381242,0.058305188815438114,0.055539805093147765,-0.00023056674826275037,-0.0002165979822937827,0.13537641763924274,-0.004257319825838879,1.7565684092480062e-12,0.22772210508646912,0.32853009909307757,0.0,0.0,5.0,2.0,0.24908657444225138,1.0,1.361763915067806e-27,0.07433074239250231,0.720690036765242,1.0,1.0,6.0,3.0,6.0,3.0,1.0034902975794482,1.0
61.0,0.8,-0.12385256966381242,0.058305188815438114,0.055539805093147765,-0.00023056674826275037,-0.0002165979822937827,0.13537641763924274,-0.004257319825838879,1.1292753661750346e-10,0.2708595416810419,0.39076361091510764,1.0,1.0,6.0,3.0,0.2962710860533747,1.0,2.3354612768030665e-27,0.07602033092473491,0.7370718134328683,1.0,1.0,6.0,3.0,6.0,3.0,1.0263003172889764,1.0
61.0,0.85,-0.12385256966381242,0.058305188815438114,0.055539805093147765,-0.00023056674826275037,-0.0002165979822937827,0.13537641763924274,-0.004257319825838879,2.3984768381437404e-10,0.2794954822448135,0.4032225086057841,1.0,1.0,6.0,3.0,0.30571723468835216,1.0,4.550703936319381e-27,0.07816293081518377,0.7578458612106631,1.0,1.0,6.0,3.0,6.0,3.0,1.0552261443755244,1.0
61.0,0.9,-0.12385256966381242,0.058305188815438114,0.055539805093147765,-0.00023056674826275037,-0.0002165979822937827,0.13537641763924274,-0.004257319825838879,1.3383186792349867e-9,0.3002507674432894,0.43316574095194216,1.0,1.0,6.0,3.0,0.32841974259682793,1.0,9.362499406917083e-27,0.08054814681510657,0.7809722467591922,1.0,1.0,6.0,3.0,6.0,3.0,1.0874273714386782,1.0
61.0,0.95,-0.12385256966381242,0.058305188815438114,0.055539805093147765,-0.00023056674826275037,-0.0002165979822937827,0.13537641763924274,-0.004257319825838879,1.1707346312116053e-8,0.32864718347892347,0.474132679012403,1.0,1.0,6.0,3.0,0.3594802581935345,1.0,1.9231395339001156e-26,0.08300062149979488,0.8047507536566575,1.0,1.0,6.0,3.0,6.0,3.0,1.1205366136166783,1.0
62.0,0.4,-0.03108153763120347,0.08752074543173388,0.08792757882770952,-0.00020128571868644612,0.00013757873615378806,0.18877204960389832,0.04825820667473857,4.416652427543854e-22,0.09874830187888026,0.13510390427997518,0.0,0.0,3.0,1.0,0.10896948066502861,1.0,2.7719440039934204e-31,0.05643054912137985,0.565163040198734,1.0,1.0,4.0,2.0,6.0,3.0,0.8400126006088885,1.0
62.0,0.45,-0.03108153763120347,0.08752074543173388,0.08792757882770952,-0.00020128571868644612,0.00013757873615378806,0.18877204960389832,0.04825820667473857,6.769379969575468e-21,0.11064291832360675,0.15137769421882832,0.0,0.0,3.0,1.0,0.12209527778791329,1.0,4.483872490343133e-31,0.057572772374148144,0.5766026305654994,1.0,1.0,4.0,2.0,6.0,3.0,0.857015481849155,1.0
62.0,0.5,-0.03108153763120347,0.08752074543173388,0.08792757882770952,-0.00020128571868644612,0.00013757873615378806,0.18877204960389832,0.04825820667473857,3.715742379086339e-20,0.11877799359720521,0.16250781403013126,0.0,0.0,3.0,1.0,0.13107239345337815,1.0,8.825726555467097e-31,0.059220380526267546,0.5931037500266111,1.0,1.0,4.0,2.0,6.0,3.0,0.8815414102725919,1.0
62.0,0.55,-0.03108153763120347,0.08752074543173388,0.08792757882770952,-0.00020128571868644612,0.00013757873615378806,0.18877204960389832,0.04825820667473857,2.811823213325687e-19,0.12922858397476983,0.17680593901228536,0.0,0.0,3.0,1.0,0.14260469714284257,1.0,1.1817433386523923e-30,0.059945058629485154,0.6003615436571313,1.0,1.0,4.0,2.0,6.0,3.0,0.8923288073042736,1.0
62.0,0.6,-0.03108153763120347,0.08752074543173388,0.08792757882770952,-0.00020128571868644612,0.00013757873615378806,0.18877204960389832,0.04825820667473857,2.388744928227489e-18,0.14127798512784578,0.1932914998679335,0.0,0.0,3.0,1.0,0.15590130033492341,1.0,1.6014814133270242e-30,0.06070903600393156,0.608012927212809,1.0,1.0,4.0,2.0,6.0,3.0,0.903701204544901,1.0
62.0,0.65,-0.03108153763120347,0.08752074543173388,0.08792757882770952,-0.00020128571868644612,0.00013757873615378806,0.18877204960389832,0.04825820667473857,8.663664174692053e-17,0.16407974992897284,0.22448806113016664,0.0,0.0,3.0,1.0,0.1810632162499186,1.0,2.648699532693445e-30,0.061995183973811326,0.6208939519081239,1.0,1.0,4.0,2.0,6.0,3.0,0.9228465171064127,1.0
62.0,0.7,-0.03108153763120347,0.08752074543173388,0.08792757882770952,-0.00020128571868644612,0.00013757873615378806,0.18877204960389832,0.04825820667473857,1.0489335929737153e-15,0.1820463258270095,0.24906928940631998,0.0,0.0,3.0,1.0,0.20088946548850528,1.0,4.08562376600177e-30,0.06312489803838207,0.6322082602965599,1.0,1.0,4.0,2.0,6.0,3.0,0.9396631893539805,1.0
62.0,0.75,-0.03108153763120347,0.08752074543173388,0.08792757882770952,-0.00020128571868644612,0.00013757873615378806,0.18877204960389832,0.04825820667473857,6.5050294055574715e-15,0.19642773298937022,0.268745417701246,0.0,0.0,5.0,2.0,0.2167594545404379,1.0,7.141590999556557e-30,0.06461098790043412,0.6470917423381627,1.0,1.0,4.0,2.0,6.0,3.0,0.9617847924430402,1.0
62.0,0.8,-0.03108153763120347,0.08752074543173388,0.08792757882770952,-0.00020128571868644612,0.00013757873615378806,0.18877204960389832,0.04825820667473857,6.278931406666744e-14,0.2158884081972263,0.2953708193585902,0.0,0.0,5.0,2.0,0.238234453405653,1.0,1.3291518569026356e-29,0.0663051404408479,0.6640590129957844,1.0,1.0,4.0,2.0,6.0,3.0,0.9870035702763034,1.0
62.0,0.85,-0.03108153763120347,0.08752074543173388,0.08792757882770952,-0.00020128571868644612,0.00013757873615378806,0.18877204960389832,0.04825820667473857,6.601736504691005e-13,0.23812400381088072,0.3257927681337714,0.0,0.0,5.0,2.0,0.26277159743947603,1.0,2.541346572925532e-29,0.06812020085383347,0.6822371997602055,1.0,1.0,4.0,2.0,6.0,3.0,1.014022155803351,1.0
62.0,0.9,-0.03108153763120347,0.08752074543173388,0.08792757882770952,-0.00020128571868644612,0.00013757873615378806,0.18877204960389832,0.04825820667473857,1.1319840884036788e-10,0.29504896701738315,0.40367547228017314,0.0,0.0,5.0,2.0,0.325588714893271,1.0,4.0212577738659746e-29,0.06943525006317552,0.6954076760489276,1.0,1.0,4.0,2.0,6.0,3.0,1.0335976857860918,1.0
62.0,0.95,-0.03108153763120347,0.08752074543173388,0.08792757882770952,-0.00020128571868644612,0.00013757873615378806,0.18877204960389832,0.04825820667473857,3.441031932652369e-8,0.3744088574374101,0.5122528435865428,1.0,1.0,6.0,3.0,0.4131629402739858,1.0,1.4175843757127383e-28,0.07317781914125088,0.7328902409229503,1.0,1.0,4.0,2.0,6.0,3.0,1.0893087365056278,1.0
63.0,0.4,-0.6376065218779485,1.214178901138486,0.09750520201177065,-0.0004994165415515903,0.00033094272755932955,0.16413096910913438,-0.14753170595146892,1.143803701804718e-20,0.14348812311952186,0.26365815344262067,0.0,0.0,2.0,0.0,0.10985034294523395,0.0,4.162130158945147e-25,0.1889883067755586,1.7222904763994493,0.0,1.0,6.0,3.0,6.0,3.0,1.066177897624215,1.0
63.0,0.45,-0.6376065218779485,1.214178901138486,0.09750520201177065,-0.0004994165415515903,0.00033094272755932955,0.16413096910913438,-0.14753170595146892,2.0646736647953578e-18,0.17817090457209567,0.3273874567134045,0.0,0.0,2.0,0.0,0.1364024739093157,0.0,5.968129931543604e-25,0.19184774972739516,1.748349185786186,0.0,1.0,6.0,3.0,6.0,3.0,1.0823094505587902,1.0
63.0,0.5,-0.6376065218779485,1.214178901138486,0.09750520201177065,-0.0004994165415515903,0.00033094272755932955,0.16413096910913438,-0.14753170595146892,2.6858976232920902e-17,0.19827290502601158,0.3643247042357474,0.0,0.0,2.0,0.0,0.15179198208420855,0.0,8.401246695647818e-25,0.19460071757166036,1.7734375649611085,0.0,1.0,6.0,3.0,6.0,3.0,1.097840323968389,1.0
63.0,0.55,-0.6376065218779485,1.214178901138486,0.09750520201177065,-0.0004994165415515903,0.00033094272755932955,0.16413096910913438,-0.14753170595146892,1.3272441232171155e-16,0.21192112930691856,0.3894031952874231,0.0,0.0,2.0,0.0,0.1622406665136665,0.0,1.1070029939222908e-24,0.19685040596125067,1.793939451846943,0.0,1.0,6.0,3.0,6.0,3.0,1.1105319453625715,1.0
63.0,0.6,-0.6376065218779485,1.214178901138486,0.09750520201177065,-0.0004994165415515903,0.00033094272755932955,0.16413096910913438,-0.14753170595146892,8.143146650731812e-15,0.25157509951376605,0.46226701379801355,0.0,0.0,3.0,0.0,0.1925985953210135,0.0,1.936007687978172e-24,0.20148895441333636,1.836211526557005,0.0,1.0,6.0,3.0,6.0,3.0,1.1367003254123806,1.0
63.0,0.65,-0.6376065218779485,1.214178901138486,0.09750520201177065,-0.0004994165415515903,0.00033094272755932955,0.16413096910913438,-0.14753170595146892,1.263966885676949e-13,0.2820267459396372,0.518221643988869,0.0,0.0,3.0,0.0,0.21591149209883645,0.0,3.0746751294390863e-24,0.20541007906083714,1.8719455661512425,0.0,1.0,6.0,3.0,6.0,3.0,1.1588213576832276,1.0
63.0,0.7,-0.6376065218779485,1.214178901138486,0.09750520201177065,-0.0004994165415515903,0.00033094272755932955,0.16413096910913438,-0.14753170595146892,7.315537603684603e-12,0.3339859797267428,0.6136962751762209,0.0,0.0,3.0,0.0,0.2556899735967841,0.0,5.328028629459251e-24,0.21016983722002497,1.9153222506001346,0.0,1.0,6.0,3.0,6.0,3.0,1.185673542529719,1.0
63.0,0.75,-0.6376065218779485,1.214178901138486,0.09750520201177065,-0.0004994165415515903,0.00033094272755932955,0.16413096910913438,-0.14753170595146892,1.8753537761706152e-11,0.3473466458355766,0.6382463806374531,0.0,0.0,3.0,0.0,0.26591851183482085,0.0,1.0355761165905212e-23,0.21607077651187856,1.9690987604677022,0.0,1.0,6.0,3.0,6.0,3.0,1.218963702939845,1.0
63.0,0.8,-0.6376065218779485,1.214178901138486,0.09750520201177065,-0.0004994165415515903,0.00033094272755932955,0.16413096910913438,-0.14753170595146892,1.3905377883027576e-10,0.37758719602551705,0.6938131233672826,0.0,0.0,3.0,0.0,0.28906979946055994,0.0,1.4985656816654635e-23,0.21942356790801135,1.999653458742084,0.0,1.0,6.0,3.0,6.0,3.0,1.237878482075608,1.0
63.0,0.85,-0.6376065218779485,1.214178901138486,0.09750520201177065,-0.0004994165415515903,0.00033094272755932955,0.16413096910913438,-0.14753170595146892,9.77254113278047e-9,0.45078378792936746,0.8283112117114086,0.0,0.0,3.0,0.0,0.3451069860112728,1.0,3.19176010963704e-23,0.22644602857377988,2.063650630481955,0.0,1.0,6.0,3.0,6.0,3.0,1.277495707482413,1.0
63.0,0.9,-0.6376065218779485,1.214178901138486,0.09750520201177065,-0.0004994165415515903,0.00033094272755932955,0.16413096910913438,-0.14753170595146892,1.2279218480858402e-6,0.5513576729050956,1.0131148332290094,0.0,0.0,5.0,2.0,0.42210343363164826,1.0,5.512094622238622e-23,0.23166031504800857,2.1111695277566302,0.0,1.0,6.0,3.0,6.0,3.0,1.3069121146959335,1.0
63.0,0.95,-0.6376065218779485,1.214178901138486,0.09750520201177065,-0.0004994165415515903,0.00033094272755932955,0.16413096910913438,-0.14753170595146892,7.573116846132876e-5,0.6546679597649401,1.2029465689358385,1.0,1.0,6.0,3.0,0.5011947911224092,1.0,1.234147555903173e-22,0.23957256181801195,2.183275508763607,0.0,1.0,6.0,3.0,6.0,3.0,1.3515490701280202,1.0
64.0,0.4,-0.11344739500659906,0.04941094233087784,0.04944745929295785,-0.0007736927259955066,-0.00027025184836205606,0.07871868215051359,-0.004850492140227702,1.9174397690814836e-19,0.11838936179454486,0.16411278449154126,0.0,0.0,5.0,2.0,0.11854409739797611,1.0,6.581254688043051e-28,0.0707521601350275,0.6995867797648685,1.0,1.0,6.0,3.0,6.0,3.0,0.9516142452331925,1.0
64.0,0.45,-0.11344739500659906,0.04941094233087784,0.04944745929295785,-0.0007736927259955066,-0.00027025184836205606,0.07871868215051359,-0.004850492140227702,2.9845464539663965e-18,0.13273512757830133,0.18399906086594636,0.0,0.0,5.0,2.0,0.13290861318335082,1.0,9.121876673699666e-28,0.0717211123011042,0.709167633894525,1.0,1.0,6.0,3.0,6.0,3.0,0.9646466202508374,1.0
64.0,0.5,-0.11344739500659906,0.04941094233087784,0.04944745929295785,-0.0007736927259955066,-0.00027025184836205606,0.07871868215051359,-0.004850492140227702,1.3531998074192382e-17,0.14136417215852048,0.19596074823460533,0.0,0.0,5.0,2.0,0.14154893597640866,1.0,1.2257248964757466e-27,0.07260946164598561,0.7179514993808332,1.0,1.0,6.0,3.0,6.0,3.0,0.9765948899534086,1.0
64.0,0.55,-0.11344739500659906,0.04941094233087784,0.04944745929295785,-0.0007736927259955066,-0.00027025184836205606,0.07871868215051359,-0.004850492140227702,4.753335631907012e-15,0.18047104953258367,0.2501711810078184,1.0,1.0,6.0,3.0,0.18070692627292595,1.0,2.2089897472333177e-27,0.07441347380352352,0.735789301838596,1.0,1.0,6.0,3.0,6.0,3.0,1.0008587946089074,1.0
64.0,0.6,-0.11344739500659906,0.04941094233087784,0.04944745929295785,-0.0007736927259955066,-0.00027025184836205606,0.07871868215051359,-0.004850492140227702,4.200922624827846e-14,0.19762352236607175,0.27394814909811294,1.0,1.0,6.0,3.0,0.19788181749092076,1.0,3.0486141122669897e-27,0.0754190591721489,0.7457323795972497,1.0,1.0,6.0,3.0,6.0,3.0,1.014383885005522,1.0
64.0,0.65,-0.11344739500659906,0.04941094233087784,0.04944745929295785,-0.0007736927259955066,-0.00027025184836205606,0.07871868215051359,-0.004850492140227702,1.930084491029001e-12,0.23179191703578347,0.321312796612504,1.0,1.0,6.0,3.0,0.23209487045667665,1.0,4.017651522895999e-27,0.07629141778326703,0.7543581310992189,1.0,1.0,6.0,3.0,6.0,3.0,1.0261170798607393,1.0
64.0,0.7,-0.11344739500659906,0.04941094233087784,0.04944745929295785,-0.0007736927259955066,-0.00027025184836205606,0.07871868215051359,-0.004850492140227702,2.3381640652569297e-11,0.2571791351477927,0.3565048695462726,1.0,1.0,6.0,3.0,0.2575152698144876,1.0,5.969295154573497e-27,0.07756044675552973,0.7669060998176193,1.0,1.0,6.0,3.0,6.0,3.0,1.043185478130334,1.0
64.0,0.75,-0.11344739500659906,0.04941094233087784,0.04944745929295785,-0.0007736927259955066,-0.00027025184836205606,0.07871868215051359,-0.004850492140227702,5.613037572152659e-11,0.2667365451983872,0.369753468509518,1.0,1.0,6.0,3.0,0.26708517145713895,1.0,1.0095032450595474e-26,0.07927714406061911,0.7838805460706594,1.0,1.0,6.0,3.0,6.0,3.0,1.066275000869411,1.0
64.0,0.8,-0.11344739500659906,0.04941094233087784,0.04944745929295785,-0.0007736927259955066,-0.00027025184836205606,0.07871868215051359,-0.004850492140227702,2.0416866765564022e-10,0.28148082780323624,0.3901921737861899,1.0,1.0,6.0,3.0,0.28184872492747326,1.0,1.7492860363973883e-26,0.08111404188059385,0.8020435170411674,1.0,1.0,6.0,3.0,6.0,3.0,1.0909812166116546,1.0
64.0,0.85,-0.11344739500659906,0.04941094233087784,0.04944745929295785,-0.0007736927259955066,-0.00027025184836205606,0.07871868215051359,-0.004850492140227702,2.5245644990961596e-9,0.31257701793033277,0.4332980937056883,1.0,1.0,6.0,3.0,0.3129855579609153,1.0,3.5351387682034374e-26,0.08352704376006845,0.8259029188065203,1.0,1.0,6.0,3.0,6.0,3.0,1.1234360131563847,1.0
64.0,0.9,-0.11344739500659906,0.04941094233087784,0.04944745929295785,-0.0007736927259955066,-0.00027025184836205606,0.07871868215051359,-0.004850492140227702,1.565729617161795e-7,0.371232342591901,0.5146068237263015,1.0,1.0,6.0,3.0,0.37171754548237557,1.0,9.125714099586136e-26,0.08689363404116403,0.8591912600959526,1.0,1.0,6.0,3.0,6.0,3.0,1.1687165425881378,1.0
64.0,0.95,-0.11344739500659906,0.04941094233087784,0.04944745929295785,-0.0007736927259955066,-0.00027025184836205606,0.07871868215051359,-0.004850492140227702,8.732973654448035e-6,0.43894930278257416,0.6084769039914549,1.0,1.0,6.0,3.0,0.43952301214473516,1.0,2.9288865362765033e-25,0.09121986970761792,0.9019684314589514,1.0,1.0,6.0,3.0,6.0,3.0,1.2269042711405447,1.0
65.0,0.4,0.03907884248088289,-0.02876338589461308,-0.0322451176013841,-0.0007408881924114858,-0.0012379045859225665,0.2298586756096704,-0.008470130907294982,6.717571645440265e-20,0.1343030716009875,0.16548706648807265,0.0,0.0,5.0,2.0,0.12470733481712142,1.0,1.2134260566015785e-26,0.08101970920808911,0.7743914497513973,0.0,1.0,6.0,3.0,6.0,3.0,1.0857915742305595,1.0
65.0,0.45,0.03907884248088289,-0.02876338589461308,-0.0322451176013841,-0.0007408881924114858,-0.0012379045859225665,0.2298586756096704,-0.008470130907294982,1.3304666704317854e-18,0.15209639922980492,0.18741184867847885,0.0,0.0,5.0,2.0,0.14122935802676304,1.0,2.15317526515086e-26,0.08297904511052545,0.7931189048961778,0.0,1.0,6.0,3.0,6.0,3.0,1.1120497580076554,1.0
65.0,0.5,0.03907884248088289,-0.02876338589461308,-0.0322451176013841,-0.0007408881924114858,-0.0012379045859225665,0.2298586756096704,-0.008470130907294982,3.321235472741708e-18,0.15800575984660656,0.19469331098337722,0.0,0.0,5.0,2.0,0.14671650440554457,1.0,4.4469628349570404e-26,0.08552493860104357,0.8174527141668498,0.0,1.0,6.0,3.0,6.0,3.0,1.146168736314442,1.0
65.0,0.55,0.03907884248088289,-0.02876338589461308,-0.0322451176013841,-0.0007408881924114858,-0.0012379045859225665,0.2298586756096704,-0.008470130907294982,2.9687142779538764e-17,0.1731048021687365,0.21329821845781036,0.0,0.0,5.0,2.0,0.16073674462669157,1.0,6.047163385580724e-26,0.0866273002013592,0.8279891553138575,1.0,1.0,6.0,3.0,6.0,3.0,1.160942116138651,1.0
65.0,0.6,0.03907884248088289,-0.02876338589461308,-0.0322451176013841,-0.0007408881924114858,-0.0012379045859225665,0.2298586756096704,-0.008470130907294982,4.1310961570976586e-16,0.1931767344413904,0.2380306772984937,0.0,0.0,5.0,2.0,0.17937456987159112,1.0,1.0159715725544536e-25,0.08852043173670503,0.846083824975794,1.0,1.0,6.0,3.0,6.0,3.0,1.1863130572353313,1.0
65.0,0.65,0.03907884248088289,-0.02876338589461308,-0.0322451176013841,-0.0007408881924114858,-0.0012379045859225665,0.2298586756096704,-0.008470130907294982,1.4500414698390363e-14,0.22404896922652295,0.2760711741361331,0.0,0.0,5.0,2.0,0.20804103351987296,1.0,1.5174044374166542e-25,0.09001247047690918,0.860344824606691,1.0,1.0,6.0,3.0,6.0,3.0,1.2063087238252763,1.0
65.0,0.7,0.03907884248088289,-0.02876338589461308,-0.0322451176013841,-0.0007408881924114858,-0.0012379045859225665,0.2298586756096704,-0.008470130907294982,3.8502329508934975e-13,0.2568506827756976,0.31648915777810266,0.0,0.0,5.0,2.0,0.23849911780185717,1.0,1.9306386487680553e-25,0.09092032931453084,0.8690221961784627,1.0,1.0,6.0,3.0,6.0,3.0,1.2184754606121078,1.0
65.0,0.75,0.03907884248088289,-0.02876338589461308,-0.0322451176013841,-0.0007408881924114858,-0.0012379045859225665,0.2298586756096704,-0.008470130907294982,1.5538133984141104e-11,0.29963581213079044,0.3692086187843465,0.0,0.0,5.0,2.0,0.2782273190118151,1.0,2.7420273548862454e-25,0.09225922091381937,0.8818194058545681,1.0,1.0,6.0,3.0,6.0,3.0,1.2364187145625962,1.0
65.0,0.8,0.03907884248088289,-0.02876338589461308,-0.0322451176013841,-0.0007408881924114858,-0.0012379045859225665,0.2298586756096704,-0.008470130907294982,1.8870859889464054e-10,0.33248859519882135,0.40968952983938073,0.0,0.0,5.0,2.0,0.3087328239783081,1.0,4.7685861747768955e-25,0.0944110932642005,0.9023871364151858,1.0,1.0,6.0,3.0,6.0,3.0,1.2652571896657658,1.0
65.0,0.85,0.03907884248088289,-0.02876338589461308,-0.0322451176013841,-0.0007408881924114858,-0.0012379045859225665,0.2298586756096704,-0.008470130907294982,1.5350595800125918e-9,0.36283344928092826,0.44708019280184697,0.0,0.0,5.0,2.0,0.3369095874200027,1.0,7.916711346749081e-25,0.09642644573146636,0.9216500013913815,1.0,1.0,6.0,3.0,6.0,3.0,1.29226608354419,1.0
65.0,0.9,0.03907884248088289,-0.02876338589461308,-0.0322451176013841,-0.0007408881924114858,-0.0012379045859225665,0.2298586756096704,-0.008470130907294982,1.836359088531965e-8,0.4023620383722687,0.4957869734670947,0.0,0.0,5.0,2.0,0.3736139228897654,1.0,1.6120808037547655e-24,0.09932637264456408,0.949367684265793,1.0,1.0,6.0,3.0,6.0,3.0,1.3311296667254,1.0
65.0,0.95,0.03907884248088289,-0.02876338589461308,-0.0322451176013841,-0.0007408881924114858,-0.0012379045859225665,0.2298586756096704,-0.008470130907294982,0.0007921358540803353,0.6276758492954119,0.7734166744444259,1.0,1.0,6.0,3.0,0.5828294272171245,1.0,3.321569992191993e-24,0.10236372952108917,0.9783989313291902,1.0,1.0,6.0,3.0,6.0,3.0,1.371835027639394,1.0
66.0,0.4,-0.6733453456839584,0.08688939333232976,0.08514858638045869,-0.0001243563733923211,-7.272993137464517e-5,0.164370035754567,-0.167682390974347,3.873681550583032e-19,0.14395150992145694,0.1978569516879659,0.0,0.0,4.0,1.0,0.15942114882423714,0.0,1.1408593136714465e-27,0.08070443504559272,0.9164179782549513,0.0,0.0,4.0,2.0,6.0,3.0,1.3535756263745278,1.0
66.0,0.45,-0.6733453456839584,0.08688939333232976,0.08514858638045869,-0.0001243563733923211,-7.272993137464517e-5,0.164370035754567,-0.167682390974347,3.4221072935879905e-18,0.15763039446873117,0.21665816051510514,0.0,0.0,4.0,1.0,0.1745700242361756,0.0,1.835633897459001e-27,0.08231970726412008,0.9347597769429418,0.0,0.0,4.0,2.0,6.0,3.0,1.3806669888718108,1.0
66.0,0.5,-0.6733453456839584,0.08688939333232976,0.08514858638045869,-0.0001243563733923211,-7.272993137464517e-5,0.164370035754567,-0.167682390974347,3.620976534850796e-17,0.17391169961005176,0.2390363169270868,0.0,0.0,4.0,1.0,0.19260098738066425,0.0,3.0099737112534174e-27,0.08403357574524048,0.9542211595494356,0.0,0.0,4.0,2.0,6.0,3.0,1.409412008913714,1.0
66.0,0.55,-0.6733453456839584,0.08688939333232976,0.08514858638045869,-0.0001243563733923211,-7.272993137464517e-5,0.164370035754567,-0.167682390974347,2.7498298160856094e-16,0.18924110291395801,0.26010611335062694,0.0,0.0,4.0,1.0,0.20957775328490655,0.0,4.6399521684731144e-27,0.08556263035873364,0.9715839369079191,0.0,1.0,4.0,2.0,6.0,3.0,1.4350573288400683,1.0
66.0,0.6,-0.6733453456839584,0.08688939333232976,0.08514858638045869,-0.0001243563733923211,-7.272993137464517e-5,0.164370035754567,-0.167682390974347,1.0632192857984368e-14,0.22037061315371384,0.3028926739566116,0.0,0.0,4.0,1.0,0.24405257253109222,0.0,9.744192143264462e-27,0.08824913850424067,1.0020898733150094,0.0,1.0,5.0,2.0,6.0,3.0,1.4801154714782108,1.0
66.0,0.65,-0.6733453456839584,0.08688939333232976,0.08514858638045869,-0.0001243563733923211,-7.272993137464517e-5,0.164370035754567,-0.167682390974347,9.875180927640929e-14,0.24181529806371693,0.33236773808422787,0.0,0.0,4.0,1.0,0.2678017941015489,0.0,1.7892142264024212e-26,0.09051217382489687,1.027787175478189,0.0,1.0,6.0,3.0,6.0,3.0,1.5180711234809088,1.0
66.0,0.7,-0.6733453456839584,0.08688939333232976,0.08514858638045869,-0.0001243563733923211,-7.272993137464517e-5,0.164370035754567,-0.167682390974347,1.6025617520796938e-12,0.2715886879552859,0.3732903527103428,0.0,0.0,4.0,1.0,0.30077475856364905,0.0,3.0696234293129036e-26,0.09257092649294438,1.0511647997278757,1.0,1.0,6.0,3.0,6.0,3.0,1.552600544703279,1.0
66.0,0.75,-0.6733453456839584,0.08688939333232976,0.08514858638045869,-0.0001243563733923211,-7.272993137464517e-5,0.164370035754567,-0.167682390974347,1.1007377309809005e-10,0.3239275518006541,0.44522852175703276,0.0,0.0,4.0,1.0,0.35873817837728317,1.0,4.133072714934602e-26,0.09372542996385101,1.0642744601337613,1.0,1.0,6.0,3.0,6.0,3.0,1.571963888959404,1.0
66.0,0.8,-0.6733453456839584,0.08688939333232976,0.08514858638045869,-0.0001243563733923211,-7.272993137464517e-5,0.164370035754567,-0.167682390974347,2.8352238112611926e-9,0.37088181044441954,0.5097657154904831,0.0,0.0,4.0,1.0,0.4107383405100994,1.0,5.844382566171501e-26,0.09508824699732431,1.0797495703906073,1.0,1.0,6.0,3.0,6.0,3.0,1.5948210704597199,1.0
66.0,0.85,-0.6733453456839584,0.08688939333232976,0.08514858638045869,-0.0001243563733923211,-7.272993137464517e-5,0.164370035754567,-0.167682390974347,2.1744144845391433e-8,0.403738648879765,0.5549264359196646,0.0,0.0,5.0,2.0,0.44712611395515145,1.0,9.965420640000597e-26,0.09722621579478552,1.1040267125555294,1.0,1.0,6.0,3.0,6.0,3.0,1.6306791054308811,1.0
66.0,0.9,-0.6733453456839584,0.08688939333232976,0.08514858638045869,-0.0001243563733923211,-7.272993137464517e-5,0.164370035754567,-0.167682390974347,8.62428210480447e-7,0.47065157665039403,0.646896210494709,0.0,0.0,5.0,2.0,0.521229788325828,1.0,1.3711954285673394e-25,0.09852774374465453,1.1188058707490962,1.0,1.0,6.0,3.0,6.0,3.0,1.652508345781709,1.0
66.0,0.95,-0.6733453456839584,0.08688939333232976,0.08514858638045869,-0.0001243563733923211,-7.272993137464517e-5,0.164370035754567,-0.167682390974347,0.0002484758368599333,0.595910770415022,0.819061144802685,0.0,0.0,5.0,2.0,0.6599498655355095,1.0,4.253032625111592e-25,0.10328609170746396,1.172838039085916,1.0,1.0,6.0,3.0,6.0,3.0,1.7323154074460276,1.0
67.0,0.4,-0.6576223953012956,0.030217508885328925,0.02941876583960129,-7.394662441750017e-5,0.00021066223623708005,0.10336366758937271,-0.19959462120736426,2.8903398665749854e-21,0.10799176326662552,0.14697420520530596,0.0,0.0,4.0,1.0,0.10982357301630108,0.0,1.8268306310100748e-28,0.06763030261644581,0.6664601893695684,0.0,1.0,6.0,3.0,6.0,3.0,1.0344738754360134,1.0
67.0,0.45,-0.6576223953012956,0.030217508885328925,0.02941876583960129,-7.394662441750017e-5,0.00021066223623708005,0.10336366758937271,-0.19959462120736426,4.3029895508995886e-19,0.13302242366225478,0.18104033493715077,0.0,0.0,4.0,1.0,0.13527881586494878,0.0,3.2738239937323373e-28,0.06929435778970847,0.6828585564178972,0.0,1.0,6.0,3.0,6.0,3.0,1.0599272822289285,1.0
67.0,0.5,-0.6576223953012956,0.030217508885328925,0.02941876583960129,-7.394662441750017e-5,0.00021066223623708005,0.10336366758937271,-0.19959462120736426,1.0157575506792531e-17,0.15175185669011085,0.20653064503069732,0.0,0.0,4.0,1.0,0.15432594680779874,0.0,5.137010705340922e-28,0.07060739222369024,0.6957978032298353,0.0,1.0,6.0,3.0,6.0,3.0,1.0800114718148517,1.0
67.0,0.55,-0.6576223953012956,0.030217508885328925,0.02941876583960129,-7.394662441750017e-5,0.00021066223623708005,0.10336366758937271,-0.19959462120736426,3.1570891590370666e-17,0.15909433398299913,0.21652358089651783,0.0,0.0,4.0,1.0,0.16179297083541042,0.0,8.429605089285344e-28,0.0720796280202647,0.7103058936837006,0.0,1.0,6.0,3.0,6.0,3.0,1.1025308072475997,1.0
67.0,0.6,-0.6576223953012956,0.030217508885328925,0.02941876583960129,-7.394662441750017e-5,0.00021066223623708005,0.10336366758937271,-0.19959462120736426,7.833927615453247e-16,0.1818724465690341,0.24752404697043456,0.0,0.0,4.0,1.0,0.18495745704339742,0.0,1.437178984856987e-27,0.07369989253438551,0.7262727273829949,1.0,1.0,6.0,3.0,6.0,3.0,1.1273143916218986,1.0
67.0,0.65,-0.6576223953012956,0.030217508885328925,0.02941876583960129,-7.394662441750017e-5,0.00021066223623708005,0.10336366758937271,-0.19959462120736426,4.6286220823077316e-15,0.19584459161618148,0.2665398019798945,0.0,0.0,4.0,1.0,0.1991666045317223,0.0,2.7258666152136773e-27,0.07569199067629317,0.7459037811197808,1.0,1.0,6.0,3.0,6.0,3.0,1.1577855473816971,1.0
67.0,0.7,-0.6576223953012956,0.030217508885328925,0.02941876583960129,-7.394662441750017e-5,0.00021066223623708005,0.10336366758937271,-0.19959462120736426,4.587534427274565e-13,0.23718300474268492,0.3228003928799237,0.0,0.0,4.0,1.0,0.24120622028619174,0.0,3.482426510885806e-27,0.07646845527669535,0.7535554213550407,1.0,1.0,6.0,3.0,6.0,3.0,1.1696623587109671,1.0
67.0,0.75,-0.6576223953012956,0.030217508885328925,0.02941876583960129,-7.394662441750017e-5,0.00021066223623708005,0.10336366758937271,-0.19959462120736426,5.7055558389327336e-12,0.2634491748079327,0.3585480217022807,0.0,0.0,5.0,2.0,0.267917930131111,0.0,5.604591147010452e-27,0.07799975397599143,0.7686455448888969,1.0,1.0,6.0,3.0,6.0,3.0,1.1930851209732456,1.0
67.0,0.8,-0.6576223953012956,0.030217508885328925,0.02941876583960129,-7.394662441750017e-5,0.00021066223623708005,0.10336366758937271,-0.19959462120736426,5.215611109843819e-11,0.2888941921473016,0.39317808131762133,0.0,0.0,5.0,2.0,0.2937945584511049,0.0,7.656776267730355e-27,0.07902038665239226,0.7787033299419754,1.0,1.0,6.0,3.0,6.0,3.0,1.208696729960727,1.0
67.0,0.85,-0.6576223953012956,0.030217508885328925,0.02941876583960129,-7.394662441750017e-5,0.00021066223623708005,0.10336366758937271,-0.19959462120736426,2.043813283849418e-9,0.3366041594677842,0.45811020498326127,0.0,0.0,5.0,2.0,0.34231380585601934,0.0,1.2057814956347078e-26,0.08052982607432915,0.793578042076434,1.0,1.0,6.0,3.0,6.0,3.0,1.2317851324687357,1.0
67.0,0.9,-0.6576223953012956,0.030217508885328925,0.02941876583960129,-7.394662441750017e-5,0.00021066223623708005,0.10336366758937271,-0.19959462120736426,1.3886762918886534e-6,0.44169871601219196,0.6011413811793815,0.0,0.0,5.0,2.0,0.44919102829542296,1.0,2.0943917528031305e-26,0.08240394093143129,0.8120464341173249,1.0,1.0,6.0,3.0,6.0,3.0,1.2604516145667655,1.0
67.0,0.95,-0.6576223953012956,0.030217508885328925,0.02941876583960129,-7.394662441750017e-5,0.00021066223623708005,0.10336366758937271,-0.19959462120736426,0.00010525543765833795,0.5289865341597859,0.7199380125916651,1.0,1.0,6.0,3.0,0.5379594656261291,1.0,4.4982962145565486e-26,0.08507087588022212,0.8383276409468688,1.0,1.0,6.0,3.0,6.0,3.0,1.3012450817741779,1.0
68.0,0.4,0.05405753292478066,0.11307690325294484,0.11174708046490256,-0.00012314636241137796,0.0001291587148730979,0.07120552686970738,0.09251756461819532,5.04315442203199e-23,0.09967142988214583,0.13813206243579204,0.0,0.0,3.0,1.0,0.11825594091423416,0.0,8.786067842540491e-29,0.0714961307130444,0.7990645591328037,1.0,1.0,4.0,2.0,6.0,3.0,1.2133041898288845,1.0
68.0,0.45,0.05405753292478066,0.11307690325294484,0.11174708046490256,-0.00012314636241137796,0.0001291587148730979,0.07120552686970738,0.09251756461819532,6.126275797674094e-21,0.12173756673553268,0.16871295203628087,0.0,0.0,3.0,1.0,0.14443648010209378,0.0,1.2515494272822005e-28,0.07255791026582284,0.810931360899215,1.0,1.0,4.0,2.0,6.0,3.0,1.2313228093990995,1.0
68.0,0.5,0.05405753292478066,0.11307690325294484,0.11174708046490256,-0.00012314636241137796,0.0001291587148730979,0.07120552686970738,0.09251756461819532,8.998592532892115e-20,0.13615973641905132,0.18870026480523555,0.0,0.0,3.0,1.0,0.16154777516393726,0.0,2.065225952106026e-28,0.0740880358750486,0.8280325541128879,1.0,1.0,4.0,2.0,6.0,3.0,1.2572893588350313,1.0
68.0,0.55,0.05405753292478066,0.11307690325294484,0.11174708046490256,-0.00012314636241137796,0.0001291587148730979,0.07120552686970738,0.09251756461819532,4.9573649422689315e-18,0.1609138952817924,0.22300641473823823,0.0,0.0,4.0,2.0,0.19091753890982927,1.0,3.5703193397116274e-28,0.07579732753163518,0.847136166719305,1.0,1.0,4.0,2.0,6.0,3.0,1.2862963933121803,1.0
68.0,0.6,0.05405753292478066,0.11307690325294484,0.11174708046490256,-0.00012314636241137796,0.0001291587148730979,0.07120552686970738,0.09251756461819532,7.892515814781816e-17,0.18058239353873065,0.250264478884184,1.0,1.0,6.0,3.0,0.2142533811917594,1.0,5.770090823518576e-28,0.07732864073086754,0.8642506328342607,1.0,1.0,4.0,2.0,6.0,3.0,1.3122830963972176,1.0
68.0,0.65,0.05405753292478066,0.11307690325294484,0.11174708046490256,-0.00012314636241137796,0.0001291587148730979,0.07120552686970738,0.09251756461819532,1.184509773991703e-15,0.2021570405969371,0.28016422546149466,1.0,1.0,6.0,3.0,0.2398507885007293,1.0,1.0666865953644288e-27,0.0793339906750551,0.8866630914257699,1.0,1.0,4.0,2.0,6.0,3.0,1.3463143015140562,1.0
68.0,0.7,0.05405753292478066,0.11307690325294484,0.11174708046490256,-0.00012314636241137796,0.0001291587148730979,0.07120552686970738,0.09251756461819532,1.0187930465517021e-13,0.24338567301430916,0.3373019231342649,1.0,1.0,6.0,3.0,0.28876681915152247,1.0,1.6103619972818528e-27,0.08070731741738785,0.9020118483020237,1.0,1.0,4.0,2.0,6.0,3.0,1.3696199416075605,1.0
68.0,0.75,0.05405753292478066,0.11307690325294484,0.11174708046490256,-0.00012314636241137796,0.0001291587148730979,0.07120552686970738,0.09251756461819532,4.4418218575685467e-13,0.25878542225767026,0.3586440381866399,1.0,1.0,6.0,3.0,0.3070379710630608,1.0,2.9972903829045457e-27,0.08282373283271552,0.9256656115745885,1.0,1.0,4.0,2.0,6.0,3.0,1.4055359508408682,1.0
68.0,0.8,0.05405753292478066,0.11307690325294484,0.11174708046490256,-0.00012314636241137796,0.0001291587148730979,0.07120552686970738,0.09251756461819532,1.0570617727721281e-11,0.2953218698663603,0.4092789580250846,1.0,1.0,6.0,3.0,0.3503869226607064,1.0,7.076558974759998e-27,0.08584210419355003,0.9593999347706864,1.0,1.0,4.0,2.0,6.0,3.0,1.4567583398294226,1.0
68.0,0.85,0.05405753292478066,0.11307690325294484,0.11174708046490256,-0.00012314636241137796,0.0001291587148730979,0.07120552686970738,0.09251756461819532,8.187402143964185e-11,0.32161713780902,0.4457208912602774,1.0,1.0,6.0,3.0,0.3815851472254384,1.0,1.1718819111878831e-26,0.08766534097875914,0.979777036068869,1.0,1.0,4.0,2.0,6.0,3.0,1.4876990468086984,1.0
68.0,0.9,0.05405753292478066,0.11307690325294484,0.11174708046490256,-0.00012314636241137796,0.0001291587148730979,0.07120552686970738,0.09251756461819532,1.160238346955636e-8,0.39534922780486026,0.5479042919686808,1.0,1.0,6.0,3.0,0.46906515717754765,1.0,2.0192817098825863e-26,0.08967560263589733,1.0022443895995075,1.0,1.0,4.0,2.0,6.0,3.0,1.521813604714601,1.0
68.0,0.95,0.05405753292478066,0.11307690325294484,0.11174708046490256,-0.00012314636241137796,0.0001291587148730979,0.07120552686970738,0.09251756461819532,6.236607702001397e-6,0.5137450045714613,0.7119859435291725,1.0,1.0,6.0,3.0,0.6095367446561379,1.0,1.0070087824075102e-25,0.09588503217922412,1.0716430414009452,1.0,1.0,4.0,2.0,6.0,3.0,1.6271889139268385,1.0
69.0,0.4,-0.226321575528031,1.2468456860237538,0.03850924549245299,-0.00014977958482487427,0.0004334774913815493,0.09599671285066841,-0.049767361514374886,9.696329279312399e-22,0.1231148047267025,0.24810586547841804,0.0,0.0,3.0,0.0,0.08584166551297498,0.0,2.66472727403926e-27,0.15769387345918057,1.4232586266011904,1.0,1.0,6.0,3.0,6.0,3.0,0.7361304084697845,1.0
69.0,0.45,-0.226321575528031,1.2468456860237538,0.03850924549245299,-0.00014977958482487427,0.0004334774913815493,0.09599671285066841,-0.049767361514374886,7.73165296243944e-20,0.14775640711220303,0.2977646055479107,0.0,0.0,3.0,0.0,0.10302299633972223,1.0,4.462915431460573e-27,0.16111899084270806,1.4541718622031372,1.0,1.0,6.0,3.0,6.0,3.0,0.7521191910602875,1.0
69.0,0.5,-0.226321575528031,1.2468456860237538,0.03850924549245299,-0.00014977958482487427,0.0004334774913815493,0.09599671285066841,-0.049767361514374886,2.0598714896524978e-18,0.16941231590101197,0.3414064567834006,0.0,0.0,3.0,0.0,0.11812255550935345,1.0,7.241319827785431e-27,0.16440121684071274,1.4837954383360685,1.0,1.0,6.0,3.0,6.0,3.0,0.7674409427022543,1.0
69.0,0.55,-0.226321575528031,1.2468456860237538,0.03850924549245299,-0.00014977958482487427,0.0004334774913815493,0.09599671285066841,-0.049767361514374886,1.553491516401439e-17,0.1842918703690527,0.3713923284860082,0.0,0.0,3.0,0.0,0.12849730889878563,1.0,1.3118066684491814e-26,0.1685222305345755,1.5209894533061552,1.0,1.0,6.0,3.0,6.0,3.0,0.7866782372605494,1.0
69.0,0.6,-0.226321575528031,1.2468456860237538,0.03850924549245299,-0.00014977958482487427,0.0004334774913815493,0.09599671285066841,-0.049767361514374886,3.4181546189325748e-16,0.2096249450547998,0.4224445511174711,0.0,0.0,3.0,0.0,0.1461607680450394,1.0,1.8992173370826406e-26,0.17114067217866505,1.544622075020955,1.0,1.0,6.0,3.0,6.0,3.0,0.7989013786847273,1.0
69.0,0.65,-0.226321575528031,1.2468456860237538,0.03850924549245299,-0.00014977958482487427,0.0004334774913815493,0.09599671285066841,-0.049767361514374886,3.1419316651880197e-15,0.22992428153580455,0.4633525837252258,0.0,0.0,3.0,0.0,0.16031445862844168,1.0,3.0531511968701445e-26,0.17455962568798797,1.5754796788666225,1.0,1.0,6.0,3.0,6.0,3.0,0.8148613877082138,1.0
69.0,0.7,-0.226321575528031,1.2468456860237538,0.03850924549245299,-0.00014977958482487427,0.0004334774913815493,0.09599671285066841,-0.049767361514374886,1.630596045239462e-13,0.2710499969998097,0.5462307660142411,0.0,0.0,5.0,2.0,0.1889893196143295,1.0,3.713445119543893e-26,0.17598946230283424,1.5883846018802423,1.0,1.0,6.0,3.0,6.0,3.0,0.8215360047256235,1.0
69.0,0.75,-0.226321575528031,1.2468456860237538,0.03850924549245299,-0.00014977958482487427,0.0004334774913815493,0.09599671285066841,-0.049767361514374886,4.471097966475396e-13,0.2826846534246193,0.5696773897426327,0.0,0.0,5.0,2.0,0.19710157132438128,1.0,6.547853598010249e-26,0.1801980466922086,1.6263689820375768,1.0,1.0,6.0,3.0,6.0,3.0,0.8411820878464843,1.0
69.0,0.8,-0.226321575528031,1.2468456860237538,0.03850924549245299,-0.00014977958482487427,0.0004334774913815493,0.09599671285066841,-0.049767361514374886,3.1667878596366045e-12,0.30670964354307567,0.6180935081751971,0.0,0.0,5.0,2.0,0.21385296990945946,1.0,1.533928766219637e-25,0.18670437952694702,1.6850915825511414,1.0,1.0,6.0,3.0,6.0,3.0,0.8715542852071902,1.0
69.0,0.85,-0.226321575528031,1.2468456860237538,0.03850924549245299,-0.00014977958482487427,0.0004334774913815493,0.09599671285066841,-0.049767361514374886,7.829869480936182e-11,0.35056999778975134,0.7064826436225385,0.0,0.0,5.0,2.0,0.24443455485272927,1.0,3.0943683388692903e-25,0.19224414540390622,1.735090478518232,1.0,1.0,6.0,3.0,6.0,3.0,0.8974144535725044,1.0
69.0,0.9,-0.226321575528031,1.2468456860237538,0.03850924549245299,-0.00014977958482487427,0.0004334774913815493,0.09599671285066841,-0.049767361514374886,5.772948651758223e-9,0.41936599435827593,0.84512308014822,0.0,0.0,5.0,2.0,0.2924024896529069,1.0,5.562532882625017e-25,0.19699973726823425,1.7780118488735064,1.0,1.0,6.0,3.0,6.0,3.0,0.9196140210307134,1.0
69.0,0.95,-0.226321575528031,1.2468456860237538,0.03850924549245299,-0.00014977958482487427,0.0004334774913815493,0.09599671285066841,-0.049767361514374886,1.4318609400264202e-7,0.47939942544462255,0.9661048451794932,1.0,1.0,6.0,3.0,0.33426073507148313,1.0,1.9509456286818864e-24,0.20757394418159988,1.8734488552630366,1.0,1.0,6.0,3.0,6.0,3.0,0.9689754520338952,1.0
70.0,0.4,0.22286954723381436,0.18994749277986767,0.18993870646622085,-0.0002429166137088037,0.0003319822746503928,0.26083254682741136,0.20091598672208544,5.507021645563863e-23,0.09188427282117413,0.12448498247922976,0.0,0.0,2.0,0.0,0.09940927814632995,0.0,2.0289058927839527e-28,0.06887152336521508,0.6969228684935986,0.0,0.0,4.0,2.0,6.0,3.0,1.0366632165974279,1.0
70.0,0.45,0.22286954723381436,0.18994749277986767,0.18993870646622085,-0.0002429166137088037,0.0003319822746503928,0.26083254682741136,0.20091598672208544,4.528498871884998e-22,0.10031543121019805,0.13590753143251913,0.0,0.0,2.0,0.0,0.10853091935495583,0.0,3.7743162756959684e-28,0.07067601246346865,0.7151828060856783,0.0,0.0,4.0,2.0,6.0,3.0,1.0638246235404802,1.0
70.0,0.5,0.22286954723381436,0.18994749277986767,0.18993870646622085,-0.0002429166137088037,0.0003319822746503928,0.26083254682741136,0.20091598672208544,6.81011983981731e-21,0.11230982868027506,0.1521575632722158,0.0,0.0,2.0,0.0,0.1215076166470059,0.0,6.338827347203546e-28,0.0722194452956444,0.7308010701252743,0.0,0.0,4.0,2.0,6.0,3.0,1.0870565772744014,1.0
70.0,0.55,0.22286954723381436,0.18994749277986767,0.18993870646622085,-0.0002429166137088037,0.0003319822746503928,0.26083254682741136,0.20091598672208544,1.0441515155130696e-19,0.12583983208981642,0.17048803687414144,0.0,0.0,2.0,0.0,0.13614568071350347,0.0,9.797280447826092e-28,0.07354161689282719,0.7441803534215515,0.0,0.0,4.0,2.0,6.0,3.0,1.1069580778345236,1.0
70.0,0.6,0.22286954723381436,0.18994749277986767,0.18993870646622085,-0.0002429166137088037,0.0003319822746503928,0.26083254682741136,0.20091598672208544,8.616454681781525e-19,0.13740683681067725,0.18615903622803434,0.0,0.0,2.0,0.0,0.1486599832629055,0.0,1.344145108598317e-27,0.07451705791694083,0.7540510100203128,0.0,1.0,4.0,2.0,6.0,3.0,1.1216405442625779,1.0
70.0,0.65,0.22286954723381436,0.18994749277986767,0.18993870646622085,-0.0002429166137088037,0.0003319822746503928,0.26083254682741136,0.20091598672208544,1.1571064728602675e-17,0.15311234398525966,0.20743688634782936,0.0,0.0,2.0,0.0,0.16565171735635367,0.0,2.741693550509909e-27,0.07676346403430795,0.7767827824368322,0.0,1.0,4.0,2.0,6.0,3.0,1.1554537442271675,1.0
70.0,0.7,0.22286954723381436,0.18994749277986767,0.18993870646622085,-0.0002429166137088037,0.0003319822746503928,0.26083254682741136,0.20091598672208544,6.021587379887121e-17,0.16400519618196316,0.2221945426171948,0.0,0.0,2.0,0.0,0.17743665661289448,0.0,6.485903640803733e-27,0.07956753070961085,0.8051576185855331,0.0,1.0,4.0,2.0,6.0,3.0,1.1976609241636191,1.0
70.0,0.75,0.22286954723381436,0.18994749277986767,0.18993870646622085,-0.0002429166137088037,0.0003319822746503928,0.26083254682741136,0.20091598672208544,1.378486181441309e-14,0.20567337942816719,0.2786466742179982,0.0,0.0,3.0,1.0,0.22251732048489067,0.0,1.5055295353592637e-26,0.08240890873943212,0.8339100147902305,0.0,1.0,4.0,2.0,6.0,3.0,1.24042971950947,1.0
70.0,0.8,0.22286954723381436,0.18994749277986767,0.18993870646622085,-0.0002429166137088037,0.0003319822746503928,0.26083254682741136,0.20091598672208544,5.465892534781524e-13,0.23975749661992898,0.32482389912452986,0.0,0.0,3.0,1.0,0.25939280942609655,0.0,3.658618941423435e-26,0.08551493941011111,0.8653404768864413,1.0,1.0,4.0,2.0,6.0,3.0,1.2871821011700524,1.0
70.0,0.85,0.22286954723381436,0.18994749277986767,0.18993870646622085,-0.0002429166137088037,0.0003319822746503928,0.26083254682741136,0.20091598672208544,8.754619727821557e-12,0.2691304702696756,0.36461845806137744,0.0,0.0,3.0,1.0,0.2911713284030634,0.0,5.691815528638341e-26,0.08710422625024092,0.8814227455711182,1.0,1.0,4.0,2.0,6.0,3.0,1.3111042554550425,1.0
70.0,0.9,0.22286954723381436,0.18994749277986767,0.18993870646622085,-0.0002429166137088037,0.0003319822746503928,0.26083254682741136,0.20091598672208544,7.105791792642475e-10,0.32323633203903435,0.4379211794910901,0.0,0.0,3.0,1.0,0.349708273810957,0.0,1.406943221958816e-25,0.09045140149321224,0.9152933913431343,1.0,1.0,4.0,2.0,6.0,3.0,1.3614863768943146,1.0
70.0,0.95,0.22286954723381436,0.18994749277986767,0.18993870646622085,-0.0002429166137088037,0.0003319822746503928,0.26083254682741136,0.20091598672208544,0.00016038769205059577,0.5402379763514465,0.7319154078915092,1.0,1.0,6.0,3.0,0.5844816050386753,1.0,4.874540177407062e-25,0.09525790199543573,0.963931202062991,1.0,1.0,4.0,2.0,6.0,3.0,1.4338344538315642,1.0
71.0,0.4,-0.6179973232103031,0.08061387562354527,0.08109105267904942,8.144905372486682e-6,0.00016566946590466645,0.12359322260074063,-0.15193807261740133,2.1034064159167226e-18,0.13894630150973006,0.18620193321621936,0.0,0.0,2.0,0.0,0.13710913472490596,0.0,1.1081535253637578e-27,0.07542034923019161,0.7934279249649366,0.0,1.0,6.0,3.0,6.0,3.0,1.2123411616524538,1.0
71.0,0.45,-0.6179973232103031,0.08061387562354527,0.08109105267904942,8.144905372486682e-6,0.00016566946590466645,0.12359322260074063,-0.15193807261740133,1.8998230704908518e-17,0.15229006531931627,0.2040839105753042,0.0,0.0,2.0,0.0,0.15027646548525553,0.0,1.9244565094436026e-27,0.0771749540206666,0.8118865034818712,0.0,1.0,6.0,3.0,6.0,3.0,1.240545480932825,1.0
71.0,0.5,-0.6179973232103031,0.08061387562354527,0.08109105267904942,8.144905372486682e-6,0.00016566946590466645,0.12359322260074063,-0.15193807261740133,4.1134810092490334e-16,0.17310804582570458,0.2319820854373074,0.0,0.0,4.0,1.0,0.17081918783868913,0.0,4.204632046877637e-27,0.07972946961456605,0.8387602057074086,0.0,1.0,6.0,3.0,6.0,3.0,1.2816079320375675,1.0
71.0,0.55,-0.6179973232103031,0.08061387562354527,0.08109105267904942,8.144905372486682e-6,0.00016566946590466645,0.12359322260074063,-0.15193807261740133,3.4140973147043587e-15,0.18906523858044783,0.2533663188235337,0.0,0.0,4.0,1.0,0.1865653924333337,0.0,6.987568048821323e-27,0.08143487997827234,0.8567012550382636,1.0,1.0,6.0,3.0,6.0,3.0,1.309021477619536,1.0
71.0,0.6,-0.6179973232103031,0.08061387562354527,0.08109105267904942,8.144905372486682e-6,0.00016566946590466645,0.12359322260074063,-0.15193807261740133,6.37461978509196e-14,0.2135882971610048,0.2862296686677507,0.0,0.0,4.0,1.0,0.21076420381769356,0.0,9.183228590158754e-27,0.08236733539305732,0.8665107583411071,1.0,1.0,6.0,3.0,6.0,3.0,1.324010192101609,1.0
71.0,0.65,-0.6179973232103031,0.08061387562354527,0.08109105267904942,8.144905372486682e-6,0.00016566946590466645,0.12359322260074063,-0.15193807261740133,8.467350413138624e-13,0.23789282224632027,0.3188001617835458,0.0,0.0,4.0,1.0,0.23474737118623287,0.0,1.6674783828692584e-26,0.08444022542648927,0.888317722306318,1.0,1.0,6.0,3.0,6.0,3.0,1.357330773837959,1.0
71.0,0.7,-0.6179973232103031,0.08061387562354527,0.08109105267904942,8.144905372486682e-6,0.00016566946590466645,0.12359322260074063,-0.15193807261740133,8.715248557740616e-11,0.2885604780546579,0.3866998853496731,0.0,0.0,5.0,2.0,0.2847450923989421,0.0,2.6389323433270743e-26,0.08607090826041924,0.9054726322266112,1.0,1.0,6.0,3.0,6.0,3.0,1.3835431149548045,1.0
71.0,0.75,-0.6179973232103031,0.08061387562354527,0.08109105267904942,8.144905372486682e-6,0.00016566946590466645,0.12359322260074063,-0.15193807261740133,3.049808702925213e-10,0.30402074322461603,0.4074181860989737,0.0,0.0,5.0,2.0,0.30000093985251475,0.0,4.20493896152663e-26,0.08775802938188024,0.9232212773101778,1.0,1.0,6.0,3.0,6.0,3.0,1.4106626708984877,1.0
71.0,0.8,-0.6179973232103031,0.08061387562354527,0.08109105267904942,8.144905372486682e-6,0.00016566946590466645,0.12359322260074063,-0.15193807261740133,2.132460733263668e-8,0.36287905468249826,0.48629420698055537,0.0,0.0,5.0,2.0,0.358081018758351,1.0,6.998240738209444e-26,0.08964059800699441,0.9430260452948704,1.0,1.0,6.0,3.0,6.0,3.0,1.4409239393380644,1.0
71.0,0.85,-0.6179973232103031,0.08061387562354527,0.08109105267904942,8.144905372486682e-6,0.00016566946590466645,0.12359322260074063,-0.15193807261740133,1.281856515599673e-7,0.391037583452746,0.524029450283721,0.0,0.0,5.0,2.0,0.38586723165401915,1.0,1.2007453851363174e-25,0.09167987175696408,0.9644793633501278,1.0,1.0,6.0,3.0,6.0,3.0,1.4737041575709433,1.0
71.0,0.9,-0.6179973232103031,0.08061387562354527,0.08109105267904942,8.144905372486682e-6,0.00016566946590466645,0.12359322260074063,-0.15193807261740133,4.0512018944103914e-6,0.4515520864851861,0.605124933429561,0.0,0.0,5.0,2.0,0.4455816037454888,1.0,1.940159072788942e-25,0.09353125555802863,0.9839560645665195,1.0,1.0,6.0,3.0,6.0,3.0,1.5034641468968557,1.0
71.0,0.95,-0.6179973232103031,0.08061387562354527,0.08109105267904942,8.144905372486682e-6,0.00016566946590466645,0.12359322260074063,-0.15193807261740133,0.003981292107794025,0.6017178012296981,0.8063620018826958,1.0,1.0,6.0,3.0,0.5937618071064633,1.0,6.92805614225287e-25,0.0986254543186458,1.0375474307329522,1.0,1.0,6.0,3.0,6.0,3.0,1.5853506258932004,1.0
72.0,0.4,-0.02953780512877735,0.11597569852976494,0.10723920140681306,0.0001459654122196344,-6.92852639754128e-5,-0.03364267342674543,0.06164719922828299,1.371465450047249e-21,0.10031557472671829,0.14113243875132606,0.0,0.0,4.0,2.0,0.10734036949838757,0.0,4.907087085854609e-27,0.08469193894579839,0.7503788245053231,1.0,1.0,4.0,2.0,6.0,3.0,0.984660098777923,1.0
72.0,0.45,-0.02953780512877735,0.11597569852976494,0.10723920140681306,0.0001459654122196344,-6.92852639754128e-5,-0.03364267342674543,0.06164719922828299,3.7492722991940096e-20,0.11514191643968351,0.16199139080749148,0.0,0.0,4.0,2.0,0.12320495485429613,0.0,8.959779304678232e-27,0.08684339774718872,0.7694409589475644,1.0,1.0,4.0,2.0,6.0,3.0,1.0096737619702312,1.0
72.0,0.5,-0.02953780512877735,0.11597569852976494,0.10723920140681306,0.0001459654122196344,-6.92852639754128e-5,-0.03364267342674543,0.06164719922828299,1.274020695655789e-18,0.1333627931563864,0.18762606193628695,0.0,0.0,4.0,2.0,0.14270178418198104,1.0,1.4176442681256685e-26,0.08851965683591137,0.784292777671033,1.0,1.0,4.0,2.0,6.0,3.0,1.0291625759048764,1.0
72.0,0.55,-0.02953780512877735,0.11597569852976494,0.10723920140681306,0.0001459654122196344,-6.92852639754128e-5,-0.03364267342674543,0.06164719922828299,1.9460054886306968e-17,0.14940552750248015,0.2101963380740843,0.0,0.0,4.0,2.0,0.1598679424496815,1.0,2.3971396216662724e-26,0.09047841297497106,0.8016475477638615,1.0,1.0,4.0,2.0,6.0,3.0,1.0519358060065365,1.0
72.0,0.6,-0.02953780512877735,0.11597569852976494,0.10723920140681306,0.0001459654122196344,-6.92852639754128e-5,-0.03364267342674543,0.06164719922828299,5.164861267055029e-16,0.17127597174566128,0.24096552960813789,0.0,0.0,4.0,2.0,0.18326990742423585,1.0,3.277782249516452e-26,0.09166571345361665,0.81216714559797,1.0,1.0,4.0,2.0,6.0,3.0,1.0657398046058646,1.0
72.0,0.65,-0.02953780512877735,0.11597569852976494,0.10723920140681306,0.0001459654122196344,-6.92852639754128e-5,-0.03364267342674543,0.06164719922828299,1.4293964668540065e-15,0.1786969028161034,0.2514059233618511,0.0,0.0,4.0,2.0,0.19121050374034465,1.0,7.479820851297473e-26,0.09487167144827194,0.8405722455565681,1.0,1.0,4.0,2.0,6.0,3.0,1.1030134690772315,1.0
72.0,0.7,-0.02953780512877735,0.11597569852976494,0.10723920140681306,0.0001459654122196344,-6.92852639754128e-5,-0.03364267342674543,0.06164719922828299,2.070390957186429e-14,0.1997504859044514,0.28102588550438795,0.0,0.0,4.0,2.0,0.21373840525638288,1.0,1.1456222486839833e-25,0.09657198216552725,0.8556371640504566,1.0,1.0,4.0,2.0,6.0,3.0,1.1227819162239812,1.0
72.0,0.75,-0.02953780512877735,0.11597569852976494,0.10723920140681306,0.0001459654122196344,-6.92852639754128e-5,-0.03364267342674543,0.06164719922828299,1.432944251363384e-13,0.21651860314964275,0.30461669168307914,0.0,0.0,4.0,2.0,0.23168074278267864,1.0,1.5646890149409032e-25,0.09783455041297177,0.8668236416440503,1.0,1.0,4.0,2.0,6.0,3.0,1.137461006001796,1.0
72.0,0.8,-0.02953780512877735,0.11597569852976494,0.10723920140681306,0.0001459654122196344,-6.92852639754128e-5,-0.03364267342674543,0.06164719922828299,5.936446996079005e-13,0.22972906100546414,0.3232022816006247,0.0,0.0,4.0,2.0,0.2458162888466844,1.0,3.2618288050030655e-25,0.10087540716568388,0.8937659285250898,1.0,1.0,4.0,2.0,6.0,3.0,1.1728151417999058,1.0
72.0,0.85,-0.02953780512877735,0.11597569852976494,0.10723920140681306,0.0001459654122196344,-6.92852639754128e-5,-0.03364267342674543,0.06164719922828299,2.7525641968349985e-11,0.2695512747631955,0.37922754148091664,1.0,1.0,6.0,3.0,0.28842713118740193,1.0,6.791006521951318e-25,0.10400518919213912,0.9214961019890884,1.0,1.0,4.0,2.0,6.0,3.0,1.2092031560275074,1.0
72.0,0.9,-0.02953780512877735,0.11597569852976494,0.10723920140681306,0.0001459654122196344,-6.92852639754128e-5,-0.03364267342674543,0.06164719922828299,1.9705579195442036e-6,0.4294641134746279,0.6042064540423464,1.0,1.0,6.0,3.0,0.4595381799112191,1.0,1.1407349266056196e-24,0.10627728461449816,0.9416270886380637,1.0,1.0,4.0,2.0,6.0,3.0,1.235619385610404,1.0
72.0,0.95,-0.02953780512877735,0.11597569852976494,0.10723920140681306,0.0001459654122196344,-6.92852639754128e-5,-0.03364267342674543,0.06164719922828299,0.00013521101722206835,0.512205808754487,0.7206144721699181,1.0,1.0,6.0,3.0,0.548074024603913,1.0,2.818773495976954e-24,0.11035963607624866,0.9777971200391206,1.0,1.0,5.0,2.0,6.0,3.0,1.2830823276992132,1.0
73.0,0.4,0.1285090994858642,0.010660630272933347,0.010479440960042441,0.0003183301938787062,0.00024758522760481665,0.24259092991071296,0.04982299380198307,2.420615842231073e-23,0.09986226396657252,0.13741613762625804,0.0,0.0,4.0,1.0,0.11462464116073352,1.0,6.928620481684541e-30,0.06408771476796656,0.7124479988468151,0.0,1.0,6.0,3.0,6.0,3.0,1.0723559324581686,1.0
73.0,0.45,0.1285090994858642,0.010660630272933347,0.010479440960042441,0.0003183301938787062,0.00024758522760481665,0.24259092991071296,0.04982299380198307,4.709583632425266e-22,0.11300875778527228,0.15550645855567247,0.0,0.0,4.0,1.0,0.12971454676306074,1.0,8.85781728862926e-30,0.06474701982709033,0.7197773375773809,0.0,1.0,6.0,3.0,6.0,3.0,1.0833878391818026,1.0
73.0,0.5,0.1285090994858642,0.010660630272933347,0.010479440960042441,0.0003183301938787062,0.00024758522760481665,0.24259092991071296,0.04982299380198307,6.589421396881207e-21,0.1261410571736743,0.17357724714414205,0.0,0.0,5.0,2.0,0.14478815960959873,1.0,1.58358105884248e-29,0.06633349030259539,0.7374137554087136,0.0,1.0,6.0,3.0,6.0,3.0,1.1099336605180303,1.0
73.0,0.55,0.1285090994858642,0.010660630272933347,0.010479440960042441,0.0003183301938787062,0.00024758522760481665,0.24259092991071296,0.04982299380198307,9.142462078921642e-20,0.14075012688039357,0.19368015542671538,0.0,0.0,5.0,2.0,0.16155684986666496,1.0,2.4457459476028335e-29,0.06754579374889326,0.75089064668869,0.0,1.0,6.0,3.0,6.0,3.0,1.130218683900184,1.0
73.0,0.6,0.1285090994858642,0.010660630272933347,0.010479440960042441,0.0003183301938787062,0.00024758522760481665,0.24259092991071296,0.04982299380198307,9.123048954437853e-19,0.15490912348158975,0.21316373759596177,0.0,0.0,5.0,2.0,0.1778089338886277,1.0,4.0443909870715485e-29,0.06897632485027973,0.7667935233033564,0.0,1.0,6.0,3.0,6.0,3.0,1.1541552295968398,1.0
73.0,0.65,0.1285090994858642,0.010660630272933347,0.010479440960042441,0.0003183301938787062,0.00024758522760481665,0.24259092991071296,0.04982299380198307,2.6406526384947138e-17,0.17822794496437497,0.2452517581843312,0.0,0.0,5.0,2.0,0.20457491573788944,1.0,7.403422057565772e-29,0.0707360587296031,0.7863560695006431,0.0,1.0,6.0,3.0,6.0,3.0,1.183600203128386,1.0
73.0,0.7,0.1285090994858642,0.010660630272933347,0.010479440960042441,0.0003183301938787062,0.00024758522760481665,0.24259092991071296,0.04982299380198307,7.728748501226576e-16,0.20515197959476209,0.28230075648725245,0.0,0.0,5.0,2.0,0.23547905996138044,1.0,1.0322933536095699e-28,0.07172264559093511,0.7973237227800497,0.0,1.0,6.0,3.0,6.0,3.0,1.2001083947133901,1.0
73.0,0.75,0.1285090994858642,0.010660630272933347,0.010479440960042441,0.0003183301938787062,0.00024758522760481665,0.24259092991071296,0.04982299380198307,3.303235490273397e-15,0.21795172486786213,0.29991393175652253,0.0,0.0,5.0,2.0,0.25017095808787393,1.0,1.6114777720648106e-28,0.07306603102274582,0.8122578215544982,0.0,1.0,6.0,3.0,6.0,3.0,1.2225867642822823,1.0
73.0,0.8,0.1285090994858642,0.010660630272933347,0.010479440960042441,0.0003183301938787062,0.00024758522760481665,0.24259092991071296,0.04982299380198307,4.792485336214378e-13,0.2681809116230806,0.36903214083618613,0.0,0.0,5.0,2.0,0.30782539409725207,1.0,2.325296869750191e-28,0.07419097933854533,0.8247636064666178,1.0,1.0,6.0,3.0,6.0,3.0,1.2414101067048364,1.0
73.0,0.85,0.1285090994858642,0.010660630272933347,0.010479440960042441,0.0003183301938787062,0.00024758522760481665,0.24259092991071296,0.04982299380198307,9.832869460007902e-11,0.33478514121409997,0.46068333735856887,0.0,0.0,5.0,2.0,0.38427555267980973,1.0,4.092566316167353e-28,0.0759593067023599,0.8444216844027259,1.0,1.0,6.0,3.0,6.0,3.0,1.2709988718212129,1.0
73.0,0.9,0.1285090994858642,0.010660630272933347,0.010479440960042441,0.0003183301938787062,0.00024758522760481665,0.24259092991071296,0.04982299380198307,3.669011196699707e-9,0.38927875825387315,0.5356696443122815,0.0,0.0,5.0,2.0,0.4468248185448947,1.0,6.240972628473055e-28,0.0773066193592464,0.8593994412114233,1.0,1.0,6.0,3.0,6.0,3.0,1.293542954188936,1.0
73.0,0.95,0.1285090994858642,0.010660630272933347,0.010479440960042441,0.0003183301938787062,0.00024758522760481665,0.24259092991071296,0.04982299380198307,1.9727599360857269e-7,0.45958508183373015,0.6324151320801116,0.0,0.0,5.0,2.0,0.5275243419841902,1.0,1.9300339630333976e-27,0.08103010032081293,0.9007925002308762,1.0,1.0,6.0,3.0,6.0,3.0,1.3558465784168785,1.0
74.0,0.4,-0.22041972196489934,0.02356581533447044,0.02275684994744742,-0.0001477422417807239,-0.00011539819406470352,0.19156527559766284,-0.05830167402333475,6.627671889858457e-23,0.09095614118456831,0.12605351637512857,0.0,0.0,4.0,1.0,0.10003264945762917,0.0,3.407911342471174e-29,0.06579849823047368,0.6471759626849993,1.0,1.0,6.0,3.0,6.0,3.0,0.9481076435084124,1.0
74.0,0.45,-0.22041972196489934,0.02356581533447044,0.02275684994744742,-0.0001477422417807239,-0.00011539819406470352,0.19156527559766284,-0.05830167402333475,1.891886382228145e-21,0.10458737892884672,0.14494465915926402,0.0,0.0,4.0,1.0,0.11502414765872425,0.0,5.122645242293634e-29,0.06692543939331339,0.6582602465450277,1.0,1.0,6.0,3.0,6.0,3.0,0.9643460312985123,1.0
74.0,0.5,-0.22041972196489934,0.02356581533447044,0.02275684994744742,-0.0001477422417807239,-0.00011539819406470352,0.19156527559766284,-0.05830167402333475,1.0184085693454745e-19,0.12348249728847668,0.17113086363689753,0.0,0.0,4.0,1.0,0.13580480882918686,1.0,1.193780199047189e-28,0.06932674634415281,0.6818788424006385,1.0,1.0,6.0,3.0,6.0,3.0,0.9989470865767958,1.0
74.0,0.55,-0.22041972196489934,0.02356581533447044,0.02275684994744742,-0.0001477422417807239,-0.00011539819406470352,0.19156527559766284,-0.05830167402333475,6.122599108105873e-18,0.14646402946435508,0.20298031222530277,0.0,0.0,4.0,1.0,0.16107966682348035,1.0,2.8781775942314034e-28,0.07191600197306477,0.7073460498497983,1.0,1.0,6.0,3.0,6.0,3.0,1.0362563431523766,1.0
74.0,0.6,-0.22041972196489934,0.02356581533447044,0.02275684994744742,-0.0001477422417807239,-0.00011539819406470352,0.19156527559766284,-0.05830167402333475,2.4606813548072495e-16,0.170832026555861,0.23675122291257775,0.0,0.0,5.0,2.0,0.18787934499026593,1.0,4.308204073915985e-28,0.0731348958548266,0.719334755406223,1.0,1.0,6.0,3.0,6.0,3.0,1.05381970154205,1.0
74.0,0.65,-0.22041972196489934,0.02356581533447044,0.02275684994744742,-0.0001477422417807239,-0.00011539819406470352,0.19156527559766284,-0.05830167402333475,1.3789336634013488e-15,0.18355080464928905,0.2543778139463623,0.0,0.0,5.0,2.0,0.2018673292426708,1.0,5.750975520876646e-28,0.07402041791793904,0.7280445072863679,1.0,1.0,6.0,3.0,6.0,3.0,1.0665794188473205,1.0
74.0,0.7,-0.22041972196489934,0.02356581533447044,0.02275684994744742,-0.0001477422417807239,-0.00011539819406470352,0.19156527559766284,-0.05830167402333475,1.154897538617939e-13,0.220740131080665,0.30591743850876413,0.0,0.0,5.0,2.0,0.24276777649148554,1.0,6.590245156043866e-28,0.07444174328481194,0.7321885479140813,1.0,1.0,6.0,3.0,6.0,3.0,1.0726504054424406,1.0
74.0,0.75,-0.22041972196489934,0.02356581533447044,0.02275684994744742,-0.0001477422417807239,-0.00011539819406470352,0.19156527559766284,-0.05830167402333475,9.320758508049183e-13,0.2408070076939323,0.33372754925912335,0.0,0.0,5.0,2.0,0.2648371256065844,1.0,8.490237768447847e-28,0.07523165745622384,0.739957926821961,1.0,1.0,6.0,3.0,6.0,3.0,1.084032483814624,1.0
74.0,0.8,-0.22041972196489934,0.02356581533447044,0.02275684994744742,-0.0001477422417807239,-0.00011539819406470352,0.19156527559766284,-0.05830167402333475,1.0919655710082297e-11,0.2668091329492391,0.3697631514622438,0.0,0.0,5.0,2.0,0.29343400149580445,1.0,1.164938827309642e-27,0.07622982676942046,0.7497756461250354,1.0,1.0,6.0,3.0,6.0,3.0,1.0984153645916643,1.0
74.0,0.85,-0.22041972196489934,0.02356581533447044,0.02275684994744742,-0.0001477422417807239,-0.00011539819406470352,0.19156527559766284,-0.05830167402333475,4.086158975740422e-10,0.310275002596321,0.4300012578722287,0.0,0.0,5.0,2.0,0.34123732785894206,1.0,2.251671327375636e-27,0.07835198635795808,0.7706486251689095,1.0,1.0,6.0,3.0,6.0,3.0,1.1289941130547314,1.0
74.0,0.9,-0.22041972196489934,0.02356581533447044,0.02275684994744742,-0.0001477422417807239,-0.00011539819406470352,0.19156527559766284,-0.05830167402333475,5.572541113811497e-9,0.3459613147203508,0.47945789786497217,0.0,0.0,5.0,2.0,0.38048477508622475,1.0,4.902169939440349e-27,0.08093353029552994,0.7960399825394021,1.0,1.0,6.0,3.0,6.0,3.0,1.1661922498676949,1.0
74.0,0.95,-0.22041972196489934,0.02356581533447044,0.02275684994744742,-0.0001477422417807239,-0.00011539819406470352,0.19156527559766284,-0.05830167402333475,7.035628767389358e-6,0.465850186421546,0.6456084585128362,1.0,1.0,6.0,3.0,0.5123373506305251,1.0,2.61553783676579e-26,0.08678153841296951,0.8535593847290529,1.0,1.0,6.0,3.0,6.0,3.0,1.2504577170828073,1.0
75.0,0.4,-0.2618505595846623,0.084403149853094,0.08297348187715392,-7.387544477414824e-5,-0.0003948708547603191,0.1443488378756147,-0.03196753194345148,4.2352568640160873e-23,0.08747419642265811,0.12262158470116802,0.0,0.0,2.0,0.0,0.10034199236022708,1.0,9.959102362704746e-31,0.05718551193063133,0.5628943477845866,0.0,0.0,4.0,2.0,6.0,3.0,0.8306322157798037,1.0
75.0,0.45,-0.2618505595846623,0.084403149853094,0.08297348187715392,-7.387544477414824e-5,-0.0003948708547603191,0.1443488378756147,-0.03196753194345148,4.637328623829258e-21,0.10637864801029287,0.14912190029574307,0.0,0.0,2.0,0.0,0.12202736261061767,1.0,1.6317667475611946e-30,0.05837419776039977,0.5745949431325821,0.0,1.0,4.0,2.0,6.0,3.0,0.8478981405099058,1.0
75.0,0.5,-0.2618505595846623,0.084403149853094,0.08297348187715392,-7.387544477414824e-5,-0.0003948708547603191,0.1443488378756147,-0.03196753194345148,2.36345860644107e-20,0.11384775519211351,0.1595921166154495,0.0,0.0,2.0,0.0,0.1305952046306197,1.0,2.9287775793953493e-30,0.059814356950731305,0.5887708670821834,0.0,1.0,4.0,2.0,6.0,3.0,0.868816771452509,1.0
75.0,0.55,-0.2618505595846623,0.084403149853094,0.08297348187715392,-7.387544477414824e-5,-0.0003948708547603191,0.1443488378756147,-0.03196753194345148,2.7829583011558393e-19,0.1261675735734956,0.17686207409932694,0.0,0.0,2.0,0.0,0.14472731641283001,1.0,4.050076931612488e-30,0.06062770677708437,0.5967769162468928,0.0,1.0,4.0,2.0,6.0,3.0,0.8806308576722369,1.0
75.0,0.6,-0.2618505595846623,0.084403149853094,0.08297348187715392,-7.387544477414824e-5,-0.0003948708547603191,0.1443488378756147,-0.03196753194345148,1.460738259564693e-18,0.13519184300414216,0.1895123214135115,0.0,0.0,2.0,0.0,0.15507909112238327,1.0,6.797498376209625e-30,0.0619500105716957,0.6097927537713295,0.0,1.0,4.0,2.0,6.0,3.0,0.8998376129109485,1.0
75.0,0.65,-0.2618505595846623,0.084403149853094,0.08297348187715392,-7.387544477414824e-5,-0.0003948708547603191,0.1443488378756147,-0.03196753194345148,2.654031642902571e-17,0.15255369311491057,0.2138502137405239,0.0,0.0,2.0,0.0,0.1749949371937955,1.0,1.0658655766207032e-29,0.06312205170655932,0.62132951033628,1.0,1.0,4.0,2.0,6.0,3.0,0.9168617697641356,1.0
75.0,0.7,-0.2618505595846623,0.084403149853094,0.08297348187715392,-7.387544477414824e-5,-0.0003948708547603191,0.1443488378756147,-0.03196753194345148,7.101864970154078e-16,0.1749445787203665,0.24523782275081235,0.0,0.0,3.0,0.0,0.2006796095228277,1.0,1.6222781256022518e-29,0.06423652809359535,0.6322996396194268,1.0,1.0,4.0,2.0,6.0,3.0,0.9330497859162151,1.0
75.0,0.75,-0.2618505595846623,0.084403149853094,0.08297348187715392,-7.387544477414824e-5,-0.0003948708547603191,0.1443488378756147,-0.03196753194345148,1.5971464280406677e-15,0.1809530894729275,0.2536605707188314,0.0,0.0,4.0,1.0,0.2075719956742442,1.0,2.8592163366198023e-29,0.06577140674577943,0.647407915976167,1.0,1.0,4.0,2.0,6.0,3.0,0.9553442380033681,1.0
75.0,0.8,-0.2618505595846623,0.084403149853094,0.08297348187715392,-7.387544477414824e-5,-0.0003948708547603191,0.1443488378756147,-0.03196753194345148,6.7786555964935145e-15,0.19218712371321783,0.2694084728141602,0.0,0.0,5.0,2.0,0.22045860022751285,1.0,3.6720137705052154e-29,0.06646063978132066,0.6541922459037053,1.0,1.0,4.0,2.0,6.0,3.0,0.9653555003698698,1.0
75.0,0.85,-0.2618505595846623,0.084403149853094,0.08297348187715392,-7.387544477414824e-5,-0.0003948708547603191,0.1443488378756147,-0.03196753194345148,7.591437686758384e-14,0.21253973743947158,0.2979388263353906,0.0,0.0,5.0,2.0,0.243805162923131,1.0,8.455334839167763e-29,0.06881090804181812,0.6773266496179945,1.0,1.0,4.0,2.0,6.0,3.0,0.9994936669611224,1.0
75.0,0.9,-0.2618505595846623,0.084403149853094,0.08297348187715392,-7.387544477414824e-5,-0.0003948708547603191,0.1443488378756147,-0.03196753194345148,3.381287697713551e-10,0.30162805035168716,0.42282308425833337,1.0,1.0,6.0,3.0,0.3459987146127072,1.0,3.0298821497856914e-28,0.0725692961411271,0.7143216042220238,1.0,1.0,4.0,2.0,6.0,3.0,1.0540850858239346,1.0
75.0,0.95,-0.2618505595846623,0.084403149853094,0.08297348187715392,-7.387544477414824e-5,-0.0003948708547603191,0.1443488378756147,-0.03196753194345148,4.1922339746643326e-8,0.3687187318883678,0.5168709981020806,1.0,1.0,6.0,3.0,0.4229586974363079,1.0,8.211180305431053e-28,0.07564735333204323,0.7446198552375282,1.0,1.0,6.0,3.0,6.0,3.0,1.0987945476870913,1.0
76.0,0.4,-0.039598088960571154,0.11908625482611657,0.11954740284397852,-0.0003935054729492213,0.0003950292701658014,0.1741200643214615,0.06649923890912868,1.5636167463902598e-24,0.07166858212590468,0.10043664328805266,0.0,0.0,3.0,1.0,0.07748172405561464,0.0,2.843565569405636e-29,0.06551999974464985,0.6608994528097419,0.0,1.0,4.0,2.0,6.0,3.0,0.9567440705386719,1.0
76.0,0.45,-0.039598088960571154,0.11908625482611657,0.11954740284397852,-0.0003935054729492213,0.0003950292701658014,0.1741200643214615,0.06649923890912868,5.192484387816067e-22,0.09128106171551885,0.1279216521734775,0.0,0.0,3.0,1.0,0.0986850001151196,0.0,3.931786942267552e-29,0.0664106148006346,0.6698830762141741,0.0,1.0,4.0,2.0,6.0,3.0,0.969749117505502,1.0
76.0,0.5,-0.039598088960571154,0.11908625482611657,0.11954740284397852,-0.0003935054729492213,0.0003950292701658014,0.1741200643214615,0.06649923890912868,2.7869754533205235e-20,0.10775909379594721,0.15101403353583834,0.0,0.0,3.0,1.0,0.1164995891130207,0.0,5.671942289276464e-29,0.06743236789444623,0.6801894874357631,1.0,1.0,4.0,2.0,6.0,3.0,0.9846690842006887,1.0
76.0,0.55,-0.039598088960571154,0.11908625482611657,0.11954740284397852,-0.0003935054729492213,0.0003950292701658014,0.1741200643214615,0.06649923890912868,1.5354942992868458e-18,0.1273504229172091,0.1784694020686532,0.0,0.0,3.0,1.0,0.1376799991592196,1.0,8.80443077584915e-29,0.06867923861764352,0.6927666574891386,1.0,1.0,4.0,2.0,6.0,3.0,1.0028762907909887,1.0
76.0,0.6,-0.039598088960571154,0.11908625482611657,0.11954740284397852,-0.0003935054729492213,0.0003950292701658014,0.1741200643214615,0.06649923890912868,9.056002337919971e-17,0.15093121614862126,0.21151562187626707,0.0,0.0,3.0,1.0,0.16317346449608147,1.0,1.4468561974478365e-28,0.07011549032839028,0.7072541112960521,1.0,1.0,4.0,2.0,6.0,3.0,1.0238488993595696,1.0
76.0,0.65,-0.039598088960571154,0.11908625482611657,0.11954740284397852,-0.0003935054729492213,0.0003950292701658014,0.1741200643214615,0.06649923890912868,9.108214706370628e-16,0.16616890908152948,0.23286978689863053,0.0,0.0,3.0,1.0,0.179647108651587,1.0,2.3512756831796244e-28,0.07154850546237128,0.7217089177918877,1.0,1.0,4.0,2.0,6.0,3.0,1.0447742463951584,1.0
76.0,0.7,-0.039598088960571154,0.11908625482611657,0.11954740284397852,-0.0003935054729492213,0.0003950292701658014,0.1741200643214615,0.06649923890912868,1.3124150506942194e-14,0.1857061770185115,0.26024939386730966,0.0,0.0,3.0,1.0,0.20076907253297782,1.0,3.8263587956973184e-28,0.07301503911997947,0.7365018252341604,1.0,1.0,4.0,2.0,6.0,3.0,1.066189041673399,1.0
76.0,0.75,-0.039598088960571154,0.11908625482611657,0.11954740284397852,-0.0003935054729492213,0.0003950292701658014,0.1741200643214615,0.06649923890912868,4.542237579884376e-14,0.1955658229189201,0.2740667418442263,0.0,0.0,3.0,1.0,0.2114284485144849,1.0,7.281402874083522e-28,0.07499895507881561,0.756513561753167,1.0,1.0,4.0,2.0,6.0,3.0,1.0951588194124242,1.0
76.0,0.8,-0.039598088960571154,0.11908625482611657,0.11954740284397852,-0.0003935054729492213,0.0003950292701658014,0.1741200643214615,0.06649923890912868,2.622507118731612e-12,0.2315722832347622,0.32452634218143617,0.0,0.0,3.0,1.0,0.25035544469128135,1.0,1.2428717728523974e-27,0.07668857747690948,0.7735567626491882,1.0,1.0,4.0,2.0,6.0,3.0,1.119831228098714,1.0
76.0,0.85,-0.039598088960571154,0.11908625482611657,0.11954740284397852,-0.0003935054729492213,0.0003950292701658014,0.1741200643214615,0.06649923890912868,1.721287527026513e-10,0.2756770474573716,0.3863349386421265,0.0,0.0,5.0,2.0,0.2980376098697518,1.0,2.0410799768492746e-27,0.07829014294704602,0.7897117343674022,1.0,1.0,4.0,2.0,6.0,3.0,1.1432178012535428,1.0
76.0,0.9,-0.039598088960571154,0.11908625482611657,0.11954740284397852,-0.0003935054729492213,0.0003950292701658014,0.1741200643214615,0.06649923890912868,5.93700056705313e-8,0.3516727182344964,0.49283558161381863,1.0,1.0,6.0,3.0,0.38019739896994953,1.0,3.1587543178859397e-27,0.07972773239465224,0.8042126819099973,1.0,1.0,4.0,2.0,6.0,3.0,1.164209943885206,1.0
76.0,0.95,-0.039598088960571154,0.11908625482611657,0.11954740284397852,-0.0003935054729492213,0.0003950292701658014,0.1741200643214615,0.06649923890912868,7.64549237820869e-6,0.4305748018042373,0.6034092833267455,1.0,1.0,6.0,3.0,0.4654993441908526,1.0,7.94680517389663e-27,0.08285224396970323,0.8357295927509123,1.0,1.0,4.0,2.0,6.0,3.0,1.209835064984257,1.0
77.0,0.4,-0.6023977669245482,-0.03906160144276444,-0.03901193321411811,0.0001477823044980331,0.0002441742302145461,0.21327122631904244,-0.22680687778426134,2.4419000099845583e-21,0.10592886513019087,0.14747451334680856,0.0,0.0,4.0,1.0,0.11367063389613502,0.0,3.372756576704198e-28,0.07097927381869533,0.7025823353829086,0.0,1.0,6.0,3.0,6.0,3.0,0.9985124153211645,1.0
77.0,0.45,-0.6023977669245482,-0.03906160144276444,-0.03901193321411811,0.0001477823044980331,0.0002441742302145461,0.21327122631904244,-0.22680687778426134,2.670754140733671e-19,0.12881568211322247,0.17933761499036696,0.0,0.0,4.0,1.0,0.13823012475000768,0.0,6.243304851728638e-28,0.0728239865420554,0.7208420681691224,0.0,1.0,6.0,3.0,6.0,3.0,1.024463209938773,1.0
77.0,0.5,-0.6023977669245482,-0.03906160144276444,-0.03901193321411811,0.0001477823044980331,0.0002441742302145461,0.21327122631904244,-0.22680687778426134,1.1943071046898969e-18,0.1371109558972175,0.19088632235043987,0.0,0.0,4.0,1.0,0.1471316553027027,0.0,1.0034804576396562e-27,0.07427825889727903,0.7352370600117509,1.0,1.0,6.0,3.0,6.0,3.0,1.044921421524007,1.0
77.0,0.55,-0.6023977669245482,-0.03906160144276444,-0.03901193321411811,0.0001477823044980331,0.0002441742302145461,0.21327122631904244,-0.22680687778426134,6.137259756020371e-18,0.1467882396763101,0.20435906855693065,0.0,0.0,4.0,1.0,0.1575161994985673,0.0,1.6330493479484894e-27,0.07580080446321502,0.7503078484531008,1.0,1.0,6.0,3.0,6.0,3.0,1.0663400775441096,1.0
77.0,0.6,-0.6023977669245482,-0.03906160144276444,-0.03901193321411811,0.0001477823044980331,0.0002441742302145461,0.21327122631904244,-0.22680687778426134,1.0797336926276583e-16,0.16541714409897226,0.23029429037338064,0.0,0.0,4.0,1.0,0.17750658995457713,0.0,2.330305588060367e-27,0.07693212231686314,0.7615061024914104,1.0,1.0,6.0,3.0,6.0,3.0,1.082255074440635,1.0
77.0,0.65,-0.6023977669245482,-0.03906160144276444,-0.03901193321411811,0.0001477823044980331,0.0002441742302145461,0.21327122631904244,-0.22680687778426134,2.9834792808337438e-15,0.18994992105207392,0.26444890288393524,0.0,0.0,4.0,1.0,0.20383233510500604,0.0,3.357628645871886e-27,0.07811184053577301,0.773183443449457,1.0,1.0,6.0,3.0,6.0,3.0,1.0988509513042237,1.0
77.0,0.7,-0.6023977669245482,-0.03906160144276444,-0.03901193321411811,0.0001477823044980331,0.0002441742302145461,0.21327122631904244,-0.22680687778426134,3.037306163421593e-14,0.2092325983870459,0.2912943094924503,0.0,0.0,4.0,1.0,0.2245242792052944,0.0,4.847288321287993e-27,0.07931608979464375,0.785103602830655,1.0,1.0,6.0,3.0,6.0,3.0,1.1157919225403519,1.0
77.0,0.75,-0.6023977669245482,-0.03906160144276444,-0.03901193321411811,0.0001477823044980331,0.0002441742302145461,0.21327122631904244,-0.22680687778426134,2.4231092866842215e-12,0.2511160856525389,0.34960463778827744,0.0,0.0,4.0,1.0,0.2694688043958354,0.0,7.72438959281101e-27,0.08087106901665184,0.8004954330719865,1.0,1.0,6.0,3.0,6.0,3.0,1.1376668442633828,1.0
77.0,0.8,-0.6023977669245482,-0.03906160144276444,-0.03901193321411811,0.0001477823044980331,0.0002441742302145461,0.21327122631904244,-0.22680687778426134,1.1322220218165654e-11,0.26777671401200065,0.3727996192160864,0.0,0.0,4.0,1.0,0.2873470681193291,0.0,1.1262225570309264e-26,0.08215169329718923,0.8131715841420335,1.0,1.0,6.0,3.0,6.0,3.0,1.1556822334704429,1.0
77.0,0.85,-0.6023977669245482,-0.03906160144276444,-0.03901193321411811,0.0001477823044980331,0.0002441742302145461,0.21327122631904244,-0.22680687778426134,1.1496920811204686e-10,0.29492837331385663,0.4106002483191952,0.0,0.0,4.0,1.0,0.31648309558814625,0.0,1.8215214624578957e-26,0.08381407167030328,0.8296264957920998,1.0,1.0,6.0,3.0,6.0,3.0,1.179068010123438,1.0
77.0,0.9,-0.6023977669245482,-0.03906160144276444,-0.03901193321411811,0.0001477823044980331,0.0002441742302145461,0.21327122631904244,-0.22680687778426134,8.734162071436283e-9,0.3532454228593716,0.4917894359025461,0.0,0.0,4.0,1.0,0.37906222338908857,0.0,4.2686712266541946e-26,0.08684157798475074,0.8595940108476112,1.0,1.0,6.0,3.0,6.0,3.0,1.2216579449001839,1.0
77.0,0.95,-0.6023977669245482,-0.03906160144276444,-0.03901193321411811,0.0001477823044980331,0.0002441742302145461,0.21327122631904244,-0.22680687778426134,1.615873509138855e-6,0.439078964524599,0.611287174034215,0.0,0.0,5.0,2.0,0.4711688751373658,1.0,1.0354754496990465e-25,0.09010792775581343,0.8919256976466696,1.0,1.0,6.0,3.0,6.0,3.0,1.2676078486357234,1.0
78.0,0.4,0.11165956823820966,0.1061558256911013,0.10590274322914014,-0.0003920809465523514,0.0003741487884043811,0.23726690298989028,0.10782201823216336,6.617644296730286e-23,0.0913979974444922,0.12625747497830817,0.0,0.0,2.0,0.0,0.09143436088214374,0.0,2.2120972847195776e-30,0.060432599088308475,0.6414954190325927,0.0,1.0,4.0,2.0,6.0,3.0,0.8737446289621982,1.0
78.0,0.45,0.11165956823820966,0.1061558256911013,0.10590274322914014,-0.0003920809465523514,0.0003741487884043811,0.23726690298989028,0.10782201823216336,1.2603295571074596e-20,0.11374375014474311,0.1571259665351044,0.0,0.0,3.0,1.0,0.11378900402209584,0.0,4.222058362036176e-30,0.06208232026500905,0.6590073015843928,0.0,1.0,4.0,2.0,6.0,3.0,0.8975965737597574,1.0
78.0,0.5,0.11165956823820966,0.1061558256911013,0.10590274322914014,-0.0003920809465523514,0.0003741487884043811,0.23726690298989028,0.10782201823216336,5.952588829565072e-19,0.1335631899764184,0.18450460171966135,0.0,0.0,3.0,1.0,0.13361632917932267,0.0,5.975489538815977e-30,0.06298734833347913,0.6686142251451535,0.0,1.0,4.0,2.0,6.0,3.0,0.9106816209994143,1.0
78.0,0.55,0.11165956823820966,0.1061558256911013,0.10590274322914014,-0.0003920809465523514,0.0003741487884043811,0.23726690298989028,0.10782201823216336,3.897103291603905e-18,0.14444026760243805,0.19953023023015834,0.0,0.0,3.0,1.0,0.14449773433926147,0.0,7.599412905566794e-30,0.06362145523029353,0.6753453053174459,0.0,1.0,4.0,2.0,6.0,3.0,0.9198496446098141,1.0
78.0,0.6,0.11165956823820966,0.1061558256911013,0.10590274322914014,-0.0003920809465523514,0.0003741487884043811,0.23726690298989028,0.10782201823216336,1.2908648802215473e-16,0.1671196063105738,0.23085953852497135,0.0,0.0,3.0,1.0,0.16718609620700853,0.0,9.966819784975482e-30,0.06434442961953506,0.6830197188917917,0.0,1.0,4.0,2.0,6.0,3.0,0.9303025292946832,1.0
78.0,0.65,0.11165956823820966,0.1061558256911013,0.10590274322914014,-0.0003920809465523514,0.0003741487884043811,0.23726690298989028,0.10782201823216336,8.01952514603202e-16,0.18033508618193633,0.2491154430944148,0.0,0.0,3.0,1.0,0.18040683396466806,0.0,1.2937983243412566e-29,0.06504773885991365,0.6904853858111788,0.0,1.0,4.0,2.0,6.0,3.0,0.9404710919669969,1.0
78.0,0.7,0.11165956823820966,0.1061558256911013,0.10590274322914014,-0.0003920809465523514,0.0003741487884043811,0.23726690298989028,0.10782201823216336,4.70402674104275e-15,0.19413042802084918,0.2681723707705552,0.0,0.0,3.0,1.0,0.19420766439268425,0.0,1.8876006699273503e-29,0.06607959187170775,0.7014385632380447,0.0,1.0,4.0,2.0,6.0,3.0,0.9553897954570802,1.0
78.0,0.75,0.11165956823820966,0.1061558256911013,0.10590274322914014,-0.0003920809465523514,0.0003741487884043811,0.23726690298989028,0.10782201823216336,4.954996930297949e-14,0.2141415026044307,0.2958157307912167,0.0,0.0,3.0,1.0,0.21422670054526402,0.0,2.995866215527269e-29,0.06736374101481837,0.715069878208568,0.0,1.0,4.0,2.0,6.0,3.0,0.9739562386269295,1.0
78.0,0.8,0.11165956823820966,0.1061558256911013,0.10590274322914014,-0.0003920809465523514,0.0003741487884043811,0.23726690298989028,0.10782201823216336,1.9967505742588004e-12,0.24979717942715576,0.34507059249662647,0.0,0.0,5.0,2.0,0.24989656326940185,1.0,6.631626427720777e-29,0.06963142222712351,0.7391414410979004,1.0,1.0,4.0,2.0,6.0,3.0,1.0067427530138873,1.0
78.0,0.85,0.11165956823820966,0.1061558256911013,0.10590274322914014,-0.0003920809465523514,0.0003741487884043811,0.23726690298989028,0.10782201823216336,1.0707720493928726e-11,0.2679033107110655,0.37008245798000916,0.0,0.0,5.0,2.0,0.2680098982251038,1.0,1.6642871369785867e-28,0.07235284413193056,0.768029486813717,1.0,1.0,4.0,2.0,6.0,3.0,1.0460895262511356,1.0
78.0,0.9,0.11165956823820966,0.1061558256911013,0.10590274322914014,-0.0003920809465523514,0.0003741487884043811,0.23726690298989028,0.10782201823216336,1.0748242896420654e-10,0.2949260261700917,0.40741172028672445,0.0,0.0,5.0,2.0,0.2950433648915552,1.0,2.98041630116197e-28,0.07413090503502619,0.7869037027386357,1.0,1.0,4.0,2.0,6.0,3.0,1.0717970282862086,1.0
78.0,0.95,0.11165956823820966,0.1061558256911013,0.10590274322914014,-0.0003920809465523514,0.0003741487884043811,0.23726690298989028,0.10782201823216336,1.644573969419394e-5,0.48500133049515504,0.6699823307028959,1.0,1.0,6.0,3.0,0.4851942922244653,1.0,1.0623647468309578e-27,0.0781626302950832,0.8297006918495166,1.0,1.0,4.0,2.0,6.0,3.0,1.130088386668436,1.0
79.0,0.4,-0.3378634736335582,0.45100055523728333,0.09986606777494611,-0.0005184537700519963,0.00049539325210837,0.2019178718619014,-0.04604344602788857,1.9993133092686524e-21,0.11416133808477148,0.19661822960901246,0.0,0.0,2.0,0.0,0.09695853255471346,1.0,1.1634669743346451e-26,0.14680761534923173,1.0894394041102442,0.0,1.0,6.0,3.0,6.0,3.0,0.8576662796002527,1.0
79.0,0.45,-0.3378634736335582,0.45100055523728333,0.09986606777494611,-0.0005184537700519963,0.00049539325210837,0.2019178718619014,-0.04604344602788857,1.6745212924330193e-20,0.12473197324399056,0.2148238638956841,0.0,0.0,2.0,0.0,0.10593629411921159,1.0,2.4367385778139637e-26,0.1513999985259814,1.1235188568663048,0.0,1.0,6.0,3.0,6.0,3.0,0.8844954885914351,1.0
79.0,0.5,-0.3378634736335582,0.45100055523728333,0.09986606777494611,-0.0005184537700519963,0.00049539325210837,0.2019178718619014,-0.04604344602788857,2.6372369017398346e-19,0.1399147698605825,0.240972949403523,0.0,0.0,2.0,0.0,0.11883121725797419,1.0,3.527325755747472e-26,0.15375139465173004,1.1409682486295922,0.0,1.0,6.0,3.0,6.0,3.0,0.8982326040826165,1.0
79.0,0.55,-0.3378634736335582,0.45100055523728333,0.09986606777494611,-0.0005184537700519963,0.00049539325210837,0.2019178718619014,-0.04604344602788857,1.1654964008788552e-17,0.16384013751908108,0.2821792238803131,0.0,0.0,2.0,0.0,0.13915130615950283,1.0,5.878738577815312e-26,0.15705882280210667,1.1655122243948293,0.0,1.0,6.0,3.0,6.0,3.0,0.9175549640980051,1.0
79.0,0.6,-0.3378634736335582,0.45100055523728333,0.09986606777494611,-0.0005184537700519963,0.00049539325210837,0.2019178718619014,-0.04604344602788857,7.582039353366019e-17,0.17713597258830355,0.3050784259774605,0.0,0.0,2.0,0.0,0.15044361123430885,1.0,8.132218737919799e-26,0.15919675424779992,1.1813775237165567,0.0,1.0,6.0,3.0,6.0,3.0,0.9300449953862747,1.0
79.0,0.65,-0.3378634736335582,0.45100055523728333,0.09986606777494611,-0.0005184537700519963,0.00049539325210837,0.2019178718619014,-0.04604344602788857,6.245097495795102e-16,0.1934029744599272,0.3330948206930702,0.0,0.0,2.0,0.0,0.16425936231955124,1.0,1.3911821494526686e-25,0.1627982873119376,1.208104012161613,0.0,1.0,6.0,3.0,6.0,3.0,0.9510855487433214,1.0
79.0,0.7,-0.3378634736335582,0.45100055523728333,0.09986606777494611,-0.0005184537700519963,0.00049539325210837,0.2019178718619014,-0.04604344602788857,1.480668545325926e-14,0.22067413109576395,0.38006349351246804,0.0,0.0,2.0,0.0,0.18742106813730378,1.0,2.223285756577172e-25,0.16600976522537514,1.2319359542308694,0.0,1.0,6.0,3.0,6.0,3.0,0.9698473568926067,1.0
79.0,0.75,-0.3378634736335582,0.45100055523728333,0.09986606777494611,-0.0005184537700519963,0.00049539325210837,0.2019178718619014,-0.04604344602788857,2.7170542282057573e-13,0.2491168540950757,0.4290499361663861,0.0,0.0,2.0,0.0,0.2115777986919655,1.0,4.271593766729763e-25,0.1705886292517095,1.2659150832051054,0.0,1.0,6.0,3.0,6.0,3.0,0.9965975855160987,1.0
79.0,0.8,-0.3378634736335582,0.45100055523728333,0.09986606777494611,-0.0005184537700519963,0.00049539325210837,0.2019178718619014,-0.04604344602788857,1.275825102398194e-10,0.3219019783157848,0.554406580598157,0.0,0.0,4.0,1.0,0.27339503870199544,1.0,6.444052866011356e-25,0.1735363508325997,1.2877897252999897,0.0,1.0,6.0,3.0,6.0,3.0,1.0138185000821818,1.0
79.0,0.85,-0.3378634736335582,0.45100055523728333,0.09986606777494611,-0.0005184537700519963,0.00049539325210837,0.2019178718619014,-0.04604344602788857,1.8340912164594857e-9,0.35971472841937463,0.6195308696678519,0.0,0.0,5.0,2.0,0.30550984064290937,1.0,8.166388980251214e-25,0.17525755599791507,1.3005625554095992,0.0,1.0,6.0,3.0,6.0,3.0,1.0238739704816773,1.0
79.0,0.9,-0.3378634736335582,0.45100055523728333,0.09986606777494611,-0.0005184537700519963,0.00049539325210837,0.2019178718619014,-0.04604344602788857,5.6631578719267184e-8,0.41497932440785806,0.7147121911695699,0.0,0.0,5.0,2.0,0.35244669526608796,1.0,1.8512019794164074e-24,0.18133685266864474,1.3456761915558852,0.0,1.0,6.0,3.0,6.0,3.0,1.0593898920894749,1.0
79.0,0.95,-0.3378634736335582,0.45100055523728333,0.09986606777494611,-0.0005184537700519963,0.00049539325210837,0.2019178718619014,-0.04604344602788857,3.0531340880796676e-5,0.5393202904197703,0.9288626296217076,1.0,1.0,6.0,3.0,0.45805090246273344,1.0,7.251767064523978e-24,0.19195259691817376,1.4244541899715795,0.0,1.0,6.0,3.0,6.0,3.0,1.121408240756351,1.0
80.0,0.4,-0.3412860007539351,-1.0334814094192346,-1.0341248848935298,0.00017752119038041874,-0.000688996422201465,0.008496293796333376,-0.8031782568469983,1.4855685368625314e-18,0.1663033187640835,0.2434834468433393,0.0,0.0,3.0,1.0,0.2245399695971711,0.0,2.090028268816489e-27,0.09631289845072247,1.2746997896071957,0.0,0.0,4.0,2.0,4.0,2.0,1.9137399481732482,1.0
80.0,0.45,-0.3412860007539351,-1.0334814094192346,-1.0341248848935298,0.00017752119038041874,-0.000688996422201465,0.008496293796333376,-0.8031782568469983,1.0350258204374176e-16,0.19847006865748562,0.2905785451011418,0.0,0.0,3.0,1.0,0.26797097925339103,0.0,3.652917728993069e-27,0.09857983983628184,1.3047027253894974,0.0,0.0,4.0,2.0,4.0,2.0,1.9587841360182623,1.0
80.0,0.5,-0.3412860007539351,-1.0334814094192346,-1.0341248848935298,0.00017752119038041874,-0.000688996422201465,0.008496293796333376,-0.8031782568469983,7.072850031798499e-16,0.2150165170551219,0.3148040766107513,0.0,0.0,3.0,1.0,0.29031171813796475,0.0,5.302312660597735e-27,0.10012230399827733,1.3251172158097837,0.0,0.0,4.0,2.0,4.0,2.0,1.989432941452631,1.0
80.0,0.55,-0.3412860007539351,-1.0334814094192346,-1.0341248848935298,0.00017752119038041874,-0.000688996422201465,0.008496293796333376,-0.8031782568469983,5.921127205987373e-15,0.23492121422728732,0.3439463950675877,0.0,0.0,4.0,2.0,0.31718670855363507,0.0,1.0332981824501896e-26,0.10294474499322469,1.3624721807242588,0.0,0.0,4.0,2.0,4.0,2.0,2.045514921854833,1.0
80.0,0.6,-0.3412860007539351,-1.0334814094192346,-1.0341248848935298,0.00017752119038041874,-0.000688996422201465,0.008496293796333376,-0.8031782568469983,7.53504575572408e-14,0.26118644414186803,0.38240112200425813,0.0,0.0,4.0,2.0,0.3526495842816231,0.0,1.6061026121953793e-26,0.10485407976976507,1.3877421983137614,0.0,0.0,4.0,2.0,4.0,2.0,2.083453456517159,1.0
80.0,0.65,-0.3412860007539351,-1.0334814094192346,-1.0341248848935298,0.00017752119038041874,-0.000688996422201465,0.008496293796333376,-0.8031782568469983,2.0760812757536626e-12,0.2998867207493241,0.4390619079236378,0.0,0.0,4.0,2.0,0.4049020528277712,0.0,2.248885254456968e-26,0.10633512602536162,1.4073438236492648,0.0,0.0,4.0,2.0,4.0,2.0,2.112881886457701,1.0
80.0,0.7,-0.3412860007539351,-1.0334814094192346,-1.0341248848935298,0.00017752119038041874,-0.000688996422201465,0.008496293796333376,-0.8031782568469983,5.529710670624268e-11,0.34383598029517276,0.5034076905572121,0.0,0.0,4.0,2.0,0.46424161066451053,0.0,3.101066683699747e-26,0.10776831076234292,1.4263120024922367,0.0,0.0,4.0,2.0,4.0,2.0,2.1413593067035097,1.0
80.0,0.75,-0.3412860007539351,-1.0334814094192346,-1.0341248848935298,0.00017752119038041874,-0.000688996422201465,0.008496293796333376,-0.8031782568469983,2.730533424798211e-10,0.36749296776682927,0.5380437092147823,0.0,0.0,4.0,2.0,0.49618288091169,0.0,4.6559670572771135e-26,0.10960874163952186,1.4506700779905763,0.0,0.0,4.0,2.0,4.0,2.0,2.1779287189854077,1.0
80.0,0.8,-0.3412860007539351,-1.0334814094192346,-1.0341248848935298,0.00017752119038041874,-0.000688996422201465,0.008496293796333376,-0.8031782568469983,9.3176812723459e-10,0.38677632361538467,0.5662763264806677,0.0,0.0,4.0,2.0,0.5222189466267007,0.0,7.292026878247286e-26,0.11167692749753545,1.4780424872990483,0.0,0.0,4.0,2.0,4.0,2.0,2.219023629017136,1.0
80.0,0.85,-0.3412860007539351,-1.0334814094192346,-1.0341248848935298,0.00017752119038041874,-0.000688996422201465,0.008496293796333376,-0.8031782568469983,2.714947543283067e-7,0.489942876193673,0.7173217055349508,0.0,0.0,4.0,2.0,0.6615127066762853,0.0,1.3451919710265212e-25,0.11456293302514482,1.516238727865218,0.0,0.0,4.0,2.0,4.0,2.0,2.276368638436209,1.0
80.0,0.9,-0.3412860007539351,-1.0334814094192346,-1.0341248848935298,0.00017752119038041874,-0.000688996422201465,0.008496293796333376,-0.8031782568469983,2.2643296143684125e-6,0.5352145021352281,0.783603554931409,0.0,0.0,4.0,2.0,0.722637701583643,0.0,2.726080313160504e-25,0.11798466298864184,1.5615252734341263,0.0,1.0,4.0,2.0,6.0,3.0,2.344358507169688,1.0
80.0,0.95,-0.3412860007539351,-1.0334814094192346,-1.0341248848935298,0.00017752119038041874,-0.000688996422201465,0.008496293796333376,-0.8031782568469983,0.00047858245201513037,0.6689652923453385,0.9794270878614766,0.0,0.0,4.0,2.0,0.9032257896059843,0.0,7.21111212298359e-25,0.12286500606639592,1.6261165420439792,0.0,1.0,4.0,2.0,6.0,3.0,2.441331058706673,1.0
81.0,0.4,-0.40697493560583986,0.03370104113478373,0.0389953259749779,-0.00027724233986972457,-0.00017635027200756258,0.21522070024211226,-0.10966109455196127,4.909932868196614e-18,0.15803851791848114,0.22045663342654476,0.0,0.0,4.0,1.0,0.18115760115322554,0.0,9.818450358243953e-26,0.11685360812104788,0.9939513824001341,1.0,1.0,6.0,3.0,6.0,3.0,1.3949379364364392,1.0
81.0,0.45,-0.40697493560583986,0.03370104113478373,0.0389953259749779,-0.00027724233986972457,-0.00017635027200756258,0.21522070024211226,-0.10966109455196127,6.915006396411991e-16,0.19421949678898887,0.27092747370602266,0.0,0.0,4.0,1.0,0.22263141036053288,1.0,1.3401821006010917e-25,0.11837831741697799,1.0069204891039527,1.0,1.0,6.0,3.0,6.0,3.0,1.4131391274234308,1.0
81.0,0.5,-0.40697493560583986,0.03370104113478373,0.0389953259749779,-0.00027724233986972457,-0.00017635027200756258,0.21522070024211226,-0.10966109455196127,9.169717638299572e-15,0.21630487054744568,0.3017355780269439,0.0,0.0,4.0,1.0,0.24794760152298215,1.0,2.0867308733167907e-25,0.1205826356558402,1.0256703180223485,1.0,1.0,6.0,3.0,6.0,3.0,1.439453138473755,1.0
81.0,0.55,-0.40697493560583986,0.03370104113478373,0.0389953259749779,-0.00027724233986972457,-0.00017635027200756258,0.21522070024211226,-0.10966109455196127,1.5632608170194547e-13,0.24343673256273834,0.33958330677855286,0.0,0.0,4.0,1.0,0.2790485198449703,1.0,2.956515934460085e-25,0.12234592625124778,1.040668786217383,1.0,1.0,6.0,3.0,6.0,3.0,1.4605023896183822,1.0
81.0,0.6,-0.40697493560583986,0.03370104113478373,0.0389953259749779,-0.00027724233986972457,-0.00017635027200756258,0.21522070024211226,-0.10966109455196127,1.1567189168752068e-12,0.26460779069270374,0.36911598186866795,0.0,0.0,4.0,1.0,0.3033166422952095,1.0,4.155033955570995e-25,0.12409309353527953,1.0555301102720813,1.0,1.0,6.0,3.0,6.0,3.0,1.4813591690108652,1.0
81.0,0.65,-0.40697493560583986,0.03370104113478373,0.0389953259749779,-0.00027724233986972457,-0.00017635027200756258,0.21522070024211226,-0.10966109455196127,7.909582525011008e-12,0.2866759091845731,0.39990001586780405,0.0,0.0,4.0,1.0,0.32861305395868967,1.0,5.609751227771041e-25,0.12565496513587954,1.0688153178194575,1.0,1.0,6.0,3.0,6.0,3.0,1.5000039843704636,1.0
81.0,0.7,-0.40697493560583986,0.03370104113478373,0.0389953259749779,-0.00027724233986972457,-0.00017635027200756258,0.21522070024211226,-0.10966109455196127,3.2232719591650246e-11,0.30395818299780575,0.42400801151976436,0.0,0.0,4.0,1.0,0.3484235109771069,1.0,8.502823753019498e-25,0.12785139458635927,1.087498045068985,1.0,1.0,6.0,3.0,6.0,3.0,1.526223823145203,1.0
81.0,0.75,-0.40697493560583986,0.03370104113478373,0.0389953259749779,-0.00027724233986972457,-0.00017635027200756258,0.21522070024211226,-0.10966109455196127,2.989242245253437e-10,0.3335158768458585,0.4652396667100222,0.0,0.0,4.0,1.0,0.382305130367493,1.0,1.4555639432374276e-24,0.13074747412576138,1.1121319635933287,1.0,1.0,6.0,3.0,6.0,3.0,1.5607957228187197,1.0
81.0,0.8,-0.40697493560583986,0.03370104113478373,0.0389953259749779,-0.00027724233986972457,-0.00017635027200756258,0.21522070024211226,-0.10966109455196127,1.2196466385102735e-9,0.35363986634880157,0.4933117280996283,0.0,0.0,4.0,1.0,0.405373010982941,1.0,2.5476173026046683e-24,0.1338328095351906,1.1383756837888876,1.0,1.0,6.0,3.0,6.0,3.0,1.5976268611844706,1.0
81.0,0.85,-0.40697493560583986,0.03370104113478373,0.0389953259749779,-0.00027724233986972457,-0.00017635027200756258,0.21522070024211226,-0.10966109455196127,3.600464993403163e-8,0.4072080999609561,0.5680370077104746,0.0,0.0,5.0,2.0,0.4667776155502853,1.0,4.287538769861324e-24,0.13676732090689134,1.1633365017000419,1.0,1.0,6.0,3.0,6.0,3.0,1.632657540194819,1.0
81.0,0.9,-0.40697493560583986,0.03370104113478373,0.0389953259749779,-0.00027724233986972457,-0.00017635027200756258,0.21522070024211226,-0.10966109455196127,5.520154737294178e-6,0.502207008249602,0.7005562174344911,1.0,1.0,6.0,3.0,0.5756736907882437,1.0,1.0724480285815531e-23,0.14209299922157412,1.2086364749590095,1.0,1.0,6.0,3.0,6.0,3.0,1.696232733446124,1.0
81.0,0.95,-0.40697493560583986,0.03370104113478373,0.0389953259749779,-0.00027724233986972457,-0.00017635027200756258,0.21522070024211226,-0.10966109455196127,0.0018606472479612403,0.6400356064783338,0.892820920720808,1.0,1.0,6.0,3.0,0.7336649106142107,1.0,1.89757399661212e-23,0.14551193543719074,1.237717788172118,1.0,1.0,6.0,3.0,6.0,3.0,1.737046225696015,1.0
82.0,0.4,-0.7181566173382266,0.002938398145987009,0.03378625393336765,-0.00031538596279392873,-8.705878061843695e-5,0.23533745498349648,-0.21686103649049704,3.877022726818198e-18,0.1474196325259834,0.19300927140255514,0.0,0.0,4.0,1.0,0.13646476863594248,0.0,3.1179305895434287e-25,0.10923575054691192,0.7752664707727974,0.0,0.0,6.0,3.0,6.0,3.0,1.0734913315633756,1.0
82.0,0.45,-0.7181566173382266,0.002938398145987009,0.03378625393336765,-0.00031538596279392873,-8.705878061843695e-5,0.23533745498349648,-0.21686103649049704,6.738879197833905e-17,0.16604496570290628,0.2173945037119227,0.0,0.0,4.0,1.0,0.15370603928086918,0.0,4.926681134402732e-25,0.11133801243534297,0.7901866150179196,0.0,0.0,6.0,3.0,6.0,3.0,1.0941508674992566,1.0
82.0,0.5,-0.7181566173382266,0.002938398145987009,0.03378625393336765,-0.00031538596279392873,-8.705878061843695e-5,0.23533745498349648,-0.21686103649049704,1.0571163467848416e-15,0.18622572599719056,0.24381618021462947,0.0,0.0,4.0,1.0,0.1723871520829346,0.0,1.110452950175669e-24,0.1151726965999081,0.8174020828835795,0.0,0.0,6.0,3.0,6.0,3.0,1.1318354184757802,1.0
82.0,0.55,-0.7181566173382266,0.002938398145987009,0.03378625393336765,-0.00031538596279392873,-8.705878061843695e-5,0.23533745498349648,-0.21686103649049704,1.6790062874635612e-14,0.20896733620459818,0.2735906515075151,0.0,0.0,4.0,1.0,0.1934388161129319,0.0,1.7075158954346368e-24,0.11725613099770149,0.8321886049203396,0.0,0.0,6.0,3.0,6.0,3.0,1.152309931212814,1.0
82.0,0.6,-0.7181566173382266,0.002938398145987009,0.03378625393336765,-0.00031538596279392873,-8.705878061843695e-5,0.23533745498349648,-0.21686103649049704,9.306187067832204e-14,0.22442266603285074,0.2938255544056175,0.0,0.0,4.0,1.0,0.20774564874482662,0.0,2.4588949347617835e-24,0.11905140561951201,0.8449300033466844,0.0,0.0,6.0,3.0,6.0,3.0,1.169952614442804,1.0
82.0,0.65,-0.7181566173382266,0.002938398145987009,0.03378625393336765,-0.00031538596279392873,-8.705878061843695e-5,0.23533745498349648,-0.21686103649049704,1.0526872728271673e-12,0.2482925566210436,0.32507722768647296,0.0,0.0,4.0,1.0,0.229841749790994,0.0,3.363100175575758e-24,0.12061496275146409,0.8560268595816728,0.0,0.0,6.0,3.0,6.0,3.0,1.1853181428449162,1.0
82.0,0.7,-0.7181566173382266,0.002938398145987009,0.03378625393336765,-0.00031538596279392873,-8.705878061843695e-5,0.23533745498349648,-0.21686103649049704,7.179973798970106e-11,0.2960554172971522,0.3876107911015943,0.0,0.0,4.0,1.0,0.27405531632804997,0.0,5.075297444245862e-24,0.12270094976376911,0.8708314979991392,0.0,0.0,6.0,3.0,6.0,3.0,1.2058177408634372,1.0
82.0,0.75,-0.7181566173382266,0.002938398145987009,0.03378625393336765,-0.00031538596279392873,-8.705878061843695e-5,0.23533745498349648,-0.21686103649049704,3.4645664275076135e-10,0.3161209393028137,0.41388159178305767,0.0,0.0,4.0,1.0,0.29262975428548693,0.0,7.720732973199709e-24,0.12486463943364305,0.8861876066523253,0.0,0.0,6.0,3.0,6.0,3.0,1.2270809453836966,1.0
82.0,0.8,-0.7181566173382266,0.002938398145987009,0.03378625393336765,-0.00031538596279392873,-8.705878061843695e-5,0.23533745498349648,-0.21686103649049704,1.9617259308519603e-9,0.33980348113712255,0.4448879785585424,0.0,0.0,4.0,1.0,0.31455242860473237,0.0,1.1700686744867733e-23,0.127046440438516,0.9016722548238962,0.0,0.0,6.0,3.0,6.0,3.0,1.2485221352340972,1.0
82.0,0.85,-0.7181566173382266,0.002938398145987009,0.03378625393336765,-0.00031538596279392873,-8.705878061843695e-5,0.23533745498349648,-0.21686103649049704,1.5379673225037256e-8,0.37024626776356967,0.4847452212171713,0.0,0.0,4.0,1.0,0.34273298883560427,0.0,2.1928308602967857e-23,0.13041540943613775,0.9255824553933286,0.0,0.0,6.0,3.0,6.0,3.0,1.2816299684951464,1.0
82.0,0.9,-0.7181566173382266,0.002938398145987009,0.03378625393336765,-0.00031538596279392873,-8.705878061843695e-5,0.23533745498349648,-0.21686103649049704,2.991155701095986e-6,0.4611701463758924,0.6037873817717747,0.0,0.0,4.0,1.0,0.42690024556870043,0.0,3.384465823742622e-23,0.1327952224479902,0.9424724316653889,0.0,0.0,6.0,3.0,6.0,3.0,1.3050170796393876,1.0
82.0,0.95,-0.7181566173382266,0.002938398145987009,0.03378625393336765,-0.00031538596279392873,-8.705878061843695e-5,0.23533745498349648,-0.21686103649049704,0.0015194948535860405,0.5978680718169999,0.7827592496264763,0.0,0.0,5.0,2.0,0.553440045245966,1.0,1.0502815389930483e-22,0.13921138921493406,0.9880091624553888,0.0,0.0,6.0,3.0,6.0,3.0,1.368070607185952,1.0
83.0,0.4,-0.36861315529837535,0.11478263888253334,0.11929542646733643,0.00018839131031954712,-0.00127139606076584,-0.012566164197889695,-0.04334043412123412,1.2741882230363003e-23,0.08007299447494784,0.11305442189355418,0.0,0.0,3.0,1.0,0.08787581815333406,1.0,2.535308644595399e-29,0.06288209156600824,0.5778891781372161,0.0,1.0,4.0,2.0,6.0,3.0,0.8193602221341707,1.0
83.0,0.45,-0.36861315529837535,0.11478263888253334,0.11929542646733643,0.00018839131031954712,-0.00127139606076584,-0.012566164197889695,-0.04334043412123412,1.7231017798310186e-22,0.08925124700448334,0.1260131233948991,0.0,0.0,3.0,1.0,0.09794845819308155,1.0,3.834034450604318e-29,0.0639751570784717,0.5879344981149168,0.0,1.0,4.0,2.0,6.0,3.0,0.8336029799495513,1.0
83.0,0.5,-0.36861315529837535,0.11478263888253334,0.11929542646733643,0.00018839131031954712,-0.00127139606076584,-0.012566164197889695,-0.04334043412123412,6.434666436591222e-21,0.10378229147766856,0.14652938912465724,0.0,0.0,3.0,1.0,0.11389550038972558,1.0,5.403998247140963e-29,0.06489663229937127,0.5964028957909148,0.0,1.0,4.0,2.0,6.0,3.0,0.8456098983405349,1.0
83.0,0.55,-0.36861315529837535,0.11478263888253334,0.11929542646733643,0.00018839131031954712,-0.00127139606076584,-0.012566164197889695,-0.04334043412123412,9.004127678355889e-20,0.1158429848353835,0.1635577858285983,0.0,0.0,3.0,1.0,0.12713146469023978,1.0,9.245596651445138e-29,0.06636508419778196,0.609898033111781,0.0,1.0,4.0,2.0,6.0,3.0,0.864743979979854,1.0
83.0,0.6,-0.36861315529837535,0.11478263888253334,0.11929542646733643,0.00018839131031954712,-0.00127139606076584,-0.012566164197889695,-0.04334043412123412,2.3479388693208722e-18,0.13270275931293685,0.18736196686758563,0.0,0.0,3.0,1.0,0.14563416320689432,1.0,1.1792317062597025e-28,0.06704128422270028,0.6161123409842575,0.0,1.0,4.0,2.0,6.0,3.0,0.8735549369443275,1.0
83.0,0.65,-0.36861315529837535,0.11478263888253334,0.11929542646733643,0.00018839131031954712,-0.00127139606076584,-0.012566164197889695,-0.04334043412123412,3.922374648114274e-16,0.16424766920311185,0.2318999734040312,0.0,0.0,3.0,1.0,0.1802530104643127,1.0,1.6080345692179192e-28,0.0679132740458034,0.6241259656851487,0.0,1.0,4.0,2.0,6.0,3.0,0.8849170554324911,1.0
83.0,0.7,-0.36861315529837535,0.11478263888253334,0.11929542646733643,0.00018839131031954712,-0.00127139606076584,-0.012566164197889695,-0.04334043412123412,5.7782130364782e-15,0.1837283050279943,0.259404527664082,0.0,0.0,3.0,1.0,0.20163196378663772,1.0,2.064515297980392e-28,0.0686240662481494,0.6306581771846486,0.0,1.0,4.0,2.0,6.0,3.0,0.8941787520825474,1.0
83.0,0.75,-0.36861315529837535,0.11478263888253334,0.11929542646733643,0.00018839131031954712,-0.00127139606076584,-0.012566164197889695,-0.04334043412123412,2.611625636658081e-14,0.195646744478543,0.27623207721172227,0.0,0.0,3.0,1.0,0.21471181205128104,1.0,3.9264552380270666e-28,0.07048700442743161,0.6477786607203422,0.0,1.0,4.0,2.0,6.0,3.0,0.9184530311719542,1.0
83.0,0.8,-0.36861315529837535,0.11478263888253334,0.11929542646733643,0.00018839131031954712,-0.00127139606076584,-0.012566164197889695,-0.04334043412123412,6.327913546670018e-13,0.22343636616282023,0.3154680222985453,0.0,0.0,3.0,1.0,0.24520943185044472,1.0,6.131522687087355e-28,0.07180825523776953,0.6599210135887708,0.0,1.0,4.0,2.0,6.0,3.0,0.9356690672562024,1.0
83.0,0.85,-0.36861315529837535,0.11478263888253334,0.11929542646733643,0.00018839131031954712,-0.00127139606076584,-0.012566164197889695,-0.04334043412123412,1.6406236131589052e-11,0.2558939651364583,0.3612946472684099,0.0,0.0,5.0,2.0,0.2808299064412087,1.0,1.288634998345142e-27,0.07406524103518387,0.6806628120094869,0.0,1.0,4.0,2.0,6.0,3.0,0.9650778279743777,1.0
83.0,0.9,-0.36861315529837535,0.11478263888253334,0.11929542646733643,0.00018839131031954712,-0.00127139606076584,-0.012566164197889695,-0.04334043412123412,8.210581017752561e-10,0.30120828687307427,0.42527357650696174,1.0,1.0,6.0,3.0,0.3305599449239631,1.0,2.122146968996648e-27,0.07562081224720366,0.6949585796415859,0.0,1.0,4.0,2.0,6.0,3.0,0.9853470833710131,1.0
83.0,0.95,-0.36861315529837535,0.11478263888253334,0.11929542646733643,0.00018839131031954712,-0.00127139606076584,-0.012566164197889695,-0.04334043412123412,4.472962611868794e-7,0.3916301690517333,0.5529395103622727,1.0,1.0,6.0,3.0,0.4297931124546222,1.0,5.108368621943692e-27,0.07843997621186302,0.720866820064233,0.0,1.0,4.0,2.0,6.0,3.0,1.022081084336792,1.0
84.0,0.4,-0.08639706011626469,0.1089211113549069,0.10772143274689924,-0.0005356432255535589,-4.757122717954922e-7,0.2076620725604655,0.043015601792511404,2.310717763629431e-21,0.10599601541098078,0.14878091238514915,0.0,0.0,3.0,1.0,0.12129774518502141,1.0,3.120223758077734e-29,0.06575585701017325,0.6394290735737111,0.0,0.0,4.0,2.0,6.0,3.0,0.9497542274629193,1.0
84.0,0.45,-0.08639706011626469,0.1089211113549069,0.10772143274689924,-0.0005356432255535589,-4.757122717954922e-7,0.2076620725604655,0.043015601792511404,6.850374621662301e-20,0.1220735334226439,0.17134806068208508,0.0,0.0,3.0,1.0,0.139696235688885,1.0,6.459982906597295e-29,0.0677802256431366,0.6591146227917398,0.0,0.0,4.0,2.0,6.0,3.0,0.9789934884887893,1.0
84.0,0.5,-0.08639706011626469,0.1089211113549069,0.10772143274689924,-0.0005356432255535589,-4.757122717954922e-7,0.2076620725604655,0.043015601792511404,3.4089496672372044e-19,0.13051465404910964,0.18319640822127542,0.0,0.0,3.0,1.0,0.14935592803538614,1.0,8.475189263580868e-29,0.0685513894496207,0.6666136438793584,0.0,0.0,4.0,2.0,6.0,3.0,0.9901319044197288,1.0
84.0,0.55,-0.08639706011626469,0.1089211113549069,0.10772143274689924,-0.0005356432255535589,-4.757122717954922e-7,0.2076620725604655,0.043015601792511404,1.6091044698863266e-18,0.13923265201686333,0.19543339360968937,0.0,0.0,3.0,1.0,0.1593324681148972,1.0,1.1445243898654982e-28,0.06941490715069124,0.6750107410919246,0.0,1.0,4.0,2.0,6.0,3.0,1.0026042471793088,1.0
84.0,0.6,-0.08639706011626469,0.1089211113549069,0.10772143274689924,-0.0005356432255535589,-4.757122717954922e-7,0.2076620725604655,0.043015601792511404,8.6983782031075e-18,0.1493745743039448,0.2096690650673444,0.0,0.0,3.0,1.0,0.17093849217622487,1.0,1.436575421217962e-28,0.07007536812521521,0.6814332556522036,0.0,1.0,4.0,2.0,6.0,3.0,1.0121437107518299,1.0
84.0,0.65,-0.08639706011626469,0.1089211113549069,0.10772143274689924,-0.0005356432255535589,-4.757122717954922e-7,0.2076620725604655,0.043015601792511404,2.3092146672246615e-16,0.17124231806544338,0.24036364217975326,0.0,0.0,3.0,1.0,0.19596309333947592,1.0,2.0416337772642996e-28,0.07110919791837242,0.691486517170324,0.0,1.0,4.0,2.0,6.0,3.0,1.0270759808365497,1.0
84.0,0.7,-0.08639706011626469,0.1089211113549069,0.10772143274689924,-0.0005356432255535589,-4.757122717954922e-7,0.2076620725604655,0.043015601792511404,6.593357200216026e-16,0.1788941726075533,0.25110413931824854,0.0,0.0,3.0,1.0,0.2047195800700661,1.0,3.064938966672272e-28,0.07232319654481649,0.7032917928115007,1.0,1.0,4.0,2.0,6.0,3.0,1.0446105455129868,1.0
84.0,0.75,-0.08639706011626469,0.1089211113549069,0.10772143274689924,-0.0005356432255535589,-4.757122717954922e-7,0.2076620725604655,0.043015601792511404,2.347023081308736e-14,0.20760523889832055,0.29140432061967075,0.0,0.0,3.0,1.0,0.2375754151637216,1.0,3.9621130725952206e-28,0.07310105688637399,0.7108559329533422,1.0,1.0,4.0,2.0,6.0,3.0,1.0558456838164194,1.0
84.0,0.8,-0.08639706011626469,0.1089211113549069,0.10772143274689924,-0.0005356432255535589,-4.757122717954922e-7,0.2076620725604655,0.043015601792511404,5.480979129244245e-13,0.23672956942328635,0.3322845787247519,0.0,0.0,5.0,2.0,0.2709041738817183,1.0,5.336166762994881e-28,0.07401355443466381,0.7197293244422703,1.0,1.0,4.0,2.0,6.0,3.0,1.0690254740806342,1.0
84.0,0.85,-0.08639706011626469,0.1089211113549069,0.10772143274689924,-0.0005356432255535589,-4.757122717954922e-7,0.2076620725604655,0.043015601792511404,1.0094829979404547e-10,0.29419652867702606,0.4129478621191374,0.0,0.0,5.0,2.0,0.3366671419809513,1.0,8.742877438526566e-28,0.07555194272793021,0.73468905952728,1.0,1.0,4.0,2.0,6.0,3.0,1.0912454078088674,1.0
84.0,0.9,-0.08639706011626469,0.1089211113549069,0.10772143274689924,-0.0005356432255535589,-4.757122717954922e-7,0.2076620725604655,0.043015601792511404,1.1957302189594888e-8,0.3589506980270027,0.50383981083322,0.0,0.0,5.0,2.0,0.41076931179390724,1.0,1.2835312291663867e-27,0.07677037079927167,0.7465374083786003,1.0,1.0,4.0,2.0,6.0,3.0,1.1088439498130722,1.0
84.0,0.95,-0.08639706011626469,0.1089211113549069,0.10772143274689924,-0.0005356432255535589,-4.757122717954922e-7,0.2076620725604655,0.043015601792511404,7.494708252739017e-7,0.42649590517440317,0.5986493893600094,1.0,1.0,6.0,3.0,0.4880654374385143,1.0,5.4959810360449646e-27,0.08156651760820907,0.7931765345371703,1.0,1.0,4.0,2.0,6.0,3.0,1.1781177896569714,1.0
85.0,0.4,-1.1383740155711854,-0.8846774036622914,-0.8832502482625261,-0.00010442042681886985,7.718158279581747e-6,-0.016525604232092928,-0.9682911706987458,1.145907352821763e-21,0.11838992491239697,0.16937525552899804,0.0,0.0,3.0,1.0,0.17318135925144676,0.0,8.514270970146764e-28,0.0889766863680023,1.0817080807892328,0.0,0.0,3.0,1.0,4.0,2.0,1.9128357027618916,0.0
85.0,0.45,-1.1383740155711854,-0.8846774036622914,-0.8832502482625261,-0.00010442042681886985,7.718158279581747e-6,-0.016525604232092928,-0.9682911706987458,2.888998479118946e-20,0.13542992992275113,0.19375364080950033,0.0,0.0,3.0,1.0,0.19810756164179558,0.0,1.5262521271297935e-27,0.09116703806163717,1.108336641859442,0.0,0.0,4.0,2.0,4.0,2.0,1.9599242502479246,1.0
85.0,0.5,-1.1383740155711854,-0.8846774036622914,-0.8832502482625261,-0.00010442042681886985,7.718158279581747e-6,-0.016525604232092928,-0.9682911706987458,5.558846862710076e-19,0.15318792915779186,0.2191592288301396,0.0,0.0,3.0,1.0,0.22408404948386593,0.0,2.639992074706399e-27,0.09327248038147565,1.1339329420136803,0.0,0.0,4.0,2.0,6.0,3.0,2.005187401797939,1.0
85.0,0.55,-1.1383740155711854,-0.8846774036622914,-0.8832502482625261,-0.00010442042681886985,7.718158279581747e-6,-0.016525604232092928,-0.9682911706987458,1.877974581280753e-17,0.1773865090509347,0.2537790721645512,0.0,0.0,3.0,1.0,0.2594818501071044,0.0,4.525294043747038e-27,0.09539055309223331,1.1596827924570843,0.0,1.0,4.0,2.0,6.0,3.0,2.0507220836069022,1.0
85.0,0.6,-1.1383740155711854,-0.8846774036622914,-0.8832502482625261,-0.00010442042681886985,7.718158279581747e-6,-0.016525604232092928,-0.9682911706987458,6.709108321293708e-16,0.20588650554715038,0.2945527629384407,0.0,0.0,3.0,1.0,0.3011717839044969,0.0,7.133290613616075e-27,0.09721661531768579,1.1818826107007794,1.0,1.0,4.0,2.0,6.0,3.0,2.089979075105367,1.0
85.0,0.65,-1.1383740155711854,-0.8846774036622914,-0.8832502482625261,-0.00010442042681886985,7.718158279581747e-6,-0.016525604232092928,-0.9682911706987458,1.2464819720378992e-14,0.23254326495765948,0.3326894155300433,0.0,0.0,3.0,1.0,0.3401654215080913,0.0,1.0478482532833486e-26,0.09878686041371029,1.2009724068993508,1.0,1.0,4.0,2.0,6.0,3.0,2.123736467118592,1.0
85.0,0.7,-1.1383740155711854,-0.8846774036622914,-0.8832502482625261,-0.00010442042681886985,7.718158279581747e-6,-0.016525604232092928,-0.9682911706987458,5.235879699992873e-13,0.27173239598811344,0.3887555806801108,0.0,0.0,3.0,1.0,0.39749147340616475,0.0,1.6079266301635767e-26,0.10056522808062181,1.2225923924757551,1.0,1.0,4.0,2.0,6.0,3.0,2.16196811301105,1.0
85.0,0.75,-1.1383740155711854,-0.8846774036622914,-0.8832502482625261,-0.00010442042681886985,7.718158279581747e-6,-0.016525604232092928,-0.9682911706987458,1.8139257726129582e-10,0.34670438034208023,0.4960146993666492,0.0,0.0,3.0,1.0,0.5071608575687573,0.0,2.957862713717551e-26,0.10315196383782554,1.254039877043353,1.0,1.0,4.0,2.0,6.0,3.0,2.2175781914705417,1.0
85.0,0.8,-1.1383740155711854,-0.8846774036622914,-0.8832502482625261,-0.00010442042681886985,7.718158279581747e-6,-0.016525604232092928,-0.9682911706987458,2.9683153997301664e-9,0.3895274796787815,0.5572798230506489,0.0,0.0,3.0,1.0,0.5698026960189233,0.0,3.961970242630533e-26,0.10441583932241821,1.2694050741596052,1.0,1.0,4.0,2.0,6.0,3.0,2.2447491982753505,1.0
85.0,0.85,-1.1383740155711854,-0.8846774036622914,-0.8832502482625261,-0.00010442042681886985,7.718158279581747e-6,-0.016525604232092928,-0.9682911706987458,5.2323795952258815e-8,0.4389981103394693,0.628055277258723,0.0,0.0,3.0,1.0,0.6421685756930905,0.0,6.558590906565038e-26,0.10663191023534273,1.2963463091275826,1.0,1.0,4.0,2.0,6.0,3.0,2.292390661844381,1.0
85.0,0.9,-1.1383740155711854,-0.8846774036622914,-0.8832502482625261,-0.00010442042681886985,7.718158279581747e-6,-0.016525604232092928,-0.9682911706987458,3.932868249741826e-6,0.5255689995018554,0.7519084386160061,0.0,0.0,3.0,1.0,0.7688048943480952,0.0,1.8001319758966732e-25,0.11121356552286339,1.3520464453116172,1.0,1.0,4.0,2.0,6.0,3.0,2.3908878544176138,1.0
85.0,0.95,-1.1383740155711854,-0.8846774036622914,-0.8832502482625261,-0.00010442042681886985,7.718158279581747e-6,-0.016525604232092928,-0.9682911706987458,0.07511631386641525,0.7925118721671603,1.1338118590530635,0.0,0.0,3.0,1.0,1.1592902296912089,0.0,4.954967555668271e-25,0.1160059105775954,1.4103079808131032,1.0,1.0,4.0,2.0,6.0,3.0,2.493914490886539,1.0
86.0,0.4,-0.08896475385946978,0.11434037179400403,0.11313377082563425,-8.688557712789993e-5,0.001680665165619952,0.26401681176573044,0.04576792926393303,2.4589355128448175e-21,0.1006999662711972,0.13826026875063555,0.0,0.0,3.0,1.0,0.10361384111316865,1.0,3.415396478998508e-28,0.0686057440715848,0.6695360185415915,0.0,0.0,4.0,2.0,6.0,3.0,0.9505547071766595,1.0
86.0,0.45,-0.08896475385946978,0.11434037179400403,0.11313377082563425,-8.688557712789993e-5,0.001680665165619952,0.26401681176573044,0.04576792926393303,3.385491355226097e-20,0.11232655310661169,0.15422348184832238,0.0,0.0,3.0,1.0,0.11557685724575358,1.0,4.498208297503656e-28,0.06939748745516201,0.6772627871951581,0.0,0.0,4.0,2.0,6.0,3.0,0.9615245670669622,1.0
86.0,0.5,-0.08896475385946978,0.11434037179400403,0.11313377082563425,-8.688557712789993e-5,0.001680665165619952,0.26401681176573044,0.04576792926393303,1.6407006054569093e-18,0.13204067933220048,0.18129082348767583,0.0,0.0,3.0,1.0,0.1358614354642009,1.0,7.167901944529902e-28,0.07075792701172781,0.6905395659327975,0.0,0.0,4.0,2.0,6.0,3.0,0.9803738958195758,1.0
86.0,0.55,-0.08896475385946978,0.11434037179400403,0.11313377082563425,-8.688557712789993e-5,0.001680665165619952,0.26401681176573044,0.04576792926393303,4.1089851383047704e-17,0.15100354211306186,0.20732668627339382,0.0,0.0,3.0,1.0,0.1553730115250658,1.0,1.1278419149207434e-27,0.07210700238718216,0.7037054395461169,0.0,0.0,4.0,2.0,6.0,3.0,0.9990657701783203,1.0
86.0,0.6,-0.08896475385946978,0.11434037179400403,0.11313377082563425,-8.688557712789993e-5,0.001680665165619952,0.26401681176573044,0.04576792926393303,7.916647435968061e-16,0.1708129324830367,0.23452482484042095,0.0,0.0,3.0,1.0,0.17575561047068614,1.0,1.6794558604867827e-27,0.07331324736077698,0.7154774051145361,0.0,0.0,4.0,2.0,6.0,3.0,1.0157786832612588,1.0
86.0,0.65,-0.08896475385946978,0.11434037179400403,0.11313377082563425,-8.688557712789993e-5,0.001680665165619952,0.26401681176573044,0.04576792926393303,2.000881975965387e-14,0.1954185361037721,0.2683081268150467,0.0,0.0,3.0,1.0,0.20107320687569807,1.0,3.3642745634113075e-27,0.0754665057268089,0.7364914477839091,0.0,0.0,4.0,2.0,6.0,3.0,1.0456127722766557,1.0
86.0,0.7,-0.08896475385946978,0.11434037179400403,0.11313377082563425,-8.688557712789993e-5,0.001680665165619952,0.26401681176573044,0.04576792926393303,6.163074624348323e-13,0.22541860286597273,0.30949798463394895,0.0,0.0,3.0,1.0,0.23194136171213317,1.0,5.229880074501811e-27,0.0768665850987109,0.7501550787377165,0.0,0.0,4.0,2.0,6.0,3.0,1.0650113234532705,1.0
86.0,0.75,-0.08896475385946978,0.11434037179400403,0.11313377082563425,-8.688557712789993e-5,0.001680665165619952,0.26401681176573044,0.04576792926393303,2.2021858478753583e-12,0.2377025147137435,0.3263636998498604,0.0,0.0,5.0,2.0,0.24458072334821687,1.0,7.720633001246806e-27,0.0781242695571313,0.7624290516574447,0.0,0.0,4.0,2.0,6.0,3.0,1.0824369471859865,1.0
86.0,0.8,-0.08896475385946978,0.11434037179400403,0.11313377082563425,-8.688557712789993e-5,0.001680665165619952,0.26401681176573044,0.04576792926393303,5.767647909805997e-11,0.27234734245530456,0.3739307782882746,0.0,0.0,5.0,2.0,0.28022804091870884,1.0,1.0245424648064049e-26,0.07905072313624796,0.7714704817755721,0.0,0.0,4.0,2.0,6.0,3.0,1.0952732602750352,1.0
86.0,0.85,-0.08896475385946978,0.11434037179400403,0.11313377082563425,-8.688557712789993e-5,0.001680665165619952,0.26401681176573044,0.04576792926393303,8.760684126437885e-10,0.30503800027973843,0.4188147966629071,0.0,0.0,5.0,2.0,0.3138646423112426,1.0,1.817965918561482e-26,0.08096236222317729,0.7901265176581602,0.0,0.0,4.0,2.0,6.0,3.0,1.121759636264304,1.0
86.0,0.9,-0.08896475385946978,0.11434037179400403,0.11313377082563425,-8.688557712789993e-5,0.001680665165619952,0.26401681176573044,0.04576792926393303,2.4211033695158645e-7,0.3855512212653648,0.5293588214888219,0.0,0.0,5.0,2.0,0.3967076103440952,1.0,2.961998541716288e-26,0.08262595021013686,0.8063617774364132,0.0,1.0,4.0,2.0,6.0,3.0,1.144809184275283,1.0
86.0,0.95,-0.08896475385946978,0.11434037179400403,0.11313377082563425,-8.688557712789993e-5,0.001680665165619952,0.26401681176573044,0.04576792926393303,1.0356808681207951e-5,0.45086785777143035,0.6190380542791829,0.0,0.0,5.0,2.0,0.46391426241744166,1.0,1.4850764062121158e-25,0.088366970289432,0.8623894436074538,0.0,1.0,4.0,2.0,6.0,3.0,1.2243528687614627,1.0
87.0,0.4,-0.26067457858032106,-0.03744268299779224,0.01469991235639212,-0.00038538847684428234,0.0003802272188825929,0.12635418277136812,-0.07709125128917882,5.121324382007965e-19,0.14380070144855014,0.19763573351387695,0.0,0.0,4.0,1.0,0.15631545470495922,1.0,2.0901729379715955e-26,0.11488383063680384,0.853424364225014,1.0,1.0,6.0,3.0,6.0,3.0,1.1769379430607565,1.0
87.0,0.45,-0.26067457858032106,-0.03744268299779224,0.01469991235639212,-0.00038538847684428234,0.0003802272188825929,0.12635418277136812,-0.07709125128917882,1.7777958720590697e-18,0.15145437444305268,0.20815473141240287,0.0,0.0,4.0,1.0,0.16463521505554954,1.0,3.503570805974114e-26,0.11738319773760024,0.8719911265547404,1.0,1.0,6.0,3.0,6.0,3.0,1.2025429386311488,1.0
87.0,0.5,-0.26067457858032106,-0.03744268299779224,0.01469991235639212,-0.00038538847684428234,0.0003802272188825929,0.12635418277136812,-0.07709125128917882,1.3859267792200416e-17,0.16498428839091217,0.22674987344251019,0.0,0.0,4.0,1.0,0.1793426165464618,1.0,6.413625422261327e-26,0.1203780485097922,0.8942386317261768,1.0,1.0,6.0,3.0,6.0,3.0,1.2332239621316687,1.0
87.0,0.55,-0.26067457858032106,-0.03744268299779224,0.01469991235639212,-0.00038538847684428234,0.0003802272188825929,0.12635418277136812,-0.07709125128917882,6.84590139925543e-17,0.1763381794078412,0.24235434933701916,0.0,0.0,4.0,1.0,0.19168461918694826,1.0,1.455689340305991e-25,0.12456016593678768,0.925305848813771,1.0,1.0,6.0,3.0,6.0,3.0,1.2760680478039803,1.0
87.0,0.6,-0.26067457858032106,-0.03744268299779224,0.01469991235639212,-0.00038538847684428234,0.0003802272188825929,0.12635418277136812,-0.07709125128917882,1.1679795965019704e-15,0.19846314914809857,0.27276229992099166,0.0,0.0,4.0,1.0,0.21573509091930754,1.0,2.8741981741465636e-25,0.12814141393397302,0.9519094559374951,1.0,1.0,6.0,3.0,6.0,3.0,1.3127564714753917,1.0
87.0,0.65,-0.26067457858032106,-0.03744268299779224,0.01469991235639212,-0.00038538847684428234,0.0003802272188825929,0.12635418277136812,-0.07709125128917882,1.8589990934130898e-14,0.2227187130334331,0.3060984805653255,0.0,0.0,4.0,1.0,0.24210157911907337,1.0,4.79189099513098e-25,0.13089983656317428,0.9724006344222399,1.0,1.0,6.0,3.0,6.0,3.0,1.3410153851737698,1.0
87.0,0.7,-0.26067457858032106,-0.03744268299779224,0.01469991235639212,-0.00038538847684428234,0.0003802272188825929,0.12635418277136812,-0.07709125128917882,1.0241551097405158e-13,0.2391306888966947,0.32865464931467114,0.0,0.0,4.0,1.0,0.25994186392874413,1.0,8.015993251421293e-25,0.1337363722101726,0.9934720821422782,1.0,1.0,6.0,3.0,6.0,3.0,1.3700745348495036,1.0
87.0,0.75,-0.26067457858032106,-0.03744268299779224,0.01469991235639212,-0.00038538847684428234,0.0003802272188825929,0.12635418277136812,-0.07709125128917882,5.650892132608978e-13,0.2567684257060506,0.35289547023367707,0.0,0.0,5.0,2.0,0.27911458576909814,1.0,1.4886486805078256e-24,0.13723060918832458,1.0194293204672995,1.0,1.0,6.0,3.0,6.0,3.0,1.4058715661535381,1.0
87.0,0.8,-0.26067457858032106,-0.03744268299779224,0.01469991235639212,-0.00038538847684428234,0.0003802272188825929,0.12635418277136812,-0.07709125128917882,7.872759497772484e-12,0.28655546821839173,0.39383396313972074,0.0,0.0,5.0,2.0,0.3114939486493166,1.0,2.14467042272514e-24,0.139334288949042,1.0350566855401018,1.0,1.0,6.0,3.0,6.0,3.0,1.427422906465865,1.0
87.0,0.85,-0.26067457858032106,-0.03744268299779224,0.01469991235639212,-0.00038538847684428234,0.0003802272188825929,0.12635418277136812,-0.07709125128917882,9.678511296122754e-11,0.3181354748317991,0.4372366566491604,1.0,1.0,6.0,3.0,0.34582231453094325,1.0,2.911037202251913e-24,0.14111937316121564,1.04831733632462,1.0,1.0,6.0,3.0,6.0,3.0,1.445710365451349,1.0
87.0,0.9,-0.26067457858032106,-0.03744268299779224,0.01469991235639212,-0.00038538847684428234,0.0003802272188825929,0.12635418277136812,-0.07709125128917882,3.204031071749513e-8,0.40514216007659776,0.5568162545631467,1.0,1.0,6.0,3.0,0.44040105739804974,1.0,9.161309511972387e-24,0.1480242537734688,1.0996108326669503,1.0,1.0,6.0,3.0,6.0,3.0,1.5164480483769558,1.0
87.0,0.95,-0.26067457858032106,-0.03744268299779224,0.01469991235639212,-0.00038538847684428234,0.0003802272188825929,0.12635418277136812,-0.07709125128917882,0.0009530001483300883,0.622298780131026,0.8552703473424271,1.0,1.0,6.0,3.0,0.6764564831648361,1.0,3.245792831032897e-23,0.15603535573382715,1.1591219889311837,1.0,1.0,6.0,3.0,6.0,3.0,1.5985185173943222,1.0
88.0,0.4,-0.43245840669422253,0.11668894243896855,0.11421849288892993,-0.0001742517879169333,-9.625186080449798e-5,0.10453366266739461,-0.0680068069721208,5.515199999556281e-21,0.1124538866815808,0.15547510608173015,0.0,0.0,2.0,0.0,0.11541328597077787,0.0,1.2062670238720377e-29,0.06286490903665877,0.5778624204127533,0.0,0.0,4.0,2.0,6.0,3.0,0.8972497189455346,1.0
88.0,0.45,-0.43245840669422253,0.11668894243896855,0.11421849288892993,-0.0001742517879169333,-9.625186080449798e-5,0.10453366266739461,-0.0680068069721208,2.8311099970822887e-20,0.12038552799710679,0.16644113679283787,0.0,0.0,2.0,0.0,0.12355366078911112,0.0,1.7647149003003468e-29,0.06386941238091214,0.5870959458042314,0.0,0.0,4.0,2.0,6.0,3.0,0.9115866575830437,1.0
88.0,0.5,-0.43245840669422253,0.11668894243896855,0.11421849288892993,-0.0001742517879169333,-9.625186080449798e-5,0.10453366266739461,-0.0680068069721208,2.834118926622824e-19,0.1325135139140609,0.18320889780705119,0.0,0.0,2.0,0.0,0.13600081355712887,0.0,2.4494118168257648e-29,0.0647479053022441,0.5951711669986236,0.0,0.0,4.0,2.0,6.0,3.0,0.9241250918039715,1.0
88.0,0.55,-0.43245840669422253,0.11668894243896855,0.11421849288892993,-0.0001742517879169333,-9.625186080449798e-5,0.10453366266739461,-0.0680068069721208,9.250064021460488e-18,0.1532258767362104,0.2118451406440401,0.0,0.0,2.0,0.0,0.15725825448749023,1.0,3.9603671653683325e-29,0.06605724515645893,0.6072067892383417,0.0,0.0,4.0,2.0,6.0,3.0,0.9428128594982406,1.0
88.0,0.6,-0.43245840669422253,0.11668894243896855,0.11421849288892993,-0.0001742517879169333,-9.625186080449798e-5,0.10453366266739461,-0.0680068069721208,6.08449256743535e-17,0.16573673006644582,0.22914224175890907,0.0,0.0,2.0,0.0,0.1700983504214747,1.0,5.011572820201335e-29,0.06670838082340814,0.6131921129791418,0.0,0.0,4.0,2.0,6.0,3.0,0.952106300037937,1.0
88.0,0.65,-0.43245840669422253,0.11668894243896855,0.11421849288892993,-0.0001742517879169333,-9.625186080449798e-5,0.10453366266739461,-0.0680068069721208,2.1392767557389395e-16,0.17465078476471016,0.2414665254340059,0.0,0.0,2.0,0.0,0.17924699236181996,1.0,7.611442832866131e-29,0.06788012062680843,0.6239628976547704,0.0,0.0,4.0,2.0,6.0,3.0,0.9688301484517653,1.0
88.0,0.7,-0.43245840669422253,0.11668894243896855,0.11421849288892993,-0.0001742517879169333,-9.625186080449798e-5,0.10453366266739461,-0.0680068069721208,1.1346667704908525e-15,0.18722432129786862,0.25885029031756773,0.0,0.0,2.0,0.0,0.1921514211049051,1.0,9.845896981586439e-29,0.0686120588018927,0.6306909685599562,0.0,0.0,4.0,2.0,6.0,3.0,0.9792768560338425,1.0
88.0,0.75,-0.43245840669422253,0.11668894243896855,0.11421849288892993,-0.0001742517879169333,-9.625186080449798e-5,0.10453366266739461,-0.0680068069721208,6.545068813629644e-15,0.20140604899278067,0.2784574882798043,0.0,0.0,2.0,0.0,0.20670636306655701,1.0,1.4341750487416601e-28,0.06969579413527209,0.6406528047008192,0.0,0.0,4.0,2.0,6.0,3.0,0.9947446462237399,1.0
88.0,0.8,-0.43245840669422253,0.11668894243896855,0.11421849288892993,-0.0001742517879169333,-9.625186080449798e-5,0.10453366266739461,-0.0680068069721208,1.2941275275932426e-12,0.25103934649825976,0.34707887987919656,0.0,0.0,5.0,2.0,0.25764583815017655,1.0,1.7854785640722876e-28,0.07033496205925394,0.646528119391674,0.0,0.0,4.0,2.0,6.0,3.0,1.0038672751902002,1.0
88.0,0.85,-0.43245840669422253,0.11668894243896855,0.11421849288892993,-0.0001742517879169333,-9.625186080449798e-5,0.10453366266739461,-0.0680068069721208,1.6128761258293143e-10,0.30694422006946814,0.4243711496749101,0.0,0.0,5.0,2.0,0.31502193559804603,1.0,3.7969558268417985e-28,0.07258128094231751,0.6671765747330958,0.0,0.0,4.0,2.0,6.0,3.0,1.0359282296618832,1.0
88.0,0.9,-0.43245840669422253,0.11668894243896855,0.11421849288892993,-0.0001742517879169333,-9.625186080449798e-5,0.10453366266739461,-0.0680068069721208,9.73132760487904e-9,0.36412451690818726,0.5034267784230522,1.0,1.0,6.0,3.0,0.37370702106447834,1.0,7.867185383923208e-28,0.07481820566973826,0.6877386777739943,0.0,1.0,4.0,2.0,6.0,3.0,1.0678551045072784,1.0
88.0,0.95,-0.43245840669422253,0.11668894243896855,0.11421849288892993,-0.0001742517879169333,-9.625186080449798e-5,0.10453366266739461,-0.0680068069721208,3.149764113302601e-7,0.42089232086803874,0.5819121078601395,1.0,1.0,6.0,3.0,0.4319687582590588,1.0,1.3572548580176825e-27,0.07653775264787396,0.7035449772505352,0.0,1.0,4.0,2.0,6.0,3.0,1.0923976206182333,1.0
89.0,0.4,-0.18191067219565804,0.03604112810235677,0.04086428870877623,-0.00020164494003891946,0.0003449431181021428,0.2861428625294874,-0.03339369825936844,6.072280627073396e-21,0.10843690560781066,0.14879520622668535,0.0,0.0,4.0,1.0,0.1196784587132818,1.0,5.0583707286353884e-27,0.08995180020005235,0.7142885629162224,0.0,0.0,6.0,3.0,6.0,3.0,1.074483096760619,1.0
89.0,0.45,-0.18191067219565804,0.03604112810235677,0.04086428870877623,-0.00020164494003891946,0.0003449431181021428,0.2861428625294874,-0.03339369825936844,2.3899129748870916e-19,0.12636788295049053,0.17339977656733785,0.0,0.0,4.0,1.0,0.13946832379257573,1.0,8.490533344116066e-27,0.09191400830388508,0.7298700499294022,0.0,0.0,6.0,3.0,6.0,3.0,1.09792186547015,1.0
89.0,0.5,-0.18191067219565804,0.03604112810235677,0.04086428870877623,-0.00020164494003891946,0.0003449431181021428,0.2861428625294874,-0.03339369825936844,8.042597797336757e-18,0.14630605633373198,0.20075858585568712,0.0,0.0,5.0,2.0,0.16147346905829088,1.0,1.4523760139679486e-26,0.09399311509689799,0.7463798051541752,0.0,0.0,6.0,3.0,6.0,3.0,1.1227570005145202,1.0
89.0,0.55,-0.18191067219565804,0.03604112810235677,0.04086428870877623,-0.00020164494003891946,0.0003449431181021428,0.2861428625294874,-0.03339369825936844,2.430341787094473e-16,0.16863210551589092,0.2313939961310535,0.0,0.0,5.0,2.0,0.1861140389851152,1.0,3.0838759261609296e-26,0.09698884465606508,0.7701682713876931,0.0,0.0,6.0,3.0,6.0,3.0,1.1585412846159218,1.0
89.0,0.6,-0.18191067219565804,0.03604112810235677,0.04086428870877623,-0.00020164494003891946,0.0003449431181021428,0.2861428625294874,-0.03339369825936844,5.283433516148643e-15,0.19171626806016118,0.26306967616906457,0.0,0.0,5.0,2.0,0.21159131518088797,1.0,4.269275996444696e-26,0.0983122211787233,0.7806769294964171,0.0,0.0,6.0,3.0,6.0,3.0,1.1743491472833025,1.0
89.0,0.65,-0.18191067219565804,0.03604112810235677,0.04086428870877623,-0.00020164494003891946,0.0003449431181021428,0.2861428625294874,-0.03339369825936844,2.078932831834541e-13,0.22341593306827182,0.3065673964863337,0.0,0.0,5.0,2.0,0.24657725496433347,1.0,6.771259392224847e-26,0.10021990246569547,0.7958254303818137,0.0,1.0,6.0,3.0,6.0,3.0,1.1971365878047757,1.0
89.0,0.7,-0.18191067219565804,0.03604112810235677,0.04086428870877623,-0.00020164494003891946,0.0003449431181021428,0.2861428625294874,-0.03339369825936844,2.5559278306278957e-12,0.24803824354620052,0.34035369594596143,0.0,0.0,5.0,2.0,0.2737521374588239,1.0,1.0552223953358732e-25,0.10208973628258473,0.8106733923679845,0.0,1.0,6.0,3.0,6.0,3.0,1.2194719365752362,1.0
89.0,0.75,-0.18191067219565804,0.03604112810235677,0.04086428870877623,-0.00020164494003891946,0.0003449431181021428,0.2861428625294874,-0.03339369825936844,1.56341720815713e-11,0.26747954544366614,0.36703070695926976,0.0,0.0,5.0,2.0,0.29520890103416414,1.0,1.66824613094722e-25,0.10405674914140566,0.8262930329426053,1.0,1.0,6.0,3.0,6.0,3.0,1.2429680985554676,1.0
89.0,0.8,-0.18191067219565804,0.03604112810235677,0.04086428870877623,-0.00020164494003891946,0.0003449431181021428,0.2861428625294874,-0.03339369825936844,2.576422824264949e-10,0.30060521013320723,0.41248515884766146,0.0,0.0,5.0,2.0,0.33176867255914305,1.0,2.7572060490725937e-25,0.10625816203325786,0.8437739954959865,1.0,1.0,6.0,3.0,6.0,3.0,1.269264191974671,1.0
89.0,0.85,-0.18191067219565804,0.03604112810235677,0.04086428870877623,-0.00020164494003891946,0.0003449431181021428,0.2861428625294874,-0.03339369825936844,1.4793295950351858e-8,0.3558690035059866,0.48831715982260754,0.0,0.0,5.0,2.0,0.39276161196875964,1.0,4.334822189063985e-25,0.10828040852225,0.8598322348560895,1.0,1.0,6.0,3.0,6.0,3.0,1.2934201250974457,1.0
89.0,0.9,-0.18191067219565804,0.03604112810235677,0.04086428870877623,-0.00020164494003891946,0.0003449431181021428,0.2861428625294874,-0.03339369825936844,3.8006391822876115e-7,0.40740981069256954,0.5590405449231969,0.0,0.0,5.0,2.0,0.44964560667843895,1.0,1.1876807198568465e-24,0.11292460229926067,0.8967108130669511,1.0,1.0,6.0,3.0,6.0,3.0,1.348895476345345,1.0
89.0,0.95,-0.18191067219565804,0.03604112810235677,0.04086428870877623,-0.00020164494003891946,0.0003449431181021428,0.2861428625294874,-0.03339369825936844,5.4669898402049234e-6,0.4552783171088669,0.6247248637817324,0.0,0.0,5.0,2.0,0.5024765966139969,1.0,2.239617358009945e-24,0.11594890670750627,0.9207261862421691,1.0,1.0,6.0,3.0,6.0,3.0,1.385021089828249,1.0
90.0,0.4,0.1494982301013601,0.10008746586852763,0.09963983041922814,-0.0008073487060696831,0.0007245724052292725,0.2695780404044268,0.11625963031327219,9.44111327540456e-22,0.10231337511397598,0.13997290054567302,0.0,0.0,2.0,0.0,0.10828805976227406,0.0,1.6239572701704033e-28,0.06963358998327901,0.6907614789045109,0.0,1.0,4.0,2.0,6.0,3.0,0.9876346025178836,1.0
90.0,0.45,0.1494982301013601,0.10008746586852763,0.09963983041922814,-0.0008073487060696831,0.0007245724052292725,0.2695780404044268,0.11625963031327219,4.775232322483871e-19,0.1326165977918133,0.18143013885271927,0.0,0.0,3.0,1.0,0.14036086729766836,0.0,2.1764145229394946e-28,0.07048836087591981,0.6992407603269809,0.0,1.0,4.0,2.0,6.0,3.0,0.9997580807271776,1.0
90.0,0.5,0.1494982301013601,0.10008746586852763,0.09963983041922814,-0.0008073487060696831,0.0007245724052292725,0.2695780404044268,0.11625963031327219,3.323491560921461e-17,0.1582606281847062,0.21651322854432586,0.0,0.0,3.0,1.0,0.1675024046835446,0.0,2.7521543871429454e-28,0.07118107524580189,0.7061124497331001,1.0,1.0,4.0,2.0,6.0,3.0,1.0095830614803052,1.0
90.0,0.55,0.1494982301013601,0.10008746586852763,0.09963983041922814,-0.0008073487060696831,0.0007245724052292725,0.2695780404044268,0.11625963031327219,1.7999650068417586e-16,0.16980186148927467,0.232302561070158,0.0,0.0,3.0,1.0,0.17971759903543863,0.0,4.232086536972925e-28,0.07246883563591974,0.7188869637537911,1.0,1.0,4.0,2.0,6.0,3.0,1.0278477627737146,1.0
90.0,0.6,0.1494982301013601,0.10008746586852763,0.09963983041922814,-0.0008073487060696831,0.0007245724052292725,0.2695780404044268,0.11625963031327219,1.3846220675168036e-15,0.1848680724844013,0.25291434570605476,0.0,0.0,3.0,1.0,0.19566361542688152,0.0,6.111665902457788e-28,0.07358706720959578,0.7299797610054576,1.0,1.0,4.0,2.0,6.0,3.0,1.0437079847736959,1.0
90.0,0.65,0.1494982301013601,0.10008746586852763,0.09963983041922814,-0.0008073487060696831,0.0007245724052292725,0.2695780404044268,0.11625963031327219,8.215764038902637e-15,0.19910558512689056,0.27239240455129243,0.0,0.0,4.0,1.0,0.21073254085504284,0.0,1.2375653352030095e-27,0.07578242820064282,0.751757624322128,1.0,1.0,4.0,2.0,6.0,3.0,1.0748454642616363,1.0
90.0,0.7,0.1494982301013601,0.10008746586852763,0.09963983041922814,-0.0008073487060696831,0.0007245724052292725,0.2695780404044268,0.11625963031327219,2.319507144691018e-13,0.22883964524505035,0.31307098284178353,0.0,0.0,5.0,2.0,0.24220294905400483,1.0,1.7338900007658654e-27,0.0768547549142606,0.7623950478234196,1.0,1.0,4.0,2.0,6.0,3.0,1.0900546035265737,1.0
90.0,0.75,0.1494982301013601,0.10008746586852763,0.09963983041922814,-0.0008073487060696831,0.0007245724052292725,0.2695780404044268,0.11625963031327219,5.384608275410749e-12,0.2608782459825154,0.3569023574753737,0.0,0.0,5.0,2.0,0.2761124736639924,1.0,2.6796497734930278e-27,0.07826148708347863,0.7763497555135579,1.0,1.0,4.0,2.0,6.0,3.0,1.1100067181185165,1.0
90.0,0.8,0.1494982301013601,0.10008746586852763,0.09963983041922814,-0.0008073487060696831,0.0007245724052292725,0.2695780404044268,0.11625963031327219,2.430198273896366e-11,0.27778461078166894,0.38003162005697255,0.0,0.0,5.0,2.0,0.2940061013514193,1.0,3.638341033833344e-27,0.07926518657922813,0.7863064006933644,1.0,1.0,4.0,2.0,6.0,3.0,1.1242424964658637,1.0
90.0,0.85,0.1494982301013601,0.10008746586852763,0.09963983041922814,-0.0008073487060696831,0.0007245724052292725,0.2695780404044268,0.11625963031327219,1.3560099402462103e-10,0.29841276549776075,0.4082525896545424,0.0,0.0,5.0,2.0,0.3158388563376875,1.0,6.167285549951866e-27,0.08102743605041209,0.8037878209562866,1.0,1.0,4.0,2.0,6.0,3.0,1.1492370221886934,1.0
90.0,0.9,0.1494982301013601,0.10008746586852763,0.09963983041922814,-0.0008073487060696831,0.0007245724052292725,0.2695780404044268,0.11625963031327219,1.2383019792651287e-7,0.3964370338007568,0.5423576481862631,0.0,0.0,5.0,2.0,0.41958734290968447,1.0,1.0040015267407202e-26,0.08268951473272708,0.8202755523647528,1.0,1.0,4.0,2.0,6.0,3.0,1.1728107948342767,1.0
90.0,0.95,0.1494982301013601,0.10008746586852763,0.09963983041922814,-0.0008073487060696831,0.0007245724052292725,0.2695780404044268,0.11625963031327219,4.400063848998349e-6,0.460027614051256,0.6293546606015918,0.0,0.0,5.0,2.0,0.4868913542064744,1.0,2.379274254866459e-26,0.08571628998549252,0.8503010005775177,1.0,1.0,4.0,2.0,6.0,3.0,1.2157404782585248,1.0
91.0,0.4,-0.13864834125971148,0.04290622522593496,0.04157986104582517,-0.0006016568183017248,-0.0009635588447304105,0.19989545263161368,-0.018495873056020296,4.691901297217113e-23,0.08557415184260884,0.11839584436105825,0.0,0.0,2.0,0.0,0.09379466743580596,1.0,3.7404559987389755e-29,0.0613389407615196,0.5892018925093065,0.0,1.0,6.0,3.0,6.0,3.0,0.8655109420407386,1.0
91.0,0.45,-0.13864834125971148,0.04290622522593496,0.04157986104582517,-0.0006016568183017248,-0.0009635588447304105,0.19989545263161368,-0.018495873056020296,3.4675756831004826e-22,0.09301167849804069,0.12868601060129528,0.0,0.0,4.0,1.0,0.10194666572232387,1.0,5.8450367714449e-29,0.062490483434760914,0.6002632364770303,0.0,1.0,6.0,3.0,6.0,3.0,0.8817595562414989,1.0
91.0,0.5,-0.13864834125971148,0.04290622522593496,0.04157986104582517,-0.0006016568183017248,-0.0009635588447304105,0.19989545263161368,-0.018495873056020296,3.751764771771117e-21,0.10271397831283922,0.14210959650992297,0.0,0.0,4.0,1.0,0.11258099822690142,1.0,1.1196170612573556e-28,0.06420600455920766,0.6167419738111748,0.0,1.0,6.0,3.0,6.0,3.0,0.9059660763749895,1.0
91.0,0.55,-0.13864834125971148,0.04290622522593496,0.04157986104582517,-0.0006016568183017248,-0.0009635588447304105,0.19989545263161368,-0.018495873056020296,3.9347349554806377e-19,0.12468796750589325,0.1725116390481583,0.0,0.0,5.0,2.0,0.13666587624463797,1.0,1.7802886697961737e-28,0.06545882172231753,0.6287761275527982,0.0,1.0,6.0,3.0,6.0,3.0,0.9236437041524851,1.0
91.0,0.6,-0.13864834125971148,0.04290622522593496,0.04157986104582517,-0.0006016568183017248,-0.0009635588447304105,0.19989545263161368,-0.018495873056020296,9.286890430627652e-18,0.14224303079452957,0.19679989077039178,0.0,0.0,5.0,2.0,0.15590733277698673,1.0,3.054347659535242e-28,0.06694775508133932,0.6430783365910449,0.0,1.0,6.0,3.0,6.0,3.0,0.9446530026210244,1.0
91.0,0.65,-0.13864834125971148,0.04290622522593496,0.04157986104582517,-0.0006016568183017248,-0.0009635588447304105,0.19989545263161368,-0.018495873056020296,1.1582221459381069e-16,0.15801357353986067,0.21861917479671553,0.0,0.0,5.0,2.0,0.17319284224719544,1.0,5.1912156759051125e-28,0.06844377587327605,0.657448625202148,1.0,1.0,6.0,3.0,6.0,3.0,0.9657623069041857,1.0
91.0,0.7,-0.13864834125971148,0.04290622522593496,0.04157986104582517,-0.0006016568183017248,-0.0009635588447304105,0.19989545263161368,-0.018495873056020296,1.1455242198681246e-14,0.19134990255690454,0.2647415462942469,0.0,0.0,5.0,2.0,0.20973156131548504,1.0,7.339212272379299e-28,0.06943841666480378,0.667002820782629,1.0,1.0,6.0,3.0,6.0,3.0,0.979796988262872,1.0
91.0,0.75,-0.13864834125971148,0.04290622522593496,0.04157986104582517,-0.0006016568183017248,-0.0009635588447304105,0.19989545263161368,-0.018495873056020296,4.430059549741926e-14,0.2024433268843105,0.28008981807746486,0.0,0.0,5.0,2.0,0.22189065402173885,1.0,1.3916424859679343e-27,0.07131453734910097,0.6850242251962055,1.0,1.0,6.0,3.0,6.0,3.0,1.0062696165914469,1.0
91.0,0.8,-0.13864834125971148,0.04290622522593496,0.04157986104582517,-0.0006016568183017248,-0.0009635588447304105,0.19989545263161368,-0.018495873056020296,4.751549178772083e-13,0.22347959128861528,0.3091944744803814,0.0,0.0,5.0,2.0,0.2449477265302975,1.0,2.4924154593271325e-27,0.07306739104414235,0.7018615670477006,1.0,1.0,6.0,3.0,6.0,3.0,1.0310029105482705,1.0
91.0,0.85,-0.13864834125971148,0.04290622522593496,0.04157986104582517,-0.0006016568183017248,-0.0009635588447304105,0.19989545263161368,-0.018495873056020296,3.813356623826e-11,0.2682815930437005,0.3711801408602823,0.0,0.0,5.0,2.0,0.2940535460399719,1.0,4.8453430109718344e-27,0.07511954309852932,0.7215738714851486,1.0,1.0,6.0,3.0,6.0,3.0,1.0599593945656405,1.0
91.0,0.9,-0.13864834125971148,0.04290622522593496,0.04157986104582517,-0.0006016568183017248,-0.0009635588447304105,0.19989545263161368,-0.018495873056020296,5.580922792608176e-9,0.33022946263918856,0.456887917907447,0.0,0.0,5.0,2.0,0.3619523180634696,1.0,7.813674363708383e-27,0.07663021668841177,0.736084910102251,1.0,1.0,6.0,3.0,6.0,3.0,1.081275454244249,1.0
91.0,0.95,-0.13864834125971148,0.04290622522593496,0.04157986104582517,-0.0006016568183017248,-0.0009635588447304105,0.19989545263161368,-0.018495873056020296,2.2256646065685983e-6,0.42381912990742404,0.5863736030249944,1.0,1.0,6.0,3.0,0.4645324959306964,1.0,4.1028352769157966e-26,0.08211255879231912,0.7887465032582921,1.0,1.0,6.0,3.0,6.0,3.0,1.158632953738586,1.0
92.0,0.4,-1.5972830259710635,-1.1843647797496786,-1.1840496378402312,-2.3308033825944373e-5,-0.00010274316924316744,-0.11560981471410176,-1.3217937672171753,1.1337582159227623e-20,0.1439582401922999,0.19800020540755076,0.0,0.0,2.0,0.0,0.17961699384135524,0.0,4.487451574595648e-28,0.0906867936437681,1.1528695355825738,0.0,0.0,4.0,2.0,4.0,2.0,1.8352040182931524,0.0
92.0,0.45,-1.5972830259710635,-1.1843647797496786,-1.1840496378402312,-2.3308033825944373e-5,-0.00010274316924316744,-0.11560981471410176,-1.3217937672171753,8.474960798457191e-20,0.1565442959734624,0.2153110701875883,0.0,0.0,2.0,0.0,0.19532064165416685,0.0,1.1650074449865644e-27,0.09436430645297254,1.1996204715689167,0.0,0.0,4.0,2.0,4.0,2.0,1.909624846438071,0.0
92.0,0.5,-1.5972830259710635,-1.1843647797496786,-1.1840496378402312,-2.3308033825944373e-5,-0.00010274316924316744,-0.11560981471410176,-1.3217937672171753,2.2306158366788868e-18,0.17939728917940742,0.2467430836861564,0.0,0.0,2.0,0.0,0.22383436851305025,0.0,3.4281410173979994e-27,0.09870477618277085,1.2547993473516381,0.0,0.0,4.0,2.0,4.0,2.0,1.9974617537687676,0.0
92.0,0.55,-1.5972830259710635,-1.1843647797496786,-1.1840496378402312,-2.3308033825944373e-5,-0.00010274316924316744,-0.11560981471410176,-1.3217937672171753,3.467711575397307e-17,0.20112526718561674,0.2766277509519786,0.0,0.0,2.0,0.0,0.2509444115818814,0.0,5.368759882355182e-27,0.10056699476174924,1.2784730817735805,0.0,0.0,4.0,2.0,4.0,2.0,2.0351469654932663,0.0
92.0,0.6,-1.5972830259710635,-1.1843647797496786,-1.1840496378402312,-2.3308033825944373e-5,-0.00010274316924316744,-0.11560981471410176,-1.3217937672171753,1.288253747888483e-15,0.23381995323579474,0.32159603164937556,0.0,0.0,2.0,0.0,0.2917376389447287,0.0,1.0477508703329905e-26,0.10340815932793047,1.3145918146377469,0.0,0.0,4.0,2.0,4.0,2.0,2.092642841342287,0.0
92.0,0.65,-1.5972830259710635,-1.1843647797496786,-1.1840496378402312,-2.3308033825944373e-5,-0.00010274316924316744,-0.11560981471410176,-1.3217937672171753,1.0416776750725536e-13,0.28078273513609614,0.3861886555266091,0.0,0.0,2.0,0.0,0.35033319899111026,0.0,2.2475335646952617e-26,0.10674932745633997,1.3570669181642179,0.0,0.0,4.0,2.0,4.0,2.0,2.1602571535114503,0.0
92.0,0.7,-1.5972830259710635,-1.1843647797496786,-1.1840496378402312,-2.3308033825944373e-5,-0.00010274316924316744,-0.11560981471410176,-1.3217937672171753,1.6642708338650374e-12,0.3151489349814265,0.4334559367837491,0.0,0.0,2.0,0.0,0.39321197757109233,0.0,3.8005859429876883e-26,0.10911165998857389,1.3870984266110409,0.0,0.0,4.0,2.0,4.0,2.0,2.208063035509333,0.0
92.0,0.75,-1.5972830259710635,-1.1843647797496786,-1.1840496378402312,-2.3308033825944373e-5,-0.00010274316924316744,-0.11560981471410176,-1.3217937672171753,1.4364339181799621e-11,0.34476122289532846,0.474184686188493,0.0,0.0,3.0,1.0,0.4301592904081678,0.0,7.338230501434346e-26,0.11214425479016224,1.4256507452016711,0.0,0.0,4.0,2.0,4.0,2.0,2.2694328330522,0.0
92.0,0.8,-1.5972830259710635,-1.1843647797496786,-1.1840496378402312,-2.3308033825944373e-5,-0.00010274316924316744,-0.11560981471410176,-1.3217937672171753,1.436545232057634e-10,0.3794778937552514,0.5219340053809818,0.0,0.0,3.0,1.0,0.4734753523974605,0.0,1.267185091929173e-25,0.1147261427055791,1.4584733845560336,0.0,0.0,4.0,2.0,4.0,2.0,2.321681797722494,0.0
92.0,0.85,-1.5972830259710635,-1.1843647797496786,-1.1840496378402312,-2.3308033825944373e-5,-0.00010274316924316744,-0.11560981471410176,-1.3217937672171753,8.701037617627972e-9,0.4502430011792842,0.619264354702627,0.0,0.0,3.0,1.0,0.5617691231978429,0.0,1.9656996431102005e-25,0.11684423012952921,1.4853998902429006,0.0,0.0,4.0,2.0,4.0,2.0,2.3645449577852347,0.0
92.0,0.9,-1.5972830259710635,-1.1843647797496786,-1.1840496378402312,-2.3308033825944373e-5,-0.00010274316924316744,-0.11560981471410176,-1.3217937672171753,3.827373651016972e-7,0.5271315934937149,0.7250169469225548,0.0,0.0,3.0,1.0,0.6577031787528668,0.0,3.3108353183709525e-25,0.11941020821118761,1.5180202734371397,0.0,0.0,4.0,2.0,4.0,2.0,2.416471959469843,0.0
92.0,0.95,-1.5972830259710635,-1.1843647797496786,-1.1840496378402312,-2.3308033825944373e-5,-0.00010274316924316744,-0.11560981471410176,-1.3217937672171753,0.03709312764595244,0.8505217112041444,1.169807808827395,0.0,0.0,3.0,1.0,1.0611976970489883,0.0,6.524812730078107e-25,0.12283375413443529,1.5615426170992628,0.0,0.0,4.0,2.0,4.0,2.0,2.4857533287046563,0.0
93.0,0.4,0.0338619981675744,-0.01338403852075859,-0.014601458199022477,4.841007333753543e-6,0.00027253823258832,-0.03518900886317433,0.0015533605898432334,1.906199719704955e-21,0.09715783505910265,0.13692699762985905,1.0,1.0,6.0,3.0,0.10111814454774387,1.0,4.8727630243293215e-29,0.06453847625046244,0.6451033864402793,1.0,1.0,6.0,3.0,6.0,3.0,0.8505809951203943,1.0
93.0,0.45,0.0338619981675744,-0.01338403852075859,-0.014601458199022477,4.841007333753543e-6,0.00027253823258832,-0.03518900886317433,0.0015533605898432334,1.4804775909979775e-20,0.10582076305891819,0.14913588146281814,1.0,1.0,6.0,3.0,0.11013418741406725,1.0,6.740085055476795e-29,0.06541677467855211,0.6538825414991464,1.0,1.0,6.0,3.0,6.0,3.0,0.8621564768234018,1.0
93.0,0.5,0.0338619981675744,-0.01338403852075859,-0.014601458199022477,4.841007333753543e-6,0.00027253823258832,-0.03518900886317433,0.0015533605898432334,6.872499805057444e-20,0.1128107776315394,0.15898708603356376,1.0,1.0,6.0,3.0,0.11740912621354933,1.0,1.0518749581369178e-28,0.06664126646448479,0.6661221207961213,1.0,1.0,6.0,3.0,6.0,3.0,0.8782945932200974,1.0
93.0,0.55,0.0338619981675744,-0.01338403852075859,-0.014601458199022477,4.841007333753543e-6,0.00027253823258832,-0.03518900886317433,0.0015533605898432334,4.178074153588359e-19,0.1216218163086523,0.17140470599518312,1.0,1.0,6.0,3.0,0.126579316986389,1.0,1.7963960370172712e-28,0.06814408389549542,0.6811437430944862,1.0,1.0,6.0,3.0,6.0,3.0,0.8981008858414563,1.0
93.0,0.6,0.0338619981675744,-0.01338403852075859,-0.014601458199022477,4.841007333753543e-6,0.00027253823258832,-0.03518900886317433,0.0015533605898432334,1.3529284317280124e-17,0.14058552160601961,0.19813073615761292,1.0,1.0,6.0,3.0,0.14631601338615452,1.0,2.288064437811877e-28,0.06883446070257042,0.6880445012474293,1.0,1.0,6.0,3.0,6.0,3.0,0.907199665758277,1.0
93.0,0.65,0.0338619981675744,-0.01338403852075859,-0.014601458199022477,4.841007333753543e-6,0.00027253823258832,-0.03518900886317433,0.0015533605898432334,2.328742118677537e-16,0.15828297478532496,0.2230722051401523,1.0,1.0,6.0,3.0,0.16473484319667187,1.0,3.8279273854722867e-28,0.07032637371513303,0.7029571269026033,1.0,1.0,6.0,3.0,6.0,3.0,0.9268622442476396,1.0
93.0,0.7,0.0338619981675744,-0.01338403852075859,-0.014601458199022477,4.841007333753543e-6,0.00027253823258832,-0.03518900886317433,0.0015533605898432334,1.6741209051146806e-14,0.18914517323099508,0.2665670830452833,1.0,1.0,6.0,3.0,0.19685503444622007,1.0,6.541400351378446e-28,0.0719141498677852,0.7188279660127487,1.0,1.0,6.0,3.0,6.0,3.0,0.9477882452692651,1.0
93.0,0.75,0.0338619981675744,-0.01338403852075859,-0.014601458199022477,4.841007333753543e-6,0.00027253823258832,-0.03518900886317433,0.0015533605898432334,1.0141553703902832e-13,0.2038880784522335,0.2873446327617599,1.0,1.0,6.0,3.0,0.2121988841759717,1.0,1.0548022762184886e-27,0.07336014783112471,0.7332816413569875,1.0,1.0,6.0,3.0,6.0,3.0,0.9668456891082894,1.0
93.0,0.8,0.0338619981675744,-0.01338403852075859,-0.014601458199022477,4.841007333753543e-6,0.00027253823258832,-0.03518900886317433,0.0015533605898432334,1.0405488104437366e-12,0.2246587895683349,0.31661732198990933,1.0,1.0,6.0,3.0,0.23381624285548258,1.0,2.330947382552046e-27,0.07582433148507256,0.7579127345021587,1.0,1.0,6.0,3.0,6.0,3.0,0.9993222504761191,1.0
93.0,0.85,0.0338619981675744,-0.01338403852075859,-0.014601458199022477,4.841007333753543e-6,0.00027253823258832,-0.03518900886317433,0.0015533605898432334,1.6449321318874715e-11,0.25204435686120147,0.3552124955600243,1.0,1.0,6.0,3.0,0.2623180898795286,1.0,6.036832086347842e-27,0.07889117953111163,0.7885678440606736,1.0,1.0,6.0,3.0,6.0,3.0,1.0397415912234802,1.0
93.0,0.9,0.0338619981675744,-0.01338403852075859,-0.014601458199022477,4.841007333753543e-6,0.00027253823258832,-0.03518900886317433,0.0015533605898432334,6.961482326033073e-11,0.2676599448403148,0.3772199391892923,1.0,1.0,6.0,3.0,0.2785701943187584,1.0,9.728553807081166e-27,0.08047545032966422,0.8044036449125322,1.0,1.0,6.0,3.0,6.0,3.0,1.0606213936400024,1.0
93.0,0.95,0.0338619981675744,-0.01338403852075859,-0.014601458199022477,4.841007333753543e-6,0.00027253823258832,-0.03518900886317433,0.0015533605898432334,1.04930901947963e-6,0.39964567819891467,0.563230775966115,1.0,1.0,6.0,3.0,0.41593587826875794,1.0,2.870327411252375e-26,0.08418638872356751,0.8414968498324596,1.0,1.0,6.0,3.0,6.0,3.0,1.1095294846780845,1.0
94.0,0.4,-0.038709898259437936,0.11091578855395684,0.11097716545296898,-0.00043844750697162875,-0.0005256782149902011,0.23707500989503244,0.06108181088216674,3.306560739465702e-22,0.09762945109942892,0.1365960592157975,0.0,0.0,3.0,1.0,0.10842755591103925,0.0,2.5601383045306757e-30,0.05991845684627629,0.6052531567628954,0.0,0.0,4.0,2.0,6.0,3.0,0.8875589525439721,1.0
94.0,0.45,-0.038709898259437936,0.11091578855395684,0.11097716545296898,-0.00043844750697162875,-0.0005256782149902011,0.23707500989503244,0.06108181088216674,1.6084728589508852e-20,0.11478207342985366,0.1605947664621052,0.0,0.0,3.0,1.0,0.12747730878590663,1.0,4.0763917367555196e-30,0.06109108054964603,0.6170981580448941,0.0,0.0,4.0,2.0,6.0,3.0,0.9049287701372593,1.0
94.0,0.5,-0.038709898259437936,0.11091578855395684,0.11097716545296898,-0.00043844750697162875,-0.0005256782149902011,0.23707500989503244,0.06108181088216674,1.2207200492254035e-19,0.12489618218967317,0.17474569513694035,0.0,0.0,3.0,1.0,0.1387100677607451,1.0,9.139018346542916e-30,0.06318109158615459,0.6382099463668378,0.0,0.0,4.0,2.0,6.0,3.0,0.9358876449815832,1.0
94.0,0.55,-0.038709898259437936,0.11091578855395684,0.11097716545296898,-0.00043844750697162875,-0.0005256782149902011,0.23707500989503244,0.06108181088216674,3.497672295382554e-18,0.14363632658408004,0.2009655483122285,0.0,0.0,3.0,1.0,0.1595229273151443,1.0,2.094847698554408e-29,0.06540299895369885,0.6606540565629846,0.0,0.0,4.0,2.0,6.0,3.0,0.968800271233737,1.0
94.0,0.6,-0.038709898259437936,0.11091578855395684,0.11097716545296898,-0.00043844750697162875,-0.0005256782149902011,0.23707500989503244,0.06108181088216674,5.943621980754142e-16,0.1779066952444198,0.24891416683009254,0.0,0.0,3.0,1.0,0.19758369967600273,1.0,3.2964943686274654e-29,0.06665025640997257,0.6732529543390487,0.0,0.0,4.0,2.0,6.0,3.0,0.9872756222308948,1.0
94.0,0.65,-0.038709898259437936,0.11091578855395684,0.11097716545296898,-0.00043844750697162875,-0.0005256782149902011,0.23707500989503244,0.06108181088216674,5.156907733226769e-15,0.1946658258709706,0.272362328974712,0.0,0.0,3.0,1.0,0.2161964395057094,1.0,5.896356781526741e-29,0.06828478822750177,0.6897638191786932,0.0,0.0,4.0,2.0,6.0,3.0,1.0114875833564616,1.0
94.0,0.7,-0.038709898259437936,0.11091578855395684,0.11097716545296898,-0.00043844750697162875,-0.0005256782149902011,0.23707500989503244,0.06108181088216674,2.3899687354718274e-14,0.20751038478659414,0.29033350581204226,0.0,0.0,3.0,1.0,0.23046164446479533,1.0,1.0383994105381638e-28,0.06991410919150245,0.7062220477237204,0.0,0.0,4.0,2.0,6.0,3.0,1.0356223572521983,1.0
94.0,0.75,-0.038709898259437936,0.11091578855395684,0.11097716545296898,-0.00043844750697162875,-0.0005256782149902011,0.23707500989503244,0.06108181088216674,1.0173807672814769e-13,0.220420495005358,0.3083963972865501,0.0,0.0,3.0,1.0,0.24479965089419847,1.0,1.8759618652138952e-28,0.07165843361558322,0.7238419585101764,0.0,1.0,4.0,2.0,6.0,3.0,1.0614606521653323,1.0
94.0,0.8,-0.038709898259437936,0.11091578855395684,0.11097716545296898,-0.00043844750697162875,-0.0005256782149902011,0.23707500989503244,0.06108181088216674,5.169488197063723e-13,0.23586697707279866,0.33000799660826563,0.0,0.0,5.0,2.0,0.26195455936839024,1.0,3.124549793799542e-28,0.07319798414493561,0.739393390688698,0.0,1.0,4.0,2.0,6.0,3.0,1.0842656763121705,1.0
94.0,0.85,-0.038709898259437936,0.11091578855395684,0.11097716545296898,-0.00043844750697162875,-0.0005256782149902011,0.23707500989503244,0.06108181088216674,2.5399260994160312e-11,0.27742208937750595,0.38814890098876875,0.0,0.0,5.0,2.0,0.30810578947434863,1.0,9.621214584894754e-28,0.07670980692381363,0.7748672986426518,0.0,1.0,4.0,2.0,6.0,3.0,1.1362855364887712,1.0
94.0,0.9,-0.038709898259437936,0.11091578855395684,0.11097716545296898,-0.00043844750697162875,-0.0005256782149902011,0.23707500989503244,0.06108181088216674,3.191261861650067e-10,0.30827520482098686,0.431316346228397,0.0,0.0,5.0,2.0,0.34237135034870814,1.0,1.2643091858676143e-27,0.07758781667831365,0.7837363217041623,1.0,1.0,4.0,2.0,6.0,3.0,1.149291302308587,1.0
94.0,0.95,-0.038709898259437936,0.11091578855395684,0.11097716545296898,-0.00043844750697162875,-0.0005256782149902011,0.23707500989503244,0.06108181088216674,4.2011405144936434e-8,0.3777871022125864,0.5285723601194852,0.0,0.0,5.0,2.0,0.41957146830526776,1.0,2.2568161748131955e-26,0.08748736133474984,0.8837344019149952,1.0,1.0,4.0,2.0,6.0,3.0,1.2959310849129828,1.0
95.0,0.4,-0.40714589039193694,-0.0186968869547961,-0.020305000859241307,0.00023281026734657694,-0.000507123902072035,0.2138396169144028,-0.14925163070347314,5.492369523959541e-20,0.1163749604567624,0.15863961378655655,0.0,0.0,4.0,1.0,0.12066136005479657,0.0,1.0800974021911196e-28,0.0651379626816407,0.6620027133016217,0.0,1.0,6.0,3.0,6.0,3.0,0.9112104552267459,1.0
95.0,0.45,-0.40714589039193694,-0.0186968869547961,-0.020305000859241307,0.00023281026734657694,-0.000507123902072035,0.2138396169144028,-0.14925163070347314,1.5464510964607041e-19,0.12150437006138708,0.16563190452879953,0.0,0.0,4.0,1.0,0.12597969947027673,0.0,1.4628265340832504e-28,0.06596642024929301,0.6704223987670941,0.0,1.0,6.0,3.0,6.0,3.0,0.9227996908472406,1.0
95.0,0.5,-0.40714589039193694,-0.0186968869547961,-0.020305000859241307,0.00023281026734657694,-0.000507123902072035,0.2138396169144028,-0.14925163070347314,2.898815699876249e-18,0.1372867894195988,0.1871461280505716,0.0,0.0,4.0,1.0,0.14234342734818656,0.0,2.437816072914165e-28,0.06738526205389855,0.6848422099758869,0.0,1.0,6.0,3.0,6.0,3.0,0.9426477707294465,1.0
95.0,0.55,-0.40714589039193694,-0.0186968869547961,-0.020305000859241307,0.00023281026734657694,-0.000507123902072035,0.2138396169144028,-0.14925163070347314,8.281643712564708e-17,0.15786689949187901,0.21520045091123854,0.0,0.0,4.0,1.0,0.1636815576612049,0.0,4.734027772637041e-28,0.0692746753785878,0.7040444799886248,1.0,1.0,6.0,3.0,6.0,3.0,0.9690786430629287,1.0
95.0,0.6,-0.40714589039193694,-0.0186968869547961,-0.020305000859241307,0.00023281026734657694,-0.000507123902072035,0.2138396169144028,-0.14925163070347314,3.136488616587155e-15,0.1836769722031557,0.25038413604977083,0.0,0.0,4.0,1.0,0.19044228406001557,0.0,7.2271629108637045e-28,0.07050667095163203,0.7165653568867404,1.0,1.0,6.0,3.0,6.0,3.0,0.9863129439334929,1.0
95.0,0.65,-0.40714589039193694,-0.0186968869547961,-0.020305000859241307,0.00023281026734657694,-0.000507123902072035,0.2138396169144028,-0.14925163070347314,1.592037276743063e-14,0.1965399954089943,0.2679187072796352,0.0,0.0,4.0,1.0,0.20377908665346992,0.0,1.1062408326092337e-27,0.0717684587116041,0.7293890143412238,1.0,1.0,6.0,3.0,6.0,3.0,1.0039640056466614,1.0
95.0,0.7,-0.40714589039193694,-0.0186968869547961,-0.020305000859241307,0.00023281026734657694,-0.000507123902072035,0.2138396169144028,-0.14925163070347314,6.355950029827859e-14,0.208210236109917,0.28382730540352785,0.0,0.0,4.0,1.0,0.21587917338701904,0.0,1.3150027150761682e-27,0.07228727047589487,0.7346617428932651,1.0,1.0,6.0,3.0,6.0,3.0,1.011221627538014,1.0
95.0,0.75,-0.40714589039193694,-0.0186968869547961,-0.020305000859241307,0.00023281026734657694,-0.000507123902072035,0.2138396169144028,-0.14925163070347314,1.5135148021118e-12,0.2376123456540498,0.32390757081701627,0.0,0.0,4.0,1.0,0.24636424089768238,0.0,1.7330341188347568e-27,0.07312347899890835,0.7431602019842631,1.0,1.0,6.0,3.0,6.0,3.0,1.0229192907370248,1.0
95.0,0.8,-0.40714589039193694,-0.0186968869547961,-0.020305000859241307,0.00023281026734657694,-0.000507123902072035,0.2138396169144028,-0.14925163070347314,3.916175381277299e-11,0.2721064349819601,0.37092910351976427,0.0,0.0,4.0,1.0,0.28212883936303407,0.0,2.8714196680097713e-27,0.07467821189150543,0.7589610860000698,1.0,1.0,6.0,3.0,6.0,3.0,1.0446683416513654,1.0
95.0,0.85,-0.40714589039193694,-0.0186968869547961,-0.020305000859241307,0.00023281026734657694,-0.000507123902072035,0.2138396169144028,-0.14925163070347314,7.331084773884904e-10,0.307433767298277,0.41908649350102284,0.0,0.0,4.0,1.0,0.3187573713742506,1.0,5.7129438748690914e-27,0.07684973616602872,0.7810304738432349,1.0,1.0,6.0,3.0,6.0,3.0,1.0750456445522127,1.0
95.0,0.9,-0.40714589039193694,-0.0186968869547961,-0.020305000859241307,0.00023281026734657694,-0.000507123902072035,0.2138396169144028,-0.14925163070347314,3.434658346565398e-8,0.36088157087613315,0.4919452844647463,0.0,0.0,5.0,2.0,0.3741737998424846,1.0,8.669649770797476e-27,0.07819697398785178,0.7947225676206907,1.0,1.0,6.0,3.0,6.0,3.0,1.0938920612711691,1.0
95.0,0.95,-0.40714589039193694,-0.0186968869547961,-0.020305000859241307,0.00023281026734657694,-0.000507123902072035,0.2138396169144028,-0.14925163070347314,7.953640486133016e-6,0.45278615458513066,0.6172274551961943,1.0,1.0,6.0,3.0,0.4694634740307533,1.0,4.856478589234506e-26,0.08401753667404349,0.8538774464742648,1.0,1.0,6.0,3.0,6.0,3.0,1.1753155101573816,1.0
96.0,0.4,-0.39212907223304594,0.1632692132411703,0.16070150979008668,-0.0011137195338529616,-0.0008489558871019195,0.12296787909440388,-0.023575017550957478,2.212901718097732e-21,0.10313864137449254,0.14879564834875383,0.0,0.0,2.0,0.0,0.1160171359302438,1.0,2.162026818000403e-28,0.07091198991192735,0.686156614524412,0.0,1.0,4.0,2.0,6.0,3.0,0.9463673531176943,1.0
96.0,0.45,-0.39212907223304594,0.1632692132411703,0.16070150979008668,-0.0011137195338529616,-0.0008489558871019195,0.12296787909440388,-0.023575017550957478,3.275630822595519e-20,0.1153945436134057,0.16647694505225138,0.0,0.0,2.0,0.0,0.12980338187115092,1.0,3.3532131368132265e-28,0.0722206416590107,0.6988193539777178,0.0,1.0,4.0,2.0,6.0,3.0,0.9638321752384422,1.0
96.0,0.5,-0.39212907223304594,0.1632692132411703,0.16070150979008668,-0.0011137195338529616,-0.0008489558871019195,0.12296787909440388,-0.023575017550957478,1.4626747054682238e-19,0.12281812810849507,0.17718677265224686,0.0,0.0,2.0,0.0,0.13815391858540926,1.0,4.876092561008163e-28,0.07335619426266243,0.7098071563381336,0.0,1.0,4.0,2.0,6.0,3.0,0.9789868749327894,1.0
96.0,0.55,-0.39212907223304594,0.1632692132411703,0.16070150979008668,-0.0011137195338529616,-0.0008489558871019195,0.12296787909440388,-0.023575017550957478,5.179646289880292e-17,0.156847339085516,0.22627990052987088,0.0,0.0,2.0,0.0,0.17643221605866227,1.0,7.043042621818082e-28,0.07448871361114029,0.7207656083996268,0.0,1.0,4.0,2.0,6.0,3.0,0.9941010938329322,1.0
96.0,0.6,-0.39212907223304594,0.1632692132411703,0.16070150979008668,-0.0011137195338529616,-0.0008489558871019195,0.12296787909440388,-0.023575017550957478,6.762995764074736e-16,0.17457033585746984,0.251848443611513,0.0,0.0,2.0,0.0,0.19636820996144372,1.0,1.1349083798358398e-27,0.0759842931640896,0.7352370934627055,0.0,1.0,4.0,2.0,6.0,3.0,1.0140605910161224,1.0
96.0,0.65,-0.39212907223304594,0.1632692132411703,0.16070150979008668,-0.0011137195338529616,-0.0008489558871019195,0.12296787909440388,-0.023575017550957478,8.368352848677157e-15,0.19386138760638147,0.27967918206274256,0.0,0.0,2.0,0.0,0.2180680553653057,1.0,1.476977095280315e-27,0.0768229596165031,0.7433521743456133,0.0,1.0,4.0,2.0,6.0,3.0,1.0252531488854608,1.0
96.0,0.7,-0.39212907223304594,0.1632692132411703,0.16070150979008668,-0.0011137195338529616,-0.0008489558871019195,0.12296787909440388,-0.023575017550957478,6.636608867176977e-14,0.21133061177796134,0.3048816134901823,0.0,0.0,2.0,0.0,0.23771858913519603,1.0,2.0682032496164482e-27,0.07790826121921364,0.7538537393754297,0.0,1.0,4.0,2.0,6.0,3.0,1.0397372157741103,1.0
96.0,0.75,-0.39212907223304594,0.1632692132411703,0.16070150979008668,-0.0011137195338529616,-0.0008489558871019195,0.12296787909440388,-0.023575017550957478,7.175510695315136e-13,0.23336829414494734,0.33667485016850207,0.0,0.0,2.0,0.0,0.2625080255354168,1.0,3.841777192535511e-27,0.07994463088193864,0.7735580025815676,0.0,1.0,4.0,2.0,6.0,3.0,1.0669139142432376,1.0
96.0,0.8,-0.39212907223304594,0.1632692132411703,0.16070150979008668,-0.0011137195338529616,-0.0008489558871019195,0.12296787909440388,-0.023575017550957478,8.685270413915313e-12,0.25891902146075985,0.37353627267778444,0.0,0.0,4.0,2.0,0.291249166242825,1.0,4.535285569471627e-27,0.08049934024234383,0.7789254657884714,0.0,1.0,4.0,2.0,6.0,3.0,1.0743168771245253,1.0
96.0,0.85,-0.39212907223304594,0.1632692132411703,0.16070150979008668,-0.0011137195338529616,-0.0008489558871019195,0.12296787909440388,-0.023575017550957478,2.2419235097618487e-10,0.2964766653830226,0.42771978628034785,0.0,0.0,4.0,2.0,0.33349647745499766,1.0,1.0409345476206722e-26,0.08333480758670386,0.8063619356438094,0.0,1.0,4.0,2.0,6.0,3.0,1.1121580620759905,1.0
96.0,0.9,-0.39212907223304594,0.1632692132411703,0.16070150979008668,-0.0011137195338529616,-0.0008489558871019195,0.12296787909440388,-0.023575017550957478,2.703305181100934e-9,0.32888465631609615,0.4744740188192283,1.0,1.0,6.0,3.0,0.3699511198586775,1.0,1.6085935423887054e-26,0.0848598756632617,0.8211187567347117,0.0,1.0,4.0,2.0,6.0,3.0,1.1325111030882204,1.0
96.0,0.95,-0.39212907223304594,0.1632692132411703,0.16070150979008668,-0.0011137195338529616,-0.0008489558871019195,0.12296787909440388,-0.023575017550957478,1.335072606796291e-6,0.4258703008780649,0.614392885994542,1.0,1.0,6.0,3.0,0.4790469597735419,1.0,4.541000166130358e-26,0.08860980367007298,0.8574037052893867,0.0,1.0,4.0,2.0,6.0,3.0,1.1825563697151413,1.0
97.0,0.4,-0.17103210752856257,0.0016515142452854237,8.365440122914958e-5,-0.000567686125886083,-0.0006987769763377023,0.0036845006293045324,-0.05695459957536808,4.3400193687900035e-21,0.09418532348683135,0.1317040258929731,0.0,0.0,5.0,2.0,0.09784290110051647,0.0,7.050427545793293e-29,0.064016456585107,0.6257712035105671,0.0,1.0,6.0,3.0,6.0,3.0,0.8238618755228371,1.0
97.0,0.45,-0.17103210752856257,0.0016515142452854237,8.365440122914958e-5,-0.000567686125886083,-0.0006987769763377023,0.0036845006293045324,-0.05695459957536808,7.118672573013561e-20,0.10582892224512074,0.14798584959519284,0.0,0.0,5.0,2.0,0.10993866548912298,0.0,1.505255443824169e-28,0.06607184175140385,0.6458629255114778,0.0,1.0,6.0,3.0,6.0,3.0,0.8503137219441694,1.0
97.0,0.5,-0.17103210752856257,0.0016515142452854237,8.365440122914958e-5,-0.000567686125886083,-0.0006987769763377023,0.0036845006293045324,-0.05695459957536808,1.3561551896290385e-18,0.1196558599062731,0.16732074476067527,0.0,0.0,5.0,2.0,0.12430255621029558,1.0,2.3537836058246473e-28,0.06731413352714641,0.6580065282831212,0.0,1.0,6.0,3.0,6.0,3.0,0.8663014364617515,1.0
97.0,0.55,-0.17103210752856257,0.0016515142452854237,8.365440122914958e-5,-0.000567686125886083,-0.0006987769763377023,0.0036845006293045324,-0.05695459957536808,8.088319230095424e-18,0.12889869171196852,0.18024545653524288,1.0,1.0,6.0,3.0,0.1339043226509004,1.0,3.286474977559426e-28,0.06825687766414551,0.6672220045009928,0.0,1.0,6.0,3.0,6.0,3.0,0.8784341128746307,1.0
97.0,0.6,-0.17103210752856257,0.0016515142452854237,8.365440122914958e-5,-0.000567686125886083,-0.0006987769763377023,0.0036845006293045324,-0.05695459957536808,4.7220829313350667e-17,0.13873200024490623,0.19399586130841004,1.0,1.0,6.0,3.0,0.14411949629643775,1.0,3.9271305707834357e-28,0.06876526593461131,0.6721915819632676,1.0,1.0,6.0,3.0,6.0,3.0,0.8849768322993293,1.0
97.0,0.65,-0.17103210752856257,0.0016515142452854237,8.365440122914958e-5,-0.000567686125886083,-0.0006987769763377023,0.0036845006293045324,-0.05695459957536808,4.679907447043297e-16,0.1526444319050886,0.213450306988188,1.0,1.0,6.0,3.0,0.1585722010767663,1.0,6.574998192037532e-28,0.07025786892639592,0.6867820173037615,1.0,1.0,6.0,3.0,6.0,3.0,0.9041859351741163,1.0
97.0,0.7,-0.17103210752856257,0.0016515142452854237,8.365440122914958e-5,-0.000567686125886083,-0.0006987769763377023,0.0036845006293045324,-0.05695459957536808,7.034624183241472e-15,0.17089241420118245,0.23896736892358908,1.0,1.0,6.0,3.0,0.17752882256493605,1.0,7.48591955441683e-28,0.07063872782088583,0.6905049745164243,1.0,1.0,6.0,3.0,6.0,3.0,0.9090874111361119,1.0
97.0,0.75,-0.17103210752856257,0.0016515142452854237,8.365440122914958e-5,-0.000567686125886083,-0.0006987769763377023,0.0036845006293045324,-0.05695459957536808,1.177025534400417e-13,0.19217806935955759,0.26873216002206096,1.0,1.0,6.0,3.0,0.19964108141184428,1.0,1.3767834528174661e-27,0.07245506035591415,0.7082599184332123,1.0,1.0,6.0,3.0,6.0,3.0,0.9324627619241109,1.0
97.0,0.8,-0.17103210752856257,0.0016515142452854237,8.365440122914958e-5,-0.000567686125886083,-0.0006987769763377023,0.0036845006293045324,-0.05695459957536808,7.698436516810535e-12,0.22874653267536535,0.3198676624667149,1.0,1.0,6.0,3.0,0.237629638515507,1.0,1.974916490923691e-27,0.07355245703462845,0.7189871482269232,1.0,1.0,6.0,3.0,6.0,3.0,0.9465857442656305,1.0
97.0,0.85,-0.17103210752856257,0.0016515142452854237,8.365440122914958e-5,-0.000567686125886083,-0.0006987769763377023,0.0036845006293045324,-0.05695459957536808,1.971378167067662e-10,0.2618403031926802,0.3661443290188866,1.0,1.0,6.0,3.0,0.2720085671627239,1.0,3.295779752259658e-27,0.07513879832237323,0.7344938905517006,1.0,1.0,6.0,3.0,6.0,3.0,0.967001215196971,1.0
97.0,0.9,-0.17103210752856257,0.0016515142452854237,8.365440122914958e-5,-0.000567686125886083,-0.0006987769763377023,0.0036845006293045324,-0.05695459957536808,1.1253881088142106e-8,0.3099026888115409,0.43335235512827874,1.0,1.0,6.0,3.0,0.321937399688511,1.0,5.801989267837934e-27,0.07693046533058871,0.7520077249597426,1.0,1.0,6.0,3.0,6.0,3.0,0.9900591321833386,1.0
97.0,0.95,-0.17103210752856257,0.0016515142452854237,8.365440122914958e-5,-0.000567686125886083,-0.0006987769763377023,0.0036845006293045324,-0.05695459957536808,6.161700785278353e-7,0.3661496354881526,0.5120052603501086,1.0,1.0,6.0,3.0,0.3803686311919543,1.0,2.4250574137848127e-26,0.08165436492110868,0.7981846064947709,1.0,1.0,6.0,3.0,6.0,3.0,1.0508535120043048,1.0
98.0,0.4,-0.35085218647244454,-0.05089523424034886,-0.05544668532824859,-0.0015143771836242609,0.0011652961769131887,0.15873377103185815,-0.15391485237631386,3.1172000163386446e-19,0.1425209743135015,0.19001945814588425,0.0,0.0,4.0,1.0,0.15506674150362043,0.0,1.355588763760807e-26,0.08271141832308833,0.9187569169823584,0.0,1.0,6.0,3.0,6.0,3.0,1.318082758701804,1.0
98.0,0.45,-0.35085218647244454,-0.05089523424034886,-0.05544668532824859,-0.0015143771836242609,0.0011652961769131887,0.15873377103185815,-0.15391485237631386,2.520310689247354e-17,0.17114564065577906,0.2281839712231081,0.0,0.0,4.0,1.0,0.18621116608888547,0.0,2.747161332460077e-26,0.0851818320882271,0.9461982277535473,0.0,1.0,6.0,3.0,6.0,3.0,1.3574510811983374,1.0
98.0,0.5,-0.35085218647244454,-0.05089523424034886,-0.05544668532824859,-0.0015143771836242609,0.0011652961769131887,0.15873377103185815,-0.15391485237631386,2.5800664380310985e-16,0.18856302721746304,0.2514061135969626,0.0,0.0,4.0,1.0,0.20516176190566843,0.0,3.7113713608079665e-26,0.08625628251479715,0.9581332033757745,0.0,1.0,6.0,3.0,6.0,3.0,1.3745734400099074,1.0
98.0,0.55,-0.35085218647244454,-0.05089523424034886,-0.05544668532824859,-0.0015143771836242609,0.0011652961769131887,0.15873377103185815,-0.15391485237631386,1.9294285601671262e-15,0.20505236564913684,0.27339091386277126,0.0,0.0,4.0,1.0,0.22310261582184782,0.0,7.042659534462438e-26,0.08858955061480366,0.9840511026152903,0.0,1.0,6.0,3.0,6.0,3.0,1.411756219805003,1.0
98.0,0.6,-0.35085218647244454,-0.05089523424034886,-0.05544668532824859,-0.0015143771836242609,0.0011652961769131887,0.15873377103185815,-0.15391485237631386,1.1145517551248037e-14,0.2205977599363782,0.29411717828352935,0.0,0.0,4.0,1.0,0.24001643253635468,0.0,1.3120703368729194e-25,0.09091628533382305,1.0098964291786887,0.0,1.0,6.0,3.0,6.0,3.0,1.4488348841465175,1.0
98.0,0.65,-0.35085218647244454,-0.05089523424034886,-0.05544668532824859,-0.0015143771836242609,0.0011652961769131887,0.15873377103185815,-0.15391485237631386,6.048227987973316e-14,0.23670445280159183,0.3155918073022572,0.0,0.0,4.0,1.0,0.2575409575477704,0.0,1.8598351514392972e-25,0.09224756373782925,1.0246842452614955,0.0,1.0,6.0,3.0,6.0,3.0,1.4700500337223381,1.0
98.0,0.7,-0.35085218647244454,-0.05089523424034886,-0.05544668532824859,-0.0015143771836242609,0.0011652961769131887,0.15873377103185815,-0.15391485237631386,1.6633577084625748e-11,0.2991206002854069,0.3988096114293832,0.0,0.0,4.0,1.0,0.325451443384294,1.0,2.806042724588241e-25,0.0938420308967588,1.0423955572044903,0.0,1.0,6.0,3.0,6.0,3.0,1.495459338919983,1.0
98.0,0.75,-0.35085218647244454,-0.05089523424034886,-0.05544668532824859,-0.0015143771836242609,0.0011652961769131887,0.15873377103185815,-0.15391485237631386,4.9921177655464426e-11,0.3131365691680546,0.4174967332744238,0.0,0.0,4.0,1.0,0.3407012031766142,1.0,4.269174514614319e-25,0.09549730872317017,1.060782352926,0.0,1.0,6.0,3.0,6.0,3.0,1.5218377182065244,1.0
98.0,0.8,-0.35085218647244454,-0.05089523424034886,-0.05544668532824859,-0.0015143771836242609,0.0011652961769131887,0.15873377103185815,-0.15391485237631386,2.5091491177799498e-9,0.3686539212748256,0.49151655538016903,1.0,1.0,6.0,3.0,0.40110560982324045,1.0,5.757490442510297e-25,0.09669481514771787,1.074084232315691,0.0,1.0,6.0,3.0,6.0,3.0,1.5409210878746067,1.0
98.0,0.85,-0.35085218647244454,-0.05089523424034886,-0.05544668532824859,-0.0015143771836242609,0.0011652961769131887,0.15873377103185815,-0.15391485237631386,1.5151835021785155e-7,0.43734547700647164,0.5831011959020145,1.0,1.0,6.0,3.0,0.4758439125006424,1.0,1.183940324884243e-24,0.09964347815819884,1.1068379269282909,1.0,1.0,6.0,3.0,6.0,3.0,1.5879107533178352,1.0
98.0,0.9,-0.35085218647244454,-0.05089523424034886,-0.05544668532824859,-0.0015143771836242609,0.0011652961769131887,0.15873377103185815,-0.15391485237631386,1.3236171675846965e-5,0.5268803732724038,0.7024757129199537,1.0,1.0,6.0,3.0,0.5732603431818035,1.0,2.3305782418240407e-24,0.1024954193698285,1.1385172375740906,1.0,1.0,6.0,3.0,6.0,3.0,1.6333590676629748,1.0
98.0,0.95,-0.35085218647244454,-0.05089523424034886,-0.05544668532824859,-0.0015143771836242609,0.0011652961769131887,0.15873377103185815,-0.15391485237631386,0.0002536859249601726,0.5958691989644294,0.7944566956438257,1.0,1.0,6.0,3.0,0.648322083755452,1.0,6.91422925412728e-24,0.10724641749151417,1.1912912375291904,1.0,1.0,6.0,3.0,6.0,3.0,1.7090706058977219,1.0
99.0,0.4,-0.26748344742237884,0.10252174750223383,0.09903769534618179,-0.001327171783417269,0.0009521429279080172,0.11856206881360432,-0.023135685576671672,9.518644172120145e-22,0.11461328487833139,0.16112699112492437,0.0,0.0,2.0,0.0,0.13774514190047407,1.0,7.508594206133846e-28,0.0772264244321697,0.8383197324630071,0.0,1.0,4.0,2.0,6.0,3.0,1.2148244689443648,1.0
99.0,0.45,-0.26748344742237884,0.10252174750223383,0.09903769534618179,-0.001327171783417269,0.0009521429279080172,0.11856206881360432,-0.023135685576671672,2.8821929446745685e-20,0.13211418746532372,0.18573031506600085,0.0,0.0,2.0,0.0,0.15877816885533957,1.0,1.0358007183984165e-27,0.07826858693868684,0.8496327694198557,0.0,1.0,4.0,2.0,6.0,3.0,1.2312183978727376,1.0
99.0,0.5,-0.26748344742237884,0.10252174750223383,0.09903769534618179,-0.001327171783417269,0.0009521429279080172,0.11856206881360432,-0.023135685576671672,2.724913648047722e-19,0.14507771118185342,0.20395484787682103,0.0,0.0,2.0,0.0,0.17435805922982045,1.0,1.5425168707071555e-27,0.07957816086404784,0.8638486504582616,0.0,1.0,4.0,2.0,6.0,3.0,1.2518188912934505,1.0
99.0,0.55,-0.26748344742237884,0.10252174750223383,0.09903769534618179,-0.001327171783417269,0.0009521429279080172,0.11856206881360432,-0.023135685576671672,1.351420234879686e-17,0.17070409194320366,0.2399812267549877,0.0,0.0,4.0,1.0,0.2051564911752531,1.0,2.70101379490848e-27,0.08145753578981801,0.8842499197977888,0.0,1.0,4.0,2.0,6.0,3.0,1.2813827441188714,1.0
99.0,0.6,-0.26748344742237884,0.10252174750223383,0.09903769534618179,-0.001327171783417269,0.0009521429279080172,0.11856206881360432,-0.023135685576671672,9.776007952950151e-17,0.18537495647640365,0.2606059934384072,0.0,0.0,4.0,1.0,0.22278830688556533,1.0,4.3326004801015915e-27,0.08307726257705385,0.9018326181671967,0.0,1.0,4.0,2.0,6.0,3.0,1.306862154160274,1.0
99.0,0.65,-0.26748344742237884,0.10252174750223383,0.09903769534618179,-0.001327171783417269,0.0009521429279080172,0.11856206881360432,-0.023135685576671672,1.2130592020492437e-14,0.2266153971241649,0.31858311294330394,0.0,0.0,5.0,2.0,0.2723521105501607,1.0,7.037548552051644e-27,0.08477351866544185,0.9202460687530796,0.0,1.0,4.0,2.0,6.0,3.0,1.3335454224446874,1.0
99.0,0.7,-0.26748344742237884,0.10252174750223383,0.09903769534618179,-0.001327171783417269,0.0009521429279080172,0.11856206881360432,-0.023135685576671672,1.1902689722203816e-13,0.24923720786897505,0.350385571994871,0.0,0.0,5.0,2.0,0.29953957432800626,1.0,1.2219406602205615e-26,0.08674505751625493,0.9416478095964063,0.0,1.0,4.0,2.0,6.0,3.0,1.3645590768389282,1.0
99.0,0.75,-0.26748344742237884,0.10252174750223383,0.09903769534618179,-0.001327171783417269,0.0009521429279080172,0.11856206881360432,-0.023135685576671672,1.5697755784828085e-12,0.2775157034080313,0.3901403779458972,0.0,0.0,5.0,2.0,0.333525384828894,1.0,1.9133998099775754e-26,0.08838113131522626,0.9594079604712932,1.0,1.0,4.0,2.0,6.0,3.0,1.390295636554118,1.0
99.0,0.8,-0.26748344742237884,0.10252174750223383,0.09903769534618179,-0.001327171783417269,0.0009521429279080172,0.11856206881360432,-0.023135685576671672,6.842745799172047e-12,0.29507263249098564,0.41482246571201564,1.0,1.0,6.0,3.0,0.354625745842326,1.0,3.2185403676858165e-26,0.09031712568130368,0.980423853553918,1.0,1.0,4.0,2.0,6.0,3.0,1.4207501518957548,1.0
99.0,0.85,-0.26748344742237884,0.10252174750223383,0.09903769534618179,-0.001327171783417269,0.0009521429279080172,0.11856206881360432,-0.023135685576671672,1.0932782239894029e-9,0.3645368558038679,0.5124774740744065,1.0,1.0,6.0,3.0,0.438109604693388,1.0,6.780882822282239e-26,0.09316538388252711,1.0113426882765126,1.0,1.0,4.0,2.0,6.0,3.0,1.4655552012316437,1.0
99.0,0.9,-0.26748344742237884,0.10252174750223383,0.09903769534618179,-0.001327171783417269,0.0009521429279080172,0.11856206881360432,-0.023135685576671672,3.8921206992776633e-8,0.42304388986615143,0.5947285182540283,1.0,1.0,6.0,3.0,0.5084248366286761,1.0,1.6030514215258915e-25,0.09656590056488508,1.048256481144059,1.0,1.0,4.0,2.0,6.0,3.0,1.5190476541472955,1.0
99.0,0.95,-0.26748344742237884,0.10252174750223383,0.09903769534618179,-0.001327171783417269,0.0009521429279080172,0.11856206881360432,-0.023135685576671672,1.5945613769809192e-6,0.49382269962079695,0.6942316139316007,1.0,1.0,6.0,3.0,0.5934885986833969,1.0,5.219809317355792e-25,0.101434710584196,1.1011091095392391,1.0,1.0,5.0,2.0,6.0,3.0,1.5956373653710163,1.0
100.0,0.4,-0.18974523302900526,0.03236611897302866,0.03114366998514473,-9.053796744508196e-5,-0.00033126066337460286,0.20851639840674407,-0.04248563101957181,5.320660427407782e-22,0.09356167959601738,0.13248877516233665,0.0,0.0,4.0,1.0,0.10202679658734021,1.0,6.466578803954072e-28,0.07020623482386291,0.6745321811212999,0.0,1.0,6.0,3.0,6.0,3.0,0.9352939689601186,1.0
100.0,0.45,-0.18974523302900526,0.03236611897302866,0.03114366998514473,-9.053796744508196e-5,-0.00033126066337460286,0.20851639840674407,-0.04248563101957181,2.7192782463499867e-21,0.10014248113604056,0.1418075725523441,0.0,0.0,4.0,1.0,0.10920300487052473,1.0,1.1699487172083492e-27,0.0719622156074117,0.6914034113034326,1.0,1.0,6.0,3.0,6.0,3.0,0.9586873077509467,1.0
100.0,0.5,-0.18974523302900526,0.03236611897302866,0.03114366998514473,-9.053796744508196e-5,-0.00033126066337460286,0.20851639840674407,-0.04248563101957181,2.1954812134782762e-19,0.12024855063758981,0.1702789353270508,0.0,0.0,4.0,1.0,0.1311281976638018,1.0,2.0408250310712468e-27,0.07365001092417614,0.707619524575419,1.0,1.0,6.0,3.0,6.0,3.0,0.9811722734319778,1.0
100.0,0.55,-0.18974523302900526,0.03236611897302866,0.03114366998514473,-9.053796744508196e-5,-0.00033126066337460286,0.20851639840674407,-0.04248563101957181,5.226442434008394e-18,0.1372275687624726,0.1943222116399377,0.0,0.0,5.0,2.0,0.14964341496173836,1.0,2.9679500118818356e-27,0.07480832532865761,0.71874845555483,1.0,1.0,6.0,3.0,6.0,3.0,0.9966034453127808,1.0
100.0,0.6,-0.18974523302900526,0.03236611897302866,0.03114366998514473,-9.053796744508196e-5,-0.00033126066337460286,0.20851639840674407,-0.04248563101957181,3.4574662541277533e-16,0.1634171729828431,0.2314082130897337,0.0,0.0,5.0,2.0,0.17820255834214885,1.0,4.916474656070426e-27,0.07639820420326099,0.7340238006533879,1.0,1.0,6.0,3.0,6.0,3.0,1.017783959073765,1.0
100.0,0.65,-0.18974523302900526,0.03236611897302866,0.03114366998514473,-9.053796744508196e-5,-0.00033126066337460286,0.20851639840674407,-0.04248563101957181,1.2711980943895793e-14,0.18990001396110198,0.2689094548286412,0.0,0.0,5.0,2.0,0.20708146946484646,1.0,8.093220790565921e-27,0.07800144225864922,0.7494274989868885,1.0,1.0,6.0,3.0,6.0,3.0,1.039142445079658,1.0
100.0,0.7,-0.18974523302900526,0.03236611897302866,0.03114366998514473,-9.053796744508196e-5,-0.00033126066337460286,0.20851639840674407,-0.04248563101957181,1.4336173030741938e-13,0.210071674234315,0.297473697947493,0.0,0.0,5.0,2.0,0.22907818744180375,1.0,1.070225530811625e-26,0.07891490648519763,0.7582039419717009,1.0,1.0,6.0,3.0,6.0,3.0,1.0513117001906183,1.0
100.0,0.75,-0.18974523302900526,0.03236611897302866,0.03114366998514473,-9.053796744508196e-5,-0.00033126066337460286,0.20851639840674407,-0.04248563101957181,1.309829123566522e-11,0.2535518140381609,0.35904410253377317,0.0,0.0,5.0,2.0,0.2764922505337722,1.0,1.8424038112286065e-26,0.08072138584842786,0.7755603558014329,1.0,1.0,6.0,3.0,6.0,3.0,1.0753777857415538,1.0
100.0,0.8,-0.18974523302900526,0.03236611897302866,0.03114366998514473,-9.053796744508196e-5,-0.00033126066337460286,0.20851639840674407,-0.04248563101957181,7.100596754033786e-11,0.27205292357715977,0.3852427487375392,0.0,0.0,5.0,2.0,0.29666727248427466,1.0,2.4205411493308163e-26,0.08164456159070964,0.7844301057397666,1.0,1.0,6.0,3.0,6.0,3.0,1.0876764185654426,1.0
100.0,0.85,-0.18974523302900526,0.03236611897302866,0.03114366998514473,-9.053796744508196e-5,-0.00033126066337460286,0.20851639840674407,-0.04248563101957181,1.0020276249758887e-9,0.30377551506254075,0.43016378167560326,0.0,0.0,5.0,2.0,0.3312600074872921,1.0,4.9159430552104435e-26,0.08409067918828433,0.8079320787840529,1.0,1.0,6.0,3.0,6.0,3.0,1.1202638239735052,1.0
100.0,0.9,-0.18974523302900526,0.03236611897302866,0.03114366998514473,-9.053796744508196e-5,-0.00033126066337460286,0.20851639840674407,-0.04248563101957181,1.2071851076598696e-7,0.3708998774499271,0.5252157794022047,0.0,0.0,5.0,2.0,0.40445753554496827,1.0,9.527057925472426e-26,0.08644121421333034,0.8305157071644114,1.0,1.0,6.0,3.0,6.0,3.0,1.15157786948913,1.0
100.0,0.95,-0.18974523302900526,0.03236611897302866,0.03114366998514473,-9.053796744508196e-5,-0.00033126066337460286,0.20851639840674407,-0.04248563101957181,6.695848197484778e-7,0.3983437540591932,0.5640779034402467,1.0,1.0,6.0,3.0,0.4343844332713837,1.0,2.185207921212679e-25,0.08948352977994088,0.8597458711228346,1.0,1.0,6.0,3.0,6.0,3.0,1.1921078795126434,1.0
101.0,0.4,-0.25734450229663963,0.05137431124203362,0.05057712827936239,-0.0002759202950645222,0.00021954169878050583,0.04420448755130002,-0.0520630819126382,8.623772407274204e-23,0.08796757993187822,0.12581704320064752,0.0,0.0,3.0,1.0,0.09716307536330392,0.0,8.550188491081203e-30,0.0630966534957122,0.6334786084038614,1.0,1.0,6.0,3.0,6.0,3.0,0.8647157433180556,1.0
101.0,0.45,-0.25734450229663963,0.05137431124203362,0.05057712827936239,-0.0002759202950645222,0.00021954169878050583,0.04420448755130002,-0.0520630819126382,3.637079100817356e-22,0.09340424660714565,0.13359292297907668,0.0,0.0,3.0,1.0,0.1031680519046984,0.0,1.2203062908411322e-29,0.06403885244482381,0.6429381097570254,1.0,1.0,6.0,3.0,6.0,3.0,0.8776282231326927,1.0
101.0,0.5,-0.25734450229663963,0.05137431124203362,0.05057712827936239,-0.0002759202950645222,0.00021954169878050583,0.04420448755130002,-0.0520630819126382,6.789339278132721e-21,0.10551836916291042,0.15091934121312273,0.0,0.0,3.0,1.0,0.11654849733422566,1.0,1.6565334663129347e-29,0.06485956242891318,0.6511778846075159,1.0,1.0,6.0,3.0,6.0,3.0,0.8888757426859855,1.0
101.0,0.55,-0.25734450229663963,0.05137431124203362,0.05057712827936239,-0.0002759202950645222,0.00021954169878050583,0.04420448755130002,-0.0520630819126382,8.432412069945264e-19,0.12899808106448732,0.1845015760426717,0.0,0.0,5.0,2.0,0.14248260872808527,1.0,2.3992265227619066e-29,0.06586837879757643,0.661306212402258,1.0,1.0,6.0,3.0,6.0,3.0,0.9027011890095276,1.0
101.0,0.6,-0.25734450229663963,0.05137431124203362,0.05057712827936239,-0.0002759202950645222,0.00021954169878050583,0.04420448755130002,-0.0520630819126382,1.9504279162292013e-17,0.14703610963356484,0.21030075593926134,0.0,0.0,5.0,2.0,0.16240620251820595,1.0,3.685660915685579e-29,0.067057209912578,0.6732418546056846,1.0,1.0,6.0,3.0,6.0,3.0,0.9189936692653629,1.0
101.0,0.65,-0.25734450229663963,0.05137431124203362,0.05057712827936239,-0.0002759202950645222,0.00021954169878050583,0.04420448755130002,-0.0520630819126382,1.7904316241428705e-16,0.1612656345819307,0.2306527624005013,0.0,0.0,5.0,2.0,0.17812317922727025,1.0,6.610200441899055e-29,0.06870941986656914,0.6898297337475863,1.0,1.0,6.0,3.0,6.0,3.0,0.9416365810416597,1.0
101.0,0.7,-0.25734450229663963,0.05137431124203362,0.05057712827936239,-0.0002759202950645222,0.00021954169878050583,0.04420448755130002,-0.0520630819126382,2.570223841808216e-15,0.18019830996674838,0.25773152526563986,1.0,1.0,6.0,3.0,0.19903493974936895,1.0,9.622386595549713e-29,0.06979282681278429,0.7007069370000547,1.0,1.0,6.0,3.0,6.0,3.0,0.9564842629852989,1.0
101.0,0.75,-0.25734450229663963,0.05137431124203362,0.05057712827936239,-0.0002759202950645222,0.00021954169878050583,0.04420448755130002,-0.0520630819126382,1.9248235641530096e-14,0.19596787318936357,0.2802861961884001,1.0,1.0,6.0,3.0,0.21645293921044195,1.0,1.2430434798084866e-28,0.0705414315379513,0.7082227885273561,1.0,1.0,6.0,3.0,6.0,3.0,0.9667436072691952,1.0
101.0,0.8,-0.25734450229663963,0.05137431124203362,0.05057712827936239,-0.0002759202950645222,0.00021954169878050583,0.04420448755130002,-0.0520630819126382,7.730455869547962e-13,0.2285653905858273,0.3269093186805817,1.0,1.0,6.0,3.0,0.25245796562928785,1.0,1.729495176353189e-28,0.07151887021376,0.7180360901502937,1.0,1.0,6.0,3.0,6.0,3.0,0.9801390341939712,1.0
101.0,0.85,-0.25734450229663963,0.05137431124203362,0.05057712827936239,-0.0002759202950645222,0.00021954169878050583,0.04420448755130002,-0.0520630819126382,1.5073856534919778e-11,0.25867905939222124,0.3699798768575612,1.0,1.0,6.0,3.0,0.2857194998668679,1.0,4.555728754490274e-28,0.07446415225287704,0.7476061713531511,1.0,1.0,6.0,3.0,6.0,3.0,1.0205030092486782,1.0
101.0,0.9,-0.25734450229663963,0.05137431124203362,0.05057712827936239,-0.0002759202950645222,0.00021954169878050583,0.04420448755130002,-0.0520630819126382,3.510065360510218e-10,0.2949330152413438,0.4218326791376254,1.0,1.0,6.0,3.0,0.32576318240438956,1.0,1.0175455177231434e-27,0.07699964963547773,0.7730620911928723,1.0,1.0,6.0,3.0,6.0,3.0,1.0552510407591842,1.0
101.0,0.95,-0.25734450229663963,0.05137431124203362,0.05057712827936239,-0.0002759202950645222,0.00021954169878050583,0.04420448755130002,-0.0520630819126382,2.1099569148204506e-7,0.38504662714413773,0.5507191190114993,1.0,1.0,6.0,3.0,0.42529662042043004,1.0,2.1311664546747623e-27,0.07940839094098258,0.7972454037091186,1.0,1.0,6.0,3.0,6.0,3.0,1.088261928231879,1.0
3.0,0.4,-1.377003885529498,-1.2105844148683733,-1.2109491167764586,0.0006334688034240951,0.0005690187635888383,-0.08509741649996622,-1.2663003730274716,2.9293135218310133e-19,0.1699974359411211,0.24047140900977013,0.0,0.0,2.0,0.0,0.21946089274756073,0.0,1.945456442165389e-27,0.0928298155508252,1.1874843341869188,0.0,0.0,4.0,2.0,4.0,2.0,1.9194738739727755,0.0
3.0,0.45,-1.377003885529498,-1.2105844148683733,-1.2109491167764586,0.0006334688034240951,0.0005690187635888383,-0.08509741649996622,-1.2663003730274716,3.15008186466245e-18,0.18768253913643537,0.2654880315271436,0.0,0.0,2.0,0.0,0.24229175789614255,0.0,4.5048151127322604e-27,0.09613498547353078,1.229764257741111,0.0,0.0,4.0,2.0,4.0,2.0,1.9878160039019304,0.0
3.0,0.5,-1.377003885529498,-1.2105844148683733,-1.2109491167764586,0.0006334688034240951,0.0005690187635888383,-0.08509741649996622,-1.2663003730274716,2.1653346008642712e-17,0.2033795752400232,0.2876924157768823,0.0,0.0,2.0,0.0,0.262556096224029,0.0,1.1274758014810019e-26,0.0998809641125248,1.2776830317213168,0.0,0.0,4.0,2.0,4.0,2.0,2.065272886556967,0.0
3.0,0.55,-1.377003885529498,-1.2105844148683733,-1.2109491167764586,0.0006334688034240951,0.0005690187635888383,-0.08509741649996622,-1.2663003730274716,8.706907473012364e-16,0.23722190583921626,0.3355643903058457,0.0,0.0,2.0,0.0,0.3062453909762709,0.0,1.6190887928617267e-26,0.10139842338330832,1.2970944579008248,0.0,0.0,4.0,2.0,4.0,2.0,2.096649911360944,0.0
3.0,0.6,-1.377003885529498,-1.2105844148683733,-1.2109491167764586,0.0006334688034240951,0.0005690187635888383,-0.08509741649996622,-1.2663003730274716,1.4800663989590413e-14,0.2669452373897433,0.37760979751360724,0.0,0.0,3.0,1.0,0.34461719841794136,0.0,2.730301648875625e-26,0.10363036652346277,1.325645602788948,0.0,0.0,4.0,2.0,4.0,2.0,2.1428005637165293,0.0
3.0,0.65,-1.377003885529498,-1.2105844148683733,-1.2109491167764586,0.0006334688034240951,0.0005690187635888383,-0.08509741649996622,-1.2663003730274716,9.007745929051262e-14,0.28780795853626634,0.40712134821499496,0.0,0.0,3.0,1.0,0.3715502599821472,0.0,4.558651534597596e-26,0.10586760972442909,1.3542645463594987,0.0,0.0,4.0,2.0,4.0,2.0,2.189060807243857,0.0
3.0,0.7,-1.377003885529498,-1.2105844148683733,-1.2109491167764586,0.0006334688034240951,0.0005690187635888383,-0.08509741649996622,-1.2663003730274716,6.429890106054955e-13,0.31236972955630166,0.4418654233374511,0.0,0.0,3.0,1.0,0.40325866879241345,0.0,7.535292979159815e-26,0.10810789981313852,1.3829224658931225,0.0,0.0,4.0,2.0,4.0,2.0,2.23538405231207,0.0
3.0,0.75,-1.377003885529498,-1.2105844148683733,-1.2109491167764586,0.0006334688034240951,0.0005690187635888383,-0.08509741649996622,-1.2663003730274716,1.4133357835504902e-11,0.3552935718599498,0.5025837323032786,0.0,0.0,3.0,1.0,0.4586718854680861,0.0,1.3937045047220665e-25,0.11091374526858591,1.4188150021727952,0.0,0.0,4.0,2.0,4.0,2.0,2.2934014793012234,0.0
3.0,0.8,-1.377003885529498,-1.2105844148683733,-1.2109491167764586,0.0006334688034240951,0.0005690187635888383,-0.08509741649996622,-1.2663003730274716,1.1400034060136167e-10,0.38758314567229696,0.5482592406895898,0.0,0.0,3.0,1.0,0.5003566241587939,0.0,2.254410913601689e-25,0.11315870519988414,1.4475326586011263,0.0,0.0,4.0,2.0,4.0,2.0,2.3398212843032415,0.0
3.0,0.85,-1.377003885529498,-1.2105844148683733,-1.2109491167764586,0.0006334688034240951,0.0005690187635888383,-0.08509741649996622,-1.2663003730274716,3.67114407417842e-9,0.44791319163584786,0.6335996523149984,0.0,0.0,3.0,1.0,0.5782406561935358,0.0,3.6908369430608353e-25,0.1155070414978344,1.477572711451298,0.0,0.0,4.0,2.0,4.0,2.0,2.388378637826685,0.0
3.0,0.9,-1.377003885529498,-1.2105844148683733,-1.2109491167764586,0.0006334688034240951,0.0005690187635888383,-0.08509741649996622,-1.2663003730274716,3.858696759628128e-6,0.5985431810235482,0.8466746648094964,0.0,0.0,3.0,1.0,0.7726988358864919,0.0,6.100813251907163e-25,0.11795130403529815,1.5088398582688953,0.0,0.0,4.0,2.0,4.0,2.0,2.4389194910423555,0.0
3.0,0.95,-1.377003885529498,-1.2105844148683733,-1.2109491167764586,0.0006334688034240951,0.0005690187635888383,-0.08509741649996622,-1.2663003730274716,0.01113196088569254,0.8341950592766647,1.1800181584075564,0.0,0.0,3.0,1.0,1.0769173747883405,0.0,2.0160257422941554e-24,0.12397447017230705,1.5858885455625507,0.0,0.0,4.0,2.0,6.0,3.0,2.5634625591286646,1.0
4.0,0.4,-0.32686055842617545,0.09121711109462277,0.08858607496710169,-0.0007352798530804251,-0.00012496009170450615,0.1847171253125568,-0.04989580283065731,4.636774811122536e-21,0.10003816619837562,0.14146978406658892,0.0,0.0,2.0,0.0,0.11065561547109108,1.0,6.3397966468117815e-28,0.0711819136541677,0.6566965293443343,0.0,0.0,4.0,2.0,6.0,3.0,0.94236399696106,1.0
4.0,0.45,-0.32686055842617545,0.09121711109462277,0.08858607496710169,-0.0007352798530804251,-0.00012496009170450615,0.1847171253125568,-0.04989580283065731,2.979334176786688e-19,0.11898576924077607,0.16826469057929305,0.0,0.0,2.0,0.0,0.1316142031385326,1.0,1.0315588924566252e-27,0.07264049113602931,0.6701527954229893,0.0,0.0,4.0,2.0,6.0,3.0,0.9616738305286484,1.0
4.0,0.5,-0.32686055842617545,0.09121711109462277,0.08858607496710169,-0.0007352798530804251,-0.00012496009170450615,0.1847171253125568,-0.04989580283065731,1.9045172168413826e-18,0.12854773421861065,0.18178682090287446,0.0,0.0,2.0,0.0,0.1421910175679086,1.0,1.3968841562845585e-27,0.07356392117791336,0.6786720002668457,0.0,0.0,4.0,2.0,6.0,3.0,0.9738989475634564,1.0
4.0,0.55,-0.32686055842617545,0.09121711109462277,0.08858607496710169,-0.0007352798530804251,-0.00012496009170450615,0.1847171253125568,-0.04989580283065731,5.1774543333623304e-17,0.14751229961794482,0.20860571487020593,0.0,0.0,2.0,0.0,0.16316836787482739,1.0,2.098180216547387e-27,0.07482153899345714,0.690274290965599,0.0,0.0,4.0,2.0,6.0,3.0,0.9905483138204977,1.0
4.0,0.6,-0.32686055842617545,0.09121711109462277,0.08858607496710169,-0.0007352798530804251,-0.00012496009170450615,0.1847171253125568,-0.04989580283065731,1.56424629654107e-15,0.1700210794659861,0.24043668844473448,0.0,0.0,2.0,0.0,0.18806609423507675,1.0,2.74301363887959e-27,0.07566168682533139,0.6980251666727131,0.0,0.0,4.0,2.0,6.0,3.0,1.0016708733056174,1.0
4.0,0.65,-0.32686055842617545,0.09121711109462277,0.08858607496710169,-0.0007352798530804251,-0.00012496009170450615,0.1847171253125568,-0.04989580283065731,3.615223241402721e-14,0.19378895399684076,0.27404822097656917,0.0,0.0,3.0,0.0,0.21435654801484724,1.0,5.171078963215249e-27,0.07768712854909024,0.7167111008110368,0.0,1.0,5.0,2.0,6.0,3.0,1.028485316194669,1.0
4.0,0.7,-0.32686055842617545,0.09121711109462277,0.08858607496710169,-0.0007352798530804251,-0.00012496009170450615,0.1847171253125568,-0.04989580283065731,2.094274966951584e-13,0.20850499305185932,0.29485902695736455,0.0,0.0,4.0,1.0,0.23063445894436732,1.0,7.70742230438638e-27,0.07898980994428925,0.7287291304923527,0.0,1.0,6.0,3.0,6.0,3.0,1.0457312707261923,1.0
4.0,0.75,-0.32686055842617545,0.09121711109462277,0.08858607496710169,-0.0007352798530804251,-0.00012496009170450615,0.1847171253125568,-0.04989580283065731,5.391280269109794e-12,0.23872279179761044,0.33759177212836183,0.0,0.0,5.0,2.0,0.2640593931016165,1.0,1.1674331617021866e-26,0.08036825185648344,0.7414460971088813,0.0,1.0,6.0,3.0,6.0,3.0,1.0639802045250926,1.0
4.0,0.8,-0.32686055842617545,0.09121711109462277,0.08858607496710169,-0.0007352798530804251,-0.00012496009170450615,0.1847171253125568,-0.04989580283065731,1.8080723571362064e-10,0.276348671093319,0.3908007144906605,0.0,0.0,5.0,2.0,0.30567865692190055,1.0,1.9271596943232586e-26,0.08206439240930191,0.7570940272801275,1.0,1.0,6.0,3.0,6.0,3.0,1.0864350910082996,1.0
4.0,0.85,-0.32686055842617545,0.09121711109462277,0.08858607496710169,-0.0007352798530804251,-0.00012496009170450615,0.1847171253125568,-0.04989580283065731,3.708583085191136e-9,0.313417846637158,0.44322238972723166,0.0,0.0,5.0,2.0,0.3466821318024309,1.0,3.0473967867653267e-26,0.08364633096297279,0.7716883744183466,1.0,1.0,6.0,3.0,6.0,3.0,1.1073780786557916,1.0
4.0,0.9,-0.32686055842617545,0.09121711109462277,0.08858607496710169,-0.0007352798530804251,-0.00012496009170450615,0.1847171253125568,-0.04989580283065731,2.0871866695872636e-8,0.3368126872591294,0.476306393331411,0.0,0.0,5.0,2.0,0.3725599600978717,1.0,8.86081839366871e-26,0.08745029198833296,0.8067822328843007,1.0,1.0,6.0,3.0,6.0,3.0,1.1577380048240955,1.0
4.0,0.95,-0.32686055842617545,0.09121711109462277,0.08858607496710169,-0.0007352798530804251,-0.00012496009170450615,0.1847171253125568,-0.04989580283065731,8.694771147740854e-7,0.39343755427302884,0.556382908262427,1.0,1.0,6.0,3.0,0.43519464992181883,1.0,2.0512119945762629e-25,0.09056289427061058,0.8354978856543535,1.0,1.0,6.0,3.0,6.0,3.0,1.1989451623322238,1.0
5.0,0.4,-0.8441267667773622,0.09907570953678607,0.08448573910649793,-0.00023119102598125908,8.67711519969501e-6,0.07227385789689178,-0.2250514295214554,1.779005895585214e-19,0.12604082323955676,0.17543083277985938,0.0,0.0,2.0,0.0,0.12587568320114428,0.0,8.177628490850657e-24,0.11641489525416489,0.9025633580052308,0.0,1.0,6.0,3.0,6.0,3.0,1.2558456587287188,1.0
5.0,0.45,-0.8441267667773622,0.09907570953678607,0.08448573910649793,-0.00023119102598125908,8.67711519969501e-6,0.07227385789689178,-0.2250514295214554,1.2990688819693267e-18,0.1369268174635226,0.1905825826912144,0.0,0.0,2.0,0.0,0.1367474144787242,0.0,1.1314094203366192e-23,0.11800033374387092,0.9148552445722861,0.0,1.0,6.0,3.0,6.0,3.0,1.2729488484892006,1.0
5.0,0.5,-0.8441267667773622,0.09907570953678607,0.08448573910649793,-0.00023119102598125908,8.67711519969501e-6,0.07227385789689178,-0.2250514295214554,1.7487970688731777e-17,0.1525930132155161,0.212387690723879,0.0,0.0,3.0,1.0,0.15239308421302153,0.0,1.6871457862649928e-23,0.11998135708610211,0.9302140959988776,0.0,1.0,6.0,3.0,6.0,3.0,1.2943194777265479,1.0
5.0,0.55,-0.8441267667773622,0.09907570953678607,0.08448573910649793,-0.00023119102598125908,8.67711519969501e-6,0.07227385789689178,-0.2250514295214554,1.1325409251307098e-16,0.16494510029779536,0.2295800325994558,0.0,0.0,4.0,1.0,0.1647289874583279,0.0,1.9855512827485896e-23,0.12079829111942755,0.9365477762618473,0.0,1.0,6.0,3.0,6.0,3.0,1.3031322937925651,1.0
5.0,0.6,-0.8441267667773622,0.09907570953678607,0.08448573910649793,-0.00023119102598125908,8.67711519969501e-6,0.07227385789689178,-0.2250514295214554,2.529715050352057e-15,0.18773640195177746,0.2613022708912176,0.0,0.0,4.0,1.0,0.18749042770444324,0.0,2.443014931692484e-23,0.12184638983908892,0.9446736737071288,0.0,1.0,6.0,3.0,6.0,3.0,1.3144388385790553,1.0
5.0,0.65,-0.8441267667773622,0.09907570953678607,0.08448573910649793,-0.00023119102598125908,8.67711519969501e-6,0.07227385789689178,-0.2250514295214554,5.022155019225799e-13,0.23404045193263018,0.3257508982520699,0.0,0.0,5.0,2.0,0.23373380962239423,0.0,3.445141976426351e-23,0.12360405194426144,0.9583008080048446,0.0,1.0,6.0,3.0,6.0,3.0,1.333399920144035,1.0
5.0,0.7,-0.8441267667773622,0.09907570953678607,0.08448573910649793,-0.00023119102598125908,8.67711519969501e-6,0.07227385789689178,-0.2250514295214554,5.6869317620797815e-11,0.28501896413614475,0.39670570971615465,0.0,0.0,5.0,2.0,0.2846455292324687,0.0,6.035127847400901e-23,0.1265253888819243,0.9809499000352511,0.0,1.0,6.0,3.0,6.0,3.0,1.3649143436448925,1.0
5.0,0.75,-0.8441267667773622,0.09907570953678607,0.08448573910649793,-0.00023119102598125908,8.67711519969501e-6,0.07227385789689178,-0.2250514295214554,4.42740746228515e-10,0.31046315662202506,0.4321203933280284,0.0,0.0,5.0,2.0,0.3100563844644617,0.0,1.2281861148053029e-22,0.13032720615948212,1.0104253461202497,0.0,1.0,6.0,3.0,6.0,3.0,1.4059270998980926,1.0
5.0,0.8,-0.8441267667773622,0.09907570953678607,0.08448573910649793,-0.00023119102598125908,8.67711519969501e-6,0.07227385789689178,-0.2250514295214554,1.7581958822877318e-9,0.32882511127688585,0.4576776129158904,0.0,0.0,5.0,2.0,0.32839428108939944,0.0,1.8711192357036314e-22,0.1326335229618966,1.0283061940415263,0.0,1.0,6.0,3.0,6.0,3.0,1.4308068881557863,1.0
5.0,0.85,-0.8441267667773622,0.09907570953678607,0.08448573910649793,-0.00023119102598125908,8.67711519969501e-6,0.07227385789689178,-0.2250514295214554,1.0171625445337426e-6,0.42860947908790464,0.5965632080236584,0.0,0.0,5.0,2.0,0.42804791035151213,0.0,2.761893289316451e-22,0.13480294027559642,1.0451256617848312,0.0,1.0,6.0,3.0,6.0,3.0,1.454209849687752,1.0
5.0,0.9,-0.8441267667773622,0.09907570953678607,0.08448573910649793,-0.00023119102598125908,8.67711519969501e-6,0.07227385789689178,-0.2250514295214554,6.761276393791259e-5,0.5105109190143843,0.7105583204235801,0.0,0.0,5.0,2.0,0.5098420421329967,1.0,5.498756830003192e-22,0.13872671393900163,1.0755466343413376,0.0,1.0,6.0,3.0,6.0,3.0,1.4965382313803457,1.0
5.0,0.95,-0.8441267667773622,0.09907570953678607,0.08448573910649793,-0.00023119102598125908,8.67711519969501e-6,0.07227385789689178,-0.2250514295214554,0.026663613334787457,0.6548881495269783,0.9115108144828626,0.0,0.0,5.0,2.0,0.6540301080497088,1.0,1.2504001958302315e-21,0.14355757737996142,1.1130002636197727,0.0,1.0,6.0,3.0,6.0,3.0,1.5486519997000703,1.0
6.0,0.4,0.00037639341207507115,0.07241697472605546,0.07141566797022869,-0.00015421426470519807,-0.00011191464123501501,0.26305884841844485,0.0477362431175109,3.5029532055567163e-19,0.126342330224289,0.17443697538779587,0.0,0.0,3.0,1.0,0.13195345282351906,1.0,1.2267993644923176e-27,0.07284699538321458,0.7455754306191353,0.0,1.0,6.0,3.0,6.0,3.0,1.026909759060576,1.0
6.0,0.45,0.00037639341207507115,0.07241697472605546,0.07141566797022869,-0.00015421426470519807,-0.00011191464123501501,0.26305884841844485,0.0477362431175109,2.7678999169660085e-18,0.13770627096950605,0.19012681938990303,0.0,0.0,3.0,1.0,0.14382208953736836,1.0,1.550470286057002e-27,0.07356118609155607,0.7528850395071167,0.0,1.0,6.0,3.0,6.0,3.0,1.0369775649373745,1.0
6.0,0.5,0.00037639341207507115,0.07241697472605546,0.07141566797022869,-0.00015421426470519807,-0.00011191464123501501,0.26305884841844485,0.0477362431175109,1.3225349328381501e-17,0.14697926907924672,0.20292976310772395,0.0,0.0,5.0,2.0,0.15350692055508067,1.0,1.9963709686079712e-27,0.07434004130317402,0.7608564775429238,0.0,1.0,6.0,3.0,6.0,3.0,1.0479569335921595,1.0
6.0,0.55,0.00037639341207507115,0.07241697472605546,0.07141566797022869,-0.00015421426470519807,-0.00011191464123501501,0.26305884841844485,0.0477362431175109,7.183351329088002e-17,0.15771672420340588,0.21775463765211028,0.0,0.0,5.0,2.0,0.16472124813361383,1.0,3.441893941386334e-27,0.07604651353562202,0.7783219030262124,0.0,1.0,6.0,3.0,6.0,3.0,1.0720127368527905,1.0
6.0,0.6,0.00037639341207507115,0.07241697472605546,0.07141566797022869,-0.00015421426470519807,-0.00011191464123501501,0.26305884841844485,0.0477362431175109,5.8240590181499464e-15,0.1894153593657184,0.2615199697606675,0.0,0.0,5.0,2.0,0.1978276848443721,1.0,4.5297576668303006e-27,0.07692175834772871,0.7872798706712852,0.0,1.0,6.0,3.0,6.0,3.0,1.0843508907380852,1.0
6.0,0.65,0.00037639341207507115,0.07241697472605546,0.07141566797022869,-0.00015421426470519807,-0.00011191464123501501,0.26305884841844485,0.0477362431175109,8.257727756760912e-14,0.21154364118411279,0.2920718089113072,0.0,0.0,5.0,2.0,0.22093872914603635,1.0,7.06334047676855e-27,0.07835887076118626,0.8019884485731628,1.0,1.0,6.0,3.0,6.0,3.0,1.1046095816351258,1.0
6.0,0.7,0.00037639341207507115,0.07241697472605546,0.07141566797022869,-0.00015421426470519807,-0.00011191464123501501,0.26305884841844485,0.0477362431175109,3.6134705936506135e-13,0.2249629372850747,0.3105994189334551,0.0,0.0,5.0,2.0,0.2349540037720437,1.0,1.03966435787451e-26,0.07963120622233522,0.8150105650564556,1.0,1.0,6.0,3.0,6.0,3.0,1.1225454442603366,1.0
6.0,0.75,0.00037639341207507115,0.07241697472605546,0.07141566797022869,-0.00015421426470519807,-0.00011191464123501501,0.26305884841844485,0.0477362431175109,2.2428028223420725e-12,0.24274320452895728,0.3351480878879026,0.0,0.0,5.0,2.0,0.25352392923400235,1.0,1.870789180587416e-26,0.08160443862975127,0.8352062312487482,1.0,1.0,6.0,3.0,6.0,3.0,1.1503617132143342,1.0
6.0,0.8,0.00037639341207507115,0.07241697472605546,0.07141566797022869,-0.00015421426470519807,-0.00011191464123501501,0.26305884841844485,0.0477362431175109,6.589868407603233e-11,0.27945849524426397,0.3858397622577843,0.0,0.0,5.0,2.0,0.2918698214832861,1.0,2.9676670180471767e-26,0.08318851623915823,0.8514189705601606,1.0,1.0,6.0,3.0,6.0,3.0,1.1726921435588118,1.0
6.0,0.85,0.00037639341207507115,0.07241697472605546,0.07141566797022869,-0.00015421426470519807,-0.00011191464123501501,0.26305884841844485,0.0477362431175109,7.019251628848553e-10,0.30840842666237483,0.4258100435189776,0.0,0.0,5.0,2.0,0.3221054788662256,1.0,5.983600829073399e-26,0.08565502675030474,0.8766632462753183,1.0,1.0,6.0,3.0,6.0,3.0,1.2074620568736651,1.0
6.0,0.9,0.00037639341207507115,0.07241697472605546,0.07141566797022869,-0.00015421426470519807,-0.00011191464123501501,0.26305884841844485,0.0477362431175109,6.686259637844348e-8,0.37288944195291307,0.514837001128893,0.0,0.0,5.0,2.0,0.38945022859537787,1.0,1.324601365267403e-25,0.08853866365756202,0.9061767329684559,1.0,1.0,6.0,3.0,6.0,3.0,1.2481121189122162,1.0
6.0,0.95,0.00037639341207507115,0.07241697472605546,0.07141566797022869,-0.00015421426470519807,-0.00011191464123501501,0.26305884841844485,0.0477362431175109,1.7099929863499893e-5,0.4697919264922772,0.648627285672495,0.0,0.0,5.0,2.0,0.4906563516694683,1.0,2.884876268664053e-25,0.09145723045888676,0.9360477206219809,1.0,1.0,6.0,3.0,6.0,3.0,1.2892545807939202,1.0
7.0,0.4,-0.3298547211927729,0.041636986823503086,0.04162022301708046,3.284120259210125e-5,0.0006285464266616124,0.20570730851349084,-0.08220442505287062,8.753063276347442e-21,0.1044585334891373,0.14523732769023928,0.0,0.0,4.0,1.0,0.11086155116648035,0.0,4.2206453222403755e-29,0.06332419543051095,0.6129713673966222,0.0,0.0,6.0,3.0,6.0,3.0,0.8854173942910702,1.0
7.0,0.45,-0.3298547211927729,0.041636986823503086,0.04162022301708046,3.284120259210125e-5,0.0006285464266616124,0.20570730851349084,-0.08220442505287062,1.7507179641482604e-19,0.11834627587348459,0.16454660309532448,0.0,0.0,4.0,1.0,0.12560057354696705,0.0,7.039176128114003e-29,0.06468828505891937,0.6261756075625257,0.0,0.0,6.0,3.0,6.0,3.0,0.9044904938567848,1.0
7.0,0.5,-0.3298547211927729,0.041636986823503086,0.04162022301708046,3.284120259210125e-5,0.0006285464266616124,0.20570730851349084,-0.08220442505287062,1.0962698427649027e-17,0.14061030471007616,0.19550212146071735,0.0,0.0,4.0,1.0,0.1492293254506731,0.0,1.040595013354113e-28,0.065750486000639,0.6364575978708011,0.0,0.0,6.0,3.0,6.0,3.0,0.9193424976388617,1.0
7.0,0.55,-0.3298547211927729,0.041636986823503086,0.04162022301708046,3.284120259210125e-5,0.0006285464266616124,0.20570730851349084,-0.08220442505287062,1.5712323256206542e-16,0.15710762802938688,0.21843971279869753,0.0,0.0,4.0,1.0,0.16673788882203153,1.0,1.484133759538461e-28,0.06673038107276687,0.6459428762574257,0.0,0.0,6.0,3.0,6.0,3.0,0.9330436767149413,1.0
7.0,0.6,-0.3298547211927729,0.041636986823503086,0.04162022301708046,3.284120259210125e-5,0.0006285464266616124,0.20570730851349084,-0.08220442505287062,1.5720369425933851e-15,0.1729311393146824,0.2404404476069424,0.0,0.0,4.0,1.0,0.18353133735508598,1.0,1.9183728064975832e-28,0.0674477971550463,0.652887386392256,0.0,0.0,6.0,3.0,6.0,3.0,0.9430747978981766,1.0
7.0,0.65,-0.3298547211927729,0.041636986823503086,0.04162022301708046,3.284120259210125e-5,0.0006285464266616124,0.20570730851349084,-0.08220442505287062,5.927374062221968e-15,0.18276366236713099,0.25411141660191505,0.0,0.0,4.0,1.0,0.1939665667333348,1.0,3.0072632535078443e-28,0.06872309421421395,0.6652321240850184,0.0,0.0,6.0,3.0,6.0,3.0,0.9609063738289655,1.0
7.0,0.7,-0.3298547211927729,0.041636986823503086,0.04162022301708046,3.284120259210125e-5,0.0006285464266616124,0.20570730851349084,-0.08220442505287062,1.4762273213982474e-13,0.20896263683634186,0.29053801491835296,0.0,0.0,4.0,1.0,0.22177146549662982,1.0,4.529132429843423e-28,0.06990574266429059,0.6766800332556683,0.0,0.0,6.0,3.0,6.0,3.0,0.977442509849491,1.0
7.0,0.75,-0.3298547211927729,0.041636986823503086,0.04162022301708046,3.284120259210125e-5,0.0006285464266616124,0.20570730851349084,-0.08220442505287062,6.501362176149173e-13,0.22227763633601974,0.30905095858064546,0.0,0.0,4.0,1.0,0.2359026374460111,1.0,6.594429879124694e-28,0.07100865398496813,0.6873560956320913,0.0,1.0,6.0,3.0,6.0,3.0,0.9928637380395918,1.0
7.0,0.8,-0.3298547211927729,0.041636986823503086,0.04162022301708046,3.284120259210125e-5,0.0006285464266616124,0.20570730851349084,-0.08220442505287062,1.596436003811833e-12,0.23075541508849579,0.32083831466952595,0.0,0.0,4.0,1.0,0.24490008046528783,1.0,1.0174387340789888e-27,0.07230334769940669,0.6998885908513964,0.0,1.0,6.0,3.0,6.0,3.0,1.0109665236691572,1.0
7.0,0.85,-0.3298547211927729,0.041636986823503086,0.04162022301708046,3.284120259210125e-5,0.0006285464266616124,0.20570730851349084,-0.08220442505287062,7.2753195967453e-10,0.2978043872040824,0.41406203904296673,0.0,0.0,5.0,2.0,0.3160589681556363,1.0,1.8751552080123212e-27,0.07416894684003306,0.7179473888901111,0.0,1.0,6.0,3.0,6.0,3.0,1.0370518757001614,1.0
7.0,0.9,-0.3298547211927729,0.041636986823503086,0.04162022301708046,3.284120259210125e-5,0.0006285464266616124,0.20570730851349084,-0.08220442505287062,1.2465537891438707e-7,0.3689848606533176,0.5130301309946692,0.0,0.0,5.0,2.0,0.3916026067245932,1.0,4.390982689066953e-27,0.07684559306384459,0.7438570350323539,1.0,1.0,6.0,3.0,6.0,3.0,1.0744775249139278,1.0
7.0,0.95,-0.3298547211927729,0.041636986823503086,0.04162022301708046,3.284120259210125e-5,0.0006285464266616124,0.20570730851349084,-0.08220442505287062,5.108415407155526e-6,0.43072410788429966,0.5988713062622437,1.0,1.0,6.0,3.0,0.45712629815751243,1.0,1.3808586240359517e-26,0.0806031062533348,0.780229356577286,1.0,1.0,6.0,3.0,6.0,3.0,1.1270161717081635,1.0
8.0,0.4,0.2761188658508963,0.22259342451819222,0.22090853013119077,0.0002688164489036052,6.013038569134948e-5,0.2062930215987973,0.239312308704426,9.071568034325516e-20,0.11792258691646422,0.15757299574049585,0.0,0.0,2.0,0.0,0.12385444588612698,0.0,1.148852699685752e-27,0.06924629532464216,0.7200727948900821,0.0,1.0,4.0,2.0,6.0,3.0,1.032636248375503,1.0
8.0,0.45,0.2761188658508963,0.22259342451819222,0.22090853013119077,0.0002688164489036052,6.013038569134948e-5,0.2062930215987973,0.239312308704426,5.637923857494629e-19,0.12724972909407692,0.17003630555293317,0.0,0.0,2.0,0.0,0.13365077122393257,0.0,1.5901994106354858e-27,0.07019066309557576,0.7298930103547825,0.0,1.0,4.0,2.0,6.0,3.0,1.0467191446155357,1.0
8.0,0.5,0.2761188658508963,0.22259342451819222,0.22090853013119077,0.0002688164489036052,6.013038569134948e-5,0.2062930215987973,0.239312308704426,3.8330284392868576e-18,0.13782917329052788,0.184172992670263,0.0,0.0,2.0,0.0,0.14476239311926006,0.0,2.502540726956829e-27,0.07152942663039169,0.7438144367024644,0.0,1.0,4.0,2.0,6.0,3.0,1.066683472635872,1.0
8.0,0.55,0.2761188658508963,0.22259342451819222,0.22090853013119077,0.0002688164489036052,6.013038569134948e-5,0.2062930215987973,0.239312308704426,7.331313601478659e-17,0.15586291981420342,0.20827042420111394,0.0,0.0,2.0,0.0,0.16370329105362233,0.0,3.7914874739910774e-27,0.07277841561954664,0.7568023227401409,0.0,1.0,4.0,2.0,6.0,3.0,1.0853090366169724,1.0
8.0,0.6,0.2761188658508963,0.22259342451819222,0.22090853013119077,0.0002688164489036052,6.013038569134948e-5,0.2062930215987973,0.239312308704426,1.730751854177343e-15,0.17780884042557057,0.2375954631562541,0.0,0.0,2.0,0.0,0.18675315713828766,0.0,4.693047492249194e-27,0.07342818925677763,0.7635591364702222,0.0,1.0,4.0,2.0,6.0,3.0,1.0949987941397072,1.0
8.0,0.65,0.2761188658508963,0.22259342451819222,0.22090853013119077,0.0002688164489036052,6.013038569134948e-5,0.2062930215987973,0.239312308704426,2.4329579926973258e-14,0.19851005435076274,0.26525727400143295,0.0,0.0,2.0,0.0,0.2084957040660542,0.0,8.039909806362506e-27,0.07509384261272455,0.7808797983440703,0.0,1.0,4.0,2.0,6.0,3.0,1.1198378707215708,1.0
8.0,0.7,0.2761188658508963,0.22259342451819222,0.22090853013119077,0.0002688164489036052,6.013038569134948e-5,0.2062930215987973,0.239312308704426,1.3643573306822425e-13,0.2132957677516961,0.28501455049669755,0.0,0.0,2.0,0.0,0.22402518309284103,0.0,1.0808437363004566e-26,0.07602544723560668,0.790567293413464,0.0,1.0,4.0,2.0,6.0,3.0,1.1337304363560523,1.0
8.0,0.75,0.2761188658508963,0.22259342451819222,0.22090853013119077,0.0002688164489036052,6.013038569134948e-5,0.2062930215987973,0.239312308704426,1.272945750712483e-12,0.23409599219416935,0.31280866325473106,0.0,0.0,2.0,0.0,0.24587172106316707,0.0,1.912048495873845e-26,0.07785406918654053,0.8095826199783455,0.0,1.0,4.0,2.0,6.0,3.0,1.1609997841566333,1.0
8.0,0.8,0.2761188658508963,0.22259342451819222,0.22090853013119077,0.0002688164489036052,6.013038569134948e-5,0.2062930215987973,0.239312308704426,2.0097301014098448e-10,0.28906197915568893,0.3862564687671321,0.0,0.0,3.0,1.0,0.3036026616379841,0.0,3.191476388396154e-26,0.07953382094384777,0.827049887171993,1.0,1.0,4.0,2.0,6.0,3.0,1.18604910332578,1.0
8.0,0.85,0.2761188658508963,0.22259342451819222,0.22090853013119077,0.0002688164489036052,6.013038569134948e-5,0.2062930215987973,0.239312308704426,1.2544383404742031e-9,0.3119815809233172,0.4168825804064801,0.0,0.0,3.0,1.0,0.32767518795451755,0.0,7.252625720907013e-26,0.08230119954778621,0.8558270807606851,1.0,1.0,4.0,2.0,6.0,3.0,1.2273176714998324,1.0
8.0,0.9,0.2761188658508963,0.22259342451819222,0.22090853013119077,0.0002688164489036052,6.013038569134948e-5,0.2062930215987973,0.239312308704426,4.579335177625785e-7,0.39892721722052865,0.5330629046018815,0.0,0.0,4.0,2.0,0.4189944499160644,0.0,1.507613177454383e-25,0.08484917212697726,0.8823227326623467,1.0,1.0,4.0,2.0,6.0,3.0,1.2653143445753257,1.0
8.0,0.95,0.2761188658508963,0.22259342451819222,0.22090853013119077,0.0002688164489036052,6.013038569134948e-5,0.2062930215987973,0.239312308704426,8.088226750915806e-5,0.49490379920517186,0.6613107487147893,1.0,1.0,6.0,3.0,0.519798941155501,1.0,4.342856796292266e-25,0.08867329403589815,0.9220887033622572,1.0,1.0,4.0,2.0,6.0,3.0,1.322341610551725,1.0
9.0,0.4,-0.7042606504563829,0.031683989177638316,0.031116230610227114,0.0013781891528040922,0.0005793177549057189,-0.009631414289231255,-0.21400906307864276,3.249471857426696e-20,0.12270589438768961,0.16683409064749555,0.0,0.0,5.0,2.0,0.12262410872260557,0.0,1.3025926334009739e-27,0.07336863794293959,0.7439575782332692,1.0,1.0,6.0,3.0,6.0,3.0,1.077029858645156,1.0
9.0,0.45,-0.7042606504563829,0.031683989177638316,0.031116230610227114,0.0013781891528040922,0.0005793177549057189,-0.009631414289231255,-0.21400906307864276,9.339701539111337e-19,0.14113577132137126,0.19189182543944786,0.0,0.0,5.0,2.0,0.1410417018149122,0.0,2.0417559443217123e-27,0.07475557571157151,0.75802111944708,1.0,1.0,6.0,3.0,6.0,3.0,1.097389694002343,1.0
9.0,0.5,-0.7042606504563829,0.031683989177638316,0.031116230610227114,0.0013781891528040922,0.0005793177549057189,-0.009631414289231255,-0.21400906307864276,3.3713305186173393e-16,0.18038411152048567,0.24525487844694646,0.0,0.0,5.0,2.0,0.18026388229592472,0.0,3.0513798642527384e-27,0.07601759212196434,0.7708179587872989,1.0,1.0,6.0,3.0,6.0,3.0,1.1159157208470882,1.0
9.0,0.55,-0.7042606504563829,0.031683989177638316,0.031116230610227114,0.0013781891528040922,0.0005793177549057189,-0.009631414289231255,-0.21400906307864276,4.332934334892659e-15,0.20063459237797215,0.2727879531691678,0.0,0.0,5.0,2.0,0.20050086584707988,0.0,7.048999142850003e-27,0.07871643342012963,0.7981841944502875,1.0,1.0,6.0,3.0,6.0,3.0,1.1555339111715326,1.0
9.0,0.6,-0.7042606504563829,0.031683989177638316,0.031116230610227114,0.0013781891528040922,0.0005793177549057189,-0.009631414289231255,-0.21400906307864276,7.081392966618487e-13,0.24810080406770713,0.33732423566199105,0.0,0.0,5.0,2.0,0.24793544046093166,0.0,8.86890317007401e-27,0.07947331778879888,0.805858997713716,1.0,1.0,6.0,3.0,6.0,3.0,1.1666447493641743,1.0
9.0,0.65,-0.7042606504563829,0.031683989177638316,0.031116230610227114,0.0013781891528040922,0.0005793177549057189,-0.009631414289231255,-0.21400906307864276,3.0897856459405088e-12,0.26380735976723585,0.3586792728459097,0.0,0.0,5.0,2.0,0.2636315274612143,0.0,1.2545090097479545e-26,0.08062997131295084,0.8175874579769735,1.0,1.0,6.0,3.0,6.0,3.0,1.1836240802683093,1.0
9.0,0.7,-0.7042606504563829,0.031683989177638316,0.031116230610227114,0.0013781891528040922,0.0005793177549057189,-0.009631414289231255,-0.21400906307864276,1.5066470338262836e-11,0.2818104150096072,0.383156689886268,0.0,0.0,5.0,2.0,0.2816225833464733,0.0,1.623289420992049e-26,0.08150043545744642,0.8264139595317859,1.0,1.0,6.0,3.0,6.0,3.0,1.196402235905203,1.0
9.0,0.75,-0.7042606504563829,0.031683989177638316,0.031116230610227114,0.0013781891528040922,0.0005793177549057189,-0.009631414289231255,-0.21400906307864276,4.591990759608857e-11,0.29520470024257855,0.4013679046601537,0.0,0.0,5.0,2.0,0.29500794104966643,0.0,2.4651727057575452e-26,0.08293166865900606,0.8409266561876438,1.0,1.0,6.0,3.0,6.0,3.0,1.2174123150886662,1.0
9.0,0.8,-0.7042606504563829,0.031683989177638316,0.031116230610227114,0.0013781891528040922,0.0005793177549057189,-0.009631414289231255,-0.21400906307864276,3.8501039929373243e-10,0.32255311866771413,0.4385515178954643,0.0,0.0,5.0,2.0,0.3223381312666051,0.0,3.267885242601765e-26,0.08391144774263494,0.8508616106136351,1.0,1.0,6.0,3.0,6.0,3.0,1.2317951816312485,1.0
9.0,0.85,-0.7042606504563829,0.031683989177638316,0.031116230610227114,0.0013781891528040922,0.0005793177549057189,-0.009631414289231255,-0.21400906307864276,2.4883547536244038e-9,0.34863386598082075,0.47401157287572265,0.0,0.0,5.0,2.0,0.34840149529689934,0.0,4.3972321593714937e-26,0.0849557097329794,0.861450421352931,1.0,1.0,6.0,3.0,6.0,3.0,1.2471246381317749,1.0
9.0,0.9,-0.7042606504563829,0.031683989177638316,0.031116230610227114,0.0013781891528040922,0.0005793177549057189,-0.009631414289231255,-0.21400906307864276,1.6889427408267704e-8,0.3775929248128879,0.5133850542424007,0.0,0.0,5.0,2.0,0.3773412524002386,0.0,7.847435875226235e-26,0.08703095616112666,0.8824934085230403,1.0,1.0,6.0,3.0,6.0,3.0,1.2775886405969652,1.0
9.0,0.95,-0.7042606504563829,0.031683989177638316,0.031116230610227114,0.0013781891528040922,0.0005793177549057189,-0.009631414289231255,-0.21400906307864276,1.6322465904685156e-6,0.4568138891426913,0.6210959153231409,0.0,0.0,5.0,2.0,0.4565094145456917,1.0,2.51267388172854e-25,0.09135502402266588,0.9263394324452633,1.0,1.0,6.0,3.0,6.0,3.0,1.3410646751569575,1.0
10.0,0.4,-0.24879410290164072,0.024947554958156926,0.02377981536153556,-6.225141431209102e-5,0.0006472702893357251,0.1589885813793051,-0.06707782405952312,4.125007561264895e-21,0.10652073753676902,0.14682408075600656,0.0,0.0,4.0,1.0,0.11227808375796408,0.0,1.2599519694829904e-29,0.06358691938988507,0.6578111938572149,1.0,1.0,6.0,3.0,6.0,3.0,0.8765230832117638,1.0
10.0,0.45,-0.24879410290164072,0.024947554958156926,0.02377981536153556,-6.225141431209102e-5,0.0006472702893357251,0.1589885813793051,-0.06707782405952312,4.782154943565128e-20,0.11797114249580835,0.16260687780822045,0.0,0.0,4.0,1.0,0.12434737239398998,0.0,1.6456295559364222e-29,0.0642984058365606,0.6651715716423243,1.0,1.0,6.0,3.0,6.0,3.0,0.8863306709969118,1.0
10.0,0.5,-0.24879410290164072,0.024947554958156926,0.02377981536153556,-6.225141431209102e-5,0.0006472702893357251,0.1589885813793051,-0.06707782405952312,5.050025724558408e-19,0.13014536322977635,0.17938735463855196,0.0,0.0,4.0,1.0,0.13717959837050067,1.0,2.3203236590010924e-29,0.06522552136767988,0.6747626476092179,1.0,1.0,6.0,3.0,6.0,3.0,0.8991106290704808,1.0
10.0,0.55,-0.24879410290164072,0.024947554958156926,0.02377981536153556,-6.225141431209102e-5,0.0006472702893357251,0.1589885813793051,-0.06707782405952312,8.493174621641359e-18,0.14638707028592723,0.20177429790961732,0.0,0.0,4.0,1.0,0.15429915450006043,1.0,3.115813583005953e-29,0.06603160394346465,0.6831016290634574,1.0,1.0,6.0,3.0,6.0,3.0,0.9102221908732772,1.0
10.0,0.6,-0.24879410290164072,0.024947554958156926,0.02377981536153556,-6.225141431209102e-5,0.0006472702893357251,0.1589885813793051,-0.06707782405952312,5.934553493384987e-17,0.15873863285814746,0.21879921589744616,0.0,0.0,4.0,1.0,0.16731830747529006,1.0,4.37196641403379e-29,0.06697014454001371,0.6928108981430602,1.0,1.0,6.0,3.0,6.0,3.0,0.9231596394130075,1.0
10.0,0.65,-0.24879410290164072,0.024947554958156926,0.02377981536153556,-6.225141431209102e-5,0.0006472702893357251,0.1589885813793051,-0.06707782405952312,3.31539088316218e-16,0.17053508723375732,0.23505899413340917,0.0,0.0,4.0,1.0,0.17975234917514724,1.0,6.94872602453018e-29,0.06827563558882666,0.7063162956938364,1.0,1.0,6.0,3.0,6.0,3.0,0.9411553695126937,1.0
10.0,0.7,-0.24879410290164072,0.024947554958156926,0.02377981536153556,-6.225141431209102e-5,0.0006472702893357251,0.1589885813793051,-0.06707782405952312,4.082895987179995e-15,0.18934266262918462,0.2609826314695637,0.0,0.0,4.0,1.0,0.19957645642753175,1.0,9.684594385042236e-29,0.0692266148605269,0.7161542437506518,1.0,1.0,6.0,3.0,6.0,3.0,0.9542642807683279,1.0
10.0,0.75,-0.24879410290164072,0.024947554958156926,0.02377981536153556,-6.225141431209102e-5,0.0006472702893357251,0.1589885813793051,-0.06707782405952312,2.002550256626409e-14,0.20231314883945464,0.2788606499551567,0.0,0.0,5.0,2.0,0.21324798528448813,1.0,1.317375492371828e-28,0.07011984294981863,0.725394751726845,1.0,1.0,6.0,3.0,6.0,3.0,0.9665771125008539,1.0
10.0,0.8,-0.24879410290164072,0.024947554958156926,0.02377981536153556,-6.225141431209102e-5,0.0006472702893357251,0.1589885813793051,-0.06707782405952312,4.329265933205784e-12,0.2531096643491742,0.34887660992490793,0.0,0.0,5.0,2.0,0.26679000494093597,1.0,1.6767944580482332e-28,0.0708282255809544,0.7327230203199179,1.0,1.0,6.0,3.0,6.0,3.0,0.9763419152919693,1.0
10.0,0.85,-0.24879410290164072,0.024947554958156926,0.02377981536153556,-6.225141431209102e-5,0.0006472702893357251,0.1589885813793051,-0.06707782405952312,1.193559009835527e-10,0.29062075669471243,0.40058045444519425,1.0,1.0,6.0,3.0,0.3063285367387587,1.0,2.9419017333289307e-28,0.072506878549946,0.7500888044182741,1.0,1.0,6.0,3.0,6.0,3.0,0.9994815498290871,1.0
10.0,0.9,-0.24879410290164072,0.024947554958156926,0.02377981536153556,-6.225141431209102e-5,0.0006472702893357251,0.1589885813793051,-0.06707782405952312,7.85179132037205e-10,0.31435123055224157,0.43328962535976356,1.0,1.0,6.0,3.0,0.3313416205100959,1.0,4.012740372478955e-28,0.07345078017553532,0.7598535337237708,1.0,1.0,6.0,3.0,6.0,3.0,1.012492898248677,1.0
10.0,0.95,-0.24879410290164072,0.024947554958156926,0.02377981536153556,-6.225141431209102e-5,0.0006472702893357251,0.1589885813793051,-0.06707782405952312,2.376730144479231e-8,0.36234640902844145,0.49944433028805124,1.0,1.0,6.0,3.0,0.38193089348681647,1.0,1.0224389853963574e-27,0.076369730949341,0.790050286636965,1.0,1.0,6.0,3.0,6.0,3.0,1.0527295971884667,1.0
11.0,0.4,-1.0292879240286446,0.13843768273001122,0.14824111857608244,-0.00040523097762171873,0.0003772728268029387,0.11178988222108138,-0.2442682289588265,3.169768690608859e-22,0.09520952125169492,0.13400693660915544,0.0,0.0,2.0,0.0,0.09593536144428907,0.0,2.317789447209617e-26,0.11054534771945049,0.8002530491236933,0.0,1.0,4.0,2.0,6.0,3.0,1.074081335549237,1.0
11.0,0.45,-1.0292879240286446,0.13843768273001122,0.14824111857608244,-0.00040523097762171873,0.0003772728268029387,0.11178988222108138,-0.2442682289588265,3.3157627522055103e-19,0.12720237191665795,0.1790367178184539,0.0,0.0,2.0,0.0,0.1281721131034279,0.0,5.406185643028448e-26,0.11451600196626713,0.8289971639470066,0.0,1.0,4.0,2.0,6.0,3.0,1.1126610289004994,1.0
11.0,0.5,-1.0292879240286446,0.13843768273001122,0.14824111857608244,-0.00040523097762171873,0.0003772728268029387,0.11178988222108138,-0.2442682289588265,7.594817580810705e-18,0.14493027692214375,0.2039886576145063,0.0,0.0,2.0,0.0,0.14603516873055641,0.0,1.1934399500180444e-25,0.1183574895003735,0.8568062230866194,0.0,1.0,4.0,2.0,6.0,3.0,1.1499857119038956,1.0
11.0,0.55,-1.0292879240286446,0.13843768273001122,0.14824111857608244,-0.00040523097762171873,0.0003772728268029387,0.11178988222108138,-0.2442682289588265,3.389043962615459e-16,0.16978166281167315,0.23896686199749004,0.0,0.0,2.0,0.0,0.17107601187691415,0.0,2.270263966078046e-25,0.12157162890055115,0.8800738223873923,1.0,1.0,4.0,2.0,6.0,3.0,1.181214951404283,1.0
11.0,0.6,-1.0292879240286446,0.13843768273001122,0.14824111857608244,-0.00040523097762171873,0.0003772728268029387,0.11178988222108138,-0.2442682289588265,4.388667912634679e-15,0.18890121989466357,0.2658775453023893,0.0,0.0,2.0,0.0,0.19034132899328138,0.0,3.4980758737842195e-25,0.12378136624217248,0.8960704163814044,1.0,1.0,4.0,2.0,6.0,3.0,1.202685213917049,1.0
11.0,0.65,-1.0292879240286446,0.13843768273001122,0.14824111857608244,-0.00040523097762171873,0.0003772728268029387,0.11178988222108138,-0.2442682289588265,2.1086599709829154e-13,0.22197522539260237,0.3124290466638588,0.0,0.0,2.0,0.0,0.223667477787446,0.0,4.233152923842904e-25,0.12476900712749242,0.9032200852387707,1.0,1.0,4.0,2.0,6.0,3.0,1.2122813358980447,1.0
11.0,0.7,-1.0292879240286446,0.13843768273001122,0.14824111857608244,-0.00040523097762171873,0.0003772728268029387,0.11178988222108138,-0.2442682289588265,7.512942429684303e-13,0.23404335681263425,0.32941488275392716,0.0,0.0,3.0,1.0,0.2358276119265232,0.0,7.757735914590924e-25,0.12795816758900233,0.9263068585505254,1.0,1.0,4.0,2.0,6.0,3.0,1.2432678748926356,1.0
11.0,0.75,-1.0292879240286446,0.13843768273001122,0.14824111857608244,-0.00040523097762171873,0.0003772728268029387,0.11178988222108138,-0.2442682289588265,6.89078089028735e-12,0.25668397191663034,0.3612814380432121,0.0,0.0,3.0,1.0,0.25864083023460527,0.0,1.1509529074182671e-24,0.13007877917892702,0.9416582589111367,1.0,1.0,4.0,2.0,6.0,3.0,1.263872173270421,1.0
11.0,0.8,-1.0292879240286446,0.13843768273001122,0.14824111857608244,-0.00040523097762171873,0.0003772728268029387,0.11178988222108138,-0.2442682289588265,4.971181333469629e-9,0.3376681119028563,0.47526621993064283,0.0,0.0,5.0,2.0,0.3402423616643747,0.0,2.0127916996678858e-24,0.13314371552093088,0.9638457566544456,1.0,1.0,5.0,3.0,6.0,3.0,1.293651725169317,1.0
11.0,0.85,-1.0292879240286446,0.13843768273001122,0.14824111857608244,-0.00040523097762171873,0.0003772728268029387,0.11178988222108138,-0.2442682289588265,2.2681847103221743e-7,0.3959352482559064,0.5572769300466882,0.0,0.0,5.0,2.0,0.39895370390058027,0.0,3.342302132145919e-24,0.13598707275473074,0.9844292126120036,1.0,1.0,5.0,3.0,6.0,3.0,1.3212783688782317,1.0
11.0,0.9,-1.0292879240286446,0.13843768273001122,0.14824111857608244,-0.00040523097762171873,0.0003772728268029387,0.11178988222108138,-0.2442682289588265,2.3269749919097446e-5,0.4801982290466164,0.6758766643680929,0.0,0.0,5.0,2.0,0.48385907273611617,0.0,6.044490910602377e-24,0.13938596396342662,1.0090342557866971,1.0,1.0,5.0,3.0,6.0,3.0,1.354302694950167,1.0
11.0,0.95,-1.0292879240286446,0.13843768273001122,0.14824111857608244,-0.00040523097762171873,0.0003772728268029387,0.11178988222108138,-0.2442682289588265,0.0009114606506042467,0.5594912678306474,0.7874812295647672,0.0,0.0,5.0,2.0,0.5637566106688219,1.0,2.462868412621451e-23,0.14778797708649194,1.0698575899135596,1.0,1.0,6.0,3.0,6.0,3.0,1.4359383825905643,1.0
12.0,0.4,-0.3017173963574018,0.2687897101133607,0.26805641021976656,-0.00012849133638561993,-1.2419100669503826e-5,0.18804217713222837,0.0781321413607105,3.3697845895205003e-22,0.11388910506637093,0.15304891263782863,0.0,0.0,2.0,0.0,0.1228558628179602,0.0,8.57208319332276e-28,0.0831062726252523,0.9028391356304564,0.0,0.0,4.0,2.0,6.0,3.0,1.3674457319157292,1.0
12.0,0.45,-0.3017173963574018,0.2687897101133607,0.26805641021976656,-0.00012849133638561993,-1.2419100669503826e-5,0.18804217713222837,0.0781321413607105,1.212286031953438e-20,0.13222562759469222,0.17769029368023084,0.0,0.0,2.0,0.0,0.1426360629958881,0.0,1.4048627608812969e-27,0.08483465235417789,0.9216156829500657,0.0,0.0,4.0,2.0,6.0,3.0,1.3958848064739926,1.0
12.0,0.5,-0.3017173963574018,0.2687897101133607,0.26805641021976656,-0.00012849133638561993,-1.2419100669503826e-5,0.18804217713222837,0.0781321413607105,1.4380261817106524e-19,0.14657920915405906,0.19697923311688065,0.0,0.0,2.0,0.0,0.1581197358720276,1.0,2.4042528035696142e-27,0.08675530562548568,0.9424810266183175,0.0,0.0,4.0,2.0,6.0,3.0,1.4274875848849906,1.0
12.0,0.55,-0.3017173963574018,0.2687897101133607,0.26805641021976656,-0.00012849133638561993,-1.2419100669503826e-5,0.18804217713222837,0.0781321413607105,3.2633358044753935e-18,0.16694291714709927,0.2243448302369281,0.0,0.0,2.0,0.0,0.1800867266056889,1.0,3.34920080925634e-27,0.08796186349453193,0.9555886733598565,0.0,1.0,4.0,2.0,6.0,3.0,1.4473405076093255,1.0
12.0,0.6,-0.3017173963574018,0.2687897101133607,0.26805641021976656,-0.00012849133638561993,-1.2419100669503826e-5,0.18804217713222837,0.0781321413607105,2.043614677086501e-15,0.21832261105514436,0.29339099825895365,0.0,0.0,2.0,0.0,0.23551166495002804,1.0,6.643045741214701e-27,0.09050804283730504,0.9832495259570515,1.0,1.0,4.0,2.0,6.0,3.0,1.4892358058218607,1.0
12.0,0.65,-0.3017173963574018,0.2687897101133607,0.26805641021976656,-0.00012849133638561993,-1.2419100669503826e-5,0.18804217713222837,0.0781321413607105,7.44002392539364e-14,0.2535990885403831,0.3407969947997312,0.0,0.0,2.0,0.0,0.27356554267697725,1.0,9.146798609317837e-27,0.09172226101210176,0.9964403917337362,1.0,1.0,4.0,2.0,6.0,3.0,1.5092147726108929,1.0
12.0,0.7,-0.3017173963574018,0.2687897101133607,0.26805641021976656,-0.00012849133638561993,-1.2419100669503826e-5,0.18804217713222837,0.0781321413607105,7.206939733548735e-13,0.2787650851832292,0.3746161069912814,0.0,0.0,2.0,0.0,0.30071291756792007,1.0,2.1080806213851884e-26,0.09496943172210931,1.0317165833430915,1.0,1.0,4.0,2.0,6.0,3.0,1.562644310333324,1.0
12.0,0.75,-0.3017173963574018,0.2687897101133607,0.26805641021976656,-0.00012849133638561993,-1.2419100669503826e-5,0.18804217713222837,0.0781321413607105,7.693393323086085e-12,0.3076713131767719,0.4134614975165179,0.0,0.0,3.0,1.0,0.3318950010419256,1.0,3.045379467473837e-26,0.09643623892039399,1.0476514929618572,1.0,1.0,4.0,2.0,6.0,3.0,1.5867794228762993,1.0
12.0,0.8,-0.3017173963574018,0.2687897101133607,0.26805641021976656,-0.00012849133638561993,-1.2419100669503826e-5,0.18804217713222837,0.0781321413607105,1.0860563644998426e-10,0.3435520990458962,0.46167958877871507,0.0,0.0,3.0,1.0,0.3706007657765663,1.0,4.583568683155625e-26,0.09809315307753415,1.0656516618804153,1.0,1.0,4.0,2.0,6.0,3.0,1.6140425899124258,1.0
12.0,0.85,-0.3017173963574018,0.2687897101133607,0.26805641021976656,-0.00012849133638561993,-1.2419100669503826e-5,0.18804217713222837,0.0781321413607105,3.207555740938709e-9,0.39559975745452775,0.5316233952573415,0.0,0.0,3.0,1.0,0.42674625904144414,1.0,9.120316782497457e-26,0.10094596221620548,1.0966436394473897,1.0,1.0,4.0,2.0,6.0,3.0,1.6609832305814782,1.0
12.0,0.9,-0.3017173963574018,0.2687897101133607,0.26805641021976656,-0.00012849133638561993,-1.2419100669503826e-5,0.18804217713222837,0.0781321413607105,1.19707884438216e-5,0.5572976425933862,0.7489197334972163,1.0,1.0,6.0,3.0,0.6011749999029767,1.0,1.4543444354851598e-25,0.10292787540677076,1.118174490673665,1.0,1.0,4.0,2.0,6.0,3.0,1.6935939908508844,1.0
12.0,0.95,-0.3017173963574018,0.2687897101133607,0.26805641021976656,-0.00012849133638561993,-1.2419100669503826e-5,0.18804217713222837,0.0781321413607105,0.028994926189813527,0.7710730213935268,1.0361999720681876,1.0,1.0,6.0,3.0,0.83178141828182,1.0,3.9469535887593653e-25,0.10729993431329876,1.165671096638589,1.0,1.0,4.0,2.0,6.0,3.0,1.765532643645178,1.0
13.0,0.4,-0.4677940950282877,0.07665930335417354,0.07635475137205316,0.00024362411315106733,-7.814936323266076e-5,0.06543436781073708,-0.10502786409472709,3.6004634353597e-18,0.1436897669352733,0.1954151207433765,0.0,0.0,2.0,0.0,0.14917108153903372,0.0,2.0070799225639017e-28,0.06660304457279531,0.6583291340447904,1.0,1.0,4.0,2.0,6.0,3.0,1.0358900787214995,1.0
13.0,0.45,-0.4677940950282877,0.07665930335417354,0.07635475137205316,0.00024362411315106733,-7.814936323266076e-5,0.06543436781073708,-0.10502786409472709,2.3317505297657907e-17,0.15532129171575135,0.2112337546509016,0.0,0.0,5.0,2.0,0.16124631256250369,0.0,4.0085540794116367e-28,0.06855067105595142,0.6775801947781699,1.0,1.0,6.0,3.0,6.0,3.0,1.0661818914141086,1.0
13.0,0.5,-0.4677940950282877,0.07665930335417354,0.07635475137205316,0.00024362411315106733,-7.814936323266076e-5,0.06543436781073708,-0.10502786409472709,7.760273207723016e-17,0.16330110205367698,0.2220861321998011,0.0,0.0,5.0,2.0,0.16953052767380614,0.0,5.176350331019499e-28,0.06928483817897074,0.6848369742458594,1.0,1.0,6.0,3.0,6.0,3.0,1.0776005351673694,1.0
13.0,0.55,-0.4677940950282877,0.07665930335417354,0.07635475137205316,0.00024362411315106733,-7.814936323266076e-5,0.06543436781073708,-0.10502786409472709,1.4576806952612178e-15,0.18452852356595448,0.2509549878348782,0.0,0.0,5.0,2.0,0.19156770883715082,0.0,9.324699546872856e-28,0.07100495770164582,0.7018392720098682,1.0,1.0,6.0,3.0,6.0,3.0,1.1043538879485133,1.0
13.0,0.6,-0.4677940950282877,0.07665930335417354,0.07635475137205316,0.00024362411315106733,-7.814936323266076e-5,0.06543436781073708,-0.10502786409472709,4.3069560497712316e-14,0.21248813030718214,0.2889794765915168,0.0,0.0,5.0,2.0,0.22059388701220317,1.0,1.181130959303066e-27,0.07170778482727695,0.7087862753483452,1.0,1.0,6.0,3.0,6.0,3.0,1.115285094639852,1.0
13.0,0.65,-0.4677940950282877,0.07665930335417354,0.07635475137205316,0.00024362411315106733,-7.814936323266076e-5,0.06543436781073708,-0.10502786409472709,8.279095665976545e-13,0.24034044504331412,0.32685805043314264,0.0,0.0,5.0,2.0,0.24950868032818044,1.0,2.0507077513760384e-27,0.07337529803773338,0.7252685928593439,1.0,1.0,6.0,3.0,6.0,3.0,1.1412202512370981,1.0
13.0,0.7,-0.4677940950282877,0.07665930335417354,0.07635475137205316,0.00024362411315106733,-7.814936323266076e-5,0.06543436781073708,-0.10502786409472709,6.426123119905922e-12,0.26176331596165303,0.35599271323110465,0.0,0.0,5.0,2.0,0.27174876668032294,1.0,3.1925545089582665e-27,0.07474112854179314,0.738768966885142,1.0,1.0,6.0,3.0,6.0,3.0,1.1624632781504443,1.0
13.0,0.75,-0.4677940950282877,0.07665930335417354,0.07635475137205316,0.00024362411315106733,-7.814936323266076e-5,0.06543436781073708,-0.10502786409472709,1.2803343197717026e-11,0.2693907718530576,0.36636589599682684,0.0,0.0,5.0,2.0,0.2796671861264665,1.0,3.737859736776877e-27,0.07523383138733195,0.7436390240983741,1.0,1.0,6.0,3.0,6.0,3.0,1.1701263811320761,1.0
13.0,0.8,-0.4677940950282877,0.07665930335417354,0.07635475137205316,0.00024362411315106733,-7.814936323266076e-5,0.06543436781073708,-0.10502786409472709,1.1147823642534674e-10,0.2948110972896934,0.4009370145286969,0.0,0.0,5.0,2.0,0.3060572173676287,1.0,6.1502532015169975e-27,0.07681117863656253,0.7592301078894304,1.0,1.0,6.0,3.0,6.0,3.0,1.1946591690347477,1.0
13.0,0.85,-0.4677940950282877,0.07665930335417354,0.07635475137205316,0.00024362411315106733,-7.814936323266076e-5,0.06543436781073708,-0.10502786409472709,1.324497250388293e-9,0.32683586025614836,0.44449003194493947,0.0,0.0,5.0,2.0,0.33930362474672343,1.0,9.169495032485608e-27,0.07810010424589477,0.7719703254828227,1.0,1.0,6.0,3.0,6.0,3.0,1.2147060791945077,1.0
13.0,0.9,-0.4677940950282877,0.07665930335417354,0.07635475137205316,0.00024362411315106733,-7.814936323266076e-5,0.06543436781073708,-0.10502786409472709,1.51710697640431e-7,0.39821710924120624,0.5415670589785457,1.0,1.0,6.0,3.0,0.41340784483015264,1.0,1.438448772820914e-26,0.07957918512594765,0.7865901081247888,1.0,1.0,6.0,3.0,6.0,3.0,1.2377105111855837,1.0
13.0,0.95,-0.4677940950282877,0.07665930335417354,0.07635475137205316,0.00024362411315106733,-7.814936323266076e-5,0.06543436781073708,-0.10502786409472709,2.5519109772487376e-6,0.4479164063693115,0.6091570784788524,1.0,1.0,6.0,3.0,0.465003014496402,1.0,3.1583650969807273e-26,0.08223022619517094,0.8127939788729408,1.0,1.0,6.0,3.0,6.0,3.0,1.2789426674557087,1.0
14.0,0.4,-0.25434289091790263,0.017052638681066157,0.014951775103216214,-0.0012855010849201274,-0.0005224438053870491,0.2245930213737661,-0.07481278023715665,3.397687307310229e-23,0.08666781819939079,0.12063932142436558,0.0,0.0,4.0,1.0,0.09580875431989891,0.0,3.986608409453728e-28,0.06846340336415607,0.6580696938524362,0.0,0.0,6.0,3.0,6.0,3.0,0.9549827050234154,1.0
14.0,0.45,-0.25434289091790263,0.017052638681066157,0.014951775103216214,-0.0012855010849201274,-0.0005224438053870491,0.2245930213737661,-0.07481278023715665,2.300845955975897e-21,0.10330877280213621,0.14380309216231404,0.0,0.0,4.0,1.0,0.11420484602160783,0.0,6.860428405429272e-28,0.07002954481776594,0.6731234331680929,0.0,1.0,6.0,3.0,6.0,3.0,0.9768285077198186,1.0
14.0,0.5,-0.25434289091790263,0.017052638681066157,0.014951775103216214,-0.0012855010849201274,-0.0005224438053870491,0.2245930213737661,-0.07481278023715665,2.6514734213701926e-20,0.11438538147967138,0.15922143985241977,0.0,0.0,4.0,1.0,0.12644971501141108,0.0,1.220876253211944e-27,0.07173173255528281,0.6894848482930318,0.0,1.0,6.0,3.0,6.0,3.0,1.0005719935845983,1.0
14.0,0.55,-0.25434289091790263,0.017052638681066157,0.014951775103216214,-0.0012855010849201274,-0.0005224438053870491,0.2245930213737661,-0.07481278023715665,9.632333760256781e-19,0.132855855946439,0.1849318540794227,0.0,0.0,4.0,1.0,0.1468682877541474,0.0,2.2036951319930738e-27,0.0735187275361611,0.7066614299731369,0.0,1.0,6.0,3.0,6.0,3.0,1.0254984392014683,1.0
14.0,0.6,-0.25434289091790263,0.017052638681066157,0.014951775103216214,-0.0012855010849201274,-0.0005224438053870491,0.2245930213737661,-0.07481278023715665,1.6889403424930893e-17,0.1496956399481415,0.20837239010658395,0.0,0.0,4.0,1.0,0.16548417957811648,1.0,4.478851644185312e-27,0.07572372103305632,0.7278558100966374,0.0,1.0,6.0,3.0,6.0,3.0,1.0562554648641225,1.0
14.0,0.65,-0.25434289091790263,0.017052638681066157,0.014951775103216214,-0.0012855010849201274,-0.0005224438053870491,0.2245930213737661,-0.07481278023715665,5.245405298729455e-16,0.172735929821971,0.24044386708094037,0.0,0.0,4.0,1.0,0.19095455044752535,1.0,5.972300170931904e-27,0.07663713071879595,0.7366354968010704,1.0,1.0,6.0,3.0,6.0,3.0,1.0689964390141,1.0
14.0,0.7,-0.25434289091790263,0.017052638681066157,0.014951775103216214,-0.0012855010849201274,-0.0005224438053870491,0.2245930213737661,-0.07481278023715665,3.5243199502292908e-15,0.1870050610593337,0.26030612213194787,0.0,0.0,5.0,2.0,0.20672866034762305,1.0,7.545687272671847e-27,0.07738749436658268,0.7438479862730084,1.0,1.0,6.0,3.0,6.0,3.0,1.0794631156749597,1.0
14.0,0.75,-0.25434289091790263,0.017052638681066157,0.014951775103216214,-0.0012855010849201274,-0.0005224438053870491,0.2245930213737661,-0.07481278023715665,1.4507491119480034e-13,0.21833577466337145,0.3039176506953705,0.0,0.0,5.0,2.0,0.2413638537183668,1.0,1.1287167172145998e-26,0.07869691511575187,0.7564341281997612,1.0,1.0,6.0,3.0,6.0,3.0,1.0977279711686914,1.0
14.0,0.8,-0.25434289091790263,0.017052638681066157,0.014951775103216214,-0.0012855010849201274,-0.0005224438053870491,0.2245930213737661,-0.07481278023715665,1.8089065525063211e-12,0.24254047688761865,0.3376099590086372,0.0,0.0,5.0,2.0,0.2681214486015563,1.0,2.4516816782298458e-26,0.08128199205077533,0.781281867336646,1.0,1.0,6.0,3.0,6.0,3.0,1.1337867068259204,1.0
14.0,0.85,-0.25434289091790263,0.017052638681066157,0.014951775103216214,-0.0012855010849201274,-0.0005224438053870491,0.2245930213737661,-0.07481278023715665,4.4617036472928894e-11,0.2771965059264359,0.3858502391191548,0.0,0.0,5.0,2.0,0.3064326815466896,1.0,3.5588442933423215e-26,0.08255395350698398,0.7935079508345279,1.0,1.0,6.0,3.0,6.0,3.0,1.151529049923804,1.0
14.0,0.9,-0.25434289091790263,0.017052638681066157,0.014951775103216214,-0.0012855010849201274,-0.0005224438053870491,0.2245930213737661,-0.07481278023715665,2.065575151021186e-9,0.32522600420286885,0.4527060363551159,0.0,0.0,5.0,2.0,0.35952789608050983,1.0,6.284490566431769e-26,0.08453331920969213,0.8125335983775643,1.0,1.0,6.0,3.0,6.0,3.0,1.1791388373448086,1.0
14.0,0.95,-0.25434289091790263,0.017052638681066157,0.014951775103216214,-0.0012855010849201274,-0.0005224438053870491,0.2245930213737661,-0.07481278023715665,9.600573526338136e-5,0.5089255688468415,0.7084109944932685,1.0,1.0,6.0,3.0,0.5626024262037392,1.0,2.3617840793209133e-25,0.08932746510155726,0.8586148909268525,1.0,1.0,6.0,3.0,6.0,3.0,1.2460114464632623,1.0
15.0,0.4,-1.4704671537640794,-1.0583344815053546,-1.059026136159889,7.925333600401306e-5,-0.0002832189844821162,-0.03211073112170193,-1.196172808694619,6.007727072601057e-19,0.16350145114258033,0.2291825698344833,0.0,0.0,3.0,1.0,0.22761007265514868,0.0,4.293015663384174e-28,0.0857018141557784,1.0165555562143205,0.0,0.0,3.0,1.0,3.0,1.0,1.838502118729596,0.0
15.0,0.45,-1.4704671537640794,-1.0583344815053546,-1.059026136159889,7.925333600401306e-5,-0.0002832189844821162,-0.03211073112170193,-1.196172808694619,1.6828970463834707e-17,0.1878571594989054,0.2633223514219514,0.0,0.0,3.0,1.0,0.2615156099443346,0.0,6.28288745554158e-28,0.08707260724909283,1.0328152742746184,0.0,0.0,3.0,1.0,3.0,1.0,1.8679088008544047,0.0
15.0,0.5,-1.4704671537640794,-1.0583344815053546,-1.059026136159889,7.925333600401306e-5,-0.0002832189844821162,-0.03211073112170193,-1.196172808694619,3.879893000620168e-17,0.19451040717503273,0.2726483139103849,0.0,0.0,3.0,1.0,0.2707775839291126,0.0,1.223400041699655e-27,0.08952416232319306,1.06189449455124,0.0,0.0,3.0,1.0,4.0,2.0,1.9205003269768621,0.0
15.0,0.55,-1.4704671537640794,-1.0583344815053546,-1.059026136159889,7.925333600401306e-5,-0.0002832189844821162,-0.03211073112170193,-1.196172808694619,2.509092194832991e-16,0.2102431618322052,0.2947011649261348,0.0,0.0,3.0,1.0,0.2926791230626212,0.0,2.156522405537467e-27,0.09166382895287452,1.087274237352197,0.0,0.0,3.0,1.0,4.0,2.0,1.9664011246530246,0.0
15.0,0.6,-1.4704671537640794,-1.0583344815053546,-1.059026136159889,7.925333600401306e-5,-0.0002832189844821162,-0.03211073112170193,-1.196172808694619,9.806726083870698e-15,0.2449376360127091,0.34333295807646025,0.0,0.0,3.0,1.0,0.340977237444923,0.0,2.681887656806e-27,0.09250032737455452,1.0971963974219672,0.0,0.0,3.0,1.0,4.0,2.0,1.984345950392385,0.0
15.0,0.65,-1.4704671537640794,-1.0583344815053546,-1.059026136159889,7.925333600401306e-5,-0.0002832189844821162,-0.03211073112170193,-1.196172808694619,1.2922986534216626e-12,0.30018026772108664,0.42076742860177213,0.0,0.0,3.0,1.0,0.41788040453571873,0.0,5.398061247973081e-27,0.09523607482254028,1.1296465771065418,0.0,0.0,3.0,1.0,4.0,2.0,2.043034060194688,0.0
15.0,0.7,-1.4704671537640794,-1.0583344815053546,-1.059026136159889,7.925333600401306e-5,-0.0002832189844821162,-0.03211073112170193,-1.196172808694619,5.194538486855328e-12,0.31809473225853707,0.44587841686034896,0.0,0.0,3.0,1.0,0.4428190980240805,0.0,8.93173289574107e-27,0.09725543951459573,1.1535993535787024,0.0,0.0,3.0,1.0,4.0,2.0,2.086354103082969,0.0
15.0,0.75,-1.4704671537640794,-1.0583344815053546,-1.059026136159889,7.925333600401306e-5,-0.0002832189844821162,-0.03211073112170193,-1.196172808694619,6.375773594406042e-11,0.3531269719579865,0.4949836612803265,0.0,0.0,3.0,1.0,0.49158741517076365,0.0,1.7619834079271716e-26,0.1000479792259851,1.1867231770067808,0.0,0.0,3.0,1.0,4.0,2.0,2.1462605382804045,0.0
15.0,0.8,-1.4704671537640794,-1.0583344815053546,-1.059026136159889,7.925333600401306e-5,-0.0002832189844821162,-0.03211073112170193,-1.196172808694619,6.067034517618114e-10,0.38788177367631066,0.543700016494492,0.0,0.0,3.0,1.0,0.539969511408703,0.0,2.526261979754273e-26,0.10156128293657302,1.2046732905532882,0.0,0.0,3.0,1.0,4.0,2.0,2.1787244027341974,0.0
15.0,0.85,-1.4704671537640794,-1.0583344815053546,-1.059026136159889,7.925333600401306e-5,-0.0002832189844821162,-0.03211073112170193,-1.196172808694619,8.90902294296994e-9,0.4338286938964285,0.6081045412154606,0.0,0.0,3.0,1.0,0.6039321354496451,0.0,4.970143413888611e-26,0.10446567559211514,1.2391238622302512,0.0,0.0,3.0,1.0,4.0,2.0,2.24103034226928,0.0
15.0,0.9,-1.4704671537640794,-1.0583344815053546,-1.059026136159889,7.925333600401306e-5,-0.0002832189844821162,-0.03211073112170193,-1.196172808694619,4.641543194262436e-8,0.46471456751752194,0.6513977587288179,0.0,0.0,3.0,1.0,0.6469283039226968,0.0,8.961551575499814e-26,0.10706336256343435,1.269936431952523,0.0,0.0,3.0,1.0,4.0,2.0,2.2967567355505905,0.0
15.0,0.95,-1.4704671537640794,-1.0583344815053546,-1.059026136159889,7.925333600401306e-5,-0.0002832189844821162,-0.03211073112170193,-1.196172808694619,6.475683450585804e-5,0.6283653864765825,0.8807896997939065,0.0,0.0,3.0,1.0,0.8747463112434024,0.0,2.2791081314140623e-25,0.11130938528502402,1.320300803255078,0.0,0.0,3.0,1.0,4.0,2.0,2.387843742829422,0.0
16.0,0.4,-0.026058843101160467,0.02743951205952183,0.027990541704081773,6.095385488757235e-5,-0.0004198791331182755,0.18957454218448944,0.00997441343566774,1.2507548576764884e-18,0.15656006532102426,0.2179747343836999,0.0,0.0,5.0,2.0,0.18012354934825658,1.0,1.0266854009482702e-27,0.07991652231735437,0.8841247039997404,1.0,1.0,6.0,3.0,6.0,3.0,1.3086434391267083,1.0
16.0,0.45,-0.026058843101160467,0.02743951205952183,0.027990541704081773,6.095385488757235e-5,-0.0004198791331182755,0.18957454218448944,0.00997441343566774,1.8813600389775822e-17,0.17528112368529494,0.24403960422114013,0.0,0.0,5.0,2.0,0.20166226979535046,1.0,1.988131834205481e-27,0.08214766714393942,0.9088080886389227,1.0,1.0,6.0,3.0,6.0,3.0,1.3451787256280068,1.0
16.0,0.5,-0.026058843101160467,0.02743951205952183,0.027990541704081773,6.095385488757235e-5,-0.0004198791331182755,0.18957454218448944,0.00997441343566774,9.036559605894962e-17,0.18712520199371707,0.26052982360118637,0.0,0.0,5.0,2.0,0.21528897223250892,1.0,3.365907830050592e-27,0.08396970189492726,0.9289654464440752,1.0,1.0,6.0,3.0,6.0,3.0,1.375014781472285,1.0
16.0,0.55,-0.026058843101160467,0.02743951205952183,0.027990541704081773,6.095385488757235e-5,-0.0004198791331182755,0.18957454218448944,0.00997441343566774,5.928211120372443e-16,0.20238141970544926,0.28177068088235757,0.0,0.0,5.0,2.0,0.2328413670800212,1.0,4.844650414297199e-27,0.08525357914497164,0.9431691124789898,1.0,1.0,6.0,3.0,6.0,3.0,1.3960384382981263,1.0
16.0,0.6,-0.026058843101160467,0.02743951205952183,0.027990541704081773,6.095385488757235e-5,-0.0004198791331182755,0.18957454218448944,0.00997441343566774,9.791115806877838e-15,0.22746617605295702,0.3166955711518914,0.0,0.0,5.0,2.0,0.26170157059733884,1.0,6.628653804327229e-27,0.0863746050650437,0.9555711375048526,1.0,1.0,6.0,3.0,6.0,3.0,1.4143953834310434,1.0
16.0,0.65,-0.026058843101160467,0.02743951205952183,0.027990541704081773,6.095385488757235e-5,-0.0004198791331182755,0.18957454218448944,0.00997441343566774,1.961495900535111e-13,0.25772504697523113,0.3588242540858761,0.0,0.0,5.0,2.0,0.2965146323996249,1.0,1.0565404733465079e-26,0.08806877212225364,0.9743138818654462,1.0,1.0,6.0,3.0,6.0,3.0,1.4421375891716581,1.0
16.0,0.7,-0.026058843101160467,0.02743951205952183,0.027990541704081773,6.095385488757235e-5,-0.0004198791331182755,0.18957454218448944,0.00997441343566774,1.1565020053945853e-12,0.2775001689345996,0.3863566707826884,0.0,0.0,5.0,2.0,0.3192660610529813,1.0,1.713288252047532e-26,0.08986066339568731,0.9941377592788435,1.0,1.0,6.0,3.0,6.0,3.0,1.471480041653454,1.0
16.0,0.75,-0.026058843101160467,0.02743951205952183,0.027990541704081773,6.095385488757235e-5,-0.0004198791331182755,0.18957454218448944,0.00997441343566774,1.882987301449736e-12,0.2831940515941969,0.3942841237879794,0.0,0.0,5.0,2.0,0.32581691648419353,1.0,2.712074062476874e-26,0.09159692972641403,1.013346252231309,1.0,1.0,6.0,3.0,6.0,3.0,1.4999116284692464,1.0
16.0,0.8,-0.026058843101160467,0.02743951205952183,0.027990541704081773,6.095385488757235e-5,-0.0004198791331182755,0.18957454218448944,0.00997441343566774,3.4015931493921184e-9,0.3870664989532146,0.5389031815051598,0.0,0.0,5.0,2.0,0.44532295948073847,1.0,3.54377513763631e-26,0.09262348314165271,1.0247031182218447,1.0,1.0,6.0,3.0,6.0,3.0,1.5167215740576008,1.0
16.0,0.85,-0.026058843101160467,0.02743951205952183,0.027990541704081773,6.095385488757235e-5,-0.0004198791331182755,0.18957454218448944,0.00997441343566774,9.286882013971118e-8,0.4442492799777582,0.6185173633183065,1.0,1.0,6.0,3.0,0.5111121852237462,1.0,4.5795695983065787e-26,0.09361836380227828,1.0357095852712699,1.0,1.0,6.0,3.0,6.0,3.0,1.5330128741728832,1.0
16.0,0.9,-0.026058843101160467,0.02743951205952183,0.027990541704081773,6.095385488757235e-5,-0.0004198791331182755,0.18957454218448944,0.00997441343566774,1.9123174049594557e-6,0.5039225789933338,0.7015990321720333,1.0,1.0,6.0,3.0,0.5797667709124116,1.0,6.682302315124491e-26,0.09510396141893995,1.052144904464439,1.0,1.0,6.0,3.0,6.0,3.0,1.5573397282182373,1.0
16.0,0.95,-0.026058843101160467,0.02743951205952183,0.027990541704081773,6.095385488757235e-5,-0.0004198791331182755,0.18957454218448944,0.00997441343566774,9.208399464051743e-5,0.5922064845766966,0.8245145459745493,1.0,1.0,6.0,3.0,0.6813380776910261,1.0,2.2385602807867437e-25,0.1000173596156998,1.1065023339468254,1.0,1.0,6.0,3.0,6.0,3.0,1.6377972622494759,1.0
18.0,0.4,-0.0066075177197971735,0.1356230178162724,0.1347257136848946,-0.0002465293136092387,-2.1543165272555617e-5,0.23304481737325874,0.08761496988333073,4.9574678232739587e-20,0.11394389708359369,0.1566389700698861,0.0,0.0,3.0,1.0,0.1279721643117406,0.0,6.585622903729117e-28,0.07232824261433313,0.7040150022554241,0.0,0.0,4.0,2.0,6.0,3.0,1.1016915971365429,1.0
18.0,0.45,-0.0066075177197971735,0.1356230178162724,0.1347257136848946,-0.0002465293136092387,-2.1543165272555617e-5,0.23304481737325874,0.08761496988333073,4.357817211443685e-19,0.12474546946003488,0.17148791955719225,0.0,0.0,3.0,1.0,0.14010357837044168,0.0,1.147985405675093e-27,0.07402249611040773,0.7205062072916136,0.0,0.0,4.0,2.0,6.0,3.0,1.1274981807417517,1.0
18.0,0.5,-0.0066075177197971735,0.1356230178162724,0.1347257136848946,-0.0002465293136092387,-2.1543165272555617e-5,0.23304481737325874,0.08761496988333073,1.6078546366078624e-17,0.14498247932186012,0.1993077893631623,0.0,0.0,3.0,1.0,0.16283207912828263,0.0,1.792882911698217e-27,0.07541036465620637,0.7340151803024832,0.0,0.0,4.0,2.0,6.0,3.0,1.1486379604401107,1.0
18.0,0.55,-0.0066075177197971735,0.1356230178162724,0.1347257136848946,-0.0002465293136092387,-2.1543165272555617e-5,0.23304481737325874,0.08761496988333073,1.4577701067354945e-16,0.1589311221160697,0.2184830246945886,0.0,0.0,3.0,1.0,0.17849801695623663,1.0,3.160901997817574e-27,0.07721325071384827,0.7515637724714503,0.0,0.0,4.0,2.0,6.0,3.0,1.1760992169079283,1.0
18.0,0.6,-0.0066075177197971735,0.1356230178162724,0.1347257136848946,-0.0002465293136092387,-2.1543165272555617e-5,0.23304481737325874,0.08761496988333073,1.0799261854756057e-15,0.1727613779521929,0.2374955131684912,0.0,0.0,3.0,1.0,0.1940309925489119,1.0,5.262156388027442e-27,0.07887054954028057,0.7676952751162754,0.0,0.0,4.0,2.0,6.0,3.0,1.2013429132156122,1.0
18.0,0.65,-0.0066075177197971735,0.1356230178162724,0.1347257136848946,-0.0002465293136092387,-2.1543165272555617e-5,0.23304481737325874,0.08761496988333073,4.506563458645783e-14,0.20182058861406887,0.27744328523548234,0.0,0.0,3.0,1.0,0.22666784433977902,1.0,7.916170741706186e-27,0.08022403626197855,0.7808695888143113,0.0,0.0,4.0,2.0,6.0,3.0,1.2219589947659617,1.0
18.0,0.7,-0.0066075177197971735,0.1356230178162724,0.1347257136848946,-0.0002465293136092387,-2.1543165272555617e-5,0.23304481737325874,0.08761496988333073,3.2765368124892243e-12,0.24128530164390663,0.3316955283245726,0.0,0.0,3.0,1.0,0.2709912777981321,1.0,1.2395843195986662e-26,0.08173716058547166,0.7955977528829021,0.0,0.0,4.0,2.0,6.0,3.0,1.2450066493523442,1.0
18.0,0.75,-0.0066075177197971735,0.1356230178162724,0.1347257136848946,-0.0002465293136092387,-2.1543165272555617e-5,0.23304481737325874,0.08761496988333073,1.3889561006083422e-11,0.25625199862274284,0.35227028537709876,0.0,0.0,3.0,1.0,0.2878006081264998,1.0,2.6303725171368e-26,0.08434003229501608,0.8209330944622144,0.0,1.0,4.0,2.0,6.0,3.0,1.284653152394315,1.0
18.0,0.8,-0.0066075177197971735,0.1356230178162724,0.1347257136848946,-0.0002465293136092387,-2.1543165272555617e-5,0.23304481737325874,0.08761496988333073,1.36321794221541e-9,0.3102145237358043,0.4264527082398092,0.0,0.0,5.0,2.0,0.3484067599889277,1.0,3.447041995986336e-26,0.08529560444359069,0.8302342623603634,0.0,1.0,4.0,2.0,6.0,3.0,1.2992082662542739,1.0
18.0,0.85,-0.0066075177197971735,0.1356230178162724,0.1347257136848946,-0.0002465293136092387,-2.1543165272555617e-5,0.23304481737325874,0.08761496988333073,1.6189939009791417e-7,0.3785359432847056,0.5203743404269305,0.0,0.0,5.0,2.0,0.42513960968344866,1.0,6.92513708828908e-26,0.0878113982940185,0.8547220219030256,1.0,1.0,4.0,2.0,6.0,3.0,1.3375284140272938,1.0
18.0,0.9,-0.0066075177197971735,0.1356230178162724,0.1347257136848946,-0.0002465293136092387,-2.1543165272555617e-5,0.23304481737325874,0.08761496988333073,5.823096971241274e-7,0.3992730438366467,0.5488816861982331,0.0,0.0,5.0,2.0,0.44842977007909657,1.0,1.9093067439110731e-25,0.0916015589669287,0.8916139727957813,1.0,1.0,4.0,2.0,6.0,3.0,1.3952595023852337,1.0
18.0,0.95,-0.0066075177197971735,0.1356230178162724,0.1347257136848946,-0.0002465293136092387,-2.1543165272555617e-5,0.23304481737325874,0.08761496988333073,1.952089722801245e-5,0.46219587336696083,0.6353818627217774,1.0,1.0,6.0,3.0,0.5190993792965649,1.0,6.951278955206297e-25,0.09666866932433447,0.9409352556136026,1.0,1.0,4.0,2.0,6.0,3.0,1.472440873046814,1.0
19.0,0.4,0.017991981891349873,0.10452544978123637,0.10334591688702566,-0.00024982871996804455,5.978326820337545e-5,0.22795915494713706,0.0748949385551338,6.785472789894655e-24,0.08376172330908695,0.11633297132038424,0.0,0.0,3.0,1.0,0.09257412045168863,0.0,2.3912362296584887e-29,0.06461945036264852,0.6275067162169945,0.0,1.0,4.0,2.0,6.0,3.0,0.9074085939115147,1.0
19.0,0.45,0.017991981891349873,0.10452544978123637,0.10334591688702566,-0.00024982871996804455,5.978326820337545e-5,0.22795915494713706,0.0748949385551338,3.3519555780758265e-22,0.09854105171537902,0.13685933013560686,0.0,0.0,3.0,1.0,0.10890835133935137,0.0,3.020724644944114e-29,0.06525171846697662,0.6336465468668853,0.0,1.0,4.0,2.0,6.0,3.0,0.9162871205517702,1.0
19.0,0.5,0.017991981891349873,0.10452544978123637,0.10334591688702566,-0.00024982871996804455,5.978326820337545e-5,0.22795915494713706,0.0748949385551338,2.5585926570074425e-21,0.10724979738848439,0.14895452374674373,0.0,0.0,3.0,1.0,0.11853332607811383,0.0,4.468694030461677e-29,0.06632514102713372,0.6440703412826104,1.0,1.0,4.0,2.0,6.0,3.0,0.9313604901102971,1.0
19.0,0.55,0.017991981891349873,0.10452544978123637,0.10334591688702566,-0.00024982871996804455,5.978326820337545e-5,0.22795915494713706,0.0748949385551338,1.0800413919409188e-19,0.1253496471689694,0.17409260856917003,0.0,0.0,3.0,1.0,0.13853742350520576,0.0,8.261383460304995e-29,0.06804525649453802,0.6607740427596017,1.0,1.0,4.0,2.0,6.0,3.0,0.9555149443633612,1.0
19.0,0.6,0.017991981891349873,0.10452544978123637,0.10334591688702566,-0.00024982871996804455,5.978326820337545e-5,0.22795915494713706,0.0748949385551338,2.1136845240308903e-18,0.14188607430564287,0.19705932448466693,0.0,0.0,3.0,1.0,0.15681361383550796,1.0,1.1693017602333275e-28,0.06903737418262516,0.6704083016252917,1.0,1.0,4.0,2.0,6.0,3.0,0.9694466028855191,1.0
19.0,0.65,0.017991981891349873,0.10452544978123637,0.10334591688702566,-0.00024982871996804455,5.978326820337545e-5,0.22795915494713706,0.0748949385551338,1.832188826576236e-17,0.15524591884427816,0.21561422462470795,0.0,0.0,3.0,1.0,0.17157901990256874,1.0,1.8573115125165118e-28,0.0703813383334593,0.683459271979734,1.0,1.0,4.0,2.0,6.0,3.0,0.9883190107059475,1.0
19.0,0.7,0.017991981891349873,0.10452544978123637,0.10334591688702566,-0.00024982871996804455,5.978326820337545e-5,0.22795915494713706,0.0748949385551338,6.31356219137652e-17,0.16345863521000184,0.2270205049600665,0.0,0.0,3.0,1.0,0.18065577911955086,1.0,2.481916898687564e-28,0.07123664504485312,0.6917649864792083,1.0,1.0,4.0,2.0,6.0,3.0,1.0003295223397264,1.0
19.0,0.75,0.017991981891349873,0.10452544978123637,0.10334591688702566,-0.00024982871996804455,5.978326820337545e-5,0.22795915494713706,0.0748949385551338,4.477786340034541e-16,0.17736070489728686,0.24632847774683772,0.0,0.0,3.0,1.0,0.19602045671828497,1.0,4.510243535663674e-28,0.07303185345801051,0.7091979007170035,1.0,1.0,4.0,2.0,6.0,3.0,1.025538457618799,1.0
19.0,0.8,0.017991981891349873,0.10452544978123637,0.10334591688702566,-0.00024982871996804455,5.978326820337545e-5,0.22795915494713706,0.0748949385551338,9.769028207604858e-15,0.20166950826352406,0.2800899049610572,0.0,0.0,3.0,1.0,0.22288673885718552,1.0,6.278618848410952e-28,0.0740454416613325,0.7190406555144119,1.0,1.0,4.0,2.0,6.0,3.0,1.0397716125159713,1.0
19.0,0.85,0.017991981891349873,0.10452544978123637,0.10334591688702566,-0.00024982871996804455,5.978326820337545e-5,0.22795915494713706,0.0748949385551338,1.245015567777175e-11,0.2716618882959234,0.3772992413653287,0.0,0.0,5.0,2.0,0.30024287199105065,1.0,1.096788137754062e-27,0.0757866023510571,0.7359487229876497,1.0,1.0,4.0,2.0,6.0,3.0,1.0642215910343622,1.0
19.0,0.9,0.017991981891349873,0.10452544978123637,0.10334591688702566,-0.00024982871996804455,5.978326820337545e-5,0.22795915494713706,0.0748949385551338,1.178232947033582e-9,0.3283706991519184,0.4560596131234379,0.0,0.0,5.0,2.0,0.36291789919271034,1.0,2.7103771420466974e-27,0.07869797572081356,0.7642204946088067,1.0,1.0,4.0,2.0,6.0,3.0,1.1051040993345127,1.0
19.0,0.95,0.017991981891349873,0.10452544978123637,0.10334591688702566,-0.00024982871996804455,5.978326820337545e-5,0.22795915494713706,0.0748949385551338,5.074331710631809e-7,0.42278595487674747,0.5871888067756859,0.0,0.0,5.0,2.0,0.46726638810446,1.0,8.978279099681445e-27,0.0827250494648685,0.8033266121463872,1.0,1.0,4.0,2.0,6.0,3.0,1.1616536568309517,1.0
20.0,0.4,-0.21119936745039913,0.09974389263308575,0.09857300180194278,-0.00011755365405935536,0.0013900048791204039,0.21421914605385792,-0.004684121282171105,8.191951290273696e-20,0.13692702274888494,0.1900022979154221,0.0,0.0,2.0,0.0,0.15514292308593353,1.0,8.507785732645116e-28,0.07843896422600703,0.8562871043915302,1.0,1.0,4.0,2.0,6.0,3.0,1.2225350171999336,1.0
20.0,0.45,-0.21119936745039913,0.09974389263308575,0.09857300180194278,-0.00011755365405935536,0.0013900048791204039,0.21421914605385792,-0.004684121282171105,6.740810861604914e-19,0.14949535463420355,0.20744233196592266,0.0,0.0,2.0,0.0,0.16938326591861486,1.0,1.0781852723545549e-27,0.07921699897156928,0.8647806015452393,1.0,1.0,4.0,2.0,6.0,3.0,1.234661321141269,1.0
20.0,0.5,-0.21119936745039913,0.09974389263308575,0.09857300180194278,-0.00011755365405935536,0.0013900048791204039,0.21421914605385792,-0.004684121282171105,8.721172896609809e-18,0.1663241499548504,0.23079425854607794,0.0,0.0,4.0,1.0,0.18845085714820142,1.0,1.771553015099055e-27,0.08087312979344262,0.8828599257682039,1.0,1.0,4.0,2.0,6.0,3.0,1.2604734661993109,1.0
20.0,0.55,-0.21119936745039913,0.09974389263308575,0.09857300180194278,-0.00011755365405935536,0.0013900048791204039,0.21421914605385792,-0.004684121282171105,1.0013141270752747e-16,0.18412882828245664,0.2555003372146703,0.0,0.0,4.0,1.0,0.208624156653993,1.0,2.384687687761881e-27,0.08188087477715934,0.893861078608335,1.0,1.0,4.0,2.0,6.0,3.0,1.2761799909240823,1.0
20.0,0.6,-0.21119936745039913,0.09974389263308575,0.09857300180194278,-0.00011755365405935536,0.0013900048791204039,0.21421914605385792,-0.004684121282171105,6.848402867724288e-16,0.19948683777834045,0.27681137602237393,0.0,0.0,5.0,2.0,0.22602529806595986,1.0,3.0265022474338072e-27,0.08269806907478054,0.9027820650815769,1.0,1.0,4.0,2.0,6.0,3.0,1.2889166283154103,1.0
20.0,0.65,-0.21119936745039913,0.09974389263308575,0.09857300180194278,-0.00011755365405935536,0.0013900048791204039,0.21421914605385792,-0.004684121282171105,2.544886636124335e-15,0.21070145933279566,0.29237297827459025,0.0,0.0,5.0,2.0,0.23873184155410315,1.0,4.6403627905802736e-27,0.08418392262890127,0.9190025398158169,1.0,1.0,4.0,2.0,6.0,3.0,1.3120748637442925,1.0
20.0,0.7,-0.21119936745039913,0.09974389263308575,0.09857300180194278,-0.00011755365405935536,0.0013900048791204039,0.21421914605385792,-0.004684121282171105,1.455760913451339e-14,0.22658271557024567,0.31441008328367953,0.0,0.0,5.0,2.0,0.256725839126615,1.0,6.692234435129939e-27,0.08547811939597785,0.9331307733172155,1.0,1.0,4.0,2.0,6.0,3.0,1.332245972357344,1.0
20.0,0.75,-0.21119936745039913,0.09974389263308575,0.09857300180194278,-0.00011755365405935536,0.0013900048791204039,0.21421914605385792,-0.004684121282171105,3.690397783765928e-13,0.2592543633060281,0.35974582506685077,0.0,0.0,5.0,2.0,0.29374391510610226,1.0,9.712548719976212e-27,0.08681505499292347,0.9477255696963215,1.0,1.0,4.0,2.0,6.0,3.0,1.3530832003745046,1.0
20.0,0.8,-0.21119936745039913,0.09974389263308575,0.09857300180194278,-0.00011755365405935536,0.0013900048791204039,0.21421914605385792,-0.004684121282171105,2.93405698427311e-11,0.31110659280106795,0.43169687284624625,0.0,0.0,5.0,2.0,0.35249423546570163,1.0,1.7042625144177602e-26,0.08887306976826494,0.9701921018613119,1.0,1.0,4.0,2.0,6.0,3.0,1.3851590335219244,1.0
20.0,0.85,-0.21119936745039913,0.09974389263308575,0.09857300180194278,-0.00011755365405935536,0.0013900048791204039,0.21421914605385792,-0.004684121282171105,6.573358272263907e-10,0.35413797219385323,0.4914079569183356,0.0,0.0,5.0,2.0,0.40125023592048314,1.0,3.325914413049749e-26,0.09138378081716009,0.9976005399409856,1.0,1.0,4.0,2.0,6.0,3.0,1.4242905060704545,1.0
20.0,0.9,-0.21119936745039913,0.09974389263308575,0.09857300180194278,-0.00011755365405935536,0.0013900048791204039,0.21421914605385792,-0.004684121282171105,1.6652414521390286e-7,0.4459911515427489,0.6188650124853289,0.0,0.0,5.0,2.0,0.5053229781216951,1.0,4.848978368412985e-26,0.09283069199676827,1.0133958961969476,1.0,1.0,4.0,2.0,6.0,3.0,1.4468417929379394,1.0
20.0,0.95,-0.21119936745039913,0.09974389263308575,0.09857300180194278,-0.00011755365405935536,0.0013900048791204039,0.21421914605385792,-0.004684121282171105,1.0007898967016825e-6,0.4805947030764368,0.6668814972919336,1.0,1.0,6.0,3.0,0.5445299660946722,1.0,1.2682725317125167e-25,0.09662511386254663,1.0548180968130283,1.0,1.0,4.0,2.0,6.0,3.0,1.5059809420421684,1.0
21.0,0.4,0.38592334753867896,-0.9068341593733963,-0.9045102077853452,0.0003647734288924963,-0.00011790947016332784,0.05381735824254541,-0.4743653560106704,5.0320681413387285e-20,0.16450532355333336,0.2943809597849075,0.0,0.0,3.0,1.0,0.45572485131470414,0.0,4.085617628315484e-27,0.11199252713245128,1.7939428159953987,0.0,0.0,4.0,2.0,4.0,2.0,4.459037716967921,1.0
21.0,0.45,0.38592334753867896,-0.9068341593733963,-0.9045102077853452,0.0003647734288924963,-0.00011790947016332784,0.05381735824254541,-0.4743653560106704,5.055001969485811e-19,0.18110436062221602,0.32408480375965126,0.0,0.0,4.0,2.0,0.5017087352206334,0.0,7.219010193843835e-27,0.1146805785844672,1.83700114064296,0.0,0.0,4.0,2.0,4.0,2.0,4.566063811624342,1.0
21.0,0.5,0.38592334753867896,-0.9068341593733963,-0.9045102077853452,0.0003647734288924963,-0.00011790947016332784,0.05381735824254541,-0.4743653560106704,1.0579175265203226e-17,0.20556981457864862,0.3678655377912348,0.0,0.0,4.0,2.0,0.5694847507671896,0.0,1.1710721585444325e-26,0.11701574233490437,1.874406763513808,0.0,0.0,4.0,2.0,4.0,2.0,4.65903950835258,1.0
21.0,0.55,0.38592334753867896,-0.9068341593733963,-0.9045102077853452,0.0003647734288924963,-0.00011790947016332784,0.05381735824254541,-0.4743653560106704,4.704221369721151e-17,0.2187564372030443,0.39146289343080765,0.0,0.0,4.0,2.0,0.6060153110253054,0.0,2.051389013696228e-26,0.1197811948019579,1.9187049297689553,0.0,0.0,4.0,2.0,4.0,2.0,4.769147362606905,1.0
21.0,0.6,0.38592334753867896,-0.9068341593733963,-0.9045102077853452,0.0003647734288924963,-0.00011790947016332784,0.05381735824254541,-0.4743653560106704,4.0829067841045464e-16,0.23936698322069566,0.42834530056093406,0.0,0.0,4.0,2.0,0.6631121746192904,0.0,2.4545210879531168e-26,0.12067998709655325,1.9331021580595038,0.0,0.0,4.0,2.0,4.0,2.0,4.804933221216748,1.0
21.0,0.65,0.38592334753867896,-0.9068341593733963,-0.9045102077853452,0.0003647734288924963,-0.00011790947016332784,0.05381735824254541,-0.4743653560106704,7.557984715906144e-13,0.3274970826965241,0.5860534081725559,0.0,0.0,4.0,2.0,0.9072567142150012,0.0,3.4225595741603724e-26,0.12236332381521281,1.9600665447972825,0.0,0.0,4.0,2.0,4.0,2.0,4.871956103109417,1.0
21.0,0.7,0.38592334753867896,-0.9068341593733963,-0.9045102077853452,0.0003647734288924963,-0.00011790947016332784,0.05381735824254541,-0.4743653560106704,1.43112957990798e-11,0.3701920960391955,0.6624557928149607,0.0,0.0,4.0,2.0,1.0255336075531072,1.0,4.938028024512517e-26,0.12424665470462878,1.990234521230337,0.0,0.0,4.0,2.0,4.0,2.0,4.946941851573728,1.0
21.0,0.75,0.38592334753867896,-0.9068341593733963,-0.9045102077853452,0.0003647734288924963,-0.00011790947016332784,0.05381735824254541,-0.4743653560106704,2.406278901437289e-10,0.41638646163715254,0.7451202403091036,0.0,0.0,4.0,2.0,1.153504666112078,1.0,1.02579816769544e-25,0.12808970330824404,2.0517940699832913,0.0,0.0,4.0,2.0,4.0,2.0,5.099954727614954,1.0
21.0,0.8,0.38592334753867896,-0.9068341593733963,-0.9045102077853452,0.0003647734288924963,-0.00011790947016332784,0.05381735824254541,-0.4743653560106704,9.631722700223031e-10,0.4411587025180015,0.7894499670863832,0.0,0.0,4.0,2.0,1.2221305655559758,1.0,1.8823076479823733e-25,0.13137077088520355,2.104351573230992,0.0,0.0,4.0,2.0,6.0,3.0,5.230592051838204,1.0
21.0,0.85,0.38592334753867896,-0.9068341593733963,-0.9045102077853452,0.0003647734288924963,-0.00011790947016332784,0.05381735824254541,-0.4743653560106704,3.975342653885497e-9,0.46800208977334523,0.8374859937231997,0.0,0.0,4.0,2.0,1.296494108336757,1.0,3.575701522391874e-25,0.13493046764632383,2.1613722744799366,0.0,0.0,4.0,2.0,6.0,3.0,5.37232313448474,1.0
21.0,0.9,0.38592334753867896,-0.9068341593733963,-0.9045102077853452,0.0003647734288924963,-0.00011790947016332784,0.05381735824254541,-0.4743653560106704,8.642578026710123e-7,0.5856443932494217,1.0480059541752214,0.0,0.0,4.0,2.0,1.6223955448490703,1.0,6.955300927571663e-25,0.1387234251735819,2.2221294435663426,0.0,0.0,4.0,2.0,6.0,3.0,5.5233416096094095,1.0
21.0,0.95,0.38592334753867896,-0.9068341593733963,-0.9045102077853452,0.0003647734288924963,-0.00011790947016332784,0.05381735824254541,-0.4743653560106704,0.0003745115283148774,0.7542261194014342,1.3496816037826127,0.0,0.0,4.0,2.0,2.089413149055019,1.0,1.9983459821158307e-24,0.1449599124875508,2.322028087702743,0.0,1.0,4.0,2.0,6.0,3.0,5.771650428656688,1.0
22.0,0.4,-0.3670868495324906,0.07730102351777574,0.08062636944995766,0.0003471333343009566,-0.00014621394809898158,0.23393850667315672,-0.06861103687752501,5.444058511234231e-18,0.13761717774659926,0.19169416234318362,0.0,0.0,2.0,0.0,0.14563125021807105,1.0,2.966489569891196e-28,0.07286320642228888,0.7225291027707511,0.0,0.0,5.0,3.0,6.0,3.0,0.9939764610260204,1.0
22.0,0.45,-0.3670868495324906,0.07730102351777574,0.08062636944995766,0.0003471333343009566,-0.00014621394809898158,0.23393850667315672,-0.06861103687752501,1.224478785929406e-16,0.15667769263260697,0.21824455012711935,0.0,0.0,2.0,0.0,0.1658017453415844,1.0,4.174286724653302e-28,0.07390759824715931,0.7328855436305086,0.0,0.0,6.0,3.0,6.0,3.0,1.0082237188805918,1.0
22.0,0.5,-0.3670868495324906,0.07730102351777574,0.08062636944995766,0.0003471333343009566,-0.00014621394809898158,0.23393850667315672,-0.06861103687752501,3.257975882981312e-16,0.16319819790132292,0.2273273028474404,0.0,0.0,2.0,0.0,0.1727019692081511,1.0,5.5928266293341915e-28,0.0748139872052295,0.7418735148273874,0.0,0.0,6.0,3.0,6.0,3.0,1.0205883859477287,1.0
22.0,0.55,-0.3670868495324906,0.07730102351777574,0.08062636944995766,0.0003471333343009566,-0.00014621394809898158,0.23393850667315672,-0.06861103687752501,1.6013008793717098e-15,0.1743929417613394,0.24292104689910088,0.0,0.0,2.0,0.0,0.18454863378084868,1.0,8.52455689897765e-28,0.07613940642123307,0.7550166909783785,0.0,0.0,6.0,3.0,6.0,3.0,1.0386693292164577,1.0
22.0,0.6,-0.3670868495324906,0.07730102351777574,0.08062636944995766,0.0003471333343009566,-0.00014621394809898158,0.23393850667315672,-0.06861103687752501,3.770834560025609e-14,0.1989271646997306,0.2770960488278266,0.0,0.0,4.0,1.0,0.2105115958045709,1.0,1.5252859994502456e-27,0.07800775833501966,0.7735437185168661,0.0,1.0,6.0,3.0,6.0,3.0,1.0641567859782943,1.0
22.0,0.65,-0.3670868495324906,0.07730102351777574,0.08062636944995766,0.0003471333343009566,-0.00014621394809898158,0.23393850667315672,-0.06861103687752501,1.1990311395985403e-13,0.20875031219845602,0.29077922459247607,0.0,0.0,4.0,1.0,0.2209067897385001,1.0,2.8671851082279596e-27,0.08008640825306458,0.794156111712344,0.0,1.0,6.0,3.0,6.0,3.0,1.092513060574224,1.0
22.0,0.7,-0.3670868495324906,0.07730102351777574,0.08062636944995766,0.0003471333343009566,-0.00014621394809898158,0.23393850667315672,-0.06861103687752501,1.493494118615268e-12,0.23188234175181874,0.32300103804002883,0.0,0.0,4.0,1.0,0.24538590229624052,1.0,4.3491325573254764e-27,0.08148886546975252,0.8080632152314382,0.0,1.0,6.0,3.0,6.0,3.0,1.1116449315065116,1.0
22.0,0.75,-0.3670868495324906,0.07730102351777574,0.08062636944995766,0.0003471333343009566,-0.00014621394809898158,0.23393850667315672,-0.06861103687752501,7.137491282278359e-12,0.24749908481211078,0.3447544159866666,0.0,0.0,4.0,1.0,0.2619120791401841,1.0,8.243690403837322e-27,0.08368929272440513,0.8298831818247572,0.0,1.0,6.0,3.0,6.0,3.0,1.141662453418033,1.0
22.0,0.8,-0.3670868495324906,0.07730102351777574,0.08062636944995766,0.0003471333343009566,-0.00014621394809898158,0.23393850667315672,-0.06861103687752501,1.2417728343640579e-11,0.25327614509161445,0.35280158530970485,0.0,0.0,4.0,1.0,0.2680255638436594,1.0,1.1710773839377841e-26,0.08492245897828815,0.8421115553857748,1.0,1.0,6.0,3.0,6.0,3.0,1.1584849114057791,1.0
22.0,0.85,-0.3670868495324906,0.07730102351777574,0.08062636944995766,0.0003471333343009566,-0.00014621394809898158,0.23393850667315672,-0.06861103687752501,9.446395367562451e-10,0.3033741827086849,0.4225857613354985,0.0,0.0,5.0,2.0,0.32104103742850565,1.0,1.569469646543749e-26,0.08596490736974105,0.8524487246917204,1.0,1.0,6.0,3.0,6.0,3.0,1.1727056575658275,1.0
22.0,0.9,-0.3670868495324906,0.07730102351777574,0.08062636944995766,0.0003471333343009566,-0.00014621394809898158,0.23393850667315672,-0.06861103687752501,1.1872450808164604e-8,0.3371178228397187,0.46958904199599155,0.0,0.0,5.0,2.0,0.35674972278056055,1.0,2.800071135450887e-26,0.08806368860336483,0.8732607448607699,1.0,1.0,6.0,3.0,6.0,3.0,1.2013365571034451,1.0
22.0,0.95,-0.3670868495324906,0.07730102351777574,0.08062636944995766,0.0003471333343009566,-0.00014621394809898158,0.23393850667315672,-0.06861103687752501,1.1118882239315965e-6,0.40731313135930464,0.5673677574690015,0.0,0.0,5.0,2.0,0.4310328225108421,1.0,7.20689116920397e-26,0.09160186719547984,0.9083461758914513,1.0,1.0,6.0,3.0,6.0,3.0,1.2496032531240118,1.0
23.0,0.4,-0.39994277644606835,0.1284360290558518,0.12543401606348684,4.8766750747520696e-5,0.0013527093349093068,0.15904453668088403,-0.04969124810636483,2.0131399518282836e-23,0.08413497468076338,0.11974156602932529,0.0,0.0,2.0,0.0,0.09531536438944743,0.0,2.658534928071951e-28,0.06873199951783947,0.6756453082232222,0.0,0.0,4.0,2.0,6.0,3.0,0.9201438528534793,1.0
23.0,0.45,-0.39994277644606835,0.1284360290558518,0.12543401606348684,4.8766750747520696e-5,0.0013527093349093068,0.15904453668088403,-0.04969124810636483,5.419097310784402e-22,0.0965077319494184,0.13735057271258524,0.0,0.0,2.0,0.0,0.10933229221332512,1.0,5.407416093851621e-28,0.0707956848798674,0.6959316281656708,0.0,1.0,4.0,2.0,6.0,3.0,0.9477712667715164,1.0
23.0,0.5,-0.39994277644606835,0.1284360290558518,0.12543401606348684,4.8766750747520696e-5,0.0013527093349093068,0.15904453668088403,-0.04969124810636483,8.142682301280667e-21,0.10804312369290865,0.153767834111525,0.0,0.0,2.0,0.0,0.1224005800636237,1.0,7.529125630733567e-28,0.07177886204847854,0.7055963992444156,0.0,1.0,4.0,2.0,6.0,3.0,0.960933468283327,1.0
23.0,0.55,-0.39994277644606835,0.1284360290558518,0.12543401606348684,4.8766750747520696e-5,0.0013527093349093068,0.15904453668088403,-0.04969124810636483,1.4986894001648996e-20,0.110824676230612,0.15772656183588954,0.0,0.0,2.0,0.0,0.12555176296592516,1.0,1.4469304152208742e-27,0.07375942653684385,0.7250656292040389,0.0,1.0,4.0,2.0,6.0,3.0,0.9874481085081652,1.0
23.0,0.6,-0.39994277644606835,0.1284360290558518,0.12543401606348684,4.8766750747520696e-5,0.0013527093349093068,0.15904453668088403,-0.04969124810636483,6.355191939077679e-19,0.12955241536989717,0.184380029329467,0.0,0.0,2.0,0.0,0.14676816300674686,1.0,2.8801208140067742e-27,0.07590568881527127,0.7461636919522293,0.0,1.0,4.0,2.0,6.0,3.0,1.0161810139373704,1.0
23.0,0.65,-0.39994277644606835,0.1284360290558518,0.12543401606348684,4.8766750747520696e-5,0.0013527093349093068,0.15904453668088403,-0.04969124810636483,2.3514172128816124e-16,0.16575013479238015,0.23589691189565679,0.0,0.0,2.0,0.0,0.18777606524849794,1.0,5.343708171406822e-27,0.07788592703800858,0.7656297146744331,0.0,1.0,4.0,2.0,6.0,3.0,1.0426912863086006,1.0
23.0,0.7,-0.39994277644606835,0.1284360290558518,0.12543401606348684,4.8766750747520696e-5,0.0013527093349093068,0.15904453668088403,-0.04969124810636483,2.9011507701253544e-15,0.184044248006592,0.2619332395192075,0.0,0.0,2.0,0.0,0.2085012163977154,1.0,7.270499055050747e-27,0.07889159239413546,0.7755155478274961,0.0,1.0,4.0,2.0,6.0,3.0,1.0561545465361422,1.0
23.0,0.75,-0.39994277644606835,0.1284360290558518,0.12543401606348684,4.8766750747520696e-5,0.0013527093349093068,0.15904453668088403,-0.04969124810636483,9.914317314989258e-14,0.21321909892197127,0.30345511969490035,0.0,0.0,2.0,0.0,0.24155300676858696,1.0,1.451087421677452e-26,0.0811962761614992,0.798170916291691,0.0,1.0,4.0,2.0,6.0,3.0,1.087008306301425,1.0
23.0,0.8,-0.39994277644606835,0.1284360290558518,0.12543401606348684,4.8766750747520696e-5,0.0013527093349093068,0.15904453668088403,-0.04969124810636483,5.773035896009036e-12,0.25256528911727816,0.3594529309398706,0.0,0.0,2.0,0.0,0.28612776857284355,1.0,2.7964709873746625e-26,0.08344640721246299,0.82029002381273,0.0,1.0,4.0,2.0,6.0,3.0,1.1171317461719856,1.0
23.0,0.85,-0.39994277644606835,0.1284360290558518,0.12543401606348684,4.8766750747520696e-5,0.0013527093349093068,0.15904453668088403,-0.04969124810636483,5.320772859370191e-11,0.27705379265459934,0.3943051642043318,0.0,0.0,5.0,2.0,0.3138704599668628,1.0,6.082338511826728e-26,0.08619230349220568,0.8472825738809728,0.0,1.0,4.0,2.0,6.0,3.0,1.1538922012744546,1.0
23.0,0.9,-0.39994277644606835,0.1284360290558518,0.12543401606348684,4.8766750747520696e-5,0.0013527093349093068,0.15904453668088403,-0.04969124810636483,4.308971678030132e-10,0.30228323037653987,0.4302119009012553,0.0,0.0,5.0,2.0,0.34245254558502675,1.0,1.4763195521062944e-25,0.08943648624052253,0.8791733506413681,1.0,1.0,4.0,2.0,6.0,3.0,1.1973234244941766,1.0
23.0,0.95,-0.39994277644606835,0.1284360290558518,0.12543401606348684,4.8766750747520696e-5,0.0013527093349093068,0.15904453668088403,-0.04969124810636483,7.675454988706051e-7,0.41291547407012735,0.5876645912178897,1.0,1.0,6.0,3.0,0.4677863043564243,1.0,3.809831656729688e-25,0.09304005405252073,0.9145969335739271,1.0,1.0,4.0,2.0,6.0,3.0,1.2455658849756321,1.0
24.0,0.4,-0.6068707332447021,0.07484036075518757,0.07384702089013045,-0.00021536671501378433,-0.0008304021956936432,0.13714593352311444,-0.1530585638214803,7.815084669296975e-20,0.12730399258559283,0.1744619069636308,0.0,0.0,2.0,0.0,0.13074765967266908,0.0,1.6463789940324898e-28,0.06571505185362692,0.6749886861861657,0.0,0.0,4.0,2.0,6.0,3.0,1.0488247854200956,1.0
24.0,0.45,-0.6068707332447021,0.07484036075518757,0.07384702089013045,-0.00021536671501378433,-0.0008304021956936432,0.13714593352311444,-0.1530585638214803,1.1701970552768115e-17,0.15684857564908578,0.2149508515522053,0.0,0.0,4.0,1.0,0.1610914455437938,0.0,2.3674066276169728e-28,0.06671714934218889,0.6852816776417839,0.0,0.0,4.0,2.0,6.0,3.0,1.0648184528336446,1.0
24.0,0.5,-0.6068707332447021,0.07484036075518757,0.07384702089013045,-0.00021536671501378433,-0.0008304021956936432,0.13714593352311444,-0.1530585638214803,5.499825567405099e-17,0.16729552557841648,0.22926772229291828,0.0,0.0,4.0,1.0,0.1718209931898284,0.0,3.554083934487339e-28,0.06785623605318593,0.6969817466643359,0.0,0.0,4.0,2.0,6.0,3.0,1.082998494415251,1.0
24.0,0.55,-0.6068707332447021,0.07484036075518757,0.07384702089013045,-0.00021536671501378433,-0.0008304021956936432,0.13714593352311444,-0.1530585638214803,2.9505050893471004e-16,0.17942466174518393,0.24588992072124363,0.0,0.0,4.0,1.0,0.18427823145428987,0.0,5.004178523626923e-28,0.0688306143192813,0.706990021589615,0.0,0.0,4.0,2.0,6.0,3.0,1.0985497577412204,1.0
24.0,0.6,-0.6068707332447021,0.07484036075518757,0.07384702089013045,-0.00021536671501378433,-0.0008304021956936432,0.13714593352311444,-0.1530585638214803,1.358553196357845e-15,0.1912117815285889,0.26204340776634905,0.0,0.0,4.0,1.0,0.19638420153944203,0.0,9.13285486945522e-28,0.07057778955025638,0.7249360397456941,0.0,0.0,5.0,2.0,6.0,3.0,1.1264350083045218,1.0
24.0,0.65,-0.6068707332447021,0.07484036075518757,0.07384702089013045,-0.00021536671501378433,-0.0008304021956936432,0.13714593352311444,-0.1530585638214803,2.717374192544845e-14,0.2166336985594872,0.29688250459121684,0.0,0.0,4.0,1.0,0.22249380021481688,0.0,1.5456264735558483e-27,0.0721421036421144,0.7410038093641013,0.0,0.0,6.0,3.0,6.0,3.0,1.1514017601436146,1.0
24.0,0.7,-0.6068707332447021,0.07484036075518757,0.07384702089013045,-0.00021536671501378433,-0.0008304021956936432,0.13714593352311444,-0.1530585638214803,1.0572065154315082e-12,0.25233439214829595,0.3458080014034254,0.0,0.0,4.0,1.0,0.2591602239508157,0.0,1.9490016140240175e-27,0.07284251871047233,0.7481980857656318,0.0,0.0,6.0,3.0,6.0,3.0,1.1625805184806206,1.0
24.0,0.75,-0.6068707332447021,0.07484036075518757,0.07384702089013045,-0.00021536671501378433,-0.0008304021956936432,0.13714593352311444,-0.1530585638214803,1.7714686403630593e-11,0.2837812399779467,0.38890387710164664,0.0,0.0,4.0,1.0,0.29145773225594573,0.0,4.1546138184189205e-27,0.07517640556302245,0.7721704813717234,0.0,1.0,6.0,3.0,6.0,3.0,1.1998297986420807,1.0
24.0,0.8,-0.6068707332447021,0.07484036075518757,0.07384702089013045,-0.00021536671501378433,-0.0008304021956936432,0.13714593352311444,-0.1530585638214803,1.145743701933396e-9,0.3376227988285611,0.4626902591324941,0.0,0.0,5.0,2.0,0.3467557450666044,1.0,7.283656781155923e-27,0.07695567891471022,0.7904461936803261,0.0,1.0,6.0,3.0,6.0,3.0,1.2282273413457572,1.0
24.0,0.85,-0.6068707332447021,0.07484036075518757,0.07384702089013045,-0.00021536671501378433,-0.0008304021956936432,0.13714593352311444,-0.1530585638214803,1.756986733501683e-8,0.3782989543973514,0.5184343055237273,0.0,0.0,5.0,2.0,0.3885322207064001,1.0,1.4244956055687045e-26,0.07913683169955406,0.8128497893724106,0.0,1.0,6.0,3.0,6.0,3.0,1.2630389565998652,1.0
24.0,0.9,-0.6068707332447021,0.07484036075518757,0.07384702089013045,-0.00021536671501378433,-0.0008304021956936432,0.13714593352311444,-0.1530585638214803,7.044648361222141e-8,0.40083342147123635,0.5493163385084808,0.0,0.0,5.0,2.0,0.4116762617693723,1.0,2.781026890226424e-26,0.08137381215923929,0.8358268160796296,0.0,1.0,6.0,3.0,6.0,3.0,1.298741592212848,1.0
24.0,0.95,-0.6068707332447021,0.07484036075518757,0.07384702089013045,-0.00021536671501378433,-0.0008304021956936432,0.13714593352311444,-0.1530585638214803,0.0004676752530044779,0.57838559808763,0.7926401391914221,1.0,1.0,6.0,3.0,0.5940313559882248,1.0,1.422780276750187e-25,0.08710107646776921,0.8946541090971603,0.0,1.0,6.0,3.0,6.0,3.0,1.3901498250301614,1.0
25.0,0.4,0.21580202025706363,0.2026617240061685,0.20156196668338938,-0.0003646042677503336,-0.00021610062787148817,0.07264148845555113,0.20630898454128083,2.4648419743744774e-21,0.12324313048193346,0.1642509075327308,0.0,0.0,2.0,0.0,0.13523177041417234,0.0,2.9932713299616783e-28,0.07846331528836686,0.9177742345227105,1.0,1.0,4.0,2.0,6.0,3.0,1.2923745545974612,1.0
25.0,0.45,0.21580202025706363,0.2026617240061685,0.20156196668338938,-0.0003646042677503336,-0.00021610062787148817,0.07264148845555113,0.20630898454128083,5.876233791568238e-19,0.15481652103162571,0.20632999162766563,0.0,0.0,2.0,0.0,0.16987650465060827,0.0,4.231872508214058e-28,0.0796036090325344,0.9311120881978727,1.0,1.0,4.0,2.0,6.0,3.0,1.3111564097142465,1.0
25.0,0.5,0.21580202025706363,0.2026617240061685,0.20156196668338938,-0.0003646042677503336,-0.00021610062787148817,0.07264148845555113,0.20630898454128083,6.522235937671136e-18,0.17114781694003156,0.22809534409519697,0.0,0.0,3.0,1.0,0.1877964491555493,0.0,6.913762212668664e-28,0.08124849697533339,0.9503521084166184,1.0,1.0,4.0,2.0,6.0,3.0,1.3382494698866967,1.0
25.0,0.55,0.21580202025706363,0.2026617240061685,0.20156196668338938,-0.0003646042677503336,-0.00021610062787148817,0.07264148845555113,0.20630898454128083,1.5017054626805977e-16,0.19504247885233142,0.2599406882448926,0.0,0.0,3.0,1.0,0.21401549618245103,0.0,1.0140894528132446e-27,0.08255570271333562,0.9656423079340555,1.0,1.0,4.0,2.0,6.0,3.0,1.359780543703919,1.0
25.0,0.6,0.21580202025706363,0.2026617240061685,0.20156196668338938,-0.0003646042677503336,-0.00021610062787148817,0.07264148845555113,0.20630898454128083,2.630830871003279e-15,0.21975666124991536,0.2928782391806641,0.0,0.0,4.0,2.0,0.24113378364313826,0.0,1.800505052000166e-27,0.08455422859400051,0.9890187807935062,1.0,1.0,4.0,2.0,6.0,3.0,1.3926983981864045,1.0
25.0,0.65,0.21580202025706363,0.2026617240061685,0.20156196668338938,-0.0003646042677503336,-0.00021610062787148817,0.07264148845555113,0.20630898454128083,2.976560955975827e-14,0.24313246809173525,0.32403208502233205,0.0,0.0,4.0,2.0,0.2667835032803916,0.0,3.311304261743702e-27,0.08672823923498414,1.0144478739249916,1.0,1.0,4.0,2.0,6.0,3.0,1.428506673983895,1.0
25.0,0.7,0.21580202025706363,0.2026617240061685,0.20156196668338938,-0.0003646042677503336,-0.00021610062787148817,0.07264148845555113,0.20630898454128083,1.4957219451235376e-13,0.2600500623652108,0.3465788200965132,0.0,0.0,4.0,2.0,0.28534677910602585,0.0,4.830066614797943e-27,0.08810325369456298,1.030531222410328,1.0,1.0,4.0,2.0,6.0,3.0,1.4511546298245623,1.0
25.0,0.75,0.21580202025706363,0.2026617240061685,0.20156196668338938,-0.0003646042677503336,-0.00021610062787148817,0.07264148845555113,0.20630898454128083,3.0838611789723867e-12,0.2949966791353998,0.39315353381285734,0.0,0.0,4.0,2.0,0.3236928746436675,0.0,9.10786792944526e-27,0.09046271078460279,1.0581294562695784,1.0,1.0,4.0,2.0,6.0,3.0,1.490017406583679,1.0
25.0,0.8,0.21580202025706363,0.2026617240061685,0.20156196668338938,-0.0003646042677503336,-0.00021610062787148817,0.07264148845555113,0.20630898454128083,4.144923825154363e-11,0.3287264875079586,0.43810655970917733,0.0,0.0,4.0,2.0,0.36070379512349554,0.0,1.4679407984392453e-26,0.09227982379844824,1.0793839686387559,1.0,1.0,4.0,2.0,6.0,3.0,1.5199471975094256,1.0
25.0,0.85,0.21580202025706363,0.2026617240061685,0.20156196668338938,-0.0003646042677503336,-0.00021610062787148817,0.07264148845555113,0.20630898454128083,2.2843228989790637e-10,0.3529553249842173,0.4703972726144447,1.0,1.0,6.0,3.0,0.38728952508815284,0.0,3.9012193303858556e-26,0.09611560767286917,1.1242505868310053,1.0,1.0,4.0,2.0,6.0,3.0,1.583126652239552,1.0
25.0,0.9,0.21580202025706363,0.2026617240061685,0.20156196668338938,-0.0003646042677503336,-0.00021610062787148817,0.07264148845555113,0.20630898454128083,1.2308830671895017e-8,0.41673874169670255,0.5554039098168309,1.0,1.0,6.0,3.0,0.4572775587527045,1.0,7.01272675403289e-26,0.09849311107515524,1.1520599058368228,1.0,1.0,4.0,2.0,6.0,3.0,1.6222866710240103,1.0
25.0,0.95,0.21580202025706363,0.2026617240061685,0.20156196668338938,-0.0003646042677503336,-0.00021610062787148817,0.07264148845555113,0.20630898454128083,4.375549580197296e-5,0.585887908154736,0.7808355747744954,1.0,1.0,6.0,3.0,0.6428809360342854,1.0,1.7412735150863734e-25,0.10229710863598968,1.1965547240418688,1.0,1.0,4.0,2.0,6.0,3.0,1.6849425712406312,1.0
26.0,0.4,-0.44519086772289285,-1.0933837054681366,-1.0928304062867098,-0.0001577687311156106,-6.173964447839684e-5,-0.11462159521107834,-0.8769502267654372,7.234679857022478e-19,0.1626157501246244,0.24099268505676444,0.0,0.0,2.0,0.0,0.22425506977900453,0.0,7.914774377093124e-28,0.09508630474751141,1.3109303046377365,0.0,0.0,4.0,2.0,4.0,2.0,2.0481609327655246,1.0
26.0,0.45,-0.44519086772289285,-1.0933837054681366,-1.0928304062867098,-0.0001577687311156106,-6.173964447839684e-5,-0.11462159521107834,-0.8769502267654372,9.380482978558295e-18,0.18093788877785597,0.2681456600093179,0.0,0.0,2.0,0.0,0.24952219475940868,0.0,1.391646112795206e-27,0.09734867948723723,1.3421210803717267,0.0,0.0,4.0,2.0,4.0,2.0,2.096892530543838,1.0
26.0,0.5,-0.44519086772289285,-1.0933837054681366,-1.0928304062867098,-0.0001577687311156106,-6.173964447839684e-5,-0.11462159521107834,-0.8769502267654372,7.741649563693508e-17,0.19757024182980432,0.29279441277606566,0.0,0.0,2.0,0.0,0.2724590227812652,0.0,2.1073352333229437e-27,0.09904637806473464,1.3655268118205557,0.0,0.0,4.0,2.0,4.0,2.0,2.1334609923352095,1.0
26.0,0.55,-0.44519086772289285,-1.0933837054681366,-1.0928304062867098,-0.0001577687311156106,-6.173964447839684e-5,-0.11462159521107834,-0.8769502267654372,9.142855820038135e-16,0.21897702265684885,0.3245187542742139,0.0,0.0,2.0,0.0,0.3019800201289003,0.0,4.4972598510492025e-27,0.10222470444372694,1.4093455760402218,0.0,0.0,4.0,2.0,4.0,2.0,2.201922207000304,1.0
26.0,0.6,-0.44519086772289285,-1.0933837054681366,-1.0928304062867098,-0.0001577687311156106,-6.173964447839684e-5,-0.11462159521107834,-0.8769502267654372,1.648301784534146e-13,0.27189214792383715,0.40293771497410696,0.0,0.0,2.0,0.0,0.37495256491634604,0.0,5.651209458641409e-27,0.10320219226475515,1.422821947957322,0.0,0.0,4.0,2.0,4.0,2.0,2.2229773144902856,1.0
26.0,0.65,-0.44519086772289285,-1.0933837054681366,-1.0928304062867098,-0.0001577687311156106,-6.173964447839684e-5,-0.11462159521107834,-0.8769502267654372,1.3265875593860496e-12,0.2965747219605373,0.4395167043195923,0.0,0.0,3.0,1.0,0.4089910412550992,0.0,8.39045853790053e-27,0.1049157690242809,1.4464465877974144,0.0,0.0,4.0,2.0,4.0,2.0,2.2598877926445797,1.0
26.0,0.7,-0.44519086772289285,-1.0933837054681366,-1.0928304062867098,-0.0001577687311156106,-6.173964447839684e-5,-0.11462159521107834,-0.8769502267654372,4.454799566122898e-11,0.3433375540939049,0.5088181125044842,0.0,0.0,4.0,2.0,0.47347927302290405,0.0,1.126803515745945e-26,0.10621276277546353,1.4643279053842735,0.0,0.0,4.0,2.0,4.0,2.0,2.2878250643501867,1.0
26.0,0.75,-0.44519086772289285,-1.0933837054681366,-1.0928304062867098,-0.0001577687311156106,-6.173964447839684e-5,-0.11462159521107834,-0.8769502267654372,2.055627030534685e-9,0.40277219509356316,0.5968988409020441,0.0,0.0,4.0,2.0,0.5554425487477576,0.0,2.1784827164998304e-26,0.109170706104137,1.5051083054561414,0.0,0.0,4.0,2.0,4.0,2.0,2.3515392236416894,1.0
26.0,0.8,-0.44519086772289285,-1.0933837054681366,-1.0928304062867098,-0.0001577687311156106,-6.173964447839684e-5,-0.11462159521107834,-0.8769502267654372,6.200019950564536e-8,0.4641979097610237,0.6879302932545823,0.0,0.0,4.0,2.0,0.6401516124049972,0.0,4.277472311549098e-26,0.11228347147933283,1.548023197063369,0.0,0.0,4.0,2.0,4.0,2.0,2.418588252955327,1.0
26.0,0.85,-0.44519086772289285,-1.0933837054681366,-1.0928304062867098,-0.0001577687311156106,-6.173964447839684e-5,-0.11462159521107834,-0.8769502267654372,7.038021463779536e-7,0.5136459991638704,0.7612111890287393,0.0,0.0,4.0,2.0,0.7083429452308492,0.0,8.639415434791722e-26,0.11562095332367335,1.5940361965435985,0.0,0.0,4.0,2.0,4.0,2.0,2.490477679571953,1.0
26.0,0.9,-0.44519086772289285,-1.0933837054681366,-1.0928304062867098,-0.0001577687311156106,-6.173964447839684e-5,-0.11462159521107834,-0.8769502267654372,1.806868212544061e-5,0.5880199648879985,0.871431642363925,0.0,0.0,4.0,2.0,0.81090828014105,0.0,1.5679325977224183e-25,0.11852819538294414,1.6341175913200134,0.0,0.0,4.0,2.0,4.0,2.0,2.553099732492221,1.0
26.0,0.95,-0.44519086772289285,-1.0933837054681366,-1.0928304062867098,-0.0001577687311156106,-6.173964447839684e-5,-0.11462159521107834,-0.8769502267654372,0.0007975053682963799,0.6885344943927659,1.0203917912671352,0.0,0.0,4.0,2.0,0.9495227305286704,0.0,4.441705267905547e-25,0.12378393089016472,1.7065770581998256,0.0,0.0,4.0,2.0,4.0,2.0,2.666308381912573,1.0
27.0,0.4,-0.6239879937977502,0.09219590862051058,0.06320385639903942,-0.0003871730955378299,0.00017302603201979576,0.16759473489354865,-0.1658597603332237,1.449122607649926e-19,0.12166982223612029,0.16695994357306848,0.0,0.0,2.0,0.0,0.11936538092973092,0.0,4.682049725007823e-25,0.10832512407790426,0.8059281572983774,0.0,0.0,6.0,3.0,6.0,3.0,1.2146399434616626,1.0
27.0,0.45,-0.6239879937977502,0.09219590862051058,0.06320385639903942,-0.0003871730955378299,0.00017302603201979576,0.16759473489354865,-0.1658597603332237,8.142118162398687e-19,0.13074273069411096,0.1794101325874817,0.0,0.0,3.0,0.0,0.12826644739243123,0.0,6.986685222350256e-25,0.11014691213658062,0.8194820793973848,0.0,0.0,6.0,3.0,6.0,3.0,1.2350674902881802,1.0
27.0,0.5,-0.6239879937977502,0.09219590862051058,0.06320385639903942,-0.0003871730955378299,0.00017302603201979576,0.16759473489354865,-0.1658597603332237,6.85700745665887e-17,0.15726875023880882,0.21581014242563268,0.0,0.0,3.0,0.0,0.15429006088434252,0.0,9.957860180933427e-25,0.11178527818395427,0.8316713599616099,0.0,0.0,6.0,3.0,6.0,3.0,1.2534383424805147,1.0
27.0,0.55,-0.6239879937977502,0.09219590862051058,0.06320385639903942,-0.0003871730955378299,0.00017302603201979576,0.16759473489354865,-0.1658597603332237,6.900550107828599e-15,0.19058570124902283,0.2615289259206632,0.0,0.0,4.0,1.0,0.1869759847696719,0.0,1.2551128077851025e-24,0.11286851453087332,0.8397305307257557,0.0,0.0,6.0,3.0,6.0,3.0,1.26558457491161,1.0
27.0,0.6,-0.6239879937977502,0.09219590862051058,0.06320385639903942,-0.0003871730955378299,0.00017302603201979576,0.16759473489354865,-0.1658597603332237,2.873836749884914e-13,0.2226243922922735,0.30549363261970924,0.0,0.0,4.0,1.0,0.21840785908806998,0.0,1.7740052890024686e-24,0.11450755691582697,0.8519248431743585,0.0,0.0,6.0,3.0,6.0,3.0,1.283963010816834,1.0
27.0,0.65,-0.6239879937977502,0.09219590862051058,0.06320385639903942,-0.0003871730955378299,0.00017302603201979576,0.16759473489354865,-0.1658597603332237,6.4432272022492675e-12,0.2534250086241487,0.34775940625424123,0.0,0.0,4.0,1.0,0.24862510798147155,0.0,2.468420774731428e-24,0.11609454861127293,0.8637319036660571,0.0,0.0,6.0,3.0,6.0,3.0,1.3017578069884443,1.0
27.0,0.7,-0.6239879937977502,0.09219590862051058,0.06320385639903942,-0.0003871730955378299,0.00017302603201979576,0.16759473489354865,-0.1658597603332237,3.2887451861905226e-10,0.29854725730862663,0.409677866853536,0.0,0.0,4.0,1.0,0.29289273576000385,0.0,4.149433002206864e-24,0.11863437841480826,0.8826279849845762,0.0,1.0,6.0,3.0,6.0,3.0,1.3302366917829798,1.0
27.0,0.75,-0.6239879937977502,0.09219590862051058,0.06320385639903942,-0.0003871730955378299,0.00017302603201979576,0.16759473489354865,-0.1658597603332237,7.95095936962409e-10,0.30973311501702755,0.42502752494859447,0.0,0.0,4.0,1.0,0.30386673195601915,0.0,5.5971552646671946e-24,0.12012304539153887,0.8937035193409885,0.0,1.0,6.0,3.0,6.0,3.0,1.3469289816634784,1.0
27.0,0.8,-0.6239879937977502,0.09219590862051058,0.06320385639903942,-0.0003871730955378299,0.00017302603201979576,0.16759473489354865,-0.1658597603332237,1.9832023244857187e-8,0.3541553327603694,0.4859853765465489,0.0,0.0,4.0,1.0,0.3474475874650141,1.0,8.551567063138082e-24,0.1222633427087148,0.9096271186683407,0.0,1.0,6.0,3.0,6.0,3.0,1.3709279443644689,1.0
27.0,0.85,-0.6239879937977502,0.09219590862051058,0.06320385639903942,-0.0003871730955378299,0.00017302603201979576,0.16759473489354865,-0.1658597603332237,7.913093519486446e-7,0.41295359901326656,0.5666705870231991,0.0,0.0,5.0,2.0,0.4051322073674276,1.0,1.4834816300643508e-23,0.12510205722465395,0.9307468725426281,0.0,1.0,6.0,3.0,6.0,3.0,1.4027581967504652,1.0
27.0,0.9,-0.6239879937977502,0.09219590862051058,0.06320385639903942,-0.0003871730955378299,0.00017302603201979576,0.16759473489354865,-0.1658597603332237,7.511487718925091e-5,0.49922011359739993,0.6850487694065078,1.0,1.0,6.0,3.0,0.4897648236198932,1.0,2.4721109337238303e-23,0.12779254690914568,0.9507638484022015,0.0,1.0,6.0,3.0,6.0,3.0,1.432926417337085,1.0
27.0,0.95,-0.6239879937977502,0.09219590862051058,0.06320385639903942,-0.0003871730955378299,0.00017302603201979576,0.16759473489354865,-0.1658597603332237,0.003530442166840873,0.5860882827671087,0.804252565025802,1.0,1.0,6.0,3.0,0.5749876990465355,1.0,7.368814901306418e-23,0.1337424463696512,0.9950305090604183,0.0,1.0,6.0,3.0,6.0,3.0,1.4996421086952003,1.0
28.0,0.4,0.026128010079922603,-0.021141365636984766,-0.019018181900523345,6.454489108316877e-5,-0.000515007245667226,0.21114533466275445,-0.003969117907041242,5.947341788932751e-20,0.13017159309860687,0.16755432595488448,0.0,0.0,5.0,2.0,0.1401641058078465,1.0,7.728163445497274e-27,0.08150974957630727,0.8927210194251433,1.0,1.0,6.0,3.0,6.0,3.0,1.3774844035562108,1.0
28.0,0.45,0.026128010079922603,-0.021141365636984766,-0.019018181900523345,6.454489108316877e-5,-0.000515007245667226,0.21114533466275445,-0.003969117907041242,2.1986127080527627e-19,0.13745977535094211,0.17693553145185742,0.0,0.0,5.0,2.0,0.1480117592324254,1.0,1.6460560476153548e-26,0.08411851015707585,0.9212930051962391,1.0,1.0,6.0,3.0,6.0,3.0,1.421571485547019,1.0
28.0,0.5,0.026128010079922603,-0.021141365636984766,-0.019018181900523345,6.454489108316877e-5,-0.000515007245667226,0.21114533466275445,-0.003969117907041242,1.350469308797769e-17,0.1631885295713135,0.2100530801307586,0.0,0.0,5.0,2.0,0.17571555960088553,1.0,3.251267190018972e-26,0.08653834274408334,0.9477957907542929,1.0,1.0,6.0,3.0,6.0,3.0,1.4624657548233515,1.0
28.0,0.55,0.026128010079922603,-0.021141365636984766,-0.019018181900523345,6.454489108316877e-5,-0.000515007245667226,0.21114533466275445,-0.003969117907041242,5.190946031955981e-16,0.18998590004508914,0.2445461307281769,0.0,0.0,5.0,2.0,0.20457000764941707,1.0,4.710744939086067e-26,0.08788574650694593,0.9625529905618309,1.0,1.0,6.0,3.0,6.0,3.0,1.4852363764763918,1.0
28.0,0.6,0.026128010079922603,-0.021141365636984766,-0.019018181900523345,6.454489108316877e-5,-0.000515007245667226,0.21114533466275445,-0.003969117907041242,5.264468844852303e-15,0.20923895348669522,0.2693282841549847,0.0,0.0,5.0,2.0,0.2253010055228869,1.0,5.960076265035245e-26,0.08875139855653497,0.972033890505624,1.0,1.0,6.0,3.0,6.0,3.0,1.4998655736388615,1.0
28.0,0.65,0.026128010079922603,-0.021141365636984766,-0.019018181900523345,6.454489108316877e-5,-0.000515007245667226,0.21114533466275445,-0.003969117907041242,3.6583474156849226e-14,0.22684174108556177,0.2919862477002327,0.0,0.0,5.0,2.0,0.24425505628610972,1.0,8.486326588938887e-26,0.0900678305932551,0.9864518779971022,1.0,1.0,6.0,3.0,6.0,3.0,1.522112784657786,1.0
28.0,0.7,0.026128010079922603,-0.021141365636984766,-0.019018181900523345,6.454489108316877e-5,-0.000515007245667226,0.21114533466275445,-0.003969117907041242,6.932241810649291e-13,0.2564223269043308,0.33006179859604096,0.0,0.0,5.0,2.0,0.2761063708614738,1.0,1.2747941853802186e-25,0.0916079257146925,1.0033194956007383,1.0,1.0,6.0,3.0,6.0,3.0,1.5481398184887134,1.0
28.0,0.75,0.026128010079922603,-0.021141365636984766,-0.019018181900523345,6.454489108316877e-5,-0.000515007245667226,0.21114533466275445,-0.003969117907041242,2.4039990210888963e-12,0.27005881717532243,0.34761442187856884,0.0,0.0,5.0,2.0,0.2907896548229989,1.0,1.8691247983207535e-25,0.09308034312148171,1.0194458850847055,1.0,1.0,6.0,3.0,6.0,3.0,1.5730231241536146,1.0
28.0,0.8,0.026128010079922603,-0.021141365636984766,-0.019018181900523345,6.454489108316877e-5,-0.000515007245667226,0.21114533466275445,-0.003969117907041242,3.9079346749063196e-10,0.33387500167557793,0.42975736508471823,0.0,0.0,5.0,2.0,0.3595046349782398,1.0,3.561494071840348e-25,0.09561463888741861,1.0472023082298167,1.0,1.0,6.0,3.0,6.0,3.0,1.61585177851365,1.0
28.0,0.85,0.026128010079922603,-0.021141365636984766,-0.019018181900523345,6.454489108316877e-5,-0.000515007245667226,0.21114533466275445,-0.003969117907041242,5.909874366008077e-7,0.4529690471367683,0.5830528886124523,0.0,0.0,5.0,2.0,0.4877408345341735,1.0,5.6692363993376155e-25,0.09748472480467867,1.0676840912698455,1.0,1.0,6.0,3.0,6.0,3.0,1.647455533864709,1.0
28.0,0.9,0.026128010079922603,-0.021141365636984766,-0.019018181900523345,6.454489108316877e-5,-0.000515007245667226,0.21114533466275445,-0.003969117907041242,3.411154122152935e-5,0.5363607488895229,0.6903930543491431,1.0,1.0,6.0,3.0,0.5775340300366303,1.0,9.994019024259074e-25,0.0998149408101625,1.0932053671749917,1.0,1.0,6.0,3.0,6.0,3.0,1.6868353162975596,1.0
28.0,0.95,0.026128010079922603,-0.021141365636984766,-0.019018181900523345,6.454489108316877e-5,-0.000515007245667226,0.21114533466275445,-0.003969117907041242,0.00042832788175336015,0.5959961399198458,0.7671545620582215,1.0,1.0,6.0,3.0,0.6417472816324268,1.0,3.9949408729943224e-24,0.10574730577206759,1.1581785381627885,1.0,1.0,6.0,3.0,6.0,3.0,1.787090074209401,1.0
29.0,0.4,-1.3032908797844445,-1.1305657394056454,-1.1294872467358221,3.456653998960905e-6,-0.00019819265957489267,-0.13072035318532677,-1.1874214577520295,2.7449675719891694e-19,0.15697974705426282,0.22176689037227212,0.0,0.0,2.0,0.0,0.1902406248826026,0.0,5.123715830935457e-28,0.08973083713589705,1.1659932910333124,0.0,0.0,4.0,2.0,4.0,2.0,1.6776616507208169,0.0
29.0,0.45,-1.3032908797844445,-1.1305657394056454,-1.1294872467358221,3.456653998960905e-6,-0.00019819265957489267,-0.13072035318532677,-1.1874214577520295,1.4857564057025546e-17,0.18538263804926713,0.261891944283637,0.0,0.0,2.0,0.0,0.22466152205409748,0.0,7.371934175915184e-28,0.09110136902600849,1.1838024527443183,0.0,0.0,4.0,2.0,4.0,2.0,1.7032859384965748,0.0
29.0,0.5,-1.3032908797844445,-1.1305657394056454,-1.1294872467358221,3.456653998960905e-6,-0.00019819265957489267,-0.13072035318532677,-1.1874214577520295,9.762650327508661e-17,0.20051024291372263,0.2832628660268801,0.0,0.0,2.0,0.0,0.24299436470669977,0.0,1.8212733181126116e-27,0.09460003706630686,1.2292653459118292,0.0,0.0,4.0,2.0,4.0,2.0,1.7686991385419688,0.0
29.0,0.55,-1.3032908797844445,-1.1305657394056454,-1.1294872467358221,3.456653998960905e-6,-0.00019819265957489267,-0.13072035318532677,-1.1874214577520295,9.970338013439625e-16,0.22089411853062438,0.31205937509331977,0.0,0.0,2.0,0.0,0.2676971770608832,0.0,3.075160805311156e-27,0.09668746399036376,1.2563900877136525,0.0,0.0,4.0,2.0,4.0,2.0,1.8077269266575393,0.0
29.0,0.6,-1.3032908797844445,-1.1305657394056454,-1.1294872467358221,3.456653998960905e-6,-0.00019819265957489267,-0.13072035318532677,-1.1874214577520295,1.3040788667247718e-14,0.2458719024225307,0.34734574525280254,0.0,0.0,2.0,0.0,0.2979672552394162,0.0,5.463277229099913e-27,0.09903063442660835,1.2868380484773638,0.0,0.0,4.0,2.0,4.0,2.0,1.8515362491542928,0.0
29.0,0.65,-1.3032908797844445,-1.1305657394056454,-1.1294872467358221,3.456653998960905e-6,-0.00019819265957489267,-0.13072035318532677,-1.1874214577520295,3.157192350503011e-13,0.2807860005716846,0.3966692479465209,0.0,0.0,2.0,0.0,0.34027895451111645,0.0,8.731171526094621e-27,0.10098426247779554,1.3122241618088248,0.0,0.0,4.0,2.0,4.0,2.0,1.8880624531423977,0.0
29.0,0.7,-1.3032908797844445,-1.1305657394056454,-1.1294872467358221,3.456653998960905e-6,-0.00019819265957489267,-0.13072035318532677,-1.1874214577520295,2.2420565994687932e-12,0.304682970692683,0.4304287414639937,0.0,0.0,2.0,0.0,0.3692392160348412,0.0,1.4427523447900795e-26,0.10311978548046388,1.3399738805614485,0.0,0.0,4.0,2.0,4.0,2.0,1.9279894744448176,0.0
29.0,0.75,-1.3032908797844445,-1.1305657394056454,-1.1294872467358221,3.456653998960905e-6,-0.00019819265957489267,-0.13072035318532677,-1.1874214577520295,1.4280954590312716e-11,0.3291188769830765,0.46494959560688914,0.0,0.0,2.0,0.0,0.3988526035545082,0.0,3.1264935440401776e-26,0.10649676289211506,1.3838554839392585,0.0,0.0,4.0,2.0,4.0,2.0,1.9911274733726252,0.0
29.0,0.8,-1.3032908797844445,-1.1305657394056454,-1.1294872467358221,3.456653998960905e-6,-0.00019819265957489267,-0.13072035318532677,-1.1874214577520295,3.122439662458901e-10,0.3742615051309643,0.5287230469944005,0.0,0.0,3.0,1.0,0.4535600543489636,0.0,4.507549753669132e-26,0.108132571665298,1.4051117445050219,0.0,0.0,4.0,2.0,4.0,2.0,2.021711537160254,0.0
29.0,0.85,-1.3032908797844445,-1.1305657394056454,-1.1294872467358221,3.456653998960905e-6,-0.00019819265957489267,-0.13072035318532677,-1.1874214577520295,2.3346206704088086e-8,0.4479679270482588,0.6328488612844116,0.0,0.0,3.0,1.0,0.5428833971784047,0.0,7.124490773762192e-26,0.110214927473709,1.4321705904898676,0.0,0.0,4.0,2.0,4.0,2.0,2.0606445126504536,0.0
29.0,0.9,-1.3032908797844445,-1.1305657394056454,-1.1294872467358221,3.456653998960905e-6,-0.00019819265957489267,-0.13072035318532677,-1.1874214577520295,2.4621025403565234e-6,0.5439291448979704,0.7684142528601194,0.0,0.0,3.0,1.0,0.6591768833815278,0.0,8.745969465129194e-26,0.11116063215481616,1.4444594016574235,0.0,0.0,4.0,2.0,4.0,2.0,2.078325975646255,0.0
29.0,0.95,-1.3032908797844445,-1.1305657394056454,-1.1294872467358221,3.456653998960905e-6,-0.00019819265957489267,-0.13072035318532677,-1.1874214577520295,0.00896827103011797,0.7654804515588249,1.0814020443304915,0.0,0.0,3.0,1.0,0.9276704936314466,0.0,2.4551380828529787e-25,0.11604564314517976,1.5079369108749243,0.0,0.0,4.0,2.0,4.0,2.0,2.169659076545234,0.0
31.0,0.4,-0.2767990940701268,0.06385551331133099,0.06518647044946696,-0.0004118059591583829,0.0002869553608745246,0.20442743955205192,-0.048808384390397586,5.766497947054893e-23,0.0892325207317717,0.1261005359941619,0.0,0.0,2.0,0.0,0.09720049005441647,0.0,1.7535464714468923e-29,0.06338779742162053,0.6155882422803433,0.0,0.0,6.0,3.0,6.0,3.0,0.8682670488812887,1.0
31.0,0.45,-0.2767990940701268,0.06385551331133099,0.06518647044946696,-0.0004118059591583829,0.0002869553608745246,0.20442743955205192,-0.048808384390397586,5.791067421696757e-22,0.09823511657620844,0.1388227156660188,0.0,0.0,2.0,0.0,0.10700696778994391,1.0,2.816408909349097e-29,0.0646516722394751,0.6278623156703758,0.0,0.0,6.0,3.0,6.0,3.0,0.8855792272956099,1.0
31.0,0.5,-0.2767990940701268,0.06385551331133099,0.06518647044946696,-0.0004118059591583829,0.0002869553608745246,0.20442743955205192,-0.048808384390397586,4.9376341664808573e-20,0.11822657550882228,0.16707400416526086,0.0,0.0,2.0,0.0,0.128783553156101,1.0,5.027421564929559e-29,0.06623158712859403,0.6432056004839528,0.0,0.0,6.0,3.0,6.0,3.0,0.9072204278745559,1.0
31.0,0.55,-0.2767990940701268,0.06385551331133099,0.06518647044946696,-0.0004118059591583829,0.0002869553608745246,0.20442743955205192,-0.048808384390397586,1.8070314475461316e-19,0.12479352729926359,0.1763542097879584,0.0,0.0,2.0,0.0,0.13593689732883085,1.0,6.97677360876385e-29,0.06714206862668376,0.6520477077638417,0.0,0.0,6.0,3.0,6.0,3.0,0.9196919305227564,1.0
31.0,0.6,-0.2767990940701268,0.06385551331133099,0.06518647044946696,-0.0004118059591583829,0.0002869553608745246,0.20442743955205192,-0.048808384390397586,1.617215093337352e-18,0.13672580217100577,0.19321651788613836,0.0,0.0,3.0,1.0,0.1489346581842449,1.0,9.296588078882903e-29,0.06794996814955229,0.659893593998282,0.0,0.0,6.0,3.0,6.0,3.0,0.9307582960228531,1.0
31.0,0.65,-0.2767990940701268,0.06385551331133099,0.06518647044946696,-0.0004118059591583829,0.0002869553608745246,0.20442743955205192,-0.048808384390397586,3.281544170355499e-16,0.17060368839939416,0.2410916600060218,0.0,0.0,4.0,1.0,0.1858376518058814,1.0,1.1994996219409788e-28,0.06867533387197967,0.6669379562926432,0.0,0.0,6.0,3.0,6.0,3.0,0.9406941382636309,1.0
31.0,0.7,-0.2767990940701268,0.06385551331133099,0.06518647044946696,-0.0004118059591583829,0.0002869553608745246,0.20442743955205192,-0.048808384390397586,2.971178186178658e-15,0.18700670783124962,0.2642718809088608,0.0,0.0,4.0,1.0,0.20370536992113106,1.0,2.378595417802804e-28,0.07066252173743613,0.6862364575016462,0.0,0.0,6.0,3.0,6.0,3.0,0.9679140419942526,1.0
31.0,0.75,-0.2767990940701268,0.06385551331133099,0.06518647044946696,-0.0004118059591583829,0.0002869553608745246,0.20442743955205192,-0.048808384390397586,8.024224081095685e-15,0.1949105211294349,0.2754412963319094,0.0,0.0,4.0,1.0,0.21231494992158362,1.0,3.6375814970787267e-28,0.07192440952379586,0.6984912339090571,0.0,0.0,6.0,3.0,6.0,3.0,0.9851990026467611,1.0
31.0,0.8,-0.2767990940701268,0.06385551331133099,0.06518647044946696,-0.0004118059591583829,0.0002869553608745246,0.20442743955205192,-0.048808384390397586,2.641284448365703e-13,0.22545547586046896,0.31860644656989173,0.0,0.0,5.0,2.0,0.2455873997436735,1.0,7.6543581145823915e-28,0.07418885020945966,0.720482265592395,0.0,1.0,6.0,3.0,6.0,3.0,1.0162166324033264,1.0
31.0,0.85,-0.2767990940701268,0.06385551331133099,0.06518647044946696,-0.0004118059591583829,0.0002869553608745246,0.20442743955205192,-0.048808384390397586,4.6886928519007324e-11,0.27975572316919456,0.3953418142821683,0.0,0.0,5.0,2.0,0.3047363580517052,1.0,1.2637779303186343e-27,0.07575513153564181,0.7356931485654661,0.0,1.0,6.0,3.0,6.0,3.0,1.037671084523763,1.0
31.0,0.9,-0.2767990940701268,0.06385551331133099,0.06518647044946696,-0.0004118059591583829,0.0002869553608745246,0.20442743955205192,-0.048808384390397586,5.477260569269113e-10,0.309926442146418,0.4379781065571941,0.0,0.0,5.0,2.0,0.3376011549422411,1.0,3.1848296375430143e-27,0.07872953745272665,0.7645789812462839,0.0,1.0,6.0,3.0,6.0,3.0,1.0784136052115287,1.0
31.0,0.95,-0.2767990940701268,0.06385551331133099,0.06518647044946696,-0.0004118059591583829,0.0002869553608745246,0.20442743955205192,-0.048808384390397586,5.234462969861525e-9,0.3404903656275821,0.48117006282440133,0.0,0.0,5.0,2.0,0.3708942673186693,1.0,1.0100533994173601e-26,0.08260825632259011,0.8022470156081222,1.0,1.0,6.0,3.0,6.0,3.0,1.1315431336628174,1.0
32.0,0.4,-0.9474107662528859,0.0831865937803612,0.08112571038996425,0.0007487142602182173,0.0007624606257078828,0.11906646274614019,-0.2617194484909857,1.1040625540040206e-22,0.09151447233216424,0.1274181288760156,0.0,0.0,2.0,0.0,0.09280252621348012,0.0,1.7194976524563202e-28,0.0691515836562872,0.6633837813213324,0.0,0.0,4.0,2.0,6.0,3.0,0.8776703809952707,1.0
32.0,0.45,-0.9474107662528859,0.0831865937803612,0.08112571038996425,0.0007487142602182173,0.0007624606257078828,0.11906646274614019,-0.2617194484909857,4.8950228060852216e-21,0.10717779630839125,0.1492266077118622,0.0,0.0,2.0,0.0,0.10868630936657542,0.0,2.723846992977327e-28,0.07048981062502314,0.6762216372292864,0.0,0.0,4.0,2.0,6.0,3.0,0.8946551282911029,1.0
32.0,0.5,-0.9474107662528859,0.0831865937803612,0.08112571038996425,0.0007487142602182173,0.0007624606257078828,0.11906646274614019,-0.2617194484909857,4.027450524323119e-19,0.12879765881871602,0.1793285397606372,0.0,0.0,2.0,0.0,0.13061046853195674,0.0,4.048054620128925e-28,0.07166311185763279,0.6874773304059789,0.0,0.0,4.0,2.0,6.0,3.0,0.9095466417662692,1.0
32.0,0.55,-0.9474107662528859,0.0831865937803612,0.08112571038996425,0.0007487142602182173,0.0007624606257078828,0.11906646274614019,-0.2617194484909857,4.315448181910584e-18,0.14217539909269514,0.1979547372446021,0.0,0.0,2.0,0.0,0.14417649869980742,0.0,5.5144288954825615e-28,0.07259213788645831,0.6963896469049254,0.0,0.0,4.0,2.0,6.0,3.0,0.9213378197200033,1.0
32.0,0.6,-0.9474107662528859,0.0831865937803612,0.08112571038996425,0.0007487142602182173,0.0007624606257078828,0.11906646274614019,-0.2617194484909857,9.167315856348542e-17,0.16148237743489283,0.2248363767483897,0.0,0.0,2.0,0.0,0.16375522016368188,0.0,6.984027523028633e-28,0.07331026879944325,0.7032788080108748,0.0,0.0,4.0,2.0,6.0,3.0,0.9304523214953607,1.0
32.0,0.65,-0.9474107662528859,0.0831865937803612,0.08112571038996425,0.0007487142602182173,0.0007624606257078828,0.11906646274614019,-0.2617194484909857,4.628674525331331e-15,0.19014828091004166,0.2647487063533345,0.0,0.0,4.0,1.0,0.19282459237215385,0.0,1.0106446744300343e-27,0.0744478227956823,0.714191571415298,0.0,0.0,4.0,2.0,6.0,3.0,0.9448901318316252,1.0
32.0,0.7,-0.9474107662528859,0.0831865937803612,0.08112571038996425,0.0007487142602182173,0.0007624606257078828,0.11906646274614019,-0.2617194484909857,5.71094298043903e-14,0.21113547157584758,0.2939697519087848,0.0,0.0,4.0,1.0,0.2141071749219548,0.0,1.4346042868084027e-27,0.07554242164930582,0.7246922582854065,0.0,1.0,4.0,2.0,6.0,3.0,0.9587827564412337,1.0
32.0,0.75,-0.9474107662528859,0.0831865937803612,0.08112571038996425,0.0007487142602182173,0.0007624606257078828,0.11906646274614019,-0.2617194484909857,1.1649085125353867e-12,0.23940168475887325,0.3333255816743665,0.0,0.0,4.0,1.0,0.24277123125123543,0.0,2.0774738282089834e-27,0.07671690010773212,0.7359592448045279,0.0,1.0,4.0,2.0,6.0,3.0,0.9736892112406106,1.0
32.0,0.8,-0.9474107662528859,0.0831865937803612,0.08112571038996425,0.0007487142602182173,0.0007624606257078828,0.11906646274614019,-0.2617194484909857,1.2168149500041385e-11,0.26398711650154216,0.3675565577203143,0.0,0.0,5.0,2.0,0.2677026996367758,0.0,3.0703418903814185e-27,0.07797580106176917,0.7480361117545187,0.0,1.0,4.0,2.0,6.0,3.0,0.9896671545001144,1.0
32.0,0.85,-0.9474107662528859,0.0831865937803612,0.08112571038996425,0.0007487142602182173,0.0007624606257078828,0.11906646274614019,-0.2617194484909857,4.1594646567117544e-11,0.2778592995156883,0.38687118149558486,0.0,0.0,5.0,2.0,0.28177013175981525,0.0,5.4691282308072454e-27,0.07987428533496309,0.7662486183861865,0.0,1.0,4.0,2.0,6.0,3.0,1.0137626751992432,1.0
32.0,0.9,-0.9474107662528859,0.0831865937803612,0.08112571038996425,0.0007487142602182173,0.0007624606257078828,0.11906646274614019,-0.2617194484909857,3.1611859067634086e-9,0.3328067515680705,0.4633760374882736,0.0,0.0,5.0,2.0,0.33749096180456134,0.0,9.304608853095598e-27,0.08166252785648408,0.7834035557444189,1.0,1.0,4.0,2.0,6.0,3.0,1.0364590100073698,1.0
32.0,0.95,-0.9474107662528859,0.0831865937803612,0.08112571038996425,0.0007487142602182173,0.0007624606257078828,0.11906646274614019,-0.2617194484909857,4.1799743045994864e-7,0.4079252707161437,0.5679656276357611,0.0,0.0,5.0,2.0,0.4136667639995847,0.0,3.038341815973481e-26,0.08579005058787958,0.8229996357221762,1.0,1.0,6.0,3.0,6.0,3.0,1.0888454378618126,1.0
33.0,0.4,-0.03647619012347425,-0.009045639533913075,-0.008025341100553973,-0.0010600797296703305,-0.001153558449670579,0.30312465131074107,-0.017508624108193982,1.3745057275238822e-20,0.11246398595024755,0.15302955734928833,0.0,0.0,5.0,2.0,0.11218201137286085,1.0,3.0889968400765424e-28,0.0702103711556398,0.71429607079221,0.0,0.0,6.0,3.0,6.0,3.0,0.9936953032204014,1.0
33.0,0.45,-0.03647619012347425,-0.009045639533913075,-0.008025341100553973,-0.0010600797296703305,-0.001153558449670579,0.30312465131074107,-0.017508624108193982,1.5110480630590902e-18,0.1367919771979167,0.18613261430011643,0.0,0.0,5.0,2.0,0.13644900642701288,1.0,5.4068718233143255e-28,0.0718673494085017,0.731153595342019,0.0,1.0,6.0,3.0,6.0,3.0,1.017146703352688,1.0
33.0,0.5,-0.03647619012347425,-0.009045639533913075,-0.008025341100553973,-0.0010600797296703305,-0.001153558449670579,0.30312465131074107,-0.017508624108193982,5.697850743074549e-18,0.14457015938838674,0.19671637378127438,0.0,0.0,5.0,2.0,0.14420768682215296,1.0,8.950699351690055e-28,0.07339270844020172,0.7466720713870387,0.0,1.0,6.0,3.0,6.0,3.0,1.038735281800238,1.0
33.0,0.55,-0.03647619012347425,-0.009045639533913075,-0.008025341100553973,-0.0010600797296703305,-0.001153558449670579,0.30312465131074107,-0.017508624108193982,1.1866035197701581e-16,0.16406657046012316,0.2232451076777189,0.0,0.0,5.0,2.0,0.16365521564748794,1.0,1.2428075753187714e-27,0.07440332943999788,0.7569537804470043,0.0,1.0,6.0,3.0,6.0,3.0,1.053038714815955,1.0
33.0,0.6,-0.03647619012347425,-0.009045639533913075,-0.008025341100553973,-0.0010600797296703305,-0.001153558449670579,0.30312465131074107,-0.017508624108193982,9.707184712234309e-14,0.21696328736480464,0.29522158178859587,0.0,0.0,5.0,2.0,0.21641930761212025,1.0,1.905174717252174e-27,0.07573956821766858,0.7705482123353433,0.0,1.0,6.0,3.0,6.0,3.0,1.0719506529740497,1.0
33.0,0.65,-0.03647619012347425,-0.009045639533913075,-0.008025341100553973,-0.0010600797296703305,-0.001153558449670579,0.30312465131074107,-0.017508624108193982,7.53205824331991e-13,0.2362991185085258,0.32153181484589854,0.0,0.0,5.0,2.0,0.2357066591223916,1.0,3.521483112901476e-27,0.07770323647288307,0.7905258950615861,0.0,1.0,6.0,3.0,6.0,3.0,1.0997426713065566,1.0
33.0,0.7,-0.03647619012347425,-0.009045639533913075,-0.008025341100553973,-0.0010600797296703305,-0.001153558449670579,0.30312465131074107,-0.017508624108193982,4.415732013479238e-12,0.2543699540298249,0.3461207704781448,0.0,0.0,5.0,2.0,0.2537321866620636,1.0,5.670544879622458e-27,0.07926106573928128,0.806374712061665,0.0,1.0,6.0,3.0,6.0,3.0,1.1217908046486755,1.0
33.0,0.75,-0.03647619012347425,-0.009045639533913075,-0.008025341100553973,-0.0010600797296703305,-0.001153558449670579,0.30312465131074107,-0.017508624108193982,3.20708961945842e-11,0.27627737923742196,0.3759301672717487,0.0,0.0,5.0,2.0,0.2755846846241754,1.0,1.1408367746886039e-26,0.08160370068088663,0.8302078709888534,0.0,1.0,6.0,3.0,6.0,3.0,1.1549463812439467,1.0
33.0,0.8,-0.03647619012347425,-0.009045639533913075,-0.008025341100553973,-0.0010600797296703305,-0.001153558449670579,0.30312465131074107,-0.017508624108193982,1.7098291207645143e-10,0.2962309251243104,0.4030809237456484,0.0,0.0,5.0,2.0,0.29548820211645127,1.0,1.4726829917851404e-26,0.08247647557016227,0.8390871813219909,0.0,1.0,6.0,3.0,6.0,3.0,1.1672988627073952,1.0
33.0,0.85,-0.03647619012347425,-0.009045639533913075,-0.008025341100553973,-0.0010600797296703305,-0.001153558449670579,0.30312465131074107,-0.017508624108193982,3.4370735227543836e-9,0.33568497234851497,0.45676597973351746,0.0,0.0,5.0,2.0,0.33484332844435083,1.0,3.1522125881789253e-26,0.08513363693708534,0.8661202234867529,0.0,1.0,6.0,3.0,6.0,3.0,1.2049059672811193,1.0
33.0,0.9,-0.03647619012347425,-0.009045639533913075,-0.008025341100553973,-0.0010600797296703305,-0.001153558449670579,0.30312465131074107,-0.017508624108193982,8.334229630558293e-8,0.3833776222963537,0.5216612886509964,0.0,0.0,5.0,2.0,0.3824164013142489,1.0,4.838829835067589e-26,0.08666752394025592,0.8817254601685985,0.0,1.0,6.0,3.0,6.0,3.0,1.2266152430709112,1.0
33.0,0.95,-0.03647619012347425,-0.009045639533913075,-0.008025341100553973,-0.0010600797296703305,-0.001153558449670579,0.30312465131074107,-0.017508624108193982,1.6840786582312286e-5,0.4782876101755717,0.6508051502211196,0.0,0.0,5.0,2.0,0.4770884267604632,1.0,1.9419434071666302e-25,0.09183369628556305,0.9342843136050517,1.0,1.0,6.0,3.0,6.0,3.0,1.2997326630568964,1.0
34.0,0.4,-0.4357113405169468,0.17695200104923745,0.17449239983153586,-0.0006635368263988949,0.001357021509725598,0.20940127238497466,-0.02890851361795832,3.82976890816924e-21,0.11499717522709717,0.15906293469105867,0.0,0.0,2.0,0.0,0.13491529624169418,1.0,4.1423014932447494e-29,0.07054056774195983,0.7706145746106324,0.0,0.0,4.0,2.0,6.0,3.0,1.0957949106669769,1.0
34.0,0.45,-0.4357113405169468,0.17695200104923745,0.17449239983153586,-0.0006635368263988949,0.001357021509725598,0.20940127238497466,-0.02890851361795832,9.747036236117832e-20,0.1316006415197422,0.18202868206125913,0.0,0.0,2.0,0.0,0.15439457100724818,1.0,7.204683947858528e-29,0.0721862534375891,0.7885927313348485,0.0,0.0,4.0,2.0,6.0,3.0,1.1213594059291172,1.0
34.0,0.5,-0.4357113405169468,0.17695200104923745,0.17449239983153586,-0.0006635368263988949,0.001357021509725598,0.20940127238497466,-0.02890851361795832,4.32533819065963e-19,0.1400304501997264,0.19368870853473116,0.0,0.0,2.0,0.0,0.1642844672857864,1.0,1.071795843921678e-28,0.07339084406720152,0.8017521816388837,0.0,0.0,4.0,2.0,6.0,3.0,1.1400718195603055,1.0
34.0,0.55,-0.4357113405169468,0.17695200104923745,0.17449239983153586,-0.0006635368263988949,0.001357021509725598,0.20940127238497466,-0.02890851361795832,1.9931020939137952e-18,0.1492343207565657,0.20641940960105198,0.0,0.0,2.0,0.0,0.17508249706603082,1.0,1.6695590300184088e-28,0.07475879406188271,0.8166962377612559,0.0,0.0,4.0,2.0,6.0,3.0,1.1613218986311453,1.0
34.0,0.6,-0.4357113405169468,0.17695200104923745,0.17449239983153586,-0.0006635368263988949,0.001357021509725598,0.20940127238497466,-0.02890851361795832,5.174112954788176e-18,0.1552857050444797,0.21478962340741808,0.0,0.0,2.0,0.0,0.18218201322600575,1.0,2.366629768522475e-28,0.07585356145499429,0.8286559332378554,0.0,0.0,4.0,2.0,6.0,3.0,1.1783282905009151,1.0
34.0,0.65,-0.4357113405169468,0.17695200104923745,0.17449239983153586,-0.0006635368263988949,0.001357021509725598,0.20940127238497466,-0.02890851361795832,3.9496821490689474e-17,0.1690097418103307,0.23377257285355257,0.0,0.0,2.0,0.0,0.19828312599021217,1.0,3.8020629185430608e-28,0.07736680884187216,0.8451872786557901,0.0,0.0,4.0,2.0,6.0,3.0,1.2018354557846802,1.0
34.0,0.7,-0.4357113405169468,0.17695200104923745,0.17449239983153586,-0.0006635368263988949,0.001357021509725598,0.20940127238497466,-0.02890851361795832,2.650048355668206e-15,0.20138350274266806,0.2785516329540735,0.0,0.0,2.0,0.0,0.23626419411661342,1.0,6.9912952913296425e-28,0.0793555150838822,0.8669127348545281,0.0,0.0,4.0,2.0,6.0,3.0,1.2327285184373358,1.0
34.0,0.75,-0.4357113405169468,0.17695200104923745,0.17449239983153586,-0.0006635368263988949,0.001357021509725598,0.20940127238497466,-0.02890851361795832,4.0260966872714024e-14,0.22555813265891886,0.31198973760277826,0.0,0.0,2.0,0.0,0.26462599822391786,1.0,1.0133109538922597e-27,0.0805922276750689,0.8804230988603746,0.0,0.0,4.0,2.0,6.0,3.0,1.2519399226939252,1.0
34.0,0.8,-0.4357113405169468,0.17695200104923745,0.17449239983153586,-0.0006635368263988949,0.001357021509725598,0.20940127238497466,-0.02890851361795832,1.934875153957444e-12,0.26505267298299645,0.36661818804789725,0.0,0.0,2.0,0.0,0.3109612025211528,1.0,1.4861903172035403e-27,0.08188863793516057,0.8945856250928812,0.0,0.0,4.0,2.0,6.0,3.0,1.2720786855451338,1.0
34.0,0.85,-0.4357113405169468,0.17695200104923745,0.17449239983153586,-0.0006635368263988949,0.001357021509725598,0.20940127238497466,-0.02890851361795832,5.671283417277762e-10,0.33583429095258077,0.464522609214675,0.0,0.0,4.0,1.0,0.39400257234588487,1.0,3.424144115587585e-27,0.08478653382346979,0.9262434480835365,0.0,1.0,4.0,2.0,6.0,3.0,1.3170953287009997,1.0
34.0,0.9,-0.4357113405169468,0.17695200104923745,0.17449239983153586,-0.0006635368263988949,0.001357021509725598,0.20940127238497466,-0.02890851361795832,7.01767822707081e-9,0.3729463627657226,0.5158556532081998,0.0,0.0,5.0,2.0,0.4375426519428422,1.0,6.071461011692827e-27,0.08683425784046193,0.9486136390642328,0.0,1.0,4.0,2.0,6.0,3.0,1.3489051883051753,1.0
34.0,0.95,-0.4357113405169468,0.17695200104923745,0.17449239983153586,-0.0006635368263988949,0.001357021509725598,0.20940127238497466,-0.02890851361795832,2.7289479451881883e-7,0.4343983006572882,0.6008553548459304,0.0,0.0,5.0,2.0,0.5096383915894381,1.0,2.4904164826953139e-26,0.09209411503097821,1.006074512163661,0.0,1.0,4.0,2.0,6.0,3.0,1.4306131320417028,1.0
35.0,0.4,-0.10954869330965211,0.09998158018609166,0.09760084437947569,-0.0006263093445996553,0.0013978164677530137,0.15852417759281712,0.028551331816433212,1.0912396990931027e-20,0.12125711514374381,0.17020184485411916,0.0,0.0,3.0,1.0,0.14448301548251513,1.0,1.1497740077993473e-28,0.07328878400762406,0.7794875019383596,1.0,1.0,4.0,2.0,6.0,3.0,1.127840066581103,1.0
35.0,0.45,-0.10954869330965211,0.09998158018609166,0.09760084437947569,-0.0006263093445996553,0.0013978164677530137,0.15852417759281712,0.028551331816433212,1.4017962848655194e-19,0.13486702039044246,0.18930530924490444,0.0,0.0,3.0,1.0,0.16069979705564807,1.0,1.684221354068495e-28,0.07446381703091685,0.791984960702668,1.0,1.0,4.0,2.0,6.0,3.0,1.1459226332544385,1.0
35.0,0.5,-0.10954869330965211,0.09998158018609166,0.09760084437947569,-0.0006263093445996553,0.0013978164677530137,0.15852417759281712,0.028551331816433212,3.4458503118696395e-19,0.14001715276206034,0.19653426261273907,0.0,0.0,3.0,1.0,0.16683639905465958,1.0,2.4717855724097827e-28,0.07566367747753158,0.8047464798746746,1.0,1.0,4.0,2.0,6.0,3.0,1.164387268796177,1.0
35.0,0.55,-0.10954869330965211,0.09998158018609166,0.09760084437947569,-0.0006263093445996553,0.0013978164677530137,0.15852417759281712,0.028551331816433212,3.8862669383127626e-18,0.1548903702490654,0.2174109678865196,0.0,0.0,5.0,2.0,0.1845584709504187,1.0,3.887354698611811e-28,0.07710471202451191,0.820073087273642,1.0,1.0,4.0,2.0,6.0,3.0,1.1865633291772972,1.0
35.0,0.6,-0.10954869330965211,0.09998158018609166,0.09760084437947569,-0.0006263093445996553,0.0013978164677530137,0.15852417759281712,0.028551331816433212,1.0903725758737398e-16,0.17797520973516326,0.24981386864856853,0.0,0.0,5.0,2.0,0.21206504008598948,1.0,4.768775131361332e-28,0.07776406374350996,0.8270858441545189,1.0,1.0,4.0,2.0,6.0,3.0,1.1967100835098265,1.0
35.0,0.65,-0.10954869330965211,0.09998158018609166,0.09760084437947569,-0.0006263093445996553,0.0013978164677530137,0.15852417759281712,0.028551331816433212,7.003987078647495e-15,0.21168168347842836,0.29712576459652884,0.0,0.0,5.0,2.0,0.25222773867844744,1.0,7.712083706666043e-28,0.07933731245564292,0.843818659757254,1.0,1.0,4.0,2.0,6.0,3.0,1.22092078581942,1.0
35.0,0.7,-0.10954869330965211,0.09998158018609166,0.09760084437947569,-0.0006263093445996553,0.0013978164677530137,0.15852417759281712,0.028551331816433212,7.054791136841835e-14,0.23306697087482034,0.3271430989466546,0.0,0.0,5.0,2.0,0.27770921913696023,1.0,1.0906330796591574e-27,0.08049123794498379,0.8560916222478822,1.0,1.0,4.0,2.0,6.0,3.0,1.2386785289495619,1.0
35.0,0.75,-0.10954869330965211,0.09998158018609166,0.09760084437947569,-0.0006263093445996553,0.0013978164677530137,0.15852417759281712,0.028551331816433212,1.5284888428870875e-12,0.2649342785148231,0.3718734600840817,0.0,0.0,5.0,2.0,0.3156804730108336,1.0,1.8217808774754527e-27,0.08223045024761297,0.8745895994141542,1.0,1.0,4.0,2.0,6.0,3.0,1.26544324261969,1.0
35.0,0.8,-0.10954869330965211,0.09998158018609166,0.09760084437947569,-0.0006263093445996553,0.0013978164677530137,0.15852417759281712,0.028551331816433212,1.5084119642655004e-11,0.29145100491344555,0.40909350896275826,0.0,0.0,5.0,2.0,0.3472762815228214,1.0,3.2213326730026632e-27,0.08420673169853064,0.8956090052094896,1.0,1.0,4.0,2.0,6.0,3.0,1.2958562100794062,1.0
35.0,0.85,-0.10954869330965211,0.09998158018609166,0.09760084437947569,-0.0006263093445996553,0.0013978164677530137,0.15852417759281712,0.028551331816433212,1.2274891916506704e-10,0.3180555377557998,0.44643680684579645,0.0,0.0,5.0,2.0,0.3789767151510684,1.0,5.2406382347830906e-27,0.08593162079577829,0.9139546431094774,1.0,1.0,4.0,2.0,6.0,3.0,1.3224005041433162,1.0
35.0,0.9,-0.10954869330965211,0.09998158018609166,0.09760084437947569,-0.0006263093445996553,0.0013978164677530137,0.15852417759281712,0.028551331816433212,3.059540687875425e-9,0.3636605864796927,0.5104500684038259,1.0,1.0,6.0,3.0,0.4333170724409807,1.0,1.2824034648746445e-26,0.08919620100368915,0.9486761834597325,1.0,1.0,4.0,2.0,6.0,3.0,1.3726390830596558,1.0
35.0,0.95,-0.10954869330965211,0.09998158018609166,0.09760084437947569,-0.0006263093445996553,0.0013978164677530137,0.15852417759281712,0.028551331816433212,3.813267049495073e-7,0.44464622470975235,0.6241250887694708,1.0,1.0,6.0,3.0,0.5298149085340141,1.0,3.8243840812469693e-26,0.09335094635108648,0.9928653744237395,1.0,1.0,4.0,2.0,6.0,3.0,1.4365764007909565,1.0
36.0,0.4,-0.23357317365959185,0.08635271724484428,0.08741546786019877,-2.093836403897417e-5,0.0001572070531621881,0.1658890187941338,-0.019580412646397982,1.4083136275120733e-21,0.10326453348190232,0.14461711849779968,0.0,0.0,2.0,0.0,0.11736279375464585,1.0,3.351272791363988e-30,0.06132768810349656,0.5891334818883782,0.0,0.0,4.0,2.0,6.0,3.0,0.88652332544337,1.0
36.0,0.45,-0.23357317365959185,0.08635271724484428,0.08741546786019877,-2.093836403897417e-5,0.0001572070531621881,0.1658890187941338,-0.019580412646397982,1.3993214132650085e-19,0.12507445182238822,0.17516088254459267,0.0,0.0,2.0,0.0,0.14215032594689375,1.0,4.834243407671099e-30,0.06227110042333453,0.5981962038338814,0.0,0.0,4.0,2.0,6.0,3.0,0.90016083654008,1.0
36.0,0.5,-0.23357317365959185,0.08635271724484428,0.08741546786019877,-2.093836403897417e-5,0.0001572070531621881,0.1658890187941338,-0.019580412646397982,5.860769202319154e-19,0.1327659851171544,0.18593251288478022,0.0,0.0,2.0,0.0,0.15089195102661038,1.0,6.813773504115727e-30,0.06316803096805082,0.6068124069088938,0.0,0.0,4.0,2.0,6.0,3.0,0.9131264296316005,1.0
36.0,0.55,-0.23357317365959185,0.08635271724484428,0.08741546786019877,-2.093836403897417e-5,0.0001572070531621881,0.1658890187941338,-0.019580412646397982,5.210128531635715e-18,0.14541997467734066,0.2036538296427365,0.0,0.0,2.0,0.0,0.1652735350695563,1.0,1.0058560367285126e-29,0.06420150050962095,0.616740247469642,0.0,0.0,4.0,2.0,6.0,3.0,0.9280657642628194,1.0
36.0,0.6,-0.23357317365959185,0.08635271724484428,0.08741546786019877,-2.093836403897417e-5,0.0001572070531621881,0.1658890187941338,-0.019580412646397982,5.46609073058315e-16,0.17653273428304272,0.24722578499834683,0.0,0.0,3.0,1.0,0.20063398522238474,1.0,1.4624576968301406e-29,0.06521056910174967,0.62643368466789,0.0,0.0,4.0,2.0,6.0,3.0,0.9426523705993374,1.0
36.0,0.65,-0.23357317365959185,0.08635271724484428,0.08741546786019877,-2.093836403897417e-5,0.0001572070531621881,0.1658890187941338,-0.019580412646397982,2.1427540602865052e-15,0.18687271417180473,0.2617064401315057,0.0,0.0,5.0,2.0,0.21238563785852088,1.0,2.335954590088995e-29,0.06649549176661382,0.6387770647449476,0.0,0.0,4.0,2.0,6.0,3.0,0.9612265896677379,1.0
36.0,0.7,-0.23357317365959185,0.08635271724484428,0.08741546786019877,-2.093836403897417e-5,0.0001572070531621881,0.1658890187941338,-0.019580412646397982,4.264228588776358e-15,0.1923086118642842,0.26931915898306547,0.0,0.0,5.0,2.0,0.21856367515983324,1.0,3.105683850371477e-29,0.06728930936008339,0.646402731671047,0.0,1.0,4.0,2.0,6.0,3.0,0.9727016319287546,1.0
36.0,0.75,-0.23357317365959185,0.08635271724484428,0.08741546786019877,-2.093836403897417e-5,0.0001572070531621881,0.1658890187941338,-0.019580412646397982,4.502369583911196e-14,0.2121527964494081,0.2971100054322196,0.0,0.0,5.0,2.0,0.24111710046631746,1.0,5.143323176625321e-29,0.06871865931530699,0.6601335267164561,0.0,1.0,4.0,2.0,6.0,3.0,0.9933636218832552,1.0
36.0,0.8,-0.23357317365959185,0.08635271724484428,0.08741546786019877,-2.093836403897417e-5,0.0001572070531621881,0.1658890187941338,-0.019580412646397982,1.3209465131523393e-12,0.2442262069276926,0.3420273071172123,0.0,0.0,5.0,2.0,0.2775693550018081,1.0,6.268041538078042e-29,0.06928725353644531,0.6655956255439145,0.0,1.0,4.0,2.0,6.0,3.0,1.001582944269919,1.0
36.0,0.85,-0.23357317365959185,0.08635271724484428,0.08741546786019877,-2.093836403897417e-5,0.0001572070531621881,0.1658890187941338,-0.019580412646397982,1.1803712244222447e-11,0.26756100713538605,0.37470659644310556,0.0,0.0,5.0,2.0,0.30408995458948124,1.0,8.942417848112782e-29,0.07032074702479002,0.6755236961450751,0.0,1.0,4.0,2.0,6.0,3.0,1.016522625064102,1.0
36.0,0.9,-0.23357317365959185,0.08635271724484428,0.08741546786019877,-2.093836403897417e-5,0.0001572070531621881,0.1658890187941338,-0.019580412646397982,2.992224814965518e-10,0.30614121793527754,0.4287363657045511,0.0,0.0,5.0,2.0,0.3479373547611187,1.0,1.8845226140194844e-28,0.07253922456869034,0.6968351044232336,0.0,1.0,4.0,2.0,6.0,3.0,1.0485918608442104,1.0
36.0,0.95,-0.23357317365959185,0.08635271724484428,0.08741546786019877,-2.093836403897417e-5,0.0001572070531621881,0.1658890187941338,-0.019580412646397982,9.613036504056781e-9,0.35375933141222676,0.4954232922527112,1.0,1.0,6.0,3.0,0.4020565633852486,1.0,4.125957926285213e-28,0.07494679268561359,0.7199629775172393,1.0,1.0,6.0,3.0,6.0,3.0,1.083394498270298,1.0
37.0,0.4,-0.3510099452613835,0.16683477086115145,0.1553358445821667,-0.0002777061264703018,3.1396911872131144e-5,-0.10769311084760153,-0.013445752032349989,6.552690481820824e-19,0.14534170320805329,0.20356572314097612,0.0,0.0,2.0,0.0,0.15975421645070753,1.0,4.233088704467708e-26,0.14130317695529726,0.9986137537890873,1.0,1.0,6.0,3.0,6.0,3.0,1.254856142144532,1.0
37.0,0.45,-0.3510099452613835,0.16683477086115145,0.1553358445821667,-0.0002777061264703018,3.1396911872131144e-5,-0.10769311084760153,-0.013445752032349989,7.178159177017073e-17,0.17675564995783785,0.24756412584083992,0.0,0.0,2.0,0.0,0.19428326308952534,1.0,6.507382020704118e-26,0.14385770641877624,1.0166670510443683,1.0,1.0,6.0,3.0,6.0,3.0,1.277541881110966,1.0
37.0,0.5,-0.3510099452613835,0.16683477086115145,0.1553358445821667,-0.0002777061264703018,3.1396911872131144e-5,-0.10769311084760153,-0.013445752032349989,3.10699715217074e-16,0.1878827732294293,0.2631487849253551,0.0,0.0,3.0,0.0,0.2065137848211919,1.0,9.520788364919145e-26,0.14615687225275498,1.032915649791582,1.0,1.0,6.0,3.0,6.0,3.0,1.2979598393674168,1.0
37.0,0.55,-0.3510099452613835,0.16683477086115145,0.1553358445821667,-0.0002777061264703018,3.1396911872131144e-5,-0.10769311084760153,-0.013445752032349989,2.4886358485039045e-15,0.20489804562396388,0.2869803910850537,0.0,0.0,4.0,1.0,0.22521634196126544,1.0,1.2674143932824413e-25,0.14790952613993585,1.045301955004836,1.0,1.0,6.0,3.0,6.0,3.0,1.3135244469209908,1.0
37.0,0.6,-0.3510099452613835,0.16683477086115145,0.1553358445821667,-0.0002777061264703018,3.1396911872131144e-5,-0.10769311084760153,-0.013445752032349989,8.266724394645836e-14,0.2370982346662469,0.3320800054626653,0.0,0.0,4.0,1.0,0.26060959700418246,1.0,2.0934680244688046e-25,0.15103489561436817,1.067389476390346,1.0,1.0,6.0,3.0,6.0,3.0,1.341279584250303,1.0
37.0,0.65,-0.3510099452613835,0.16683477086115145,0.1553358445821667,-0.0002777061264703018,3.1396911872131144e-5,-0.10769311084760153,-0.013445752032349989,2.67423157561383e-13,0.2489847331185072,0.3487282461233981,0.0,0.0,4.0,1.0,0.2736747958058309,1.0,3.390981402679608e-25,0.1541007531395595,1.089056416637432,1.0,1.0,6.0,3.0,6.0,3.0,1.3685062201216502,1.0
37.0,0.7,-0.3510099452613835,0.16683477086115145,0.1553358445821667,-0.0002777061264703018,3.1396911872131144e-5,-0.10769311084760153,-0.013445752032349989,6.094968089317319e-12,0.28362634570602563,0.3972473205631215,0.0,0.0,5.0,2.0,0.31175157317499363,1.0,4.820534558258938e-25,0.1563760249645143,1.105136152330335,1.0,1.0,6.0,3.0,6.0,3.0,1.3887119853854857,1.0
37.0,0.75,-0.3510099452613835,0.16683477086115145,0.1553358445821667,-0.0002777061264703018,3.1396911872131144e-5,-0.10769311084760153,-0.013445752032349989,2.1976338353409886e-11,0.29919493131468133,0.41905269588042815,0.0,0.0,5.0,2.0,0.32886398578788467,1.0,5.654237824835011e-25,0.15741886939601485,1.112506112544947,1.0,1.0,6.0,3.0,6.0,3.0,1.3979730633624063,1.0
37.0,0.8,-0.3510099452613835,0.16683477086115145,0.1553358445821667,-0.0002777061264703018,3.1396911872131144e-5,-0.10769311084760153,-0.013445752032349989,1.0271681867658227e-10,0.31904932095392957,0.44686077226336907,0.0,0.0,5.0,2.0,0.3506871954373874,1.0,9.623540650905354e-25,0.16094598833823784,1.1374328662305218,1.0,1.0,6.0,3.0,6.0,3.0,1.429295974595485,1.0
37.0,0.85,-0.3510099452613835,0.16683477086115145,0.1553358445821667,-0.0002777061264703018,3.1396911872131144e-5,-0.10769311084760153,-0.013445752032349989,2.1264967825302792e-8,0.3984362005401051,0.5580501088003994,1.0,1.0,6.0,3.0,0.43794631284707947,1.0,1.5664521151344311e-24,0.16424648448595047,1.1607580378115996,1.0,1.0,6.0,3.0,6.0,3.0,1.458606340804674,1.0
37.0,0.9,-0.3510099452613835,0.16683477086115145,0.1553358445821667,-0.0002777061264703018,3.1396911872131144e-5,-0.10769311084760153,-0.013445752032349989,3.830384783596377e-7,0.4494429023996603,0.6294901423206699,1.0,1.0,6.0,3.0,0.4940109901520073,1.0,2.3395781287420537e-24,0.16701491901437554,1.1803230387982688,1.0,1.0,6.0,3.0,6.0,3.0,1.4831916838024348,1.0
37.0,0.95,-0.3510099452613835,0.16683477086115145,0.1553358445821667,-0.0002777061264703018,3.1396911872131144e-5,-0.10769311084760153,-0.013445752032349989,1.2463662582092424e-5,0.5196265461537892,0.7277894182898419,1.0,1.0,6.0,3.0,0.5711542516393627,1.0,5.0490450883206424e-24,0.17245465488173667,1.218766583884627,1.0,1.0,6.0,3.0,6.0,3.0,1.5314997693804504,1.0
38.0,0.4,0.03881555441350226,-0.046545034163845644,-0.04758030368234545,5.0264330386165075e-6,-0.000519012741290419,0.17430064948031415,-0.01878135098372946,4.602930757447426e-20,0.12583686121981988,0.16454713543064534,0.0,0.0,5.0,2.0,0.11793282085818477,1.0,3.8949932213227485e-27,0.07981097891058302,0.7884523501114182,1.0,1.0,6.0,3.0,6.0,3.0,0.9868623996163216,1.0
38.0,0.45,0.03881555441350226,-0.046545034163845644,-0.04758030368234545,5.0264330386165075e-6,-0.000519012741290419,0.17430064948031415,-0.01878135098372946,8.296859429579724e-18,0.15624381964107995,0.2043079643076217,0.0,0.0,5.0,2.0,0.14642986334299782,1.0,6.453022943470101e-27,0.08150764124583568,0.8052136707196293,1.0,1.0,6.0,3.0,6.0,3.0,1.0078416218531763,1.0
38.0,0.5,0.03881555441350226,-0.046545034163845644,-0.04758030368234545,5.0264330386165075e-6,-0.000519012741290419,0.17430064948031415,-0.01878135098372946,1.1655580163814262e-16,0.17442966804039037,0.22808819237811648,0.0,0.0,5.0,2.0,0.16347342578281004,1.0,9.686313770889482e-27,0.08289877832269175,0.8189567084889464,1.0,1.0,6.0,3.0,6.0,3.0,1.0250430256274559,1.0
38.0,0.55,0.03881555441350226,-0.046545034163845644,-0.04758030368234545,5.0264330386165075e-6,-0.000519012741290419,0.17430064948031415,-0.01878135098372946,2.4705372930715126e-15,0.19809845307854174,0.25903803282548854,0.0,0.0,5.0,2.0,0.18565553171565846,1.0,1.4894011904188256e-26,0.08439829611113747,0.8337704388863457,1.0,1.0,6.0,3.0,6.0,3.0,1.043584556418988,1.0
38.0,0.6,0.03881555441350226,-0.046545034163845644,-0.04758030368234545,5.0264330386165075e-6,-0.000519012741290419,0.17430064948031415,-0.01878135098372946,3.477603420268891e-14,0.2211743591370303,0.2892126112644564,0.0,0.0,5.0,2.0,0.20728199846757553,1.0,2.673582609354734e-26,0.0864809447132393,0.8543449163228793,1.0,1.0,6.0,3.0,6.0,3.0,1.0693364971304338,1.0
38.0,0.65,0.03881555441350226,-0.046545034163845644,-0.04758030368234545,5.0264330386165075e-6,-0.000519012741290419,0.17430064948031415,-0.01878135098372946,1.918722225851249e-13,0.2374872396891845,0.3105437040735043,0.0,0.0,5.0,2.0,0.22257023755101474,1.0,3.2218314807839125e-26,0.0871557027573815,0.8610108484154622,1.0,1.0,6.0,3.0,6.0,3.0,1.0776798773481937,1.0
38.0,0.7,0.03881555441350226,-0.046545034163845644,-0.04758030368234545,5.0264330386165075e-6,-0.000519012741290419,0.17430064948031415,-0.01878135098372946,1.7470193701526608e-11,0.2866006561228317,0.37476552196557483,0.0,0.0,5.0,2.0,0.2685987516593312,1.0,4.216494028394146e-26,0.08813826630212201,0.8707175898507781,1.0,1.0,6.0,3.0,6.0,3.0,1.0898292712132216,1.0
38.0,0.75,0.03881555441350226,-0.046545034163845644,-0.04758030368234545,5.0264330386165075e-6,-0.000519012741290419,0.17430064948031415,-0.01878135098372946,7.729248738031019e-11,0.30492087834605086,0.3987214602976473,0.0,0.0,5.0,2.0,0.28576824766065667,1.0,6.212181688213737e-26,0.08957291291956021,0.884890458202209,1.0,1.0,6.0,3.0,6.0,3.0,1.1075686702634797,1.0
38.0,0.8,0.03881555441350226,-0.046545034163845644,-0.04758030368234545,5.0264330386165075e-6,-0.000519012741290419,0.17430064948031415,-0.01878135098372946,1.3768096427617617e-10,0.3123449733230987,0.4084293753695614,0.0,0.0,5.0,2.0,0.29272602183330443,1.0,1.1686417188038556e-25,0.09196267227255155,0.9084988815518054,1.0,1.0,6.0,3.0,6.0,3.0,1.1371180340451315,1.0
38.0,0.85,0.03881555441350226,-0.046545034163845644,-0.04758030368234545,5.0264330386165075e-6,-0.000519012741290419,0.17430064948031415,-0.01878135098372946,1.122645922702368e-9,0.340885262235806,0.44574930483558123,1.0,1.0,6.0,3.0,0.3194736436903332,1.0,2.5784230626805357e-25,0.09504543927955705,0.9389535248189002,1.0,1.0,6.0,3.0,6.0,3.0,1.175236434389524,1.0
38.0,0.9,0.03881555441350226,-0.046545034163845644,-0.04758030368234545,5.0264330386165075e-6,-0.000519012741290419,0.17430064948031415,-0.01878135098372946,7.326971648768506e-7,0.44656700318457715,0.58394114760625,1.0,1.0,6.0,3.0,0.4185173237573427,1.0,5.801996195470033e-25,0.09831216305562947,0.9712254762918273,1.0,1.0,6.0,3.0,6.0,3.0,1.2156294593660786,1.0
38.0,0.95,0.03881555441350226,-0.046545034163845644,-0.04758030368234545,5.0264330386165075e-6,-0.000519012741290419,0.17430064948031415,-0.01878135098372946,1.0938659939475992e-5,0.4998100068385751,0.6535629074631215,1.0,1.0,6.0,3.0,0.46841603825968475,1.0,1.161107703759258e-24,0.101195502813489,0.9997099785405847,1.0,1.0,6.0,3.0,6.0,3.0,1.251281942660869,1.0
39.0,0.4,-0.7206890266616028,0.8582544105277765,0.11548242488863794,0.00014771752981545356,0.0003282008094007632,0.01620381742543242,-0.16324105896144225,5.2920426000226754e-21,0.13816651845521408,0.23095393618973425,0.0,0.0,3.0,1.0,0.12176247811960002,0.0,1.0094379803817603e-25,0.18777748479529816,1.3772161580269138,0.0,1.0,6.0,3.0,6.0,3.0,1.143900136607552,1.0
39.0,0.45,-0.7206890266616028,0.8582544105277765,0.11548242488863794,0.00014771752981545356,0.0003282008094007632,0.01620381742543242,-0.16324105896144225,1.6959922668278624e-19,0.15964102343003037,0.26684990800049907,0.0,0.0,3.0,1.0,0.14068738823067653,0.0,2.0562018314715886e-25,0.1934273751615939,1.418654141457278,1.0,1.0,6.0,3.0,6.0,3.0,1.1783180561407094,1.0
39.0,0.5,-0.7206890266616028,0.8582544105277765,0.11548242488863794,0.00014771752981545356,0.0003282008094007632,0.01620381742543242,-0.16324105896144225,1.7126662876643477e-18,0.17578758780464707,0.29383989544429084,0.0,0.0,3.0,1.0,0.15491692598955303,0.0,3.121716020409332e-25,0.19682182627327552,1.4435500597498072,1.0,1.0,6.0,3.0,6.0,3.0,1.1989963237966703,1.0
39.0,0.55,-0.7206890266616028,0.8582544105277765,0.11548242488863794,0.00014771752981545356,0.0003282008094007632,0.01620381742543242,-0.16324105896144225,3.218265030223227e-17,0.19864123991368302,0.3320411975390784,0.0,0.0,3.0,1.0,0.17505724179103604,0.0,5.201178732658856e-25,0.20105325406868607,1.4745846150252515,1.0,1.0,6.0,3.0,6.0,3.0,1.224773273778143,1.0
39.0,0.6,-0.7206890266616028,0.8582544105277765,0.11548242488863794,0.00014771752981545356,0.0003282008094007632,0.01620381742543242,-0.16324105896144225,5.167581151053223e-16,0.22300031672839876,0.372758910739113,0.0,0.0,4.0,1.0,0.19652424834824983,0.0,7.165347639908855e-25,0.20375506745372068,1.4944005213566174,1.0,1.0,6.0,3.0,6.0,3.0,1.241232141057137,1.0
39.0,0.65,-0.7206890266616028,0.8582544105277765,0.11548242488863794,0.00014771752981545356,0.0003282008094007632,0.01620381742543242,-0.16324105896144225,6.571144586323708e-15,0.2479249407505163,0.4144219713005121,0.0,0.0,4.0,1.0,0.21848965661838793,0.0,1.165228126153535e-24,0.2079252931562016,1.5249862022029488,1.0,1.0,6.0,3.0,6.0,3.0,1.2666362610236634,1.0
39.0,0.7,-0.7206890266616028,0.8582544105277765,0.11548242488863794,0.00014771752981545356,0.0003282008094007632,0.01620381742543242,-0.16324105896144225,3.345142939326539e-14,0.2653194696360298,0.44349800910758463,0.0,0.0,4.0,1.0,0.23381899231059203,0.0,1.7469707995314424e-24,0.2114635089328215,1.5509365334871215,1.0,1.0,6.0,3.0,6.0,3.0,1.2881903121636848,1.0
39.0,0.75,-0.7206890266616028,0.8582544105277765,0.11548242488863794,0.00014771752981545356,0.0003282008094007632,0.01620381742543242,-0.16324105896144225,4.118213711944155e-13,0.29457646451622316,0.49240289723975394,0.0,0.0,4.0,1.0,0.2596024037967802,0.0,3.1508826922040795e-24,0.21672459944683878,1.589522942675877,1.0,1.0,6.0,3.0,6.0,3.0,1.3202397464409077,1.0
39.0,0.8,-0.7206890266616028,0.8582544105277765,0.11548242488863794,0.00014771752981545356,0.0003282008094007632,0.01620381742543242,-0.16324105896144225,3.241315118789916e-12,0.3210198551457934,0.5366046707257205,0.0,0.0,4.0,1.0,0.28290626068584823,0.0,5.934728128148747e-24,0.22251804399780112,1.6320137953727072,1.0,1.0,6.0,3.0,6.0,3.0,1.355532167257485,1.0
39.0,0.85,-0.7206890266616028,0.8582544105277765,0.11548242488863794,0.00014771752981545356,0.0003282008094007632,0.01620381742543242,-0.16324105896144225,2.0020767977339697e-9,0.4195788027087985,0.7013520866763656,0.0,0.0,4.0,1.0,0.36976363995766653,1.0,1.1017262799494566e-23,0.2283284019339256,1.6746286958879308,1.0,1.0,6.0,3.0,6.0,3.0,1.3909276207865229,1.0
39.0,0.9,-0.7206890266616028,0.8582544105277765,0.11548242488863794,0.00014771752981545356,0.0003282008094007632,0.01620381742543242,-0.16324105896144225,3.476695049594068e-7,0.5201562052204526,0.8694734757184964,0.0,0.0,5.0,2.0,0.4583998298940956,1.0,2.6454030916883158e-23,0.23681581020141315,1.7368778831027751,1.0,1.0,6.0,3.0,6.0,3.0,1.442631090386229,1.0
39.0,0.95,-0.7206890266616028,0.8582544105277765,0.11548242488863794,0.00014771752981545356,0.0003282008094007632,0.01620381742543242,-0.16324105896144225,0.00018762062769004273,0.6760391803194055,1.1300415720025416,0.0,0.0,5.0,2.0,0.5957753500774235,1.0,5.711867764997176e-23,0.24453402060049198,1.793485543410135,1.0,1.0,6.0,3.0,6.0,3.0,1.4896487716566789,1.0
40.0,0.4,-0.1011327901071093,-0.018993985663050994,-0.013013474845841033,-0.0003943943601304221,0.00044852457539140895,0.15952056576588847,-0.04238624659959711,7.433962763627498e-21,0.1181792512236919,0.1559367298819258,0.0,0.0,5.0,2.0,0.1293469106060677,1.0,1.3053088119700921e-27,0.07967734649323317,0.8480270005388982,0.0,1.0,6.0,3.0,6.0,3.0,1.2708910038472159,1.0
40.0,0.45,-0.1011327901071093,-0.018993985663050994,-0.013013474845841033,-0.0003943943601304221,0.00044852457539140895,0.15952056576588847,-0.04238624659959711,6.3278864372755325e-19,0.14221961423097204,0.18765782773719933,0.0,0.0,5.0,2.0,0.15565903098796346,1.0,2.292603704916356e-27,0.08156938425494122,0.8681644571509087,1.0,1.0,6.0,3.0,6.0,3.0,1.301069892529185,1.0
40.0,0.5,-0.1011327901071093,-0.018993985663050994,-0.013013474845841033,-0.0003943943601304221,0.00044852457539140895,0.15952056576588847,-0.04238624659959711,8.597820222251548e-18,0.15855255070049715,0.2092090279356687,0.0,0.0,5.0,2.0,0.17353539127611128,1.0,4.504882369410961e-27,0.08389774473621552,0.8929458114757046,1.0,1.0,6.0,3.0,6.0,3.0,1.3382083329969057,1.0
40.0,0.55,-0.1011327901071093,-0.018993985663050994,-0.013013474845841033,-0.0003943943601304221,0.00044852457539140895,0.15952056576588847,-0.04238624659959711,6.277964391305783e-17,0.17224614205965738,0.22727762995147466,0.0,0.0,5.0,2.0,0.18852299459115268,1.0,8.056137808212904e-27,0.08595452862300416,0.9148367045216752,1.0,1.0,6.0,3.0,6.0,3.0,1.371014999554251,1.0
40.0,0.6,-0.1011327901071093,-0.018993985663050994,-0.013013474845841033,-0.0003943943601304221,0.00044852457539140895,0.15952056576588847,-0.04238624659959711,6.934107750898096e-15,0.2095471020900285,0.2764959966982969,0.0,0.0,5.0,2.0,0.2293488070126286,1.0,1.5498959461558668e-26,0.08833024098658694,0.9401220374111608,1.0,1.0,6.0,3.0,6.0,3.0,1.4089087247282241,1.0
40.0,0.65,-0.1011327901071093,-0.018993985663050994,-0.013013474845841033,-0.0003943943601304221,0.00044852457539140895,0.15952056576588847,-0.04238624659959711,1.3405150672910876e-13,0.23707005780072798,0.31281235228332144,0.0,0.0,5.0,2.0,0.2594726168613486,1.0,2.5550610590126183e-26,0.09018933737630022,0.9599088903181554,1.0,1.0,6.0,3.0,6.0,3.0,1.438562183094487,1.0
40.0,0.7,-0.1011327901071093,-0.018993985663050994,-0.013013474845841033,-0.0003943943601304221,0.00044852457539140895,0.15952056576588847,-0.04238624659959711,3.235924770608539e-13,0.24593687599202496,0.3245120594560408,0.0,0.0,5.0,2.0,0.26917732837436276,1.0,3.843375473236369e-26,0.09173671335448563,0.9763780207202071,1.0,1.0,6.0,3.0,6.0,3.0,1.4632435548619585,1.0
40.0,0.75,-0.1011327901071093,-0.018993985663050994,-0.013013474845841033,-0.0003943943601304221,0.00044852457539140895,0.15952056576588847,-0.04238624659959711,1.5032760776345438e-12,0.2621905286374732,0.3459586451800482,0.0,0.0,5.0,2.0,0.28696691270480906,1.0,4.820671072382315e-26,0.09260681655363223,0.9856387584155101,1.0,1.0,6.0,3.0,6.0,3.0,1.4771221085146966,1.0
40.0,0.8,-0.1011327901071093,-0.018993985663050994,-0.013013474845841033,-0.0003943943601304221,0.00044852457539140895,0.15952056576588847,-0.04238624659959711,3.899348461890789e-11,0.3002836734506486,0.3962222944380861,0.0,0.0,5.0,2.0,0.32865976949510495,1.0,7.527380514223464e-26,0.09434241096203902,1.0041111471821,1.0,1.0,6.0,3.0,6.0,3.0,1.504805652420856,1.0
40.0,0.85,-0.1011327901071093,-0.018993985663050994,-0.013013474845841033,-0.0003943943601304221,0.00044852457539140895,0.15952056576588847,-0.04238624659959711,1.3540695848511836e-9,0.34811715511877134,0.45933825289068775,0.0,0.0,5.0,2.0,0.3810134019072157,1.0,1.0720416339378815e-25,0.09574269063641441,1.0190146928502155,1.0,1.0,6.0,3.0,6.0,3.0,1.527140769230814,1.0
40.0,0.9,-0.1011327901071093,-0.018993985663050994,-0.013013474845841033,-0.0003943943601304221,0.00044852457539140895,0.15952056576588847,-0.04238624659959711,3.9666538446329817e-7,0.4410705529141059,0.5819896382525916,1.0,1.0,6.0,3.0,0.4827506756728583,1.0,3.14754289137276e-25,0.10013724260088434,1.0657870677492496,1.0,1.0,6.0,3.0,6.0,3.0,1.5972359318258464,1.0
40.0,0.95,-0.1011327901071093,-0.018993985663050994,-0.013013474845841033,-0.0003943943601304221,0.00044852457539140895,0.15952056576588847,-0.04238624659959711,0.0032165701989896227,0.641773471719415,0.8468157943856857,1.0,1.0,6.0,3.0,0.7024195450241206,1.0,1.2265003254287591e-24,0.10597610709699214,1.1279316416226766,1.0,1.0,6.0,3.0,6.0,3.0,1.6903685559327064,1.0
41.0,0.4,-0.2980269445786332,0.008194075265756107,1.7403243304816072,0.0002134885884797098,-0.00022272327582145604,0.04303422927773204,1.0608742387948604,7.17388258398636e-19,0.16376660598125864,0.1582558806754921,0.0,0.0,4.0,2.0,0.6017954835579363,0.0,3.8578769528612915e-24,0.2032938399263757,0.7368184937976882,1.0,1.0,6.0,3.0,6.0,3.0,5.729576413650744,1.0
41.0,0.45,-0.2980269445786332,0.008194075265756107,1.7403243304816072,0.0002134885884797098,-0.00022272327582145604,0.04303422927773204,1.0608742387948604,1.5039039487511217e-16,0.2046223611102011,0.19773684487971432,0.0,0.0,4.0,2.0,0.7519287098443761,0.0,5.590385013405393e-24,0.20646024669974583,0.7482948231854862,1.0,1.0,6.0,3.0,6.0,3.0,5.818817531686075,1.0
41.0,0.5,-0.2980269445786332,0.008194075265756107,1.7403243304816072,0.0002134885884797098,-0.00022272327582145604,0.04303422927773204,1.0608742387948604,2.6535443069407933e-14,0.25384095039651483,0.2452992349435489,0.0,0.0,4.0,2.0,0.9327929621265924,0.0,8.381571055759496e-24,0.20997371394069386,0.7610290390447585,1.0,1.0,6.0,3.0,6.0,3.0,5.917840104338354,1.0
41.0,0.55,-0.2980269445786332,0.008194075265756107,1.7403243304816072,0.0002134885884797098,-0.00022272327582145604,0.04303422927773204,1.0608742387948604,1.5081704011103897e-12,0.3003800058098662,0.2902722571058834,0.0,0.0,4.0,2.0,1.1038106930552802,0.0,1.2142436779093559e-23,0.2132418528514332,0.7728740865415479,1.0,1.0,6.0,3.0,6.0,3.0,6.009948412323915,1.0
41.0,0.6,-0.2980269445786332,0.008194075265756107,1.7403243304816072,0.0002134885884797098,-0.00022272327582145604,0.04303422927773204,1.0608742387948604,8.20048852239244e-12,0.32233854608469825,0.31149189531429505,0.0,0.0,4.0,2.0,1.1845020542991669,0.0,1.6685538766114306e-23,0.2160846316243742,0.783177458126427,1.0,1.0,6.0,3.0,6.0,3.0,6.090068489806678,1.0
41.0,0.65,-0.2980269445786332,0.008194075265756107,1.7403243304816072,0.0002134885884797098,-0.00022272327582145604,0.04303422927773204,1.0608742387948604,1.7399217374084091e-10,0.3660926352746608,0.3537736650097845,0.0,1.0,5.0,3.0,1.345285830111947,0.0,2.1553607933962453e-23,0.21840187848057505,0.7915760910557951,1.0,1.0,6.0,3.0,6.0,3.0,6.155377123539523,1.0
41.0,0.7,-0.2980269445786332,0.008194075265756107,1.7403243304816072,0.0002134885884797098,-0.00022272327582145604,0.04303422927773204,1.0608742387948604,3.1694520569527603e-10,0.3753559131753185,0.36272523479610697,0.0,1.0,5.0,3.0,1.3793257295783607,0.0,3.13424207040661e-23,0.22183593201879345,0.8040224797735598,1.0,1.0,6.0,3.0,6.0,3.0,6.252161522727005,1.0
41.0,0.75,-0.2980269445786332,0.008194075265756107,1.7403243304816072,0.0002134885884797098,-0.00022272327582145604,0.04303422927773204,1.0608742387948604,3.2560857405120257e-9,0.4136165557186012,0.3996984116206321,0.0,1.0,5.0,3.0,1.5199226586202141,0.0,4.637090241677411e-23,0.2254861829032117,0.817252454472325,1.0,1.0,6.0,3.0,6.0,3.0,6.355039167120192,1.0
41.0,0.8,-0.2980269445786332,0.008194075265756107,1.7403243304816072,0.0002134885884797098,-0.00022272327582145604,0.04303422927773204,1.0608742387948604,9.141382564505438e-8,0.4752743931489766,0.45928147072248005,0.0,1.0,5.0,3.0,1.7464975935357958,0.0,7.282188002374235e-23,0.22976680342421538,0.832767141813307,1.0,1.0,6.0,3.0,6.0,3.0,6.475682972076667,1.0
41.0,0.85,-0.2980269445786332,0.008194075265756107,1.7403243304816072,0.0002134885884797098,-0.00022272327582145604,0.04303422927773204,1.0608742387948604,1.0512749214253846e-5,0.5791713897062342,0.5596823466592323,0.0,1.0,5.0,3.0,2.12828936914692,1.0,1.2419061597090836e-22,0.234934466912343,0.8514968289949474,1.0,1.0,6.0,3.0,6.0,3.0,6.621326946561993,1.0
41.0,0.9,-0.2980269445786332,0.008194075265756107,1.7403243304816072,0.0002134885884797098,-0.00022272327582145604,0.04303422927773204,1.0608742387948604,3.156409187550678e-5,0.606320112898589,0.5859175187950765,1.0,1.0,6.0,3.0,2.2280531696093497,1.0,2.8630938476031465e-22,0.2432546698349201,0.881652584760713,1.0,1.0,6.0,3.0,6.0,3.0,6.85582120590232,1.0
41.0,0.95,-0.2980269445786332,0.008194075265756107,1.7403243304816072,0.0002134885884797098,-0.00022272327582145604,0.04303422927773204,1.0608742387948604,0.004198573055623605,0.7433582383458053,0.7183443288814357,1.0,1.0,6.0,3.0,2.7316291243972164,1.0,6.61500486897213e-22,0.251892436536658,0.9129593191568721,1.0,1.0,6.0,3.0,6.0,3.0,7.099265593488381,1.0
42.0,0.4,-0.7447074444657957,0.17249434024443716,0.14808894112987628,0.00017602896776794643,0.00041293835135950357,0.19201021161550896,-0.14950952073534762,7.350441780228277e-16,0.16579907368318864,0.22309738226172757,0.0,0.0,2.0,0.0,0.1612468956340858,0.0,5.081749319903071e-26,0.09559711536246185,0.8025786210879812,0.0,0.0,4.0,2.0,6.0,3.0,1.2001013724270773,1.0
42.0,0.45,-0.7447074444657957,0.17249434024443716,0.14808894112987628,0.00017602896776794643,0.00041293835135950357,0.19201021161550896,-0.14950952073534762,3.604200831173859e-15,0.1771547279326566,0.238377423824363,0.0,0.0,2.0,0.0,0.17229076913074692,0.0,6.884943391386797e-26,0.09681442824551587,0.8127984827585957,0.0,0.0,4.0,2.0,6.0,3.0,1.2153832023869795,1.0
42.0,0.5,-0.7447074444657957,0.17249434024443716,0.14808894112987628,0.00017602896776794643,0.00041293835135950357,0.19201021161550896,-0.14950952073534762,2.9937774949722335e-14,0.1934913344012016,0.2603597790764595,0.0,0.0,2.0,0.0,0.18817883786195178,0.0,8.809268565824439e-26,0.09781378466450819,0.8211885068057566,0.0,0.0,4.0,2.0,6.0,3.0,1.227928863471305,1.0
42.0,0.55,-0.7447074444657957,0.17249434024443716,0.14808894112987628,0.00017602896776794643,0.00041293835135950357,0.19201021161550896,-0.14950952073534762,1.0540799393303072e-13,0.2039101156285749,0.27437917476154117,0.0,0.0,2.0,0.0,0.19831156111476564,0.0,1.3349197822867835e-25,0.09952255909069,0.8355343980757552,0.0,0.0,4.0,2.0,6.0,3.0,1.2493803740765534,1.0
42.0,0.6,-0.7447074444657957,0.17249434024443716,0.14808894112987628,0.00017602896776794643,0.00041293835135950357,0.19201021161550896,-0.14950952073534762,7.313200087634937e-12,0.2433082585885786,0.32739287601505646,0.0,0.0,2.0,0.0,0.23662798897483672,0.0,1.987230428069078e-25,0.10118619047439598,0.8495012942197548,0.0,0.0,4.0,2.0,6.0,3.0,1.2702651706441939,1.0
42.0,0.65,-0.7447074444657957,0.17249434024443716,0.14808894112987628,0.00017602896776794643,0.00041293835135950357,0.19201021161550896,-0.14950952073534762,2.1731033352435336e-10,0.2802403857851967,0.37708833399250424,0.0,0.0,2.0,0.0,0.2725461079807193,0.0,2.692526469168849e-25,0.10247491544690912,0.8603206908875267,0.0,0.0,4.0,2.0,6.0,3.0,1.2864434894389618,1.0
42.0,0.7,-0.7447074444657957,0.17249434024443716,0.14808894112987628,0.00017602896776794643,0.00041293835135950357,0.19201021161550896,-0.14950952073534762,5.373371120518268e-9,0.3203165104617832,0.4310143198736161,0.0,0.0,3.0,0.0,0.311521902896752,1.0,3.7037251236102647e-25,0.10384546066704155,0.8718270034864166,0.0,0.0,4.0,2.0,6.0,3.0,1.303648958384525,1.0
42.0,0.75,-0.7447074444657957,0.17249434024443716,0.14808894112987628,0.00017602896776794643,0.00041293835135950357,0.19201021161550896,-0.14950952073534762,3.1867179514900745e-8,0.34497823100050823,0.46419885566163316,0.0,0.0,4.0,1.0,0.3355065114324028,1.0,6.020282393385784e-25,0.10596886238711659,0.8896538680110636,0.0,0.0,4.0,2.0,6.0,3.0,1.3303055924138476,1.0
42.0,0.8,-0.7447074444657957,0.17249434024443716,0.14808894112987628,0.00017602896776794643,0.00041293835135950357,0.19201021161550896,-0.14950952073534762,1.239949943776344e-7,0.36507117710063036,0.49123569957928265,0.0,0.0,4.0,1.0,0.3550477857641195,1.0,1.1316828313694112e-24,0.10879261931783281,0.9133605137100379,0.0,0.0,4.0,2.0,6.0,3.0,1.3657543039686288,1.0
42.0,0.85,-0.7447074444657957,0.17249434024443716,0.14808894112987628,0.00017602896776794643,0.00041293835135950357,0.19201021161550896,-0.14950952073534762,2.270149340089075e-5,0.45358077727277385,0.6103332292866489,0.0,0.0,5.0,2.0,0.4411272670575026,1.0,1.9430048541589717e-24,0.11127065588122005,0.9341646892388518,0.0,0.0,4.0,2.0,6.0,3.0,1.3968629317694754,1.0
42.0,0.9,-0.7447074444657957,0.17249434024443716,0.14808894112987628,0.00017602896776794643,0.00041293835135950357,0.19201021161550896,-0.14950952073534762,0.0001764535719236144,0.49403984333691664,0.6647744968229932,0.0,0.0,5.0,2.0,0.4804754893253988,1.0,3.6131891813026365e-24,0.11418428812104184,0.9586258765511195,0.0,0.0,4.0,2.0,6.0,3.0,1.4334399146261252,1.0
42.0,0.95,-0.7447074444657957,0.17249434024443716,0.14808894112987628,0.00017602896776794643,0.00041293835135950357,0.19201021161550896,-0.14950952073534762,0.017450654564305598,0.598266283709224,0.805020431211935,1.0,1.0,6.0,3.0,0.5818402893793438,1.0,9.400410621387242e-24,0.1188252364346142,0.9975886201854334,0.0,0.0,4.0,2.0,6.0,3.0,1.491701175118808,1.0
43.0,0.4,-0.05377907853628128,0.07436785845838723,0.07372586738046999,0.0009791430823280212,-0.0003607412110880626,0.11857254184264848,0.03122455207488628,2.294947717642051e-20,0.11292623356605369,0.15921444760827577,0.0,0.0,3.0,1.0,0.11989539765807072,1.0,1.4688523809397404e-28,0.06807276662125768,0.6658572338036725,1.0,1.0,5.0,2.0,6.0,3.0,0.8651372952179197,1.0
43.0,0.45,-0.05377907853628128,0.07436785845838723,0.07372586738046999,0.0009791430823280212,-0.0003607412110880626,0.11857254184264848,0.03122455207488628,3.675860597037401e-19,0.1267610817014363,0.17872016947697614,0.0,0.0,3.0,1.0,0.1345840538396344,1.0,2.3468509029739476e-28,0.06941492750622415,0.6789856488592196,1.0,1.0,6.0,3.0,6.0,3.0,0.8821948278466082,1.0
43.0,0.5,-0.05377907853628128,0.07436785845838723,0.07372586738046999,0.0009791430823280212,-0.0003607412110880626,0.11857254184264848,0.03122455207488628,2.2237592666283296e-18,0.13663374348725907,0.19263961355135653,0.0,0.0,3.0,1.0,0.14506600009229575,1.0,3.7313812489019885e-28,0.07076913375102441,0.692231886215478,1.0,1.0,6.0,3.0,6.0,3.0,0.8994054450426463,1.0
43.0,0.55,-0.05377907853628128,0.07436785845838723,0.07372586738046999,0.0009791430823280212,-0.0003607412110880626,0.11857254184264848,0.03122455207488628,2.292600429782998e-17,0.15058313189975253,0.21230682550409857,0.0,0.0,3.0,1.0,0.15987626532463892,1.0,6.548090006232295e-28,0.07244705823231562,0.7086445899896645,1.0,1.0,6.0,3.0,6.0,3.0,0.9207301997040929,1.0
43.0,0.6,-0.05377907853628128,0.07436785845838723,0.07372586738046999,0.0009791430823280212,-0.0003607412110880626,0.11857254184264848,0.03122455207488628,1.159156344772144e-16,0.16110235692852234,0.227137857668499,0.0,0.0,3.0,1.0,0.17104467702183215,1.0,8.722804750451757e-28,0.07331789454734099,0.7171627197587213,1.0,1.0,6.0,3.0,6.0,3.0,0.9317976648822065,1.0
43.0,0.65,-0.05377907853628128,0.07436785845838723,0.07372586738046999,0.0009791430823280212,-0.0003607412110880626,0.11857254184264848,0.03122455207488628,1.611762726715556e-15,0.17977674917613953,0.2534668421058087,0.0,0.0,5.0,2.0,0.190871546420086,1.0,1.2950076878350992e-27,0.07453506932480453,0.729068576837907,1.0,1.0,6.0,3.0,6.0,3.0,0.9472667481448421,1.0
43.0,0.7,-0.05377907853628128,0.07436785845838723,0.07372586738046999,0.0009791430823280212,-0.0003607412110880626,0.11857254184264848,0.03122455207488628,7.513213922436165e-15,0.19168525926779711,0.27025662421584273,0.0,0.0,5.0,2.0,0.20351498194314618,1.0,1.8383490594342053e-27,0.07563111057700396,0.7397895601701213,1.0,1.0,6.0,3.0,6.0,3.0,0.9611963445376372,1.0
43.0,0.75,-0.05377907853628128,0.07436785845838723,0.07372586738046999,0.0009791430823280212,-0.0003607412110880626,0.11857254184264848,0.03122455207488628,3.1796711683111564e-14,0.2035613092812209,0.2870006409331764,0.0,0.0,5.0,2.0,0.21612395413678365,1.0,3.4696791851012804e-27,0.07765951971488404,0.7596305474636972,1.0,1.0,6.0,3.0,6.0,3.0,0.986975411295781,1.0
43.0,0.8,-0.05377907853628128,0.07436785845838723,0.07372586738046999,0.0009791430823280212,-0.0003607412110880626,0.11857254184264848,0.03122455207488628,1.0155727011981551e-13,0.21365297078308335,0.30122885222412416,0.0,0.0,5.0,2.0,0.22683841552089343,1.0,5.5104370580455794e-27,0.07917086632403245,0.7744138612973362,1.0,1.0,6.0,3.0,6.0,3.0,1.0061831265462893,1.0
43.0,0.85,-0.05377907853628128,0.07436785845838723,0.07372586738046999,0.0009791430823280212,-0.0003607412110880626,0.11857254184264848,0.03122455207488628,3.914665427771544e-12,0.2487663231930187,0.3507350903326723,1.0,1.0,6.0,3.0,0.2641187640931733,1.0,9.494366860230244e-27,0.08098608326432649,0.79216949825187,1.0,1.0,6.0,3.0,6.0,3.0,1.0292527320861546,1.0
43.0,0.9,-0.05377907853628128,0.07436785845838723,0.07372586738046999,0.0009791430823280212,-0.0003607412110880626,0.11857254184264848,0.03122455207488628,3.5075223345353375e-8,0.3634720290363347,0.5124584119794401,1.0,1.0,6.0,3.0,0.38590345292448663,1.0,1.8292419483465655e-26,0.08322949827698081,0.8141135764602787,1.0,1.0,6.0,3.0,6.0,3.0,1.0577643100993934,1.0
43.0,0.95,-0.05377907853628128,0.07436785845838723,0.07372586738046999,0.0009791430823280212,-0.0003607412110880626,0.11857254184264848,0.03122455207488628,2.254425324854651e-6,0.4323204745908305,0.6095276834984953,1.0,1.0,6.0,3.0,0.4590008324901299,1.0,4.0584531953094853e-26,0.08603945838716497,0.8415993443955812,1.0,1.0,6.0,3.0,6.0,3.0,1.0934761139536515,1.0
44.0,0.4,-0.46662482358284807,0.015204869049699865,0.33264187757094765,-0.00032967943380237096,0.0001882151526899305,0.2633610641260974,0.06621997718634914,1.5004934641432962e-20,0.12081216262656097,0.13972356642594316,0.0,0.0,3.0,1.0,0.20118527952306725,1.0,2.3380034407819524e-27,0.13847700121265383,0.6001072984423937,0.0,0.0,5.0,2.0,5.0,2.0,1.6433215064650128,1.0
44.0,0.45,-0.46662482358284807,0.015204869049699865,0.33264187757094765,-0.00032967943380237096,0.0001882151526899305,0.2633610641260974,0.06621997718634914,6.088383744040132e-19,0.14096841655035927,0.16303499155724727,0.0,0.0,3.0,1.0,0.23475095280988706,1.0,3.836719856619682e-27,0.14136463388765008,0.6126212135930033,0.0,0.0,5.0,2.0,6.0,3.0,1.6775893548155507,1.0
44.0,0.5,-0.46662482358284807,0.015204869049699865,0.33264187757094765,-0.00032967943380237096,0.0001882151526899305,0.2633610641260974,0.06621997718634914,1.557570118120283e-18,0.1465951338501438,0.1695424903992852,0.0,0.0,3.0,1.0,0.2441209753982051,1.0,8.435921439341854e-27,0.1460824209653823,0.6330663303492261,0.0,0.0,5.0,2.0,6.0,3.0,1.7335758428234354,1.0
44.0,0.55,-0.46662482358284807,0.015204869049699865,0.33264187757094765,-0.00032967943380237096,0.0001882151526899305,0.2633610641260974,0.06621997718634914,6.1414302014512995e-18,0.15521920953626975,0.17951654090707622,0.0,0.0,3.0,1.0,0.25848241914542497,1.0,1.1872810769334789e-26,0.1481774670876837,0.6421454731495225,0.0,0.0,5.0,2.0,6.0,3.0,1.7584379810822428,1.0
44.0,0.6,-0.46662482358284807,0.015204869049699865,0.33264187757094765,-0.00032967943380237096,0.0001882151526899305,0.2633610641260974,0.06621997718634914,1.5075670704459088e-16,0.17736275693878298,0.2051263416848735,0.0,0.0,3.0,1.0,0.2953574793790332,1.0,1.7079787253118308e-26,0.15043972749004542,0.651949259818398,0.0,0.0,6.0,3.0,6.0,3.0,1.785284469234569,1.0
44.0,0.65,-0.46662482358284807,0.015204869049699865,0.33264187757094765,-0.00032967943380237096,0.0001882151526899305,0.2633610641260974,0.06621997718634914,1.3730213434617464e-15,0.19446321331402094,0.22490362817915743,0.0,0.0,3.0,1.0,0.3238344143252164,1.0,2.825260664614878e-26,0.15362782221122834,0.6657652645957511,0.0,0.0,6.0,3.0,6.0,3.0,1.8231179330884129,1.0
44.0,0.7,-0.46662482358284807,0.015204869049699865,0.33264187757094765,-0.00032967943380237096,0.0001882151526899305,0.2633610641260974,0.06621997718634914,2.7321847737096754e-14,0.2202700701960026,0.2547501767666555,0.0,0.0,3.0,1.0,0.36680988635167106,1.0,6.779590018347212e-26,0.15933428848677716,0.6904949455556483,0.0,0.0,6.0,3.0,6.0,3.0,1.890837183753913,1.0
44.0,0.75,-0.46662482358284807,0.015204869049699865,0.33264187757094765,-0.00032967943380237096,0.0001882151526899305,0.2633610641260974,0.06621997718634914,1.568412581750074e-13,0.23690728589835008,0.27399170893353864,0.0,0.0,3.0,1.0,0.3945153989324587,1.0,1.2161327211129612e-25,0.16326132227964354,0.7075132346555837,0.0,0.0,6.0,3.0,6.0,3.0,1.9374397172570905,1.0
44.0,0.8,-0.46662482358284807,0.015204869049699865,0.33264187757094765,-0.00032967943380237096,0.0001882151526899305,0.2633610641260974,0.06621997718634914,9.864655828707589e-12,0.2815276044098344,0.3255966955668582,0.0,0.0,4.0,1.0,0.4688204279707158,1.0,2.6256565176111107e-25,0.16858179821740754,0.7305701785053148,0.0,0.0,6.0,3.0,6.0,3.0,2.0005783789596974,1.0
44.0,0.85,-0.46662482358284807,0.015204869049699865,0.33264187757094765,-0.00032967943380237096,0.0001882151526899305,0.2633610641260974,0.06621997718634914,1.1925992716715927e-10,0.31233561581382896,0.3612272573767904,0.0,0.0,4.0,1.0,0.520124189538343,1.0,7.911230096352464e-25,0.17650998160898368,0.7649279467629354,0.0,0.0,6.0,3.0,6.0,3.0,2.094662986226491,1.0
44.0,0.9,-0.46662482358284807,0.015204869049699865,0.33264187757094765,-0.00032967943380237096,0.0001882151526899305,0.2633610641260974,0.06621997718634914,6.18073058527904e-9,0.36818059591217506,0.42581396468080523,0.0,0.0,4.0,1.0,0.6131213488208456,1.0,1.759216356811577e-24,0.1824864984231985,0.7908279253013661,0.0,0.0,6.0,3.0,6.0,3.0,2.165586955756035,1.0
44.0,0.95,-0.46662482358284807,0.015204869049699865,0.33264187757094765,-0.00032967943380237096,0.0001882151526899305,0.2633610641260974,0.06621997718634914,1.0857513875188146e-5,0.5026391787529685,0.5813201018332858,0.0,0.0,5.0,2.0,0.8370316487855716,1.0,4.000977399269725e-24,0.18884233269011982,0.8183717231729888,1.0,1.0,6.0,3.0,6.0,3.0,2.24101232640166,1.0
45.0,0.4,-0.3206776478944937,0.04648665610562619,0.05036763231296193,-0.0003131216209408448,0.00033219008990361597,0.1559468167316318,-0.07331379442285657,5.754989691172487e-23,0.08826065157665737,0.12481459503533554,0.0,0.0,2.0,0.0,0.09452064457104095,0.0,1.3289078479774357e-29,0.061403922753701164,0.6002646849862666,0.0,1.0,6.0,3.0,6.0,3.0,0.8603631360929577,1.0
45.0,0.45,-0.3206776478944937,0.04648665610562619,0.05036763231296193,-0.0003131216209408448,0.00033219008990361597,0.1559468167316318,-0.07331379442285657,7.467414912178764e-21,0.10809709796391782,0.1528664842808582,0.0,0.0,4.0,1.0,0.11576401480487945,0.0,1.9156131449068346e-29,0.06234667865494206,0.6094807586294313,0.0,1.0,6.0,3.0,6.0,3.0,0.8735725922219292,1.0
45.0,0.5,-0.3206776478944937,0.04648665610562619,0.05036763231296193,-0.0003131216209408448,0.00033219008990361597,0.1559468167316318,-0.07331379442285657,2.8040169787656994e-20,0.11422367606585086,0.16153043986111998,0.0,0.0,4.0,1.0,0.12232512783616693,0.0,2.8517284629840593e-29,0.06338891784220836,0.6196693483704186,0.0,1.0,6.0,3.0,6.0,3.0,0.8881759617706824,1.0
45.0,0.55,-0.3206776478944937,0.04648665610562619,0.05036763231296193,-0.0003131216209408448,0.00033219008990361597,0.1559468167316318,-0.07331379442285657,1.4156726864133914e-19,0.12219555039741636,0.17280393771766753,0.0,0.0,4.0,1.0,0.13086241695423406,0.0,4.0002248641660437e-29,0.06428910021566024,0.628469237116903,0.0,1.0,6.0,3.0,6.0,3.0,0.9007888974781492,1.0
45.0,0.6,-0.3206776478944937,0.04648665610562619,0.05036763231296193,-0.0003131216209408448,0.00033219008990361597,0.1559468167316318,-0.07331379442285657,6.073252407120146e-18,0.14291390797051226,0.20210298960646145,0.0,0.0,4.0,1.0,0.15305024898673922,1.0,5.858916451253357e-29,0.06531950500356401,0.6385421376366359,0.0,1.0,6.0,3.0,6.0,3.0,0.9152264489408144,1.0
45.0,0.65,-0.3206776478944937,0.04648665610562619,0.05036763231296193,-0.0003131216209408448,0.00033219008990361597,0.1559468167316318,-0.07331379442285657,6.552864735294984e-17,0.15780347883251492,0.22315921029135727,0.0,0.0,4.0,1.0,0.168995880591785,1.0,8.853826545251441e-29,0.0664529537138895,0.6496223618721569,0.0,1.0,6.0,3.0,6.0,3.0,0.931107803800303,1.0
45.0,0.7,-0.3206776478944937,0.04648665610562619,0.05036763231296193,-0.0003131216209408448,0.00033219008990361597,0.1559468167316318,-0.07331379442285657,3.0365913762473165e-15,0.18515326341890878,0.26183615439356056,0.0,0.0,4.0,1.0,0.19828548158390782,1.0,1.174657449681643e-28,0.06724037582107516,0.6573199431002638,0.0,1.0,6.0,3.0,6.0,3.0,0.9421407952312343,1.0
45.0,0.75,-0.3206776478944937,0.04648665610562619,0.05036763231296193,-0.0003131216209408448,0.00033219008990361597,0.1559468167316318,-0.07331379442285657,1.927785563666341e-13,0.22011149312319386,0.31127264965785056,0.0,0.0,4.0,1.0,0.23572316582581104,1.0,1.910582668290231e-28,0.06861710753581599,0.6707784224937434,0.0,1.0,6.0,3.0,6.0,3.0,0.9614309181180762,1.0
45.0,0.8,-0.3206776478944937,0.04648665610562619,0.05036763231296193,-0.0003131216209408448,0.00033219008990361597,0.1559468167316318,-0.07331379442285657,3.4130809157942165e-12,0.24811120655624616,0.35086869648984725,0.0,0.0,5.0,2.0,0.2657087926506698,1.0,2.6445448616118973e-28,0.06955288032302957,0.6799262314959237,0.0,1.0,6.0,3.0,6.0,3.0,0.9745425301091689,1.0
45.0,0.85,-0.3206776478944937,0.04648665610562619,0.05036763231296193,-0.0003131216209408448,0.00033219008990361597,0.1559468167316318,-0.07331379442285657,2.8653026200711577e-11,0.2711111486615197,0.38339427168586254,0.0,0.0,5.0,2.0,0.29034003334572533,1.0,4.641099729116891e-28,0.07120213805051862,0.696048836141613,0.0,1.0,6.0,3.0,6.0,3.0,0.9976511604215939,1.0
45.0,0.9,-0.3206776478944937,0.04648665610562619,0.05036763231296193,-0.0003131216209408448,0.00033219008990361597,0.1559468167316318,-0.07331379442285657,6.608689925110092e-10,0.3089845377898217,0.4369532658947259,1.0,1.0,6.0,3.0,0.3308996382041573,1.0,8.544065969610916e-28,0.07303592297876246,0.7139753184072516,0.0,1.0,6.0,3.0,6.0,3.0,1.0233452998353307,1.0
45.0,0.95,-0.3206776478944937,0.04648665610562619,0.05036763231296193,-0.0003131216209408448,0.00033219008990361597,0.1559468167316318,-0.07331379442285657,3.863612113819933e-8,0.3660637038761438,0.5176722824978521,1.0,1.0,6.0,3.0,0.39202721287848186,1.0,2.8560616637460466e-27,0.07680228591611006,0.750794051816179,0.0,1.0,6.0,3.0,6.0,3.0,1.0761178212496132,1.0
46.0,0.4,-0.3983786121673034,0.020289068132447352,0.019415651915845822,-0.0002880914127134469,0.00030944423094747694,-0.0028798892937069165,-0.11984876944520384,6.715119292949619e-22,0.08886125711832907,0.12774835752133065,0.0,0.0,5.0,2.0,0.09464917906964135,0.0,6.674243117456442e-29,0.06532663441061552,0.6653300469811263,1.0,1.0,6.0,3.0,6.0,3.0,0.8640331445358727,1.0
46.0,0.45,-0.3983786121673034,0.020289068132447352,0.019415651915845822,-0.0002880914127134469,0.00030944423094747694,-0.0028798892937069165,-0.11984876944520384,3.6035366135699756e-20,0.10490163403714835,0.15080825867345568,0.0,0.0,5.0,2.0,0.11173433582487612,0.0,1.0255704118614949e-28,0.06650644925453446,0.67734606881687,1.0,1.0,6.0,3.0,6.0,3.0,0.8796377924525838,1.0
46.0,0.5,-0.3983786121673034,0.020289068132447352,0.019415651915845822,-0.0002880914127134469,0.00030944423094747694,-0.0028798892937069165,-0.11984876944520384,2.456129562053305e-19,0.11363506125898853,0.1633635726460737,0.0,0.0,5.0,2.0,0.12103660932198522,0.0,2.09555061523106e-28,0.06851636112434895,0.6978163528110858,1.0,1.0,6.0,3.0,6.0,3.0,0.906221596880653,1.0
46.0,0.55,-0.3983786121673034,0.020289068132447352,0.019415651915845822,-0.0002880914127134469,0.00030944423094747694,-0.0028798892937069165,-0.11984876944520384,6.295261984296133e-18,0.13008007822350323,0.1870051907680149,0.0,0.0,5.0,2.0,0.13855276209714762,0.0,3.5685092063769593e-28,0.07005306649679059,0.7134671859952397,1.0,1.0,6.0,3.0,6.0,3.0,0.9265466050056731,1.0
46.0,0.6,-0.3983786121673034,0.020289068132447352,0.019415651915845822,-0.0002880914127134469,0.00030944423094747694,-0.0028798892937069165,-0.11984876944520384,3.227641049886945e-17,0.13924793559933618,0.2001850484442677,0.0,0.0,5.0,2.0,0.14831776208240177,0.0,5.2262483203219545e-28,0.07117565158256704,0.7249003417761625,1.0,1.0,6.0,3.0,6.0,3.0,0.9413943119237392,1.0
46.0,0.65,-0.3983786121673034,0.020289068132447352,0.019415651915845822,-0.0002880914127134469,0.00030944423094747694,-0.0028798892937069165,-0.11984876944520384,7.211675500913508e-16,0.15849055568554285,0.227848545339731,0.0,0.0,5.0,2.0,0.16881373809457076,0.0,9.15413552726169e-28,0.07285749843673371,0.7420293926846222,1.0,1.0,6.0,3.0,6.0,3.0,0.9636390125599205,1.0
46.0,0.7,-0.3983786121673034,0.020289068132447352,0.019415651915845822,-0.0002880914127134469,0.00030944423094747694,-0.0028798892937069165,-0.11984876944520384,4.1115694794010764e-14,0.18757236984796907,0.2696570242367081,0.0,0.0,5.0,2.0,0.19978977788505156,0.0,1.8116638117895874e-27,0.07495951483265441,0.7634377306477019,1.0,1.0,6.0,3.0,6.0,3.0,0.9914410239878684,1.0
46.0,0.75,-0.3983786121673034,0.020289068132447352,0.019415651915845822,-0.0002880914127134469,0.00030944423094747694,-0.0028798892937069165,-0.11984876944520384,4.213333965395031e-13,0.2066702473460195,0.29711243688376043,0.0,0.0,5.0,2.0,0.22013158359185164,0.0,2.516654758620492e-27,0.07599316250331438,0.7739650884319622,1.0,1.0,6.0,3.0,6.0,3.0,1.0051124132348457,1.0
46.0,0.8,-0.3983786121673034,0.020289068132447352,0.019415651915845822,-0.0002880914127134469,0.00030944423094747694,-0.0028798892937069165,-0.11984876944520384,2.380862334880464e-11,0.24450203375675367,0.3515000151467311,0.0,0.0,5.0,2.0,0.26042751955577603,1.0,5.084396876176929e-27,0.07825285234700038,0.7969792780259402,1.0,1.0,6.0,3.0,6.0,3.0,1.0349998693839484,1.0
46.0,0.85,-0.3983786121673034,0.020289068132447352,0.019415651915845822,-0.0002880914127134469,0.00030944423094747694,-0.0028798892937069165,-0.11984876944520384,4.358626293007606e-10,0.2759887940656101,0.3967658829001882,1.0,1.0,6.0,3.0,0.29396515014350616,1.0,8.995589249042169e-27,0.0801354660946406,0.8161530729790327,1.0,1.0,6.0,3.0,6.0,3.0,1.059899983877766,1.0
46.0,0.9,-0.3983786121673034,0.020289068132447352,0.019415651915845822,-0.0002880914127134469,0.00030944423094747694,-0.0028798892937069165,-0.11984876944520384,4.96875096813686e-9,0.3054420660394011,0.43910837545878995,1.0,1.0,6.0,3.0,0.3253368424156739,1.0,1.7831547741439944e-26,0.08245299015427235,0.8397562848295443,1.0,1.0,6.0,3.0,6.0,3.0,1.0905523757979567,1.0
46.0,0.95,-0.3983786121673034,0.020289068132447352,0.019415651915845822,-0.0002880914127134469,0.00030944423094747694,-0.0028798892937069165,-0.11984876944520384,5.646024989735783e-7,0.3720270317946634,0.5348319819740784,1.0,1.0,6.0,3.0,0.39625877793053654,1.0,4.267761419979917e-26,0.08550638359658923,0.8708540816280036,1.0,1.0,6.0,3.0,6.0,3.0,1.1309376361327756,1.0
47.0,0.4,-0.6417335603721905,0.13536837007514138,0.13822172305558966,-0.0002559567701267774,0.0001994596366917576,0.10318724603874041,-0.12176303808700362,1.5277931859321352e-19,0.12962416543578084,0.17602624834293,0.0,0.0,2.0,0.0,0.1414085994736202,0.0,8.763364508063788e-28,0.0916051194998741,0.7139409280917514,0.0,0.0,4.0,2.0,6.0,3.0,1.1427500333505667,1.0
47.0,0.45,-0.6417335603721905,0.13536837007514138,0.13822172305558966,-0.0002559567701267774,0.0001994596366917576,0.10318724603874041,-0.12176303808700362,4.5277943488210786e-18,0.14928352970720188,0.20272315416964276,0.0,0.0,2.0,0.0,0.16285524222589817,0.0,1.6105688235641003e-27,0.09395774737602293,0.732276555385535,0.0,0.0,4.0,2.0,6.0,3.0,1.172098454035005,1.0
47.0,0.5,-0.6417335603721905,0.13536837007514138,0.13822172305558966,-0.0002559567701267774,0.0001994596366917576,0.10318724603874041,-0.12176303808700362,2.135742909559207e-17,0.15925062915688004,0.21625821622454133,0.0,0.0,2.0,0.0,0.17372847384328166,0.0,2.6112992646711533e-27,0.09586884298364379,0.7471710217562577,0.0,0.0,4.0,2.0,6.0,3.0,1.1959388745406283,1.0
47.0,0.55,-0.6417335603721905,0.13536837007514138,0.13822172305558966,-0.0002559567701267774,0.0001994596366917576,0.10318724603874041,-0.12176303808700362,2.1080278101281951e-16,0.17519086767295292,0.23790464591797605,0.0,0.0,2.0,0.0,0.19111787647708345,0.0,3.517782787308023e-27,0.0970665666051809,0.7565056956110175,0.0,0.0,4.0,2.0,6.0,3.0,1.2108801651140024,1.0
47.0,0.6,-0.6417335603721905,0.13536837007514138,0.13822172305558966,-0.0002559567701267774,0.0001994596366917576,0.10318724603874041,-0.12176303808700362,1.0764175106969658e-14,0.20638706782383948,0.28026827508121455,0.0,0.0,2.0,0.0,0.2251501956623601,0.0,4.843708845627674e-27,0.09836883854875944,0.766655185564225,0.0,0.0,4.0,2.0,6.0,3.0,1.2271256688050696,1.0
47.0,0.65,-0.6417335603721905,0.13536837007514138,0.13822172305558966,-0.0002559567701267774,0.0001994596366917576,0.10318724603874041,-0.12176303808700362,9.45406960144465e-14,0.2259439582188728,0.30682602404660425,0.0,0.0,3.0,1.0,0.2464850484000687,1.0,7.675630263662654e-27,0.10027397031238998,0.7815031716472006,0.0,0.0,4.0,2.0,6.0,3.0,1.2508916919084945,1.0
47.0,0.7,-0.6417335603721905,0.13536837007514138,0.13822172305558966,-0.0002559567701267774,0.0001994596366917576,0.10318724603874041,-0.12176303808700362,6.710222073586192e-13,0.24516811434806468,0.3329319285251706,0.0,0.0,3.0,1.0,0.26745691722678083,1.0,1.019506637348934e-26,0.10146697462174288,0.7908010646960496,0.0,0.0,4.0,2.0,6.0,3.0,1.2657741102901694,1.0
47.0,0.75,-0.6417335603721905,0.13536837007514138,0.13822172305558966,-0.0002559567701267774,0.0001994596366917576,0.10318724603874041,-0.12176303808700362,8.41956588656062e-12,0.27241876541257515,0.36993760455526636,0.0,0.0,5.0,2.0,0.2971849882914764,1.0,1.5876497044894922e-26,0.10335700218826734,0.8055313335099591,0.0,0.0,4.0,2.0,6.0,3.0,1.289351712464273,1.0
47.0,0.8,-0.6417335603721905,0.13536837007514138,0.13822172305558966,-0.0002559567701267774,0.0001994596366917576,0.10318724603874041,-0.12176303808700362,7.429140630006936e-11,0.29829024926466063,0.4050704073489206,0.0,0.0,5.0,2.0,0.3254085088482222,1.0,2.585590909986048e-26,0.10547878484707174,0.8220678272005533,0.0,0.0,4.0,2.0,6.0,3.0,1.3158203991200967,1.0
47.0,0.85,-0.6417335603721905,0.13536837007514138,0.13822172305558966,-0.0002559567701267774,0.0001994596366917576,0.10318724603874041,-0.12176303808700362,1.415845257147001e-8,0.3712293237028194,0.5041197750944406,0.0,0.0,5.0,2.0,0.4049786440041711,1.0,4.3872574871334397e-26,0.10782840286646189,0.8403799966358741,0.0,0.0,4.0,2.0,6.0,3.0,1.3451312726245286,1.0
47.0,0.9,-0.6417335603721905,0.13536837007514138,0.13822172305558966,-0.0002559567701267774,0.0001994596366917576,0.10318724603874041,-0.12176303808700362,3.4539732138253573e-7,0.4240788105580988,0.5758880049357563,0.0,0.0,5.0,2.0,0.4626328004955938,1.0,6.856572524854593e-26,0.10985325265188232,0.8561610265929547,0.0,0.0,4.0,2.0,6.0,3.0,1.3703907469033896,1.0
47.0,0.95,-0.6417335603721905,0.13536837007514138,0.13822172305558966,-0.0002559567701267774,0.0001994596366917576,0.10318724603874041,-0.12176303808700362,4.7066906845904027e-5,0.5204509057289324,0.7067588059228921,1.0,1.0,6.0,3.0,0.5677663067413686,1.0,1.9149463548032897e-25,0.11465640430724106,0.8935952504585429,0.0,0.0,4.0,2.0,6.0,3.0,1.4303088141939049,1.0
48.0,0.4,-0.4998190377964735,0.05043845328752322,0.049222485347603706,0.0004657277033011412,0.00022202782961860967,-0.04345647432902583,-0.13379102236708862,3.04225866523466e-18,0.13475950796671685,0.18339277598424966,0.0,0.0,5.0,2.0,0.13410869022219743,0.0,1.0953348189190677e-25,0.08571909458957115,0.856873289409263,1.0,1.0,6.0,3.0,6.0,3.0,1.208814356988137,1.0
48.0,0.45,-0.4998190377964735,0.05043845328752322,0.049222485347603706,0.0004657277033011412,0.00022202782961860967,-0.04345647432902583,-0.13379102236708862,1.546045815236942e-17,0.1442039563967221,0.19624562504367588,0.0,0.0,5.0,2.0,0.14350752691973065,0.0,1.976899241652425e-25,0.08785418957253793,0.8782163270371772,1.0,1.0,6.0,3.0,6.0,3.0,1.2389235582262181,1.0
48.0,0.5,-0.4998190377964735,0.05043845328752322,0.049222485347603706,0.0004657277033011412,0.00022202782961860967,-0.04345647432902583,-0.13379102236708862,5.630395125538346e-16,0.16750664131357676,0.22795800021681598,0.0,0.0,5.0,2.0,0.1666976720902798,0.0,5.927258444196495e-25,0.09196700262543872,0.9193292163675927,1.0,1.0,6.0,3.0,6.0,3.0,1.2969226247091215,1.0
48.0,0.55,-0.4998190377964735,0.05043845328752322,0.049222485347603706,0.0004657277033011412,0.00022202782961860967,-0.04345647432902583,-0.13379102236708862,1.2604920877267796e-14,0.19066987539356603,0.2594805982345483,0.0,0.0,5.0,2.0,0.18974903989836608,0.0,7.771383620732428e-25,0.09301090834988276,0.9297644051224487,1.0,1.0,6.0,3.0,6.0,3.0,1.3116438281130078,1.0
48.0,0.6,-0.4998190377964735,0.05043845328752322,0.049222485347603706,0.0004657277033011412,0.00022202782961860967,-0.04345647432902583,-0.13379102236708862,2.2464602997281167e-13,0.21498361370150834,0.29256890517575074,0.0,0.0,5.0,2.0,0.21394535560240338,0.0,9.176815249875097e-25,0.0936573691259013,0.9362266172383528,1.0,1.0,6.0,3.0,6.0,3.0,1.3207602457679366,1.0
48.0,0.65,-0.4998190377964735,0.05043845328752322,0.049222485347603706,0.0004657277033011412,0.00022202782961860967,-0.04345647432902583,-0.13379102236708862,4.3020613945310317e-11,0.2676061578772102,0.3641823638574142,0.0,0.0,5.0,2.0,0.26631376048932304,0.0,1.4228493441622139e-24,0.095384559008931,0.9534921154752662,1.0,1.0,6.0,3.0,6.0,3.0,1.3451171517507594,1.0
48.0,0.7,-0.4998190377964735,0.05043845328752322,0.049222485347603706,0.0004657277033011412,0.00022202782961860967,-0.04345647432902583,-0.13379102236708862,1.0333359521879068e-10,0.27755750510832883,0.37772504608469537,0.0,0.0,5.0,2.0,0.2762170479326196,1.0,1.8577294708711033e-24,0.09645040542822866,0.964146629871173,1.0,1.0,6.0,3.0,6.0,3.0,1.360147763776709,1.0
48.0,0.75,-0.4998190377964735,0.05043845328752322,0.049222485347603706,0.0004657277033011412,0.00022202782961860967,-0.04345647432902583,-0.13379102236708862,7.724871185064314e-10,0.3018248866288422,0.4107502665686928,0.0,0.0,5.0,2.0,0.30036723072819793,1.0,2.466048359941298e-24,0.0975955136511461,0.9755934685761194,1.0,1.0,6.0,3.0,6.0,3.0,1.3762961291647882,1.0
48.0,0.8,-0.4998190377964735,0.05043845328752322,0.049222485347603706,0.0004657277033011412,0.00022202782961860967,-0.04345647432902583,-0.13379102236708862,9.236049345120634e-9,0.33469932598136987,0.4554887401855225,0.0,0.0,5.0,2.0,0.33308290378071037,1.0,3.5676351270745935e-24,0.09910882010983293,0.9907209251754688,1.0,1.0,6.0,3.0,6.0,3.0,1.397636841902626,1.0
48.0,0.85,-0.4998190377964735,0.05043845328752322,0.049222485347603706,0.0004657277033011412,0.00022202782961860967,-0.04345647432902583,-0.13379102236708862,4.09250549804677e-7,0.391975687550709,0.5334355292838697,1.0,1.0,6.0,3.0,0.39008265056410035,1.0,5.561007160179741e-24,0.1009588779438501,1.0092146476001167,1.0,1.0,6.0,3.0,6.0,3.0,1.423726437012399,1.0
48.0,0.9,-0.4998190377964735,0.05043845328752322,0.049222485347603706,0.0004657277033011412,0.00022202782961860967,-0.04345647432902583,-0.13379102236708862,4.622581391077704e-5,0.47730549533002425,0.6495599538900803,1.0,1.0,6.0,3.0,0.4750003601258047,1.0,1.0780186759697422e-23,0.10378212282586839,1.0374366340833618,1.0,1.0,6.0,3.0,6.0,3.0,1.463539957710648,1.0
48.0,0.95,-0.4998190377964735,0.05043845328752322,0.049222485347603706,0.0004657277033011412,0.00022202782961860967,-0.04345647432902583,-0.13379102236708862,0.004928133674366367,0.5798130878140833,0.7890614423472571,1.0,1.0,6.0,3.0,0.5770128947015707,1.0,1.8578717572737946e-23,0.10616273785499769,1.0612339623285358,1.0,1.0,6.0,3.0,6.0,3.0,1.4971114931946832,1.0
49.0,0.4,-1.2174233521554747,-0.8251559625848822,-0.8245167274221467,-7.959190229601726e-5,-0.0001764843852896076,0.06646086661804007,-0.9554852689999225,8.578612654048071e-24,0.10085353225021909,0.14503912894784304,0.0,0.0,2.0,0.0,0.14991146149297335,0.0,6.3040593098768206e-30,0.07365403472537695,0.8820928923969347,0.0,0.0,3.0,1.0,3.0,1.0,1.5607622451795247,0.0
49.0,0.45,-1.2174233521554747,-0.8251559625848822,-0.8245167274221467,-7.959190229601726e-5,-0.0001764843852896076,0.06646086661804007,-0.9554852689999225,3.99359723386197e-23,0.107528168059398,0.1546380328454831,0.0,0.0,2.0,0.0,0.15983282355895265,0.0,1.0423947166923784e-29,0.07521371472115954,0.9007718777888848,0.0,0.0,3.0,1.0,4.0,2.0,1.5938125683703124,0.0
49.0,0.5,-1.2174233521554747,-0.8251559625848822,-0.8245167274221467,-7.959190229601726e-5,-0.0001764843852896076,0.06646086661804007,-0.9554852689999225,6.263313533835798e-21,0.13273911229381205,0.19089430776345073,0.0,0.0,2.0,0.0,0.19730706379103588,0.0,1.6965540637954097e-29,0.07675576734431232,0.9192397548530106,0.0,0.0,3.0,1.0,4.0,2.0,1.62648935957762,0.0
49.0,0.55,-1.2174233521554747,-0.8251559625848822,-0.8245167274221467,-7.959190229601726e-5,-0.0001764843852896076,0.06646086661804007,-0.9554852689999225,4.436184777810275e-19,0.1585224601754745,0.2279737658119557,0.0,0.0,2.0,0.0,0.23563214053234535,0.0,2.3742082573293613e-29,0.07783811568382634,0.9322021374426777,0.0,0.0,3.0,1.0,4.0,2.0,1.64942480949214,0.0
49.0,0.6,-1.2174233521554747,-0.8251559625848822,-0.8245167274221467,-7.959190229601726e-5,-0.0001764843852896076,0.06646086661804007,-0.9554852689999225,2.4872806647493178e-17,0.18747956434092342,0.2696174551434173,0.0,0.0,3.0,1.0,0.2786747758192942,0.0,5.082590372280505e-29,0.08034630512036428,0.9622406286537082,0.0,0.0,3.0,1.0,4.0,2.0,1.702574475914389,0.0
49.0,0.65,-1.2174233521554747,-0.8251559625848822,-0.8245167274221467,-7.959190229601726e-5,-0.0001764843852896076,0.06646086661804007,-0.9554852689999225,1.3580975286073895e-15,0.22148153555571273,0.3185162510256207,0.0,0.0,3.0,1.0,0.32921624010638184,0.0,8.158559710588076e-29,0.08194634588623138,0.9814029812984634,0.0,0.0,3.0,1.0,4.0,2.0,1.7364800620431708,0.0
49.0,0.7,-1.2174233521554747,-0.8251559625848822,-0.8245167274221467,-7.959190229601726e-5,-0.0001764843852896076,0.06646086661804007,-0.9554852689999225,1.2129935140002881e-14,0.24263838455348655,0.348942264685757,0.0,0.0,3.0,1.0,0.36066436178419764,0.0,1.4024459878069474e-28,0.08381709786476574,1.0038074161655475,0.0,0.0,3.0,1.0,4.0,2.0,1.7761221409744592,0.0
49.0,0.75,-1.2174233521554747,-0.8251559625848822,-0.8245167274221467,-7.959190229601726e-5,-0.0001764843852896076,0.06646086661804007,-0.9554852689999225,3.678742242065966e-14,0.2541184567432415,0.3654519459384609,0.0,0.0,3.0,1.0,0.3777286565254189,0.0,3.0516313304534535e-28,0.08657673418769442,1.0368572768436766,0.0,0.0,3.0,1.0,4.0,2.0,1.8346000804289984,0.0
49.0,0.8,-1.2174233521554747,-0.8251559625848822,-0.8245167274221467,-7.959190229601726e-5,-0.0001764843852896076,0.06646086661804007,-0.9554852689999225,3.978497663137717e-13,0.2806211275919258,0.40356587421563556,0.0,0.0,3.0,1.0,0.41712295468977356,0.0,7.055566219851255e-28,0.08965362580289382,1.0737066393336314,0.0,0.0,3.0,1.0,6.0,3.0,1.8998008027440536,0.0
49.0,0.85,-1.2174233521554747,-0.8251559625848822,-0.8245167274221467,-7.959190229601726e-5,-0.0001764843852896076,0.06646086661804007,-0.9554852689999225,1.739286388921009e-10,0.36153265595253176,0.519926078299965,0.0,0.0,3.0,1.0,0.5373920736540452,0.0,1.721799326246759e-27,0.093048984054305,1.1143700108906436,0.0,0.0,3.0,1.0,6.0,3.0,1.9717499768445665,1.0
49.0,0.9,-1.2174233521554747,-0.8251559625848822,-0.8245167274221467,-7.959190229601726e-5,-0.0001764843852896076,0.06646086661804007,-0.9554852689999225,1.1543988013757464e-9,0.3911982443310868,0.562588650469236,0.0,0.0,3.0,1.0,0.581487819342402,0.0,3.9402356904827225e-27,0.09631467314597718,1.1534804431606862,0.0,0.0,4.0,2.0,6.0,3.0,2.040951402914175,1.0
49.0,0.95,-1.2174233521554747,-0.8251559625848822,-0.8245167274221467,-7.959190229601726e-5,-0.0001764843852896076,0.06646086661804007,-0.9554852689999225,0.00040735703458215963,0.6661126838960131,0.9579476424652227,0.0,0.0,3.0,1.0,0.9901281961459648,0.0,8.707301774207791e-27,0.09954990424914566,1.1922261055267311,0.0,1.0,4.0,2.0,6.0,3.0,2.1095074104578595,1.0
50.0,0.4,-0.0488581967395052,0.06823260462759345,0.06691654587826462,-9.462546475393249e-5,-0.0003561741525509993,0.2446559395380185,0.028325298339008098,1.888988450531429e-20,0.11487330864003734,0.16164419569846636,0.0,0.0,3.0,1.0,0.12637987808514156,1.0,7.427964762590686e-29,0.0659023375444374,0.6380428684037279,0.0,1.0,6.0,3.0,6.0,3.0,0.9128187251731779,1.0
50.0,0.45,-0.0488581967395052,0.06823260462759345,0.06691654587826462,-9.462546475393249e-5,-0.0003561741525509993,0.2446559395380185,0.028325298339008098,8.585374979853897e-19,0.13467372684976206,0.1895063920075635,0.0,0.0,3.0,1.0,0.14816365422082486,1.0,1.3246784278575882e-28,0.06751016644958244,0.6536092929762924,0.0,1.0,6.0,3.0,6.0,3.0,0.9350888962502122,1.0
50.0,0.5,-0.0488581967395052,0.06823260462759345,0.06691654587826462,-9.462546475393249e-5,-0.0003561741525509993,0.2446559395380185,0.028325298339008098,1.2752170850383089e-17,0.1506984946797718,0.21205567467211595,0.0,0.0,5.0,2.0,0.16579358260606403,1.0,1.995089183793839e-28,0.06867199629543179,0.6648577141258901,0.0,1.0,6.0,3.0,6.0,3.0,0.9511814974882373,1.0
50.0,0.55,-0.0488581967395052,0.06823260462759345,0.06691654587826462,-9.462546475393249e-5,-0.0003561741525509993,0.2446559395380185,0.028325298339008098,7.386525590347164e-17,0.16214164856293592,0.22815793051898176,0.0,0.0,5.0,2.0,0.17838296833704798,1.0,2.837419742132571e-28,0.06968720701836353,0.6746866213517806,0.0,1.0,6.0,3.0,6.0,3.0,0.9652432651343973,1.0
50.0,0.6,-0.0488581967395052,0.06823260462759345,0.06691654587826462,-9.462546475393249e-5,-0.0003561741525509993,0.2446559395380185,0.028325298339008098,1.044200959944058e-15,0.18106127714713602,0.2547807220239252,0.0,0.0,5.0,2.0,0.1991977283730795,1.0,5.112485808216519e-28,0.07141798305023067,0.6914433760449249,0.0,1.0,6.0,3.0,6.0,3.0,0.9892163870271369,1.0
50.0,0.65,-0.0488581967395052,0.06823260462759345,0.06691654587826462,-9.462546475393249e-5,-0.0003561741525509993,0.2446559395380185,0.028325298339008098,2.0621981971940386e-14,0.2050249316868196,0.28850122428786873,0.0,0.0,5.0,2.0,0.22556176171601844,1.0,9.782176141593205e-28,0.07337521515293986,0.7103925974454915,0.0,1.0,6.0,3.0,6.0,3.0,1.016326170677198,1.0
50.0,0.7,-0.0488581967395052,0.06823260462759345,0.06691654587826462,-9.462546475393249e-5,-0.0003561741525509993,0.2446559395380185,0.028325298339008098,1.078400193853475e-13,0.21965549587094166,0.30908865062872476,0.0,0.0,5.0,2.0,0.24165783259441695,1.0,1.9030050549627115e-27,0.07543818662748575,0.7303655496365544,1.0,1.0,6.0,3.0,6.0,3.0,1.0449005591075606,1.0
50.0,0.75,-0.0488581967395052,0.06823260462759345,0.06691654587826462,-9.462546475393249e-5,-0.0003561741525509993,0.2446559395380185,0.028325298339008098,8.558482471787901e-13,0.23945621178030566,0.336951265846438,0.0,0.0,5.0,2.0,0.26344193624956114,1.0,3.365195386106135e-27,0.07725145559831004,0.7479209714689301,1.0,1.0,6.0,3.0,6.0,3.0,1.0700162975171097,1.0
50.0,0.8,-0.0488581967395052,0.06823260462759345,0.06691654587826462,-9.462546475393249e-5,-0.0003561741525509993,0.2446559395380185,0.028325298339008098,1.4501253355886728e-11,0.26942308619135735,0.3791192104204929,0.0,0.0,5.0,2.0,0.2964105168493323,1.0,5.115275870814099e-27,0.07861114469372592,0.7610849951272934,1.0,1.0,6.0,3.0,6.0,3.0,1.088849463577001,1.0
50.0,0.85,-0.0488581967395052,0.06823260462759345,0.06691654587826462,-9.462546475393249e-5,-0.0003561741525509993,0.2446559395380185,0.028325298339008098,4.98964829297746e-11,0.2836585137281249,0.3991506194731838,0.0,0.0,5.0,2.0,0.3120718712395332,1.0,9.165839187704736e-27,0.08054496908479516,0.7798075914333036,1.0,1.0,6.0,3.0,6.0,3.0,1.115635025078129,1.0
50.0,0.9,-0.0488581967395052,0.06823260462759345,0.06691654587826462,-9.462546475393249e-5,-0.0003561741525509993,0.2446559395380185,0.028325298339008098,2.1733114719901225e-10,0.3015942041415198,0.42438886050143454,0.0,0.0,5.0,2.0,0.3318041345011457,1.0,2.3414442248476923e-26,0.08375480563838422,0.8108840812524715,1.0,1.0,6.0,3.0,6.0,3.0,1.1600947365244147,1.0
50.0,0.95,-0.0488581967395052,0.06823260462759345,0.06691654587826462,-9.462546475393249e-5,-0.0003561741525509993,0.2446559395380185,0.028325298339008098,3.0377689706809335e-9,0.33662731775748894,0.47368577325086514,0.0,0.0,5.0,2.0,0.37034642670239926,1.0,3.5905717277972435e-26,0.08526020902890011,0.8254588586151379,1.0,1.0,6.0,3.0,6.0,3.0,1.180946203331271,1.0
51.0,0.4,-0.12100568362999864,0.18122826599543324,0.1796461726261861,0.0001503481371002403,0.0001967919079477083,0.15301081467727173,0.07942922054079127,5.804236068918628e-23,0.10246233133939735,0.14052770602621095,0.0,0.0,2.0,0.0,0.1198387961674716,0.0,2.6287543648374923e-29,0.07068188078033501,0.7762242236596537,0.0,1.0,4.0,2.0,6.0,3.0,1.1812975531151697,1.0
51.0,0.45,-0.12100568362999864,0.18122826599543324,0.1796461726261861,0.0001503481371002403,0.0001967919079477083,0.15301081467727173,0.07942922054079127,6.550435704224517e-20,0.13732600306395065,0.18834344227833488,0.0,0.0,3.0,1.0,0.16061495648739513,1.0,3.4039348879456375e-29,0.07144706594925498,0.78462744181321,0.0,1.0,4.0,2.0,6.0,3.0,1.1940859984387229,1.0
51.0,0.5,-0.12100568362999864,0.18122826599543324,0.1796461726261861,0.0001503481371002403,0.0001967919079477083,0.15301081467727173,0.07942922054079127,2.4438281614784705e-18,0.15967777281220022,0.21899902943204846,0.0,0.0,3.0,1.0,0.18675733626567756,1.0,6.272461929775226e-29,0.07329006355564487,0.8048671322463568,0.0,1.0,4.0,2.0,6.0,3.0,1.2248877900547601,1.0
51.0,0.55,-0.12100568362999864,0.18122826599543324,0.1796461726261861,0.0001503481371002403,0.0001967919079477083,0.15301081467727173,0.07942922054079127,1.2545018463226522e-17,0.17094031231412732,0.23444567035409467,0.0,0.0,3.0,1.0,0.1999298764378196,1.0,7.816521263884781e-29,0.07396519557951609,0.812281392100673,0.0,1.0,4.0,2.0,6.0,3.0,1.2361711882754063,1.0
51.0,0.6,-0.12100568362999864,0.18122826599543324,0.1796461726261861,0.0001503481371002403,0.0001967919079477083,0.15301081467727173,0.07942922054079127,5.027882765738784e-16,0.19935749579516096,0.2734200090609489,0.0,0.0,3.0,1.0,0.23316629624518154,1.0,1.067621830987018e-28,0.07493233058382301,0.8229024113718677,0.0,1.0,4.0,2.0,6.0,3.0,1.2523347962822502,1.0
51.0,0.65,-0.12100568362999864,0.18122826599543324,0.1796461726261861,0.0001503481371002403,0.0001967919079477083,0.15301081467727173,0.07942922054079127,8.430674393316965e-15,0.22420869552954953,0.3075035795304216,0.0,0.0,3.0,1.0,0.26223198136629894,1.0,1.5800005195196011e-28,0.0761662484043598,0.8364532237120577,0.0,1.0,4.0,2.0,6.0,3.0,1.2729571125824541,1.0
51.0,0.7,-0.12100568362999864,0.18122826599543324,0.1796461726261861,0.0001503481371002403,0.0001967919079477083,0.15301081467727173,0.07942922054079127,8.735445163112989e-14,0.24715063585990632,0.33896858920052286,0.0,0.0,3.0,1.0,0.2890646180533269,1.0,2.2737966912095796e-28,0.07733032429883407,0.8492370361614938,1.0,1.0,4.0,2.0,6.0,3.0,1.2924121693891115,1.0
51.0,0.75,-0.12100568362999864,0.18122826599543324,0.1796461726261861,0.0001503481371002403,0.0001967919079477083,0.15301081467727173,0.07942922054079127,1.0953824082055403e-12,0.2746144772310271,0.3766354134480342,0.0,0.0,3.0,1.0,0.3211860195969595,1.0,4.359571895429472e-28,0.07945636149107567,0.8725850505436806,1.0,1.0,4.0,2.0,6.0,3.0,1.327944366683522,1.0
51.0,0.8,-0.12100568362999864,0.18122826599543324,0.1796461726261861,0.0001503481371002403,0.0001967919079477083,0.15301081467727173,0.07942922054079127,1.5471300895880142e-10,0.33752437371073246,0.46291671627488234,0.0,0.0,5.0,2.0,0.3947647305495312,1.0,5.952448335762269e-28,0.08049412151330564,0.8839816695740077,1.0,1.0,4.0,2.0,6.0,3.0,1.3452883219015612,1.0
51.0,0.85,-0.12100568362999864,0.18122826599543324,0.1796461726261861,0.0001503481371002403,0.0001967919079477083,0.15301081467727173,0.07942922054079127,2.8944515384399555e-9,0.3813351018220413,0.5230033943773648,1.0,1.0,6.0,3.0,0.4460052679006555,1.0,1.09703295015318e-27,0.08257102324852668,0.9067900812806732,1.0,1.0,4.0,2.0,6.0,3.0,1.3799993243648658,1.0
51.0,0.9,-0.12100568362999864,0.18122826599543324,0.1796461726261861,0.0001503481371002403,0.0001967919079477083,0.15301081467727173,0.07942922054079127,6.392202131403404e-9,0.3941337506860973,0.5405568185634998,1.0,1.0,6.0,3.0,0.4609744243934758,1.0,2.192950523252786e-27,0.08498873822895504,0.9333412838377428,1.0,1.0,4.0,2.0,6.0,3.0,1.420406296547538,1.0
51.0,0.95,-0.12100568362999864,0.18122826599543324,0.1796461726261861,0.0001503481371002403,0.0001967919079477083,0.15301081467727173,0.07942922054079127,4.839419680918784e-7,0.4719991780289121,0.6473497222598948,1.0,1.0,6.0,3.0,0.552044956889165,1.0,4.779375841006908e-27,0.0877928160163205,0.9641354998312797,1.0,1.0,4.0,2.0,6.0,3.0,1.4672705026550965,1.0
52.0,0.4,-0.0012830620233527101,0.0546297520182466,0.05285940955746432,-0.00047515169508351634,-0.0006723784255823187,0.22902304549995184,0.034812252363858764,7.267188138636698e-21,0.12682894468052716,0.176462296544569,0.0,0.0,5.0,2.0,0.15047722421728085,1.0,1.1071660912456927e-28,0.07143082551650377,0.7691284015949451,0.0,1.0,6.0,3.0,6.0,3.0,1.16686380089779,1.0
52.0,0.45,-0.0012830620233527101,0.0546297520182466,0.05285940955746432,-0.00047515169508351634,-0.0006723784255823187,0.22902304549995184,0.034812252363858764,2.4807927417595547e-19,0.14692737359017605,0.2044260624756668,0.0,0.0,5.0,2.0,0.17432316727917777,1.0,2.2402126026146196e-28,0.07355951464734832,0.7920489720469934,0.0,1.0,6.0,3.0,6.0,3.0,1.2016371676086814,1.0
52.0,0.5,-0.0012830620233527101,0.0546297520182466,0.05285940955746432,-0.00047515169508351634,-0.0006723784255823187,0.22902304549995184,0.034812252363858764,6.870258258686252e-19,0.15329758843909547,0.2132892028617526,0.0,0.0,5.0,2.0,0.1818811600587256,1.0,3.7336369133953618e-28,0.07514192331301547,0.8090874906262496,0.0,1.0,6.0,3.0,6.0,3.0,1.2274867273308678,1.0
52.0,0.55,-0.0012830620233527101,0.0546297520182466,0.05285940955746432,-0.00047515169508351634,-0.0006723784255823187,0.22902304549995184,0.034812252363858764,1.530923741162509e-17,0.17446213258319618,0.2427362985101038,0.0,0.0,5.0,2.0,0.20699200413813204,1.0,6.622384574499023e-28,0.07695775737597484,0.8286394073275752,0.0,1.0,6.0,3.0,6.0,3.0,1.2571494257693023,1.0
52.0,0.6,-0.0012830620233527101,0.0546297520182466,0.05285940955746432,-0.00047515169508351634,-0.0006723784255823187,0.22902304549995184,0.034812252363858764,1.828943718231507e-16,0.1934578957025269,0.2691658804410839,0.0,0.0,5.0,2.0,0.22952968048075295,1.0,1.0544319961088358e-27,0.07846378320532571,0.8448554769377704,0.0,1.0,6.0,3.0,6.0,3.0,1.2817512277333654,1.0
52.0,0.65,-0.0012830620233527101,0.0546297520182466,0.05285940955746432,-0.00047515169508351634,-0.0006723784255823187,0.22902304549995184,0.034812252363858764,1.7880841351153063e-15,0.21273761033901842,0.2959905357281634,0.0,0.0,5.0,2.0,0.25240425339081163,1.0,1.3402434935058137e-27,0.07925185897093324,0.8533410495117204,0.0,1.0,6.0,3.0,6.0,3.0,1.294624900641427,1.0
52.0,0.7,-0.0012830620233527101,0.0546297520182466,0.05285940955746432,-0.00047515169508351634,-0.0006723784255823187,0.22902304549995184,0.034812252363858764,2.4729606552182654e-14,0.23734431237352474,0.3302268463931656,0.0,0.0,5.0,2.0,0.28159907345827473,1.0,1.895225118516301e-27,0.08040431142742381,0.865750032739416,0.0,1.0,6.0,3.0,6.0,3.0,1.3134508772980151,1.0
52.0,0.75,-0.0012830620233527101,0.0546297520182466,0.05285940955746432,-0.00047515169508351634,-0.0006723784255823187,0.22902304549995184,0.034812252363858764,4.725658983311527e-13,0.26838858732398163,0.373420015477066,0.0,0.0,5.0,2.0,0.3184318038271182,1.0,3.387345649451084e-27,0.08237351847268828,0.8869533865601531,0.0,1.0,6.0,3.0,6.0,3.0,1.345619012007044,1.0
52.0,0.8,-0.0012830620233527101,0.0546297520182466,0.05285940955746432,-0.00047515169508351634,-0.0006723784255823187,0.22902304549995184,0.034812252363858764,1.1362977943533934e-11,0.306412834350712,0.4263247051093613,0.0,0.0,5.0,2.0,0.3635459783552382,1.0,5.0834953449408176e-27,0.08377869119984266,0.9020835246453046,1.0,1.0,6.0,3.0,6.0,3.0,1.3685733202831887,1.0
52.0,0.85,-0.0012830620233527101,0.0546297520182466,0.05285940955746432,-0.00047515169508351634,-0.0006723784255823187,0.22902304549995184,0.034812252363858764,1.3426314089450995e-10,0.33961978189932185,0.47252688900691786,0.0,0.0,5.0,2.0,0.4029446290688466,1.0,1.0293174125870021e-26,0.08627792503582717,0.9289939195845123,1.0,1.0,6.0,3.0,6.0,3.0,1.4093997488187984,1.0
52.0,0.9,-0.0012830620233527101,0.0546297520182466,0.05285940955746432,-0.00047515169508351634,-0.0006723784255823187,0.22902304549995184,0.034812252363858764,1.1618804726039762e-8,0.408987315812995,0.5690407752564142,0.0,0.0,5.0,2.0,0.48524629908920974,1.0,2.2289743167176064e-26,0.08910071338652933,0.9593881741170287,1.0,1.0,6.0,3.0,6.0,3.0,1.455511627272021,1.0
52.0,0.95,-0.0012830620233527101,0.0546297520182466,0.05285940955746432,-0.00047515169508351634,-0.0006723784255823187,0.22902304549995184,0.034812252363858764,6.243576162822792e-6,0.5314607191711022,0.7394430290687423,1.0,1.0,6.0,3.0,0.6305558561796185,1.0,5.420743459206365e-26,0.09246185223450293,0.9955790949273073,1.0,1.0,6.0,3.0,6.0,3.0,1.5104177721070065,1.0
53.0,0.4,-0.1751101901682337,0.09298307446482018,0.09433198226980227,-0.00021171251870589654,0.00042010798974883955,0.13853186745236212,0.004518258123790364,9.07643733965001e-27,0.062273803649966014,0.08942999957826916,0.0,0.0,2.0,0.0,0.0704086289879893,1.0,2.4290201685713465e-29,0.06798555242642562,0.6919788118726066,1.0,1.0,4.0,2.0,6.0,3.0,0.9554183916032829,1.0
53.0,0.45,-0.1751101901682337,0.09298307446482018,0.09433198226980227,-0.00021171251870589654,0.00042010798974883955,0.13853186745236212,0.004518258123790364,1.5553786580451955e-22,0.09348001134076635,0.13424452795225872,0.0,0.0,2.0,0.0,0.10569130277123585,1.0,5.771582963616968e-29,0.07048190331819364,0.7173874738963826,1.0,1.0,4.0,2.0,6.0,3.0,0.9905002504507427,1.0
53.0,0.5,-0.1751101901682337,0.09298307446482018,0.09433198226980227,-0.00021171251870589654,0.00042010798974883955,0.13853186745236212,0.004518258123790364,1.9805336907324305e-21,0.10393412811870417,0.14925744838180555,0.0,0.0,2.0,0.0,0.11751104054977676,1.0,8.204059865244999e-29,0.07152231037801474,0.7279770714715144,1.0,1.0,4.0,2.0,6.0,3.0,1.005121357498195,1.0
53.0,0.55,-0.1751101901682337,0.09298307446482018,0.09433198226980227,-0.00021171251870589654,0.00042010798974883955,0.13853186745236212,0.004518258123790364,2.6439081653676415e-20,0.11578505759441357,0.1662762999035781,0.0,0.0,2.0,0.0,0.13091005663217573,1.0,1.730423301560586e-28,0.07378136441425333,0.7509704498020665,1.0,1.0,4.0,2.0,6.0,3.0,1.0368684228204013,1.0
53.0,0.6,-0.1751101901682337,0.09298307446482018,0.09433198226980227,-0.00021171251870589654,0.00042010798974883955,0.13853186745236212,0.004518258123790364,3.142679312462185e-19,0.1283649394264445,0.18434198340119778,0.0,0.0,3.0,1.0,0.14513324809808992,1.0,2.8695589071540826e-28,0.07535278330440813,0.7669648565216453,1.0,1.0,4.0,2.0,6.0,3.0,1.0589519752073808,1.0
53.0,0.65,-0.1751101901682337,0.09298307446482018,0.09433198226980227,-0.00021171251870589654,0.00042010798974883955,0.13853186745236212,0.004518258123790364,2.301158192065913e-18,0.13946760847479275,0.20028627506342686,0.0,0.0,3.0,1.0,0.15768625851312032,1.0,4.238485813686259e-28,0.07658742147045863,0.77953140074677,1.0,1.0,4.0,2.0,6.0,3.0,1.076302661768273,1.0
53.0,0.7,-0.1751101901682337,0.09298307446482018,0.09433198226980227,-0.00021171251870589654,0.00042010798974883955,0.13853186745236212,0.004518258123790364,5.709080215495035e-17,0.15943457440615652,0.22896038279672173,0.0,0.0,3.0,1.0,0.18026150868057947,1.0,7.140000352430891e-28,0.07826983660084817,0.7966555628878857,1.0,1.0,4.0,2.0,6.0,3.0,1.0999460727654153,1.0
53.0,0.75,-0.1751101901682337,0.09298307446482018,0.09433198226980227,-0.00021171251870589654,0.00042010798974883955,0.13853186745236212,0.004518258123790364,1.9236273812643967e-15,0.18459954391355032,0.2650992257857131,0.0,0.0,3.0,1.0,0.20871377749491796,1.0,1.305336471445843e-27,0.08026239297266077,0.8169364423033797,1.0,1.0,4.0,2.0,6.0,3.0,1.127947978111354,1.0
53.0,0.8,-0.1751101901682337,0.09298307446482018,0.09433198226980227,-0.00021171251870589654,0.00042010798974883955,0.13853186745236212,0.004518258123790364,5.6385692491979685e-14,0.2124993580300199,0.30516551720247337,0.0,0.0,5.0,2.0,0.2402581435979099,1.0,2.0747340540369838e-27,0.08182708915887407,0.8328624231807024,1.0,1.0,4.0,2.0,6.0,3.0,1.149937054616947,1.0
53.0,0.85,-0.1751101901682337,0.09298307446482018,0.09433198226980227,-0.00021171251870589654,0.00042010798974883955,0.13853186745236212,0.004518258123790364,2.0229869273906528e-10,0.29886516357729237,0.4291934952762629,1.0,1.0,6.0,3.0,0.33790591205937687,1.0,3.9252438843897546e-27,0.08403008013138048,0.8552851736227289,1.0,1.0,4.0,2.0,6.0,3.0,1.1808962513366679,1.0
53.0,0.9,-0.1751101901682337,0.09298307446482018,0.09433198226980227,-0.00021171251870589654,0.00042010798974883955,0.13853186745236212,0.004518258123790364,1.7783869452650506e-8,0.3601444100730324,0.5171952338415557,1.0,1.0,6.0,3.0,0.4071900649181602,1.0,1.1224116984078625e-26,0.08779032871018112,0.8935581926839486,1.0,1.0,6.0,3.0,6.0,3.0,1.233739988292019,1.0
53.0,0.95,-0.1751101901682337,0.09298307446482018,0.09433198226980227,-0.00021171251870589654,0.00042010798974883955,0.13853186745236212,0.004518258123790364,1.1190169175812866e-6,0.42798358400695957,0.6146175356878081,1.0,1.0,6.0,3.0,0.4838910683643848,1.0,4.4263808379051336e-26,0.09295563026093805,0.9461322926579779,1.0,1.0,6.0,3.0,6.0,3.0,1.306329294749606,1.0
54.0,0.4,-1.0459519432851128,-0.8920379758903402,-0.8922067335920582,-3.984603031560618e-5,-0.00021096169960128252,0.07514482037485343,-0.943454803489743,1.5444489712589178e-19,0.14933094859699322,0.2143631878216833,0.0,0.0,2.0,0.0,0.21661497129787222,0.0,2.288875110450778e-27,0.0903665689142938,1.1175979935797755,0.0,0.0,4.0,2.0,4.0,2.0,1.9111988684582022,1.0
54.0,0.45,-1.0459519432851128,-0.8920379758903402,-0.8922067335920582,-3.984603031560618e-5,-0.00021096169960128252,0.07514482037485343,-0.943454803489743,5.342263152808151e-18,0.17309033239724594,0.2484695622869399,0.0,0.0,2.0,0.0,0.2510796170280507,0.0,5.063064548381659e-27,0.0934058549784896,1.1551860092372224,0.0,0.0,4.0,2.0,4.0,2.0,1.9754779503863995,1.0
54.0,0.5,-1.0459519432851128,-0.8920379758903402,-0.8922067335920582,-3.984603031560618e-5,-0.00021096169960128252,0.07514482037485343,-0.943454803489743,2.26748081639368e-16,0.20234784162688443,0.2904684446694088,0.0,0.0,3.0,1.0,0.29351967772256227,0.0,7.491596406821808e-27,0.09494325960758229,1.1741996815436684,0.0,0.0,4.0,2.0,4.0,2.0,2.007993138500613,1.0
54.0,0.55,-1.0459519432851128,-0.8920379758903402,-0.8922067335920582,-3.984603031560618e-5,-0.00021096169960128252,0.07514482037485343,-0.943454803489743,1.2448848852247476e-15,0.21722741883542737,0.31182793936109626,0.0,0.0,3.0,1.0,0.31510354376128574,0.0,1.1353541973140589e-26,0.09660227319345709,1.1947173384290786,0.0,0.0,4.0,2.0,6.0,3.0,2.0430802832951422,1.0
54.0,0.6,-1.0459519432851128,-0.8920379758903402,-0.8922067335920582,-3.984603031560618e-5,-0.00021096169960128252,0.07514482037485343,-0.943454803489743,1.0010838652753952e-14,0.23693935104680355,0.34012423471484177,0.0,0.0,3.0,1.0,0.343697078258386,0.0,1.599594378326594e-26,0.09799199893801751,1.2119046093679582,0.0,0.0,4.0,2.0,6.0,3.0,2.072472151354118,1.0
54.0,0.65,-1.0459519432851128,-0.8920379758903402,-0.8922067335920582,-3.984603031560618e-5,-0.00021096169960128252,0.07514482037485343,-0.943454803489743,4.1764806256305246e-14,0.2514691391146506,0.3609816103483604,0.0,0.0,3.0,1.0,0.3647735507167163,0.0,2.3533512429662408e-26,0.09958115374383145,1.231558295944791,0.0,0.0,4.0,2.0,6.0,3.0,2.1060818247451367,1.0
54.0,0.7,-1.0459519432851128,-0.8920379758903402,-0.8922067335920582,-3.984603031560618e-5,-0.00021096169960128252,0.07514482037485343,-0.943454803489743,1.6167552216761901e-12,0.2928494661961322,0.42038268500589415,0.0,0.0,3.0,1.0,0.4247986054509644,0.0,5.201901680222844e-26,0.10292723231099153,1.2729405320742284,0.0,1.0,4.0,2.0,6.0,3.0,2.176849384564672,1.0
54.0,0.75,-1.0459519432851128,-0.8920379758903402,-0.8922067335920582,-3.984603031560618e-5,-0.00021096169960128252,0.07514482037485343,-0.943454803489743,1.539958597126281e-11,0.32168474702305455,0.4617754624433033,0.0,0.0,3.0,1.0,0.4666261943558381,0.0,9.911906930878818e-26,0.10572964070217111,1.3075989907586993,1.0,1.0,4.0,2.0,6.0,3.0,2.2361186454266186,1.0
54.0,0.8,-1.0459519432851128,-0.8920379758903402,-0.8922067335920582,-3.984603031560618e-5,-0.00021096169960128252,0.07514482037485343,-0.943454803489743,4.4059267106217454e-10,0.36992965284892754,0.5310305760427041,0.0,0.0,3.0,1.0,0.5366088000308579,0.0,1.7751690802795186e-25,0.1083282833157279,1.3397373999716953,1.0,1.0,4.0,2.0,6.0,3.0,2.291078381999857,1.0
54.0,0.85,-1.0459519432851128,-0.8920379758903402,-0.8922067335920582,-3.984603031560618e-5,-0.00021096169960128252,0.07514482037485343,-0.943454803489743,8.018304762685742e-8,0.4595023096631885,0.6596112918069994,0.0,0.0,3.0,1.0,0.6665401951447972,0.0,3.17791875408527e-25,0.1109888850395115,1.372642081248635,1.0,1.0,4.0,2.0,6.0,3.0,2.3473485166857935,1.0
54.0,0.9,-1.0459519432851128,-0.8920379758903402,-0.8922067335920582,-3.984603031560618e-5,-0.00021096169960128252,0.07514482037485343,-0.943454803489743,7.550850350814754e-7,0.5045072593634051,0.7242154785220312,0.0,0.0,3.0,1.0,0.7318230181574872,0.0,5.234976332605278e-25,0.11332132725887291,1.4014882881569815,1.0,1.0,4.0,2.0,6.0,3.0,2.3966782741828982,1.0
54.0,0.95,-1.0459519432851128,-0.8920379758903402,-0.8922067335920582,-3.984603031560618e-5,-0.00021096169960128252,0.07514482037485343,-0.943454803489743,0.0003028844099706094,0.6476456661785029,0.929689330211065,0.0,0.0,3.0,1.0,0.9394552750686301,0.0,1.7554676384639443e-24,0.11918087608156315,1.4739555743027268,1.0,1.0,4.0,2.0,6.0,3.0,2.5206042261599224,1.0
55.0,0.4,-0.7233099070377802,0.1648332434907811,0.16491018088569634,-0.0012603364546766535,0.000310876489411944,-0.00038181660318065136,-0.131162848422129,3.3258040508352884e-20,0.12020867185793457,0.16445586465057405,0.0,0.0,3.0,1.0,0.12225280686983864,0.0,2.735168696189905e-27,0.07337284332922832,0.7435029727911852,0.0,0.0,4.0,2.0,6.0,3.0,1.1244901771685396,1.0
55.0,0.45,-0.7233099070377802,0.1648332434907811,0.16491018088569634,-0.0012603364546766535,0.000310876489411944,-0.00038181660318065136,-0.131162848422129,1.8259880544656e-18,0.14204278709776585,0.19432682358513723,0.0,0.0,3.0,1.0,0.1444582087957789,0.0,3.66464845433395e-27,0.07427266789653374,0.7526210907545327,0.0,0.0,4.0,2.0,6.0,3.0,1.1382806184435175,1.0
55.0,0.5,-0.7233099070377802,0.1648332434907811,0.16491018088569634,-0.0012603364546766535,0.000310876489411944,-0.00038181660318065136,-0.131162848422129,5.925720531176881e-17,0.16420548250977607,0.2246473086269896,0.0,0.0,3.0,1.0,0.1669977783629532,0.0,5.6581888905974545e-27,0.07562915317618961,0.7663666509946643,0.0,0.0,4.0,2.0,6.0,3.0,1.159069704748956,1.0
55.0,0.55,-0.7233099070377802,0.1648332434907811,0.16491018088569634,-0.0012603364546766535,0.000310876489411944,-0.00038181660318065136,-0.131162848422129,4.698950251401567e-16,0.17900155621691857,0.24488961774939208,0.0,0.0,3.0,1.0,0.18204545764759708,0.0,8.825093061148232e-27,0.07704290465590617,0.7806925020897447,0.0,0.0,4.0,2.0,6.0,3.0,1.1807364356505443,1.0
55.0,0.6,-0.7233099070377802,0.1648332434907811,0.16491018088569634,-0.0012603364546766535,0.000310876489411944,-0.00038181660318065136,-0.131162848422129,5.677485544255749e-15,0.19858507547477888,0.2716815666385603,0.0,0.0,3.0,1.0,0.20196199245876617,0.0,1.2810000404157378e-26,0.07824841667084241,0.7929082174167195,0.0,0.0,4.0,2.0,6.0,3.0,1.1992117510090055,1.0
55.0,0.65,-0.7233099070377802,0.1648332434907811,0.16491018088569634,-0.0012603364546766535,0.000310876489411944,-0.00038181660318065136,-0.131162848422129,5.116842920600007e-14,0.21763656276613882,0.2977456497613056,0.0,0.0,3.0,1.0,0.22133744815938644,0.0,1.7035788425643098e-26,0.07918345319577366,0.8023831458018075,0.0,0.0,4.0,2.0,6.0,3.0,1.2135418401792055,1.0
55.0,0.7,-0.7233099070377802,0.1648332434907811,0.16491018088569634,-0.0012603364546766535,0.000310876489411944,-0.00038181660318065136,-0.131162848422129,2.775396852098297e-12,0.2570368065589682,0.35164859253777125,0.0,0.0,3.0,1.0,0.26140768868847186,0.0,2.8359860769218976e-26,0.08088295598597013,0.8196045770486275,0.0,0.0,4.0,2.0,6.0,3.0,1.2395879099092737,1.0
55.0,0.75,-0.7233099070377802,0.1648332434907811,0.16491018088569634,-0.0012603364546766535,0.000310876489411944,-0.00038181660318065136,-0.131162848422129,3.2669797839165524e-11,0.2848478024906656,0.3896964414329505,0.0,0.0,3.0,1.0,0.2896916074935464,1.0,4.55295240361229e-26,0.08249416363139858,0.8359312943980524,0.0,0.0,4.0,2.0,6.0,3.0,1.2642807947486085,1.0
55.0,0.8,-0.7233099070377802,0.1648332434907811,0.16491018088569634,-0.0012603364546766535,0.000310876489411944,-0.00038181660318065136,-0.131162848422129,1.62189846608472e-9,0.3351771655735634,0.45855136508515226,0.0,0.0,5.0,2.0,0.34087681576310574,1.0,7.447877951043949e-26,0.08420328480450963,0.8532501908099925,0.0,0.0,4.0,2.0,6.0,3.0,1.2904742729286822,1.0
55.0,0.85,-0.7233099070377802,0.1648332434907811,0.16491018088569634,-0.0012603364546766535,0.000310876489411944,-0.00038181660318065136,-0.131162848422129,2.3196227250407643e-8,0.3744689628504772,0.5123059436440651,0.0,0.0,5.0,2.0,0.38083676565540897,1.0,1.1395229660912442e-25,0.0857086140953445,0.8685040197742506,0.0,0.0,4.0,2.0,6.0,3.0,1.3135444978803386,1.0
55.0,0.9,-0.7233099070377802,0.1648332434907811,0.16491018088569634,-0.0012603364546766535,0.000310876489411944,-0.00038181660318065136,-0.131162848422129,6.954216179475498e-7,0.43146984218133816,0.5902880788038175,0.0,0.0,5.0,2.0,0.4388069385600916,1.0,2.0284887703005513e-25,0.0877929959256613,0.8896255140077326,0.0,0.0,4.0,2.0,6.0,3.0,1.345489108274442,1.0
55.0,0.95,-0.7233099070377802,0.1648332434907811,0.16491018088569634,-0.0012603364546766535,0.000310876489411944,-0.00038181660318065136,-0.131162848422129,8.565115022557379e-5,0.527295406537593,0.721385742543598,0.0,0.0,5.0,2.0,0.536262005913997,1.0,4.427527160502056e-25,0.09069521937521467,0.9190343751685985,0.0,1.0,4.0,2.0,6.0,3.0,1.3899677138850677,1.0
56.0,0.4,-0.6225540471133149,0.07001081551709804,0.06618812000302471,1.0658040651272837e-5,1.6094197695222747e-5,0.1261071294864759,-0.1633922690357551,6.293445742854337e-23,0.09190538800485185,0.1288357586355612,0.0,0.0,2.0,0.0,0.0961252609767299,0.0,6.350366123858678e-31,0.05214631949278325,0.49854734333635475,0.0,0.0,4.0,2.0,6.0,3.0,0.7696156340143263,1.0
56.0,0.45,-0.6225540471133149,0.07001081551709804,0.06618812000302471,1.0658040651272837e-5,1.6094197695222747e-5,0.1261071294864759,-0.1633922690357551,1.177969718168652e-21,0.10383677893145217,0.14556154408706107,0.0,0.0,2.0,0.0,0.10860448653175714,0.0,9.739190377471565e-31,0.053083819642315136,0.5075103576674285,0.0,0.0,4.0,2.0,6.0,3.0,0.7834519848630254,1.0
56.0,0.5,-0.6225540471133149,0.07001081551709804,0.06618812000302471,1.0658040651272837e-5,1.6094197695222747e-5,0.1261071294864759,-0.1633922690357551,5.489312435720977e-20,0.12186169100899315,0.17082941218775052,0.0,0.0,2.0,0.0,0.12745701971996118,0.0,1.9915859094786087e-30,0.05468988449923554,0.5228652163694767,0.0,0.0,4.0,2.0,6.0,3.0,0.8071555297181515,1.0
56.0,0.55,-0.6225540471133149,0.07001081551709804,0.06618812000302471,1.0658040651272837e-5,1.6094197695222747e-5,0.1261071294864759,-0.1633922690357551,4.572588749833863e-19,0.13311511601992998,0.18660480446895072,0.0,0.0,3.0,0.0,0.13922715028076416,0.0,2.7808059382369396e-30,0.055455865927155575,0.5301884178849233,0.0,0.0,4.0,2.0,6.0,3.0,0.8184604748806469,1.0
56.0,0.6,-0.6225540471133149,0.07001081551709804,0.06618812000302471,1.0658040651272837e-5,1.6094197695222747e-5,0.1261071294864759,-0.1633922690357551,6.970600288897338e-18,0.14911575892594942,0.2090349906876836,0.0,0.0,4.0,1.0,0.15596246916169182,0.0,3.9240005202863695e-30,0.05625732656620231,0.5378508200692367,0.0,0.0,4.0,2.0,6.0,3.0,0.8302890496268055,1.0
56.0,0.65,-0.6225540471133149,0.07001081551709804,0.06618812000302471,1.0658040651272837e-5,1.6094197695222747e-5,0.1261071294864759,-0.1633922690357551,1.4861875021658155e-16,0.16939100807003732,0.23745744949788597,0.0,0.0,4.0,1.0,0.17716866455081065,0.0,5.3369920475785206e-30,0.05698288093265605,0.5447875167596266,0.0,0.0,4.0,2.0,6.0,3.0,0.8409973410111562,1.0
56.0,0.7,-0.6225540471133149,0.07001081551709804,0.06618812000302471,1.0658040651272837e-5,1.6094197695222747e-5,0.1261071294864759,-0.1633922690357551,7.657148259144939e-16,0.18136636397721378,0.2542448663917735,0.0,0.0,4.0,1.0,0.18969387375623606,0.0,9.090265104654406e-30,0.0582614204572715,0.5570110540974011,0.0,0.0,4.0,2.0,6.0,3.0,0.8598670142003729,1.0
56.0,0.75,-0.6225540471133149,0.07001081551709804,0.06618812000302471,1.0658040651272837e-5,1.6094197695222747e-5,0.1261071294864759,-0.1633922690357551,3.998903827638605e-15,0.19429792340571786,0.2723727183651987,0.0,0.0,4.0,1.0,0.20321919095347615,0.0,1.340936669348088e-29,0.05921281713682077,0.5661069268581617,0.0,0.0,4.0,2.0,6.0,3.0,0.8739084607655859,1.0
56.0,0.8,-0.6225540471133149,0.07001081551709804,0.06618812000302471,1.0658040651272837e-5,1.6094197695222747e-5,0.1261071294864759,-0.1633922690357551,2.9147939057761184e-14,0.2110632459601174,0.29587485569312033,0.0,0.0,4.0,1.0,0.22075430005736935,0.0,2.012760742400631e-29,0.06022336973654089,0.5757683625796575,0.0,0.0,4.0,2.0,6.0,3.0,0.8888229760622222,1.0
56.0,0.85,-0.6225540471133149,0.07001081551709804,0.06618812000302471,1.0658040651272837e-5,1.6094197695222747e-5,0.1261071294864759,-0.1633922690357551,4.408675185916829e-13,0.23635608623822468,0.3313311258424397,0.0,0.0,4.0,1.0,0.24720847130190463,0.0,4.3560480780109234e-29,0.06219219815001565,0.5945914393484564,0.0,0.0,5.0,2.0,6.0,3.0,0.9178804654965724,1.0
56.0,0.9,-0.6225540471133149,0.07001081551709804,0.06618812000302471,1.0658040651272837e-5,1.6094197695222747e-5,0.1261071294864759,-0.1633922690357551,1.3135542929697954e-11,0.2722634145653115,0.3816671070729653,0.0,0.0,5.0,2.0,0.28476449909688145,0.0,7.429220579886783e-29,0.06359110156719801,0.6079657213496422,0.0,0.0,5.0,2.0,6.0,3.0,0.9385265619193246,1.0
56.0,0.95,-0.6225540471133149,0.07001081551709804,0.06618812000302471,1.0658040651272837e-5,1.6094197695222747e-5,0.1261071294864759,-0.1633922690357551,1.1377665256149938e-8,0.36090217583907563,0.5059236093426575,0.0,0.0,5.0,2.0,0.37747314485815964,1.0,1.958987223362464e-28,0.06621276073365383,0.6330302172773141,0.0,0.0,6.0,3.0,6.0,3.0,0.9772190315161595,1.0
57.0,0.4,-0.20466876274922674,0.047410303829643397,0.04555673085373679,-0.0001664356473724911,5.742328063285493e-6,-0.10594912491725789,-0.0378514336805843,2.226206820182738e-23,0.08417947760119796,0.1166321823608963,0.0,0.0,2.0,0.0,0.08733890805504343,1.0,7.96460388766395e-31,0.05634271198176683,0.5769476284258281,1.0,1.0,6.0,3.0,6.0,3.0,0.7585605539733881,1.0
57.0,0.45,-0.20466876274922674,0.047410303829643397,0.04555673085373679,-0.0001664356473724911,5.742328063285493e-6,-0.10594912491725789,-0.0378514336805843,2.293090854031598e-22,0.09277021206047972,0.1285347996807112,0.0,0.0,2.0,0.0,0.09625207060303514,1.0,1.3088553055035108e-30,0.057520995195574624,0.589013212099549,1.0,1.0,6.0,3.0,6.0,3.0,0.774424170330599,1.0
57.0,0.5,-0.20466876274922674,0.047410303829643397,0.04555673085373679,-0.0001664356473724911,5.742328063285493e-6,-0.10594912491725789,-0.0378514336805843,2.5764536064452142e-21,0.1026085602107156,0.1421660082399333,0.0,0.0,3.0,0.0,0.10645967237240904,1.0,2.3382568467072035e-30,0.05892863961494339,0.6034274474257519,1.0,1.0,6.0,3.0,6.0,3.0,0.7933757524074336,1.0
57.0,0.55,-0.20466876274922674,0.047410303829643397,0.04555673085373679,-0.0001664356473724911,5.742328063285493e-6,-0.10594912491725789,-0.0378514336805843,1.0460013269595216e-19,0.1197305120622028,0.16588878091117548,0.0,0.0,4.0,1.0,0.12422424660229994,1.0,3.20102190482012e-30,0.059704848413357346,0.6113758015190572,1.0,1.0,6.0,3.0,6.0,3.0,0.8038261080153509,1.0
57.0,0.6,-0.20466876274922674,0.047410303829643397,0.04555673085373679,-0.0001664356473724911,5.742328063285493e-6,-0.10594912491725789,-0.0378514336805843,4.2518424980575807e-19,0.12693509491778454,0.17587086021828724,0.0,0.0,4.0,1.0,0.13169923240085332,1.0,5.7786654796553526e-30,0.0611925739299099,0.6266100648041003,1.0,1.0,6.0,3.0,6.0,3.0,0.8238558483722166,1.0
57.0,0.65,-0.20466876274922674,0.047410303829643397,0.04555673085373679,-0.0001664356473724911,5.742328063285493e-6,-0.10594912491725789,-0.0378514336805843,2.859025977026308e-17,0.15126324663841606,0.20957795259805598,0.0,0.0,5.0,2.0,0.15694047013273427,1.0,8.220703518690458e-30,0.062097928674330366,0.6358808693909739,1.0,1.0,6.0,3.0,6.0,3.0,0.8360449385369266,1.0
57.0,0.7,-0.20466876274922674,0.047410303829643397,0.04555673085373679,-0.0001664356473724911,5.742328063285493e-6,-0.10594912491725789,-0.0378514336805843,3.4566891667383165e-16,0.16781670014249234,0.23251306056981855,0.0,0.0,5.0,2.0,0.1741152090926893,1.0,1.14540527197736e-29,0.06296210010601193,0.6447299581288992,1.0,1.0,6.0,3.0,6.0,3.0,0.8476795641501995,1.0
57.0,0.75,-0.20466876274922674,0.047410303829643397,0.04555673085373679,-0.0001664356473724911,5.742328063285493e-6,-0.10594912491725789,-0.0378514336805843,3.4190060827657347e-15,0.18463051941390807,0.25580891000164024,0.0,0.0,5.0,2.0,0.19156008588745096,1.0,1.5010502305069836e-29,0.06367550151223446,0.652035166468337,1.0,1.0,6.0,3.0,6.0,3.0,0.8572843230777549,1.0
57.0,0.8,-0.20466876274922674,0.047410303829643397,0.04555673085373679,-0.0001664356473724911,5.742328063285493e-6,-0.10594912491725789,-0.0378514336805843,4.618660923589397e-14,0.2057844242518935,0.2851180261545997,1.0,1.0,6.0,3.0,0.21350794066510584,1.0,2.8618302879768927e-29,0.06541079104021698,0.6698044775750809,1.0,1.0,6.0,3.0,6.0,3.0,0.8806470995461047,1.0
57.0,0.85,-0.20466876274922674,0.047410303829643397,0.04555673085373679,-0.0001664356473724911,5.742328063285493e-6,-0.10594912491725789,-0.0378514336805843,6.63704258068128e-13,0.22995345470382497,0.3186046531506742,1.0,1.0,6.0,3.0,0.23858408497692024,1.0,5.653028274824909e-29,0.06729264846552512,0.6890746394181675,1.0,1.0,6.0,3.0,6.0,3.0,0.9059831680602124,1.0
57.0,0.9,-0.20466876274922674,0.047410303829643397,0.04555673085373679,-0.0001664356473724911,5.742328063285493e-6,-0.10594912491725789,-0.0378514336805843,4.5021863730901e-10,0.3017289452654183,0.4180508880617759,1.0,1.0,6.0,3.0,0.3130534586223969,1.0,1.2668759021067483e-28,0.06959368390493147,0.712637171163514,1.0,1.0,6.0,3.0,6.0,3.0,0.9369627687261037,1.0
57.0,0.95,-0.20466876274922674,0.047410303829643397,0.04555673085373679,-0.0001664356473724911,5.742328063285493e-6,-0.10594912491725789,-0.0378514336805843,1.6673095937562168e-8,0.35073168939007937,0.4859450726278544,1.0,1.0,6.0,3.0,0.36389537740721584,1.0,7.611692806835606e-28,0.07499246434904294,0.7679205159664734,1.0,1.0,6.0,3.0,6.0,3.0,1.0096483342663498,1.0
58.0,0.4,-0.12155600735552907,-0.023348377037283652,-0.020693089850308155,-0.00027745823688891925,0.00017902849272578953,0.2340395892940533,-0.05431372901871501,3.806766662247485e-20,0.136612923010193,0.1645503163517973,0.0,0.0,4.0,1.0,0.13061872510461275,1.0,4.4577432156230127e-26,0.0886979132251674,0.8810274707642168,1.0,1.0,6.0,3.0,6.0,3.0,1.2618965822592736,1.0
58.0,0.45,-0.12155600735552907,-0.023348377037283652,-0.020693089850308155,-0.00027745823688891925,0.00017902849272578953,0.2340395892940533,-0.05431372901871501,2.8813861941560623e-19,0.14863417182562763,0.1790299150013031,0.0,0.0,5.0,2.0,0.142112514709863,1.0,8.119954650752035e-26,0.0909421063582489,0.9033188159385496,1.0,1.0,6.0,3.0,6.0,3.0,1.293824499631762,1.0
58.0,0.5,-0.12155600735552907,-0.023348377037283652,-0.020693089850308155,-0.00027745823688891925,0.00017902849272578953,0.2340395892940533,-0.05431372901871501,5.573896229220193e-18,0.1681609787026064,0.2025499611151511,0.0,0.0,5.0,2.0,0.16078253920999502,1.0,1.5427078355564234e-25,0.09340685771822428,0.9278009438464431,1.0,1.0,6.0,3.0,6.0,3.0,1.3288902774407187,1.0
58.0,0.55,-0.12155600735552907,-0.023348377037283652,-0.020693089850308155,-0.00027745823688891925,0.00017902849272578953,0.2340395892940533,-0.05431372901871501,9.889431956762106e-17,0.18956904073343483,0.22833597975841577,0.0,0.0,5.0,2.0,0.18125127458152818,1.0,3.08590596027928e-25,0.09614452409297318,0.9549939092076268,1.0,1.0,6.0,3.0,6.0,3.0,1.3678387906136478,1.0
58.0,0.6,-0.12155600735552907,-0.023348377037283652,-0.020693089850308155,-0.00027745823688891925,0.00017902849272578953,0.2340395892940533,-0.05431372901871501,4.294987707831189e-15,0.22182407875791296,0.26718718500252814,0.0,0.0,5.0,2.0,0.2120910505860559,1.0,4.641942939831319e-25,0.09779412539168085,0.9713792333615374,1.0,1.0,6.0,3.0,6.0,3.0,1.3913075078048327,1.0
58.0,0.65,-0.12155600735552907,-0.023348377037283652,-0.020693089850308155,-0.00027745823688891925,0.00017902849272578953,0.2340395892940533,-0.05431372901871501,8.866500267484533e-14,0.2516469180939552,0.3031088060258073,0.0,0.0,5.0,2.0,0.24060534606586848,1.0,6.634689356374111e-25,0.09926042571180148,0.9859438472903584,1.0,1.0,6.0,3.0,6.0,3.0,1.4121684198065467,1.0
58.0,0.7,-0.12155600735552907,-0.023348377037283652,-0.020693089850308155,-0.00027745823688891925,0.00017902849272578953,0.2340395892940533,-0.05431372901871501,1.363285477058404e-12,0.2819960705239036,0.3396643713655836,0.0,0.0,5.0,2.0,0.2696228614740532,1.0,1.0666002518496616e-24,0.10124346778433398,1.005641205188138,1.0,1.0,6.0,3.0,6.0,3.0,1.440380966447329,1.0
58.0,0.75,-0.12155600735552907,-0.023348377037283652,-0.020693089850308155,-0.00027745823688891925,0.00017902849272578953,0.2340395892940533,-0.05431372901871501,2.1015264057635704e-11,0.3160391549020866,0.38066927910482407,0.0,0.0,5.0,2.0,0.30217222929466003,1.0,1.8214206058530945e-24,0.10352630228496174,1.0283163711884435,1.0,1.0,6.0,3.0,6.0,3.0,1.4728586307965768,1.0
58.0,0.8,-0.12155600735552907,-0.023348377037283652,-0.020693089850308155,-0.00027745823688891925,0.00017902849272578953,0.2340395892940533,-0.05431372901871501,1.0544665246986965e-9,0.37204457214489073,0.44812782491187203,0.0,0.0,5.0,2.0,0.3557202834466172,1.0,3.487215372581408e-24,0.1063661788029276,1.056524579644877,1.0,1.0,6.0,3.0,6.0,3.0,1.5132612777332877,1.0
58.0,0.85,-0.12155600735552907,-0.023348377037283652,-0.020693089850308155,-0.00027745823688891925,0.00017902849272578953,0.2340395892940533,-0.05431372901871501,2.147351491685133e-8,0.421823952868331,0.5080871074259246,0.0,0.0,5.0,2.0,0.40331548237305975,1.0,5.9242365577138515e-24,0.10874099229259006,1.0801133637126898,1.0,1.0,6.0,3.0,6.0,3.0,1.5470475182111296,1.0
58.0,0.9,-0.12155600735552907,-0.023348377037283652,-0.020693089850308155,-0.00027745823688891925,0.00017902849272578953,0.2340395892940533,-0.05431372901871501,2.708427813476768e-5,0.567978407509035,0.6841302021597796,1.0,1.0,6.0,3.0,0.5430570830421584,1.0,1.1840212358191057e-23,0.11192409400474022,1.1117307935785052,1.0,1.0,6.0,3.0,6.0,3.0,1.5923331965939926,1.0
58.0,0.95,-0.12155600735552907,-0.023348377037283652,-0.020693089850308155,-0.00027745823688891925,0.00017902849272578953,0.2340395892940533,-0.05431372901871501,0.005230637136319203,0.7072534061521957,0.8518869895972189,1.0,1.0,6.0,3.0,0.676221079250328,1.0,4.627794216622065e-23,0.11846521866037267,1.1767031283466938,1.0,1.0,6.0,3.0,6.0,3.0,1.6853931407002343,1.0
59.0,0.4,-0.23482478420385022,0.040386334033537696,0.039992288771822926,-0.00036569283559975094,0.0014723869513656102,0.13829836479070368,-0.05161306888673478,1.9355698028143126e-21,0.1021096899879236,0.14354650764569543,0.0,0.0,4.0,1.0,0.11093543915056539,1.0,2.9315564404420104e-29,0.06257698317077585,0.5925820705617387,0.0,1.0,6.0,3.0,6.0,3.0,0.8919073376543634,1.0
59.0,0.45,-0.23482478420385022,0.040386334033537696,0.039992288771822926,-0.00036569283559975094,0.0014723869513656102,0.13829836479070368,-0.05161306888673478,1.251645289440789e-19,0.12148191861114425,0.1707801204840676,0.0,0.0,4.0,1.0,0.13198208702400727,1.0,3.865770746726692e-29,0.06330242759530987,0.5994517746827357,0.0,1.0,6.0,3.0,6.0,3.0,0.9022470691741236,1.0
59.0,0.5,-0.23482478420385022,0.040386334033537696,0.039992288771822926,-0.00036569283559975094,0.0014723869513656102,0.13829836479070368,-0.05161306888673478,1.4184864383644101e-18,0.13441342232860817,0.18895931775191566,0.0,0.0,4.0,1.0,0.14603131236142325,1.0,5.790481270733564e-29,0.06437718345360047,0.6096293354979659,0.0,1.0,6.0,3.0,6.0,3.0,0.9175655231427395,1.0
59.0,0.55,-0.23482478420385022,0.040386334033537696,0.039992288771822926,-0.00036569283559975094,0.0014723869513656102,0.13829836479070368,-0.05161306888673478,9.278451883480087e-18,0.14535436205555716,0.204340166409387,0.0,0.0,4.0,1.0,0.15791792129611396,1.0,7.620100736010456e-29,0.0651179256543532,0.6166439041913239,0.0,1.0,6.0,3.0,6.0,3.0,0.928123293279382,1.0
59.0,0.6,-0.23482478420385022,0.040386334033537696,0.039992288771822926,-0.00036569283559975094,0.0014723869513656102,0.13829836479070368,-0.05161306888673478,7.589517491357689e-17,0.15865685688373504,0.22304090554379916,0.0,0.0,4.0,1.0,0.17237020399070022,1.0,1.063924268115828e-28,0.06602982420062918,0.6252792634130964,0.0,1.0,6.0,3.0,6.0,3.0,0.9411205482349345,1.0
59.0,0.65,-0.23482478420385022,0.040386334033537696,0.039992288771822926,-0.00036569283559975094,0.0014723869513656102,0.13829836479070368,-0.05161306888673478,6.2655982153069854e-15,0.19068799922681626,0.2680705067481047,0.0,0.0,5.0,2.0,0.20716992615951924,1.0,1.7026087919673307e-28,0.06733620673179012,0.6376502475359387,0.0,1.0,6.0,3.0,6.0,3.0,0.9597403682755736,1.0
59.0,0.7,-0.23482478420385022,0.040386334033537696,0.039992288771822926,-0.00036569283559975094,0.0014723869513656102,0.13829836479070368,-0.05161306888673478,2.0738245963401732e-13,0.22062196935253472,0.31015188876019056,0.0,0.0,5.0,2.0,0.23969120912305805,1.0,3.241272745300736e-28,0.06916695821140248,0.6549868215844509,0.0,1.0,6.0,3.0,6.0,3.0,0.9858339987983438,1.0
59.0,0.75,-0.23482478420385022,0.040386334033537696,0.039992288771822926,-0.00036569283559975094,0.0014723869513656102,0.13829836479070368,-0.05161306888673478,1.7390917938909566e-12,0.24106270589083922,0.33888761740774986,0.0,0.0,5.0,2.0,0.2618987203269997,1.0,5.261881026450551e-28,0.07057752164313708,0.6683443622756474,0.0,1.0,6.0,3.0,6.0,3.0,1.0059387052134425,1.0
59.0,0.8,-0.23482478420385022,0.040386334033537696,0.039992288771822926,-0.00036569283559975094,0.0014723869513656102,0.13829836479070368,-0.05161306888673478,6.9394062348545206e-12,0.2553710638584113,0.35900240589288135,0.0,0.0,5.0,2.0,0.27744380693772025,1.0,9.21151518974007e-28,0.07224359055240594,0.6841214501748631,0.0,1.0,6.0,3.0,6.0,3.0,1.0296851213862923,1.0
59.0,0.85,-0.23482478420385022,0.040386334033537696,0.039992288771822926,-0.00036569283559975094,0.0014723869513656102,0.13829836479070368,-0.05161306888673478,1.1205762029052798e-10,0.2867543276134669,0.4031212149020436,1.0,1.0,6.0,3.0,0.31153965177925164,1.0,1.47831637579134e-27,0.07368162052850788,0.6977390894024171,0.0,1.0,6.0,3.0,6.0,3.0,1.0501813074033142,1.0
59.0,0.9,-0.23482478420385022,0.040386334033537696,0.039992288771822926,-0.00036569283559975094,0.0014723869513656102,0.13829836479070368,-0.05161306888673478,1.5394518714166719e-9,0.31983317613305245,0.4496236886877251,1.0,1.0,6.0,3.0,0.34747763756247413,1.0,2.661651670161845e-27,0.07550925092948631,0.7150461079315422,0.0,1.0,6.0,3.0,6.0,3.0,1.076230453312191,1.0
59.0,0.95,-0.23482478420385022,0.040386334033537696,0.039992288771822926,-0.00036569283559975094,0.0014723869513656102,0.13829836479070368,-0.05161306888673478,1.2418104390373081e-8,0.34890101041273003,0.49048745094344287,1.0,1.0,6.0,3.0,0.37905792109240427,1.0,4.4289850015016384e-27,0.07712849727756098,0.7303798026076341,0.0,1.0,6.0,3.0,6.0,3.0,1.0993095093187182,1.0
60.0,0.4,-0.5299509580984516,-0.003396274528484289,-0.004239791157238992,-0.0008542662953957535,-0.00014814329764353275,0.03717114440343794,-0.17947651347097648,3.0610460797264438e-24,0.07982064671804023,0.10808426443092414,0.0,0.0,5.0,2.0,0.07620808197027146,0.0,3.6810598730163736e-28,0.0671286038788477,0.6682363700719995,1.0,1.0,6.0,3.0,6.0,3.0,0.9239599699931801,1.0
60.0,0.45,-0.5299509580984516,-0.003396274528484289,-0.004239791157238992,-0.0008542662953957535,-0.00014814329764353275,0.03717114440343794,-0.17947651347097648,6.934728963662052e-22,0.10005686542169247,0.1354859067800988,0.0,0.0,5.0,2.0,0.095528439260583,0.0,5.13520462049245e-28,0.06806627509329181,0.6775704835862919,1.0,1.0,6.0,3.0,6.0,3.0,0.9368661026564613,1.0
60.0,0.5,-0.5299509580984516,-0.003396274528484289,-0.004239791157238992,-0.0008542662953957535,-0.00014814329764353275,0.03717114440343794,-0.17947651347097648,1.9236779074360722e-20,0.11491485655033262,0.15560495001126964,0.0,0.0,5.0,2.0,0.10971397962390186,0.0,7.227511211484964e-28,0.06904251619380468,0.6872885437220156,1.0,1.0,6.0,3.0,6.0,3.0,0.9503031123038524,1.0
60.0,0.55,-0.5299509580984516,-0.003396274528484289,-0.004239791157238992,-0.0008542662953957535,-0.00014814329764353275,0.03717114440343794,-0.17947651347097648,5.3992625889493195e-18,0.14533981390107192,0.19680305189101388,0.0,0.0,5.0,2.0,0.1387619482768935,0.0,1.037546017798448e-27,0.07009048285942487,0.6977206009990352,1.0,1.0,6.0,3.0,6.0,3.0,0.9647273546233832,1.0
60.0,0.6,-0.5299509580984516,-0.003396274528484289,-0.004239791157238992,-0.0008542662953957535,-0.00014814329764353275,0.03717114440343794,-0.17947651347097648,6.360894594475998e-16,0.17728987044868635,0.24006627390766613,0.0,0.0,5.0,2.0,0.1692659923863872,0.0,1.2948040755049859e-27,0.07074035701479714,0.7041898186126375,1.0,1.0,6.0,3.0,6.0,3.0,0.9736722405647145,1.0
60.0,0.65,-0.5299509580984516,-0.003396274528484289,-0.004239791157238992,-0.0008542662953957535,-0.00014814329764353275,0.03717114440343794,-0.17947651347097648,5.4983279260306604e-14,0.2134913454888481,0.28908629519178347,0.0,0.0,5.0,2.0,0.20382904205761784,0.0,1.8091146306825467e-27,0.07173313835259329,0.7140725296942122,1.0,1.0,6.0,3.0,6.0,3.0,0.9873369104978991,1.0
60.0,0.7,-0.5299509580984516,-0.003396274528484289,-0.004239791157238992,-0.0008542662953957535,-0.00014814329764353275,0.03717114440343794,-0.17947651347097648,7.734348810287267e-13,0.23835356619699394,0.32275195624376163,0.0,0.0,5.0,2.0,0.22756603532431285,0.0,2.7559190406684047e-27,0.07300229507638016,0.7267064388350374,1.0,1.0,6.0,3.0,6.0,3.0,1.0048056189272168,1.0
60.0,0.75,-0.5299509580984516,-0.003396274528484289,-0.004239791157238992,-0.0008542662953957535,-0.00014814329764353275,0.03717114440343794,-0.17947651347097648,6.504892067011628e-12,0.26046877547788755,0.3526979191761955,0.0,0.0,5.0,2.0,0.24868034284955046,0.0,3.603005459845782e-27,0.07382210927972233,0.7348673365108411,1.0,1.0,6.0,3.0,6.0,3.0,1.0160895644132133,1.0
60.0,0.8,-0.5299509580984516,-0.003396274528484289,-0.004239791157238992,-0.0008542662953957535,-0.00014814329764353275,0.03717114440343794,-0.17947651347097648,4.749159984341342e-11,0.28296303025570907,0.3831571434690143,0.0,0.0,5.0,2.0,0.2701565408315565,0.0,5.061236050036315e-27,0.07487487371712034,0.745347153541706,1.0,1.0,6.0,3.0,6.0,3.0,1.0305798433968745,1.0
60.0,0.85,-0.5299509580984516,-0.003396274528484289,-0.004239791157238992,-0.0008542662953957535,-0.00014814329764353275,0.03717114440343794,-0.17947651347097648,3.351373648004178e-9,0.33787413729271676,0.45751167274447485,0.0,0.0,5.0,2.0,0.32258245214917125,0.0,9.270592854860838e-27,0.07678709264407815,0.764382470242757,1.0,1.0,6.0,3.0,6.0,3.0,1.0568996778680486,1.0
60.0,0.9,-0.5299509580984516,-0.003396274528484289,-0.004239791157238992,-0.0008542662953957535,-0.00014814329764353275,0.03717114440343794,-0.17947651347097648,9.066423856856985e-8,0.3876417080145196,0.524901395769161,0.0,0.0,5.0,2.0,0.3700976160193137,1.0,2.596273316116388e-26,0.08015365765130351,0.797895176452167,1.0,1.0,6.0,3.0,6.0,3.0,1.103237172219487,1.0
60.0,0.95,-0.5299509580984516,-0.003396274528484289,-0.004239791157238992,-0.0008542662953957535,-0.00014814329764353275,0.03717114440343794,-0.17947651347097648,0.0003417235569341939,0.5463116383801044,0.7397546125245971,1.0,1.0,6.0,3.0,0.5215863793493265,1.0,8.550444254653246e-26,0.084234811153729,0.8385213036853417,1.0,1.0,6.0,3.0,6.0,3.0,1.1594102824847345,1.0
61.0,0.4,-0.12385256966381242,0.058305188815438114,0.055539805093147765,-0.00023056674826275037,-0.0002165979822937827,0.13537641763924274,-0.004257319825838879,1.5183837641599428e-20,0.10505943074567345,0.15156712687348703,0.0,0.0,3.0,1.0,0.11491591344351948,1.0,4.851631607662164e-29,0.06468837181288604,0.627200315233432,1.0,1.0,6.0,3.0,6.0,3.0,0.873315015981743,1.0
61.0,0.45,-0.12385256966381242,0.058305188815438114,0.055539805093147765,-0.00023056674826275037,-0.0002165979822937827,0.13537641763924274,-0.004257319825838879,5.636951882109185e-19,0.12213430318793607,0.1762007017885273,0.0,0.0,4.0,1.0,0.13359271903543438,1.0,7.682243790855125e-29,0.06593908221789617,0.6393268526358129,1.0,1.0,6.0,3.0,6.0,3.0,0.8902000317385063,1.0
61.0,0.5,-0.12385256966381242,0.058305188815438114,0.055539805093147765,-0.00023056674826275037,-0.0002165979822937827,0.13537641763924274,-0.004257319825838879,5.1006831660081585e-18,0.13387371846343862,0.1931369200019114,0.0,0.0,5.0,2.0,0.14643350467554445,1.0,1.1709309995976603e-28,0.06710728966412645,0.6506534644827311,1.0,1.0,6.0,3.0,6.0,3.0,0.9059712294975968,1.0
61.0,0.55,-0.12385256966381242,0.058305188815438114,0.055539805093147765,-0.00023056674826275037,-0.0002165979822937827,0.13537641763924274,-0.004257319825838879,5.566061672230644e-17,0.14789107958320338,0.21335948485107764,0.0,0.0,5.0,2.0,0.161765948852259,1.0,1.8729542925450752e-28,0.06843362205987494,0.6635132115037876,1.0,1.0,6.0,3.0,6.0,3.0,0.9238771678436819,1.0
61.0,0.6,-0.12385256966381242,0.058305188815438114,0.055539805093147765,-0.00023056674826275037,-0.0002165979822937827,0.13537641763924274,-0.004257319825838879,1.6155105916357828e-15,0.1701728950807778,0.24550501174497405,0.0,0.0,5.0,2.0,0.1861382033267977,1.0,2.962876741932088e-28,0.0697539748709142,0.6763149821481094,1.0,1.0,6.0,3.0,6.0,3.0,0.9417023797629063,1.0
61.0,0.65,-0.12385256966381242,0.058305188815438114,0.055539805093147765,-0.00023056674826275037,-0.0002165979822937827,0.13537641763924274,-0.004257319825838879,8.335698651922424e-15,0.18221469379657199,0.26287747246351767,0.0,0.0,5.0,2.0,0.19930974146579988,1.0,4.644015721536573e-28,0.0710724791181693,0.6890988296362957,1.0,1.0,6.0,3.0,6.0,3.0,0.9595026354424631,1.0
61.0,0.7,-0.12385256966381242,0.058305188815438114,0.055539805093147765,-0.00023056674826275037,-0.0002165979822937827,0.13537641763924274,-0.004257319825838879,2.5088683021364543e-13,0.2099853789508329,0.30294168117152914,0.0,0.0,5.0,2.0,0.22968582125990916,1.0,6.556525568848292e-28,0.07210116817218458,0.6990727102716254,1.0,1.0,6.0,3.0,6.0,3.0,0.9733902874650894,1.0
61.0,0.75,-0.12385256966381242,0.058305188815438114,0.055539805093147765,-0.00023056674826275037,-0.0002165979822937827,0.13537641763924274,-0.004257319825838879,1.7565684092480062e-12,0.22772210508646912,0.32853009909307757,0.0,0.0,5.0,2.0,0.24908657444225138,1.0,1.361763915067806e-27,0.07433074239250231,0.720690036765242,1.0,1.0,6.0,3.0,6.0,3.0,1.0034902975794482,1.0
61.0,0.8,-0.12385256966381242,0.058305188815438114,0.055539805093147765,-0.00023056674826275037,-0.0002165979822937827,0.13537641763924274,-0.004257319825838879,1.1292753661750346e-10,0.2708595416810419,0.39076361091510764,1.0,1.0,6.0,3.0,0.2962710860533747,1.0,2.3354612768030665e-27,0.07602033092473491,0.7370718134328683,1.0,1.0,6.0,3.0,6.0,3.0,1.0263003172889764,1.0
61.0,0.85,-0.12385256966381242,0.058305188815438114,0.055539805093147765,-0.00023056674826275037,-0.0002165979822937827,0.13537641763924274,-0.004257319825838879,2.3984768381437404e-10,0.2794954822448135,0.4032225086057841,1.0,1.0,6.0,3.0,0.30571723468835216,1.0,4.550703936319381e-27,0.07816293081518377,0.7578458612106631,1.0,1.0,6.0,3.0,6.0,3.0,1.0552261443755244,1.0
61.0,0.9,-0.12385256966381242,0.058305188815438114,0.055539805093147765,-0.00023056674826275037,-0.0002165979822937827,0.13537641763924274,-0.004257319825838879,1.3383186792349867e-9,0.3002507674432894,0.43316574095194216,1.0,1.0,6.0,3.0,0.32841974259682793,1.0,9.362499406917083e-27,0.08054814681510657,0.7809722467591922,1.0,1.0,6.0,3.0,6.0,3.0,1.0874273714386782,1.0
61.0,0.95,-0.12385256966381242,0.058305188815438114,0.055539805093147765,-0.00023056674826275037,-0.0002165979822937827,0.13537641763924274,-0.004257319825838879,1.1707346312116053e-8,0.32864718347892347,0.474132679012403,1.0,1.0,6.0,3.0,0.3594802581935345,1.0,1.9231395339001156e-26,0.08300062149979488,0.8047507536566575,1.0,1.0,6.0,3.0,6.0,3.0,1.1205366136166783,1.0
62.0,0.4,-0.03108153763120347,0.08752074543173388,0.08792757882770952,-0.00020128571868644612,0.00013757873615378806,0.18877204960389832,0.04825820667473857,4.416652427543854e-22,0.09874830187888026,0.13510390427997518,0.0,0.0,3.0,1.0,0.10896948066502861,1.0,2.7719440039934204e-31,0.05643054912137985,0.565163040198734,1.0,1.0,4.0,2.0,6.0,3.0,0.8400126006088885,1.0
62.0,0.45,-0.03108153763120347,0.08752074543173388,0.08792757882770952,-0.00020128571868644612,0.00013757873615378806,0.18877204960389832,0.04825820667473857,6.769379969575468e-21,0.11064291832360675,0.15137769421882832,0.0,0.0,3.0,1.0,0.12209527778791329,1.0,4.483872490343133e-31,0.057572772374148144,0.5766026305654994,1.0,1.0,4.0,2.0,6.0,3.0,0.857015481849155,1.0
62.0,0.5,-0.03108153763120347,0.08752074543173388,0.08792757882770952,-0.00020128571868644612,0.00013757873615378806,0.18877204960389832,0.04825820667473857,3.715742379086339e-20,0.11877799359720521,0.16250781403013126,0.0,0.0,3.0,1.0,0.13107239345337815,1.0,8.825726555467097e-31,0.059220380526267546,0.5931037500266111,1.0,1.0,4.0,2.0,6.0,3.0,0.8815414102725919,1.0
62.0,0.55,-0.03108153763120347,0.08752074543173388,0.08792757882770952,-0.00020128571868644612,0.00013757873615378806,0.18877204960389832,0.04825820667473857,2.811823213325687e-19,0.12922858397476983,0.17680593901228536,0.0,0.0,3.0,1.0,0.14260469714284257,1.0,1.1817433386523923e-30,0.059945058629485154,0.6003615436571313,1.0,1.0,4.0,2.0,6.0,3.0,0.8923288073042736,1.0
62.0,0.6,-0.03108153763120347,0.08752074543173388,0.08792757882770952,-0.00020128571868644612,0.00013757873615378806,0.18877204960389832,0.04825820667473857,2.388744928227489e-18,0.14127798512784578,0.1932914998679335,0.0,0.0,3.0,1.0,0.15590130033492341,1.0,1.6014814133270242e-30,0.06070903600393156,0.608012927212809,1.0,1.0,4.0,2.0,6.0,3.0,0.903701204544901,1.0
62.0,0.65,-0.03108153763120347,0.08752074543173388,0.08792757882770952,-0.00020128571868644612,0.00013757873615378806,0.18877204960389832,0.04825820667473857,8.663664174692053e-17,0.16407974992897284,0.22448806113016664,0.0,0.0,3.0,1.0,0.1810632162499186,1.0,2.648699532693445e-30,0.061995183973811326,0.6208939519081239,1.0,1.0,4.0,2.0,6.0,3.0,0.9228465171064127,1.0
62.0,0.7,-0.03108153763120347,0.08752074543173388,0.08792757882770952,-0.00020128571868644612,0.00013757873615378806,0.18877204960389832,0.04825820667473857,1.0489335929737153e-15,0.1820463258270095,0.24906928940631998,0.0,0.0,3.0,1.0,0.20088946548850528,1.0,4.08562376600177e-30,0.06312489803838207,0.6322082602965599,1.0,1.0,4.0,2.0,6.0,3.0,0.9396631893539805,1.0
62.0,0.75,-0.03108153763120347,0.08752074543173388,0.08792757882770952,-0.00020128571868644612,0.00013757873615378806,0.18877204960389832,0.04825820667473857,6.5050294055574715e-15,0.19642773298937022,0.268745417701246,0.0,0.0,5.0,2.0,0.2167594545404379,1.0,7.141590999556557e-30,0.06461098790043412,0.6470917423381627,1.0,1.0,4.0,2.0,6.0,3.0,0.9617847924430402,1.0
62.0,0.8,-0.03108153763120347,0.08752074543173388,0.08792757882770952,-0.00020128571868644612,0.00013757873615378806,0.18877204960389832,0.04825820667473857,6.278931406666744e-14,0.2158884081972263,0.2953708193585902,0.0,0.0,5.0,2.0,0.238234453405653,1.0,1.3291518569026356e-29,0.0663051404408479,0.6640590129957844,1.0,1.0,4.0,2.0,6.0,3.0,0.9870035702763034,1.0
62.0,0.85,-0.03108153763120347,0.08752074543173388,0.08792757882770952,-0.00020128571868644612,0.00013757873615378806,0.18877204960389832,0.04825820667473857,6.601736504691005e-13,0.23812400381088072,0.3257927681337714,0.0,0.0,5.0,2.0,0.26277159743947603,1.0,2.541346572925532e-29,0.06812020085383347,0.6822371997602055,1.0,1.0,4.0,2.0,6.0,3.0,1.014022155803351,1.0
62.0,0.9,-0.03108153763120347,0.08752074543173388,0.08792757882770952,-0.00020128571868644612,0.00013757873615378806,0.18877204960389832,0.04825820667473857,1.1319840884036788e-10,0.29504896701738315,0.40367547228017314,0.0,0.0,5.0,2.0,0.325588714893271,1.0,4.0212577738659746e-29,0.06943525006317552,0.6954076760489276,1.0,1.0,4.0,2.0,6.0,3.0,1.0335976857860918,1.0
62.0,0.95,-0.03108153763120347,0.08752074543173388,0.08792757882770952,-0.00020128571868644612,0.00013757873615378806,0.18877204960389832,0.04825820667473857,3.441031932652369e-8,0.3744088574374101,0.5122528435865428,1.0,1.0,6.0,3.0,0.4131629402739858,1.0,1.4175843757127383e-28,0.07317781914125088,0.7328902409229503,1.0,1.0,4.0,2.0,6.0,3.0,1.0893087365056278,1.0
63.0,0.4,-0.6376065218779485,1.214178901138486,0.09750520201177065,-0.0004994165415515903,0.00033094272755932955,0.16413096910913438,-0.14753170595146892,1.143803701804718e-20,0.14348812311952186,0.26365815344262067,0.0,0.0,2.0,0.0,0.10985034294523395,0.0,4.162130158945147e-25,0.1889883067755586,1.7222904763994493,0.0,1.0,6.0,3.0,6.0,3.0,1.066177897624215,1.0
63.0,0.45,-0.6376065218779485,1.214178901138486,0.09750520201177065,-0.0004994165415515903,0.00033094272755932955,0.16413096910913438,-0.14753170595146892,2.0646736647953578e-18,0.17817090457209567,0.3273874567134045,0.0,0.0,2.0,0.0,0.1364024739093157,0.0,5.968129931543604e-25,0.19184774972739516,1.748349185786186,0.0,1.0,6.0,3.0,6.0,3.0,1.0823094505587902,1.0
63.0,0.5,-0.6376065218779485,1.214178901138486,0.09750520201177065,-0.0004994165415515903,0.00033094272755932955,0.16413096910913438,-0.14753170595146892,2.6858976232920902e-17,0.19827290502601158,0.3643247042357474,0.0,0.0,2.0,0.0,0.15179198208420855,0.0,8.401246695647818e-25,0.19460071757166036,1.7734375649611085,0.0,1.0,6.0,3.0,6.0,3.0,1.097840323968389,1.0
63.0,0.55,-0.6376065218779485,1.214178901138486,0.09750520201177065,-0.0004994165415515903,0.00033094272755932955,0.16413096910913438,-0.14753170595146892,1.3272441232171155e-16,0.21192112930691856,0.3894031952874231,0.0,0.0,2.0,0.0,0.1622406665136665,0.0,1.1070029939222908e-24,0.19685040596125067,1.793939451846943,0.0,1.0,6.0,3.0,6.0,3.0,1.1105319453625715,1.0
63.0,0.6,-0.6376065218779485,1.214178901138486,0.09750520201177065,-0.0004994165415515903,0.00033094272755932955,0.16413096910913438,-0.14753170595146892,8.143146650731812e-15,0.25157509951376605,0.46226701379801355,0.0,0.0,3.0,0.0,0.1925985953210135,0.0,1.936007687978172e-24,0.20148895441333636,1.836211526557005,0.0,1.0,6.0,3.0,6.0,3.0,1.1367003254123806,1.0
63.0,0.65,-0.6376065218779485,1.214178901138486,0.09750520201177065,-0.0004994165415515903,0.00033094272755932955,0.16413096910913438,-0.14753170595146892,1.263966885676949e-13,0.2820267459396372,0.518221643988869,0.0,0.0,3.0,0.0,0.21591149209883645,0.0,3.0746751294390863e-24,0.20541007906083714,1.8719455661512425,0.0,1.0,6.0,3.0,6.0,3.0,1.1588213576832276,1.0
63.0,0.7,-0.6376065218779485,1.214178901138486,0.09750520201177065,-0.0004994165415515903,0.00033094272755932955,0.16413096910913438,-0.14753170595146892,7.315537603684603e-12,0.3339859797267428,0.6136962751762209,0.0,0.0,3.0,0.0,0.2556899735967841,0.0,5.328028629459251e-24,0.21016983722002497,1.9153222506001346,0.0,1.0,6.0,3.0,6.0,3.0,1.185673542529719,1.0
63.0,0.75,-0.6376065218779485,1.214178901138486,0.09750520201177065,-0.0004994165415515903,0.00033094272755932955,0.16413096910913438,-0.14753170595146892,1.8753537761706152e-11,0.3473466458355766,0.6382463806374531,0.0,0.0,3.0,0.0,0.26591851183482085,0.0,1.0355761165905212e-23,0.21607077651187856,1.9690987604677022,0.0,1.0,6.0,3.0,6.0,3.0,1.218963702939845,1.0
63.0,0.8,-0.6376065218779485,1.214178901138486,0.09750520201177065,-0.0004994165415515903,0.00033094272755932955,0.16413096910913438,-0.14753170595146892,1.3905377883027576e-10,0.37758719602551705,0.6938131233672826,0.0,0.0,3.0,0.0,0.28906979946055994,0.0,1.4985656816654635e-23,0.21942356790801135,1.999653458742084,0.0,1.0,6.0,3.0,6.0,3.0,1.237878482075608,1.0
63.0,0.85,-0.6376065218779485,1.214178901138486,0.09750520201177065,-0.0004994165415515903,0.00033094272755932955,0.16413096910913438,-0.14753170595146892,9.77254113278047e-9,0.45078378792936746,0.8283112117114086,0.0,0.0,3.0,0.0,0.3451069860112728,1.0,3.19176010963704e-23,0.22644602857377988,2.063650630481955,0.0,1.0,6.0,3.0,6.0,3.0,1.277495707482413,1.0
63.0,0.9,-0.6376065218779485,1.214178901138486,0.09750520201177065,-0.0004994165415515903,0.00033094272755932955,0.16413096910913438,-0.14753170595146892,1.2279218480858402e-6,0.5513576729050956,1.0131148332290094,0.0,0.0,5.0,2.0,0.42210343363164826,1.0,5.512094622238622e-23,0.23166031504800857,2.1111695277566302,0.0,1.0,6.0,3.0,6.0,3.0,1.3069121146959335,1.0
63.0,0.95,-0.6376065218779485,1.214178901138486,0.09750520201177065,-0.0004994165415515903,0.00033094272755932955,0.16413096910913438,-0.14753170595146892,7.573116846132876e-5,0.6546679597649401,1.2029465689358385,1.0,1.0,6.0,3.0,0.5011947911224092,1.0,1.234147555903173e-22,0.23957256181801195,2.183275508763607,0.0,1.0,6.0,3.0,6.0,3.0,1.3515490701280202,1.0
64.0,0.4,-0.11344739500659906,0.04941094233087784,0.04944745929295785,-0.0007736927259955066,-0.00027025184836205606,0.07871868215051359,-0.004850492140227702,1.9174397690814836e-19,0.11838936179454486,0.16411278449154126,0.0,0.0,5.0,2.0,0.11854409739797611,1.0,6.581254688043051e-28,0.0707521601350275,0.6995867797648685,1.0,1.0,6.0,3.0,6.0,3.0,0.9516142452331925,1.0
64.0,0.45,-0.11344739500659906,0.04941094233087784,0.04944745929295785,-0.0007736927259955066,-0.00027025184836205606,0.07871868215051359,-0.004850492140227702,2.9845464539663965e-18,0.13273512757830133,0.18399906086594636,0.0,0.0,5.0,2.0,0.13290861318335082,1.0,9.121876673699666e-28,0.0717211123011042,0.709167633894525,1.0,1.0,6.0,3.0,6.0,3.0,0.9646466202508374,1.0
64.0,0.5,-0.11344739500659906,0.04941094233087784,0.04944745929295785,-0.0007736927259955066,-0.00027025184836205606,0.07871868215051359,-0.004850492140227702,1.3531998074192382e-17,0.14136417215852048,0.19596074823460533,0.0,0.0,5.0,2.0,0.14154893597640866,1.0,1.2257248964757466e-27,0.07260946164598561,0.7179514993808332,1.0,1.0,6.0,3.0,6.0,3.0,0.9765948899534086,1.0
64.0,0.55,-0.11344739500659906,0.04941094233087784,0.04944745929295785,-0.0007736927259955066,-0.00027025184836205606,0.07871868215051359,-0.004850492140227702,4.753335631907012e-15,0.18047104953258367,0.2501711810078184,1.0,1.0,6.0,3.0,0.18070692627292595,1.0,2.2089897472333177e-27,0.07441347380352352,0.735789301838596,1.0,1.0,6.0,3.0,6.0,3.0,1.0008587946089074,1.0
64.0,0.6,-0.11344739500659906,0.04941094233087784,0.04944745929295785,-0.0007736927259955066,-0.00027025184836205606,0.07871868215051359,-0.004850492140227702,4.200922624827846e-14,0.19762352236607175,0.27394814909811294,1.0,1.0,6.0,3.0,0.19788181749092076,1.0,3.0486141122669897e-27,0.0754190591721489,0.7457323795972497,1.0,1.0,6.0,3.0,6.0,3.0,1.014383885005522,1.0
64.0,0.65,-0.11344739500659906,0.04941094233087784,0.04944745929295785,-0.0007736927259955066,-0.00027025184836205606,0.07871868215051359,-0.004850492140227702,1.930084491029001e-12,0.23179191703578347,0.321312796612504,1.0,1.0,6.0,3.0,0.23209487045667665,1.0,4.017651522895999e-27,0.07629141778326703,0.7543581310992189,1.0,1.0,6.0,3.0,6.0,3.0,1.0261170798607393,1.0
64.0,0.7,-0.11344739500659906,0.04941094233087784,0.04944745929295785,-0.0007736927259955066,-0.00027025184836205606,0.07871868215051359,-0.004850492140227702,2.3381640652569297e-11,0.2571791351477927,0.3565048695462726,1.0,1.0,6.0,3.0,0.2575152698144876,1.0,5.969295154573497e-27,0.07756044675552973,0.7669060998176193,1.0,1.0,6.0,3.0,6.0,3.0,1.043185478130334,1.0
64.0,0.75,-0.11344739500659906,0.04941094233087784,0.04944745929295785,-0.0007736927259955066,-0.00027025184836205606,0.07871868215051359,-0.004850492140227702,5.613037572152659e-11,0.2667365451983872,0.369753468509518,1.0,1.0,6.0,3.0,0.26708517145713895,1.0,1.0095032450595474e-26,0.07927714406061911,0.7838805460706594,1.0,1.0,6.0,3.0,6.0,3.0,1.066275000869411,1.0
64.0,0.8,-0.11344739500659906,0.04941094233087784,0.04944745929295785,-0.0007736927259955066,-0.00027025184836205606,0.07871868215051359,-0.004850492140227702,2.0416866765564022e-10,0.28148082780323624,0.3901921737861899,1.0,1.0,6.0,3.0,0.28184872492747326,1.0,1.7492860363973883e-26,0.08111404188059385,0.8020435170411674,1.0,1.0,6.0,3.0,6.0,3.0,1.0909812166116546,1.0
64.0,0.85,-0.11344739500659906,0.04941094233087784,0.04944745929295785,-0.0007736927259955066,-0.00027025184836205606,0.07871868215051359,-0.004850492140227702,2.5245644990961596e-9,0.31257701793033277,0.4332980937056883,1.0,1.0,6.0,3.0,0.3129855579609153,1.0,3.5351387682034374e-26,0.08352704376006845,0.8259029188065203,1.0,1.0,6.0,3.0,6.0,3.0,1.1234360131563847,1.0
64.0,0.9,-0.11344739500659906,0.04941094233087784,0.04944745929295785,-0.0007736927259955066,-0.00027025184836205606,0.07871868215051359,-0.004850492140227702,1.565729617161795e-7,0.371232342591901,0.5146068237263015,1.0,1.0,6.0,3.0,0.37171754548237557,1.0,9.125714099586136e-26,0.08689363404116403,0.8591912600959526,1.0,1.0,6.0,3.0,6.0,3.0,1.1687165425881378,1.0
64.0,0.95,-0.11344739500659906,0.04941094233087784,0.04944745929295785,-0.0007736927259955066,-0.00027025184836205606,0.07871868215051359,-0.004850492140227702,8.732973654448035e-6,0.43894930278257416,0.6084769039914549,1.0,1.0,6.0,3.0,0.43952301214473516,1.0,2.9288865362765033e-25,0.09121986970761792,0.9019684314589514,1.0,1.0,6.0,3.0,6.0,3.0,1.2269042711405447,1.0
65.0,0.4,0.03907884248088289,-0.02876338589461308,-0.0322451176013841,-0.0007408881924114858,-0.0012379045859225665,0.2298586756096704,-0.008470130907294982,6.717571645440265e-20,0.1343030716009875,0.16548706648807265,0.0,0.0,5.0,2.0,0.12470733481712142,1.0,1.2134260566015785e-26,0.08101970920808911,0.7743914497513973,0.0,1.0,6.0,3.0,6.0,3.0,1.0857915742305595,1.0
65.0,0.45,0.03907884248088289,-0.02876338589461308,-0.0322451176013841,-0.0007408881924114858,-0.0012379045859225665,0.2298586756096704,-0.008470130907294982,1.3304666704317854e-18,0.15209639922980492,0.18741184867847885,0.0,0.0,5.0,2.0,0.14122935802676304,1.0,2.15317526515086e-26,0.08297904511052545,0.7931189048961778,0.0,1.0,6.0,3.0,6.0,3.0,1.1120497580076554,1.0
65.0,0.5,0.03907884248088289,-0.02876338589461308,-0.0322451176013841,-0.0007408881924114858,-0.0012379045859225665,0.2298586756096704,-0.008470130907294982,3.321235472741708e-18,0.15800575984660656,0.19469331098337722,0.0,0.0,5.0,2.0,0.14671650440554457,1.0,4.4469628349570404e-26,0.08552493860104357,0.8174527141668498,0.0,1.0,6.0,3.0,6.0,3.0,1.146168736314442,1.0
65.0,0.55,0.03907884248088289,-0.02876338589461308,-0.0322451176013841,-0.0007408881924114858,-0.0012379045859225665,0.2298586756096704,-0.008470130907294982,2.9687142779538764e-17,0.1731048021687365,0.21329821845781036,0.0,0.0,5.0,2.0,0.16073674462669157,1.0,6.047163385580724e-26,0.0866273002013592,0.8279891553138575,1.0,1.0,6.0,3.0,6.0,3.0,1.160942116138651,1.0
65.0,0.6,0.03907884248088289,-0.02876338589461308,-0.0322451176013841,-0.0007408881924114858,-0.0012379045859225665,0.2298586756096704,-0.008470130907294982,4.1310961570976586e-16,0.1931767344413904,0.2380306772984937,0.0,0.0,5.0,2.0,0.17937456987159112,1.0,1.0159715725544536e-25,0.08852043173670503,0.846083824975794,1.0,1.0,6.0,3.0,6.0,3.0,1.1863130572353313,1.0
65.0,0.65,0.03907884248088289,-0.02876338589461308,-0.0322451176013841,-0.0007408881924114858,-0.0012379045859225665,0.2298586756096704,-0.008470130907294982,1.4500414698390363e-14,0.22404896922652295,0.2760711741361331,0.0,0.0,5.0,2.0,0.20804103351987296,1.0,1.5174044374166542e-25,0.09001247047690918,0.860344824606691,1.0,1.0,6.0,3.0,6.0,3.0,1.2063087238252763,1.0
65.0,0.7,0.03907884248088289,-0.02876338589461308,-0.0322451176013841,-0.0007408881924114858,-0.0012379045859225665,0.2298586756096704,-0.008470130907294982,3.8502329508934975e-13,0.2568506827756976,0.31648915777810266,0.0,0.0,5.0,2.0,0.23849911780185717,1.0,1.9306386487680553e-25,0.09092032931453084,0.8690221961784627,1.0,1.0,6.0,3.0,6.0,3.0,1.2184754606121078,1.0
65.0,0.75,0.03907884248088289,-0.02876338589461308,-0.0322451176013841,-0.0007408881924114858,-0.0012379045859225665,0.2298586756096704,-0.008470130907294982,1.5538133984141104e-11,0.29963581213079044,0.3692086187843465,0.0,0.0,5.0,2.0,0.2782273190118151,1.0,2.7420273548862454e-25,0.09225922091381937,0.8818194058545681,1.0,1.0,6.0,3.0,6.0,3.0,1.2364187145625962,1.0
65.0,0.8,0.03907884248088289,-0.02876338589461308,-0.0322451176013841,-0.0007408881924114858,-0.0012379045859225665,0.2298586756096704,-0.008470130907294982,1.8870859889464054e-10,0.33248859519882135,0.40968952983938073,0.0,0.0,5.0,2.0,0.3087328239783081,1.0,4.7685861747768955e-25,0.0944110932642005,0.9023871364151858,1.0,1.0,6.0,3.0,6.0,3.0,1.2652571896657658,1.0
65.0,0.85,0.03907884248088289,-0.02876338589461308,-0.0322451176013841,-0.0007408881924114858,-0.0012379045859225665,0.2298586756096704,-0.008470130907294982,1.5350595800125918e-9,0.36283344928092826,0.44708019280184697,0.0,0.0,5.0,2.0,0.3369095874200027,1.0,7.916711346749081e-25,0.09642644573146636,0.9216500013913815,1.0,1.0,6.0,3.0,6.0,3.0,1.29226608354419,1.0
65.0,0.9,0.03907884248088289,-0.02876338589461308,-0.0322451176013841,-0.0007408881924114858,-0.0012379045859225665,0.2298586756096704,-0.008470130907294982,1.836359088531965e-8,0.4023620383722687,0.4957869734670947,0.0,0.0,5.0,2.0,0.3736139228897654,1.0,1.6120808037547655e-24,0.09932637264456408,0.949367684265793,1.0,1.0,6.0,3.0,6.0,3.0,1.3311296667254,1.0
65.0,0.95,0.03907884248088289,-0.02876338589461308,-0.0322451176013841,-0.0007408881924114858,-0.0012379045859225665,0.2298586756096704,-0.008470130907294982,0.0007921358540803353,0.6276758492954119,0.7734166744444259,1.0,1.0,6.0,3.0,0.5828294272171245,1.0,3.321569992191993e-24,0.10236372952108917,0.9783989313291902,1.0,1.0,6.0,3.0,6.0,3.0,1.371835027639394,1.0
66.0,0.4,-0.6733453456839584,0.08688939333232976,0.08514858638045869,-0.0001243563733923211,-7.272993137464517e-5,0.164370035754567,-0.167682390974347,3.873681550583032e-19,0.14395150992145694,0.1978569516879659,0.0,0.0,4.0,1.0,0.15942114882423714,0.0,1.1408593136714465e-27,0.08070443504559272,0.9164179782549513,0.0,0.0,4.0,2.0,6.0,3.0,1.3535756263745278,1.0
66.0,0.45,-0.6733453456839584,0.08688939333232976,0.08514858638045869,-0.0001243563733923211,-7.272993137464517e-5,0.164370035754567,-0.167682390974347,3.4221072935879905e-18,0.15763039446873117,0.21665816051510514,0.0,0.0,4.0,1.0,0.1745700242361756,0.0,1.835633897459001e-27,0.08231970726412008,0.9347597769429418,0.0,0.0,4.0,2.0,6.0,3.0,1.3806669888718108,1.0
66.0,0.5,-0.6733453456839584,0.08688939333232976,0.08514858638045869,-0.0001243563733923211,-7.272993137464517e-5,0.164370035754567,-0.167682390974347,3.620976534850796e-17,0.17391169961005176,0.2390363169270868,0.0,0.0,4.0,1.0,0.19260098738066425,0.0,3.0099737112534174e-27,0.08403357574524048,0.9542211595494356,0.0,0.0,4.0,2.0,6.0,3.0,1.409412008913714,1.0
66.0,0.55,-0.6733453456839584,0.08688939333232976,0.08514858638045869,-0.0001243563733923211,-7.272993137464517e-5,0.164370035754567,-0.167682390974347,2.7498298160856094e-16,0.18924110291395801,0.26010611335062694,0.0,0.0,4.0,1.0,0.20957775328490655,0.0,4.6399521684731144e-27,0.08556263035873364,0.9715839369079191,0.0,1.0,4.0,2.0,6.0,3.0,1.4350573288400683,1.0
66.0,0.6,-0.6733453456839584,0.08688939333232976,0.08514858638045869,-0.0001243563733923211,-7.272993137464517e-5,0.164370035754567,-0.167682390974347,1.0632192857984368e-14,0.22037061315371384,0.3028926739566116,0.0,0.0,4.0,1.0,0.24405257253109222,0.0,9.744192143264462e-27,0.08824913850424067,1.0020898733150094,0.0,1.0,5.0,2.0,6.0,3.0,1.4801154714782108,1.0
66.0,0.65,-0.6733453456839584,0.08688939333232976,0.08514858638045869,-0.0001243563733923211,-7.272993137464517e-5,0.164370035754567,-0.167682390974347,9.875180927640929e-14,0.24181529806371693,0.33236773808422787,0.0,0.0,4.0,1.0,0.2678017941015489,0.0,1.7892142264024212e-26,0.09051217382489687,1.027787175478189,0.0,1.0,6.0,3.0,6.0,3.0,1.5180711234809088,1.0
66.0,0.7,-0.6733453456839584,0.08688939333232976,0.08514858638045869,-0.0001243563733923211,-7.272993137464517e-5,0.164370035754567,-0.167682390974347,1.6025617520796938e-12,0.2715886879552859,0.3732903527103428,0.0,0.0,4.0,1.0,0.30077475856364905,0.0,3.0696234293129036e-26,0.09257092649294438,1.0511647997278757,1.0,1.0,6.0,3.0,6.0,3.0,1.552600544703279,1.0
66.0,0.75,-0.6733453456839584,0.08688939333232976,0.08514858638045869,-0.0001243563733923211,-7.272993137464517e-5,0.164370035754567,-0.167682390974347,1.1007377309809005e-10,0.3239275518006541,0.44522852175703276,0.0,0.0,4.0,1.0,0.35873817837728317,1.0,4.133072714934602e-26,0.09372542996385101,1.0642744601337613,1.0,1.0,6.0,3.0,6.0,3.0,1.571963888959404,1.0
66.0,0.8,-0.6733453456839584,0.08688939333232976,0.08514858638045869,-0.0001243563733923211,-7.272993137464517e-5,0.164370035754567,-0.167682390974347,2.8352238112611926e-9,0.37088181044441954,0.5097657154904831,0.0,0.0,4.0,1.0,0.4107383405100994,1.0,5.844382566171501e-26,0.09508824699732431,1.0797495703906073,1.0,1.0,6.0,3.0,6.0,3.0,1.5948210704597199,1.0
66.0,0.85,-0.6733453456839584,0.08688939333232976,0.08514858638045869,-0.0001243563733923211,-7.272993137464517e-5,0.164370035754567,-0.167682390974347,2.1744144845391433e-8,0.403738648879765,0.5549264359196646,0.0,0.0,5.0,2.0,0.44712611395515145,1.0,9.965420640000597e-26,0.09722621579478552,1.1040267125555294,1.0,1.0,6.0,3.0,6.0,3.0,1.6306791054308811,1.0
66.0,0.9,-0.6733453456839584,0.08688939333232976,0.08514858638045869,-0.0001243563733923211,-7.272993137464517e-5,0.164370035754567,-0.167682390974347,8.62428210480447e-7,0.47065157665039403,0.646896210494709,0.0,0.0,5.0,2.0,0.521229788325828,1.0,1.3711954285673394e-25,0.09852774374465453,1.1188058707490962,1.0,1.0,6.0,3.0,6.0,3.0,1.652508345781709,1.0
66.0,0.95,-0.6733453456839584,0.08688939333232976,0.08514858638045869,-0.0001243563733923211,-7.272993137464517e-5,0.164370035754567,-0.167682390974347,0.0002484758368599333,0.595910770415022,0.819061144802685,0.0,0.0,5.0,2.0,0.6599498655355095,1.0,4.253032625111592e-25,0.10328609170746396,1.172838039085916,1.0,1.0,6.0,3.0,6.0,3.0,1.7323154074460276,1.0
67.0,0.4,-0.6576223953012956,0.030217508885328925,0.02941876583960129,-7.394662441750017e-5,0.00021066223623708005,0.10336366758937271,-0.19959462120736426,2.8903398665749854e-21,0.10799176326662552,0.14697420520530596,0.0,0.0,4.0,1.0,0.10982357301630108,0.0,1.8268306310100748e-28,0.06763030261644581,0.6664601893695684,0.0,1.0,6.0,3.0,6.0,3.0,1.0344738754360134,1.0
67.0,0.45,-0.6576223953012956,0.030217508885328925,0.02941876583960129,-7.394662441750017e-5,0.00021066223623708005,0.10336366758937271,-0.19959462120736426,4.3029895508995886e-19,0.13302242366225478,0.18104033493715077,0.0,0.0,4.0,1.0,0.13527881586494878,0.0,3.2738239937323373e-28,0.06929435778970847,0.6828585564178972,0.0,1.0,6.0,3.0,6.0,3.0,1.0599272822289285,1.0
67.0,0.5,-0.6576223953012956,0.030217508885328925,0.02941876583960129,-7.394662441750017e-5,0.00021066223623708005,0.10336366758937271,-0.19959462120736426,1.0157575506792531e-17,0.15175185669011085,0.20653064503069732,0.0,0.0,4.0,1.0,0.15432594680779874,0.0,5.137010705340922e-28,0.07060739222369024,0.6957978032298353,0.0,1.0,6.0,3.0,6.0,3.0,1.0800114718148517,1.0
67.0,0.55,-0.6576223953012956,0.030217508885328925,0.02941876583960129,-7.394662441750017e-5,0.00021066223623708005,0.10336366758937271,-0.19959462120736426,3.1570891590370666e-17,0.15909433398299913,0.21652358089651783,0.0,0.0,4.0,1.0,0.16179297083541042,0.0,8.429605089285344e-28,0.0720796280202647,0.7103058936837006,0.0,1.0,6.0,3.0,6.0,3.0,1.1025308072475997,1.0
67.0,0.6,-0.6576223953012956,0.030217508885328925,0.02941876583960129,-7.394662441750017e-5,0.00021066223623708005,0.10336366758937271,-0.19959462120736426,7.833927615453247e-16,0.1818724465690341,0.24752404697043456,0.0,0.0,4.0,1.0,0.18495745704339742,0.0,1.437178984856987e-27,0.07369989253438551,0.7262727273829949,1.0,1.0,6.0,3.0,6.0,3.0,1.1273143916218986,1.0
67.0,0.65,-0.6576223953012956,0.030217508885328925,0.02941876583960129,-7.394662441750017e-5,0.00021066223623708005,0.10336366758937271,-0.19959462120736426,4.6286220823077316e-15,0.19584459161618148,0.2665398019798945,0.0,0.0,4.0,1.0,0.1991666045317223,0.0,2.7258666152136773e-27,0.07569199067629317,0.7459037811197808,1.0,1.0,6.0,3.0,6.0,3.0,1.1577855473816971,1.0
67.0,0.7,-0.6576223953012956,0.030217508885328925,0.02941876583960129,-7.394662441750017e-5,0.00021066223623708005,0.10336366758937271,-0.19959462120736426,4.587534427274565e-13,0.23718300474268492,0.3228003928799237,0.0,0.0,4.0,1.0,0.24120622028619174,0.0,3.482426510885806e-27,0.07646845527669535,0.7535554213550407,1.0,1.0,6.0,3.0,6.0,3.0,1.1696623587109671,1.0
67.0,0.75,-0.6576223953012956,0.030217508885328925,0.02941876583960129,-7.394662441750017e-5,0.00021066223623708005,0.10336366758937271,-0.19959462120736426,5.7055558389327336e-12,0.2634491748079327,0.3585480217022807,0.0,0.0,5.0,2.0,0.267917930131111,0.0,5.604591147010452e-27,0.07799975397599143,0.7686455448888969,1.0,1.0,6.0,3.0,6.0,3.0,1.1930851209732456,1.0
67.0,0.8,-0.6576223953012956,0.030217508885328925,0.02941876583960129,-7.394662441750017e-5,0.00021066223623708005,0.10336366758937271,-0.19959462120736426,5.215611109843819e-11,0.2888941921473016,0.39317808131762133,0.0,0.0,5.0,2.0,0.2937945584511049,0.0,7.656776267730355e-27,0.07902038665239226,0.7787033299419754,1.0,1.0,6.0,3.0,6.0,3.0,1.208696729960727,1.0
67.0,0.85,-0.6576223953012956,0.030217508885328925,0.02941876583960129,-7.394662441750017e-5,0.00021066223623708005,0.10336366758937271,-0.19959462120736426,2.043813283849418e-9,0.3366041594677842,0.45811020498326127,0.0,0.0,5.0,2.0,0.34231380585601934,0.0,1.2057814956347078e-26,0.08052982607432915,0.793578042076434,1.0,1.0,6.0,3.0,6.0,3.0,1.2317851324687357,1.0
67.0,0.9,-0.6576223953012956,0.030217508885328925,0.02941876583960129,-7.394662441750017e-5,0.00021066223623708005,0.10336366758937271,-0.19959462120736426,1.3886762918886534e-6,0.44169871601219196,0.6011413811793815,0.0,0.0,5.0,2.0,0.44919102829542296,1.0,2.0943917528031305e-26,0.08240394093143129,0.8120464341173249,1.0,1.0,6.0,3.0,6.0,3.0,1.2604516145667655,1.0
67.0,0.95,-0.6576223953012956,0.030217508885328925,0.02941876583960129,-7.394662441750017e-5,0.00021066223623708005,0.10336366758937271,-0.19959462120736426,0.00010525543765833795,0.5289865341597859,0.7199380125916651,1.0,1.0,6.0,3.0,0.5379594656261291,1.0,4.4982962145565486e-26,0.08507087588022212,0.8383276409468688,1.0,1.0,6.0,3.0,6.0,3.0,1.3012450817741779,1.0
68.0,0.4,0.05405753292478066,0.11307690325294484,0.11174708046490256,-0.00012314636241137796,0.0001291587148730979,0.07120552686970738,0.09251756461819532,5.04315442203199e-23,0.09967142988214583,0.13813206243579204,0.0,0.0,3.0,1.0,0.11825594091423416,0.0,8.786067842540491e-29,0.0714961307130444,0.7990645591328037,1.0,1.0,4.0,2.0,6.0,3.0,1.2133041898288845,1.0
68.0,0.45,0.05405753292478066,0.11307690325294484,0.11174708046490256,-0.00012314636241137796,0.0001291587148730979,0.07120552686970738,0.09251756461819532,6.126275797674094e-21,0.12173756673553268,0.16871295203628087,0.0,0.0,3.0,1.0,0.14443648010209378,0.0,1.2515494272822005e-28,0.07255791026582284,0.810931360899215,1.0,1.0,4.0,2.0,6.0,3.0,1.2313228093990995,1.0
68.0,0.5,0.05405753292478066,0.11307690325294484,0.11174708046490256,-0.00012314636241137796,0.0001291587148730979,0.07120552686970738,0.09251756461819532,8.998592532892115e-20,0.13615973641905132,0.18870026480523555,0.0,0.0,3.0,1.0,0.16154777516393726,0.0,2.065225952106026e-28,0.0740880358750486,0.8280325541128879,1.0,1.0,4.0,2.0,6.0,3.0,1.2572893588350313,1.0
68.0,0.55,0.05405753292478066,0.11307690325294484,0.11174708046490256,-0.00012314636241137796,0.0001291587148730979,0.07120552686970738,0.09251756461819532,4.9573649422689315e-18,0.1609138952817924,0.22300641473823823,0.0,0.0,4.0,2.0,0.19091753890982927,1.0,3.5703193397116274e-28,0.07579732753163518,0.847136166719305,1.0,1.0,4.0,2.0,6.0,3.0,1.2862963933121803,1.0
68.0,0.6,0.05405753292478066,0.11307690325294484,0.11174708046490256,-0.00012314636241137796,0.0001291587148730979,0.07120552686970738,0.09251756461819532,7.892515814781816e-17,0.18058239353873065,0.250264478884184,1.0,1.0,6.0,3.0,0.2142533811917594,1.0,5.770090823518576e-28,0.07732864073086754,0.8642506328342607,1.0,1.0,4.0,2.0,6.0,3.0,1.3122830963972176,1.0
68.0,0.65,0.05405753292478066,0.11307690325294484,0.11174708046490256,-0.00012314636241137796,0.0001291587148730979,0.07120552686970738,0.09251756461819532,1.184509773991703e-15,0.2021570405969371,0.28016422546149466,1.0,1.0,6.0,3.0,0.2398507885007293,1.0,1.0666865953644288e-27,0.0793339906750551,0.8866630914257699,1.0,1.0,4.0,2.0,6.0,3.0,1.3463143015140562,1.0
68.0,0.7,0.05405753292478066,0.11307690325294484,0.11174708046490256,-0.00012314636241137796,0.0001291587148730979,0.07120552686970738,0.09251756461819532,1.0187930465517021e-13,0.24338567301430916,0.3373019231342649,1.0,1.0,6.0,3.0,0.28876681915152247,1.0,1.6103619972818528e-27,0.08070731741738785,0.9020118483020237,1.0,1.0,4.0,2.0,6.0,3.0,1.3696199416075605,1.0
68.0,0.75,0.05405753292478066,0.11307690325294484,0.11174708046490256,-0.00012314636241137796,0.0001291587148730979,0.07120552686970738,0.09251756461819532,4.4418218575685467e-13,0.25878542225767026,0.3586440381866399,1.0,1.0,6.0,3.0,0.3070379710630608,1.0,2.9972903829045457e-27,0.08282373283271552,0.9256656115745885,1.0,1.0,4.0,2.0,6.0,3.0,1.4055359508408682,1.0
68.0,0.8,0.05405753292478066,0.11307690325294484,0.11174708046490256,-0.00012314636241137796,0.0001291587148730979,0.07120552686970738,0.09251756461819532,1.0570617727721281e-11,0.2953218698663603,0.4092789580250846,1.0,1.0,6.0,3.0,0.3503869226607064,1.0,7.076558974759998e-27,0.08584210419355003,0.9593999347706864,1.0,1.0,4.0,2.0,6.0,3.0,1.4567583398294226,1.0
68.0,0.85,0.05405753292478066,0.11307690325294484,0.11174708046490256,-0.00012314636241137796,0.0001291587148730979,0.07120552686970738,0.09251756461819532,8.187402143964185e-11,0.32161713780902,0.4457208912602774,1.0,1.0,6.0,3.0,0.3815851472254384,1.0,1.1718819111878831e-26,0.08766534097875914,0.979777036068869,1.0,1.0,4.0,2.0,6.0,3.0,1.4876990468086984,1.0
68.0,0.9,0.05405753292478066,0.11307690325294484,0.11174708046490256,-0.00012314636241137796,0.0001291587148730979,0.07120552686970738,0.09251756461819532,1.160238346955636e-8,0.39534922780486026,0.5479042919686808,1.0,1.0,6.0,3.0,0.46906515717754765,1.0,2.0192817098825863e-26,0.08967560263589733,1.0022443895995075,1.0,1.0,4.0,2.0,6.0,3.0,1.521813604714601,1.0
68.0,0.95,0.05405753292478066,0.11307690325294484,0.11174708046490256,-0.00012314636241137796,0.0001291587148730979,0.07120552686970738,0.09251756461819532,6.236607702001397e-6,0.5137450045714613,0.7119859435291725,1.0,1.0,6.0,3.0,0.6095367446561379,1.0,1.0070087824075102e-25,0.09588503217922412,1.0716430414009452,1.0,1.0,4.0,2.0,6.0,3.0,1.6271889139268385,1.0
69.0,0.4,-0.226321575528031,1.2468456860237538,0.03850924549245299,-0.00014977958482487427,0.0004334774913815493,0.09599671285066841,-0.049767361514374886,9.696329279312399e-22,0.1231148047267025,0.24810586547841804,0.0,0.0,3.0,0.0,0.08584166551297498,0.0,2.66472727403926e-27,0.15769387345918057,1.4232586266011904,1.0,1.0,6.0,3.0,6.0,3.0,0.7361304084697845,1.0
69.0,0.45,-0.226321575528031,1.2468456860237538,0.03850924549245299,-0.00014977958482487427,0.0004334774913815493,0.09599671285066841,-0.049767361514374886,7.73165296243944e-20,0.14775640711220303,0.2977646055479107,0.0,0.0,3.0,0.0,0.10302299633972223,1.0,4.462915431460573e-27,0.16111899084270806,1.4541718622031372,1.0,1.0,6.0,3.0,6.0,3.0,0.7521191910602875,1.0
69.0,0.5,-0.226321575528031,1.2468456860237538,0.03850924549245299,-0.00014977958482487427,0.0004334774913815493,0.09599671285066841,-0.049767361514374886,2.0598714896524978e-18,0.16941231590101197,0.3414064567834006,0.0,0.0,3.0,0.0,0.11812255550935345,1.0,7.241319827785431e-27,0.16440121684071274,1.4837954383360685,1.0,1.0,6.0,3.0,6.0,3.0,0.7674409427022543,1.0
69.0,0.55,-0.226321575528031,1.2468456860237538,0.03850924549245299,-0.00014977958482487427,0.0004334774913815493,0.09599671285066841,-0.049767361514374886,1.553491516401439e-17,0.1842918703690527,0.3713923284860082,0.0,0.0,3.0,0.0,0.12849730889878563,1.0,1.3118066684491814e-26,0.1685222305345755,1.5209894533061552,1.0,1.0,6.0,3.0,6.0,3.0,0.7866782372605494,1.0
69.0,0.6,-0.226321575528031,1.2468456860237538,0.03850924549245299,-0.00014977958482487427,0.0004334774913815493,0.09599671285066841,-0.049767361514374886,3.4181546189325748e-16,0.2096249450547998,0.4224445511174711,0.0,0.0,3.0,0.0,0.1461607680450394,1.0,1.8992173370826406e-26,0.17114067217866505,1.544622075020955,1.0,1.0,6.0,3.0,6.0,3.0,0.7989013786847273,1.0
69.0,0.65,-0.226321575528031,1.2468456860237538,0.03850924549245299,-0.00014977958482487427,0.0004334774913815493,0.09599671285066841,-0.049767361514374886,3.1419316651880197e-15,0.22992428153580455,0.4633525837252258,0.0,0.0,3.0,0.0,0.16031445862844168,1.0,3.0531511968701445e-26,0.17455962568798797,1.5754796788666225,1.0,1.0,6.0,3.0,6.0,3.0,0.8148613877082138,1.0
69.0,0.7,-0.226321575528031,1.2468456860237538,0.03850924549245299,-0.00014977958482487427,0.0004334774913815493,0.09599671285066841,-0.049767361514374886,1.630596045239462e-13,0.2710499969998097,0.5462307660142411,0.0,0.0,5.0,2.0,0.1889893196143295,1.0,3.713445119543893e-26,0.17598946230283424,1.5883846018802423,1.0,1.0,6.0,3.0,6.0,3.0,0.8215360047256235,1.0
69.0,0.75,-0.226321575528031,1.2468456860237538,0.03850924549245299,-0.00014977958482487427,0.0004334774913815493,0.09599671285066841,-0.049767361514374886,4.471097966475396e-13,0.2826846534246193,0.5696773897426327,0.0,0.0,5.0,2.0,0.19710157132438128,1.0,6.547853598010249e-26,0.1801980466922086,1.6263689820375768,1.0,1.0,6.0,3.0,6.0,3.0,0.8411820878464843,1.0
69.0,0.8,-0.226321575528031,1.2468456860237538,0.03850924549245299,-0.00014977958482487427,0.0004334774913815493,0.09599671285066841,-0.049767361514374886,3.1667878596366045e-12,0.30670964354307567,0.6180935081751971,0.0,0.0,5.0,2.0,0.21385296990945946,1.0,1.533928766219637e-25,0.18670437952694702,1.6850915825511414,1.0,1.0,6.0,3.0,6.0,3.0,0.8715542852071902,1.0
69.0,0.85,-0.226321575528031,1.2468456860237538,0.03850924549245299,-0.00014977958482487427,0.0004334774913815493,0.09599671285066841,-0.049767361514374886,7.829869480936182e-11,0.35056999778975134,0.7064826436225385,0.0,0.0,5.0,2.0,0.24443455485272927,1.0,3.0943683388692903e-25,0.19224414540390622,1.735090478518232,1.0,1.0,6.0,3.0,6.0,3.0,0.8974144535725044,1.0
69.0,0.9,-0.226321575528031,1.2468456860237538,0.03850924549245299,-0.00014977958482487427,0.0004334774913815493,0.09599671285066841,-0.049767361514374886,5.772948651758223e-9,0.41936599435827593,0.84512308014822,0.0,0.0,5.0,2.0,0.2924024896529069,1.0,5.562532882625017e-25,0.19699973726823425,1.7780118488735064,1.0,1.0,6.0,3.0,6.0,3.0,0.9196140210307134,1.0
69.0,0.95,-0.226321575528031,1.2468456860237538,0.03850924549245299,-0.00014977958482487427,0.0004334774913815493,0.09599671285066841,-0.049767361514374886,1.4318609400264202e-7,0.47939942544462255,0.9661048451794932,1.0,1.0,6.0,3.0,0.33426073507148313,1.0,1.9509456286818864e-24,0.20757394418159988,1.8734488552630366,1.0,1.0,6.0,3.0,6.0,3.0,0.9689754520338952,1.0
70.0,0.4,0.22286954723381436,0.18994749277986767,0.18993870646622085,-0.0002429166137088037,0.0003319822746503928,0.26083254682741136,0.20091598672208544,5.507021645563863e-23,0.09188427282117413,0.12448498247922976,0.0,0.0,2.0,0.0,0.09940927814632995,0.0,2.0289058927839527e-28,0.06887152336521508,0.6969228684935986,0.0,0.0,4.0,2.0,6.0,3.0,1.0366632165974279,1.0
70.0,0.45,0.22286954723381436,0.18994749277986767,0.18993870646622085,-0.0002429166137088037,0.0003319822746503928,0.26083254682741136,0.20091598672208544,4.528498871884998e-22,0.10031543121019805,0.13590753143251913,0.0,0.0,2.0,0.0,0.10853091935495583,0.0,3.7743162756959684e-28,0.07067601246346865,0.7151828060856783,0.0,0.0,4.0,2.0,6.0,3.0,1.0638246235404802,1.0
70.0,0.5,0.22286954723381436,0.18994749277986767,0.18993870646622085,-0.0002429166137088037,0.0003319822746503928,0.26083254682741136,0.20091598672208544,6.81011983981731e-21,0.11230982868027506,0.1521575632722158,0.0,0.0,2.0,0.0,0.1215076166470059,0.0,6.338827347203546e-28,0.0722194452956444,0.7308010701252743,0.0,0.0,4.0,2.0,6.0,3.0,1.0870565772744014,1.0
70.0,0.55,0.22286954723381436,0.18994749277986767,0.18993870646622085,-0.0002429166137088037,0.0003319822746503928,0.26083254682741136,0.20091598672208544,1.0441515155130696e-19,0.12583983208981642,0.17048803687414144,0.0,0.0,2.0,0.0,0.13614568071350347,0.0,9.797280447826092e-28,0.07354161689282719,0.7441803534215515,0.0,0.0,4.0,2.0,6.0,3.0,1.1069580778345236,1.0
70.0,0.6,0.22286954723381436,0.18994749277986767,0.18993870646622085,-0.0002429166137088037,0.0003319822746503928,0.26083254682741136,0.20091598672208544,8.616454681781525e-19,0.13740683681067725,0.18615903622803434,0.0,0.0,2.0,0.0,0.1486599832629055,0.0,1.344145108598317e-27,0.07451705791694083,0.7540510100203128,0.0,1.0,4.0,2.0,6.0,3.0,1.1216405442625779,1.0
70.0,0.65,0.22286954723381436,0.18994749277986767,0.18993870646622085,-0.0002429166137088037,0.0003319822746503928,0.26083254682741136,0.20091598672208544,1.1571064728602675e-17,0.15311234398525966,0.20743688634782936,0.0,0.0,2.0,0.0,0.16565171735635367,0.0,2.741693550509909e-27,0.07676346403430795,0.7767827824368322,0.0,1.0,4.0,2.0,6.0,3.0,1.1554537442271675,1.0
70.0,0.7,0.22286954723381436,0.18994749277986767,0.18993870646622085,-0.0002429166137088037,0.0003319822746503928,0.26083254682741136,0.20091598672208544,6.021587379887121e-17,0.16400519618196316,0.2221945426171948,0.0,0.0,2.0,0.0,0.17743665661289448,0.0,6.485903640803733e-27,0.07956753070961085,0.8051576185855331,0.0,1.0,4.0,2.0,6.0,3.0,1.1976609241636191,1.0
70.0,0.75,0.22286954723381436,0.18994749277986767,0.18993870646622085,-0.0002429166137088037,0.0003319822746503928,0.26083254682741136,0.20091598672208544,1.378486181441309e-14,0.20567337942816719,0.2786466742179982,0.0,0.0,3.0,1.0,0.22251732048489067,0.0,1.5055295353592637e-26,0.08240890873943212,0.8339100147902305,0.0,1.0,4.0,2.0,6.0,3.0,1.24042971950947,1.0
70.0,0.8,0.22286954723381436,0.18994749277986767,0.18993870646622085,-0.0002429166137088037,0.0003319822746503928,0.26083254682741136,0.20091598672208544,5.465892534781524e-13,0.23975749661992898,0.32482389912452986,0.0,0.0,3.0,1.0,0.25939280942609655,0.0,3.658618941423435e-26,0.08551493941011111,0.8653404768864413,1.0,1.0,4.0,2.0,6.0,3.0,1.2871821011700524,1.0
70.0,0.85,0.22286954723381436,0.18994749277986767,0.18993870646622085,-0.0002429166137088037,0.0003319822746503928,0.26083254682741136,0.20091598672208544,8.754619727821557e-12,0.2691304702696756,0.36461845806137744,0.0,0.0,3.0,1.0,0.2911713284030634,0.0,5.691815528638341e-26,0.08710422625024092,0.8814227455711182,1.0,1.0,4.0,2.0,6.0,3.0,1.3111042554550425,1.0
70.0,0.9,0.22286954723381436,0.18994749277986767,0.18993870646622085,-0.0002429166137088037,0.0003319822746503928,0.26083254682741136,0.20091598672208544,7.105791792642475e-10,0.32323633203903435,0.4379211794910901,0.0,0.0,3.0,1.0,0.349708273810957,0.0,1.406943221958816e-25,0.09045140149321224,0.9152933913431343,1.0,1.0,4.0,2.0,6.0,3.0,1.3614863768943146,1.0
70.0,0.95,0.22286954723381436,0.18994749277986767,0.18993870646622085,-0.0002429166137088037,0.0003319822746503928,0.26083254682741136,0.20091598672208544,0.00016038769205059577,0.5402379763514465,0.7319154078915092,1.0,1.0,6.0,3.0,0.5844816050386753,1.0,4.874540177407062e-25,0.09525790199543573,0.963931202062991,1.0,1.0,4.0,2.0,6.0,3.0,1.4338344538315642,1.0
71.0,0.4,-0.6179973232103031,0.08061387562354527,0.08109105267904942,8.144905372486682e-6,0.00016566946590466645,0.12359322260074063,-0.15193807261740133,2.1034064159167226e-18,0.13894630150973006,0.18620193321621936,0.0,0.0,2.0,0.0,0.13710913472490596,0.0,1.1081535253637578e-27,0.07542034923019161,0.7934279249649366,0.0,1.0,6.0,3.0,6.0,3.0,1.2123411616524538,1.0
71.0,0.45,-0.6179973232103031,0.08061387562354527,0.08109105267904942,8.144905372486682e-6,0.00016566946590466645,0.12359322260074063,-0.15193807261740133,1.8998230704908518e-17,0.15229006531931627,0.2040839105753042,0.0,0.0,2.0,0.0,0.15027646548525553,0.0,1.9244565094436026e-27,0.0771749540206666,0.8118865034818712,0.0,1.0,6.0,3.0,6.0,3.0,1.240545480932825,1.0
71.0,0.5,-0.6179973232103031,0.08061387562354527,0.08109105267904942,8.144905372486682e-6,0.00016566946590466645,0.12359322260074063,-0.15193807261740133,4.1134810092490334e-16,0.17310804582570458,0.2319820854373074,0.0,0.0,4.0,1.0,0.17081918783868913,0.0,4.204632046877637e-27,0.07972946961456605,0.8387602057074086,0.0,1.0,6.0,3.0,6.0,3.0,1.2816079320375675,1.0
71.0,0.55,-0.6179973232103031,0.08061387562354527,0.08109105267904942,8.144905372486682e-6,0.00016566946590466645,0.12359322260074063,-0.15193807261740133,3.4140973147043587e-15,0.18906523858044783,0.2533663188235337,0.0,0.0,4.0,1.0,0.1865653924333337,0.0,6.987568048821323e-27,0.08143487997827234,0.8567012550382636,1.0,1.0,6.0,3.0,6.0,3.0,1.309021477619536,1.0
71.0,0.6,-0.6179973232103031,0.08061387562354527,0.08109105267904942,8.144905372486682e-6,0.00016566946590466645,0.12359322260074063,-0.15193807261740133,6.37461978509196e-14,0.2135882971610048,0.2862296686677507,0.0,0.0,4.0,1.0,0.21076420381769356,0.0,9.183228590158754e-27,0.08236733539305732,0.8665107583411071,1.0,1.0,6.0,3.0,6.0,3.0,1.324010192101609,1.0
71.0,0.65,-0.6179973232103031,0.08061387562354527,0.08109105267904942,8.144905372486682e-6,0.00016566946590466645,0.12359322260074063,-0.15193807261740133,8.467350413138624e-13,0.23789282224632027,0.3188001617835458,0.0,0.0,4.0,1.0,0.23474737118623287,0.0,1.6674783828692584e-26,0.08444022542648927,0.888317722306318,1.0,1.0,6.0,3.0,6.0,3.0,1.357330773837959,1.0
71.0,0.7,-0.6179973232103031,0.08061387562354527,0.08109105267904942,8.144905372486682e-6,0.00016566946590466645,0.12359322260074063,-0.15193807261740133,8.715248557740616e-11,0.2885604780546579,0.3866998853496731,0.0,0.0,5.0,2.0,0.2847450923989421,0.0,2.6389323433270743e-26,0.08607090826041924,0.9054726322266112,1.0,1.0,6.0,3.0,6.0,3.0,1.3835431149548045,1.0
71.0,0.75,-0.6179973232103031,0.08061387562354527,0.08109105267904942,8.144905372486682e-6,0.00016566946590466645,0.12359322260074063,-0.15193807261740133,3.049808702925213e-10,0.30402074322461603,0.4074181860989737,0.0,0.0,5.0,2.0,0.30000093985251475,0.0,4.20493896152663e-26,0.08775802938188024,0.9232212773101778,1.0,1.0,6.0,3.0,6.0,3.0,1.4106626708984877,1.0
71.0,0.8,-0.6179973232103031,0.08061387562354527,0.08109105267904942,8.144905372486682e-6,0.00016566946590466645,0.12359322260074063,-0.15193807261740133,2.132460733263668e-8,0.36287905468249826,0.48629420698055537,0.0,0.0,5.0,2.0,0.358081018758351,1.0,6.998240738209444e-26,0.08964059800699441,0.9430260452948704,1.0,1.0,6.0,3.0,6.0,3.0,1.4409239393380644,1.0
71.0,0.85,-0.6179973232103031,0.08061387562354527,0.08109105267904942,8.144905372486682e-6,0.00016566946590466645,0.12359322260074063,-0.15193807261740133,1.281856515599673e-7,0.391037583452746,0.524029450283721,0.0,0.0,5.0,2.0,0.38586723165401915,1.0,1.2007453851363174e-25,0.09167987175696408,0.9644793633501278,1.0,1.0,6.0,3.0,6.0,3.0,1.4737041575709433,1.0
71.0,0.9,-0.6179973232103031,0.08061387562354527,0.08109105267904942,8.144905372486682e-6,0.00016566946590466645,0.12359322260074063,-0.15193807261740133,4.0512018944103914e-6,0.4515520864851861,0.605124933429561,0.0,0.0,5.0,2.0,0.4455816037454888,1.0,1.940159072788942e-25,0.09353125555802863,0.9839560645665195,1.0,1.0,6.0,3.0,6.0,3.0,1.5034641468968557,1.0
71.0,0.95,-0.6179973232103031,0.08061387562354527,0.08109105267904942,8.144905372486682e-6,0.00016566946590466645,0.12359322260074063,-0.15193807261740133,0.003981292107794025,0.6017178012296981,0.8063620018826958,1.0,1.0,6.0,3.0,0.5937618071064633,1.0,6.92805614225287e-25,0.0986254543186458,1.0375474307329522,1.0,1.0,6.0,3.0,6.0,3.0,1.5853506258932004,1.0
72.0,0.4,-0.02953780512877735,0.11597569852976494,0.10723920140681306,0.0001459654122196344,-6.92852639754128e-5,-0.03364267342674543,0.06164719922828299,1.371465450047249e-21,0.10031557472671829,0.14113243875132606,0.0,0.0,4.0,2.0,0.10734036949838757,0.0,4.907087085854609e-27,0.08469193894579839,0.7503788245053231,1.0,1.0,4.0,2.0,6.0,3.0,0.984660098777923,1.0
72.0,0.45,-0.02953780512877735,0.11597569852976494,0.10723920140681306,0.0001459654122196344,-6.92852639754128e-5,-0.03364267342674543,0.06164719922828299,3.7492722991940096e-20,0.11514191643968351,0.16199139080749148,0.0,0.0,4.0,2.0,0.12320495485429613,0.0,8.959779304678232e-27,0.08684339774718872,0.7694409589475644,1.0,1.0,4.0,2.0,6.0,3.0,1.0096737619702312,1.0
72.0,0.5,-0.02953780512877735,0.11597569852976494,0.10723920140681306,0.0001459654122196344,-6.92852639754128e-5,-0.03364267342674543,0.06164719922828299,1.274020695655789e-18,0.1333627931563864,0.18762606193628695,0.0,0.0,4.0,2.0,0.14270178418198104,1.0,1.4176442681256685e-26,0.08851965683591137,0.784292777671033,1.0,1.0,4.0,2.0,6.0,3.0,1.0291625759048764,1.0
72.0,0.55,-0.02953780512877735,0.11597569852976494,0.10723920140681306,0.0001459654122196344,-6.92852639754128e-5,-0.03364267342674543,0.06164719922828299,1.9460054886306968e-17,0.14940552750248015,0.2101963380740843,0.0,0.0,4.0,2.0,0.1598679424496815,1.0,2.3971396216662724e-26,0.09047841297497106,0.8016475477638615,1.0,1.0,4.0,2.0,6.0,3.0,1.0519358060065365,1.0
72.0,0.6,-0.02953780512877735,0.11597569852976494,0.10723920140681306,0.0001459654122196344,-6.92852639754128e-5,-0.03364267342674543,0.06164719922828299,5.164861267055029e-16,0.17127597174566128,0.24096552960813789,0.0,0.0,4.0,2.0,0.18326990742423585,1.0,3.277782249516452e-26,0.09166571345361665,0.81216714559797,1.0,1.0,4.0,2.0,6.0,3.0,1.0657398046058646,1.0
72.0,0.65,-0.02953780512877735,0.11597569852976494,0.10723920140681306,0.0001459654122196344,-6.92852639754128e-5,-0.03364267342674543,0.06164719922828299,1.4293964668540065e-15,0.1786969028161034,0.2514059233618511,0.0,0.0,4.0,2.0,0.19121050374034465,1.0,7.479820851297473e-26,0.09487167144827194,0.8405722455565681,1.0,1.0,4.0,2.0,6.0,3.0,1.1030134690772315,1.0
72.0,0.7,-0.02953780512877735,0.11597569852976494,0.10723920140681306,0.0001459654122196344,-6.92852639754128e-5,-0.03364267342674543,0.06164719922828299,2.070390957186429e-14,0.1997504859044514,0.28102588550438795,0.0,0.0,4.0,2.0,0.21373840525638288,1.0,1.1456222486839833e-25,0.09657198216552725,0.8556371640504566,1.0,1.0,4.0,2.0,6.0,3.0,1.1227819162239812,1.0
72.0,0.75,-0.02953780512877735,0.11597569852976494,0.10723920140681306,0.0001459654122196344,-6.92852639754128e-5,-0.03364267342674543,0.06164719922828299,1.432944251363384e-13,0.21651860314964275,0.30461669168307914,0.0,0.0,4.0,2.0,0.23168074278267864,1.0,1.5646890149409032e-25,0.09783455041297177,0.8668236416440503,1.0,1.0,4.0,2.0,6.0,3.0,1.137461006001796,1.0
72.0,0.8,-0.02953780512877735,0.11597569852976494,0.10723920140681306,0.0001459654122196344,-6.92852639754128e-5,-0.03364267342674543,0.06164719922828299,5.936446996079005e-13,0.22972906100546414,0.3232022816006247,0.0,0.0,4.0,2.0,0.2458162888466844,1.0,3.2618288050030655e-25,0.10087540716568388,0.8937659285250898,1.0,1.0,4.0,2.0,6.0,3.0,1.1728151417999058,1.0
72.0,0.85,-0.02953780512877735,0.11597569852976494,0.10723920140681306,0.0001459654122196344,-6.92852639754128e-5,-0.03364267342674543,0.06164719922828299,2.7525641968349985e-11,0.2695512747631955,0.37922754148091664,1.0,1.0,6.0,3.0,0.28842713118740193,1.0,6.791006521951318e-25,0.10400518919213912,0.9214961019890884,1.0,1.0,4.0,2.0,6.0,3.0,1.2092031560275074,1.0
72.0,0.9,-0.02953780512877735,0.11597569852976494,0.10723920140681306,0.0001459654122196344,-6.92852639754128e-5,-0.03364267342674543,0.06164719922828299,1.9705579195442036e-6,0.4294641134746279,0.6042064540423464,1.0,1.0,6.0,3.0,0.4595381799112191,1.0,1.1407349266056196e-24,0.10627728461449816,0.9416270886380637,1.0,1.0,4.0,2.0,6.0,3.0,1.235619385610404,1.0
72.0,0.95,-0.02953780512877735,0.11597569852976494,0.10723920140681306,0.0001459654122196344,-6.92852639754128e-5,-0.03364267342674543,0.06164719922828299,0.00013521101722206835,0.512205808754487,0.7206144721699181,1.0,1.0,6.0,3.0,0.548074024603913,1.0,2.818773495976954e-24,0.11035963607624866,0.9777971200391206,1.0,1.0,5.0,2.0,6.0,3.0,1.2830823276992132,1.0
73.0,0.4,0.1285090994858642,0.010660630272933347,0.010479440960042441,0.0003183301938787062,0.00024758522760481665,0.24259092991071296,0.04982299380198307,2.420615842231073e-23,0.09986226396657252,0.13741613762625804,0.0,0.0,4.0,1.0,0.11462464116073352,1.0,6.928620481684541e-30,0.06408771476796656,0.7124479988468151,0.0,1.0,6.0,3.0,6.0,3.0,1.0723559324581686,1.0
73.0,0.45,0.1285090994858642,0.010660630272933347,0.010479440960042441,0.0003183301938787062,0.00024758522760481665,0.24259092991071296,0.04982299380198307,4.709583632425266e-22,0.11300875778527228,0.15550645855567247,0.0,0.0,4.0,1.0,0.12971454676306074,1.0,8.85781728862926e-30,0.06474701982709033,0.7197773375773809,0.0,1.0,6.0,3.0,6.0,3.0,1.0833878391818026,1.0
73.0,0.5,0.1285090994858642,0.010660630272933347,0.010479440960042441,0.0003183301938787062,0.00024758522760481665,0.24259092991071296,0.04982299380198307,6.589421396881207e-21,0.1261410571736743,0.17357724714414205,0.0,0.0,5.0,2.0,0.14478815960959873,1.0,1.58358105884248e-29,0.06633349030259539,0.7374137554087136,0.0,1.0,6.0,3.0,6.0,3.0,1.1099336605180303,1.0
73.0,0.55,0.1285090994858642,0.010660630272933347,0.010479440960042441,0.0003183301938787062,0.00024758522760481665,0.24259092991071296,0.04982299380198307,9.142462078921642e-20,0.14075012688039357,0.19368015542671538,0.0,0.0,5.0,2.0,0.16155684986666496,1.0,2.4457459476028335e-29,0.06754579374889326,0.75089064668869,0.0,1.0,6.0,3.0,6.0,3.0,1.130218683900184,1.0
73.0,0.6,0.1285090994858642,0.010660630272933347,0.010479440960042441,0.0003183301938787062,0.00024758522760481665,0.24259092991071296,0.04982299380198307,9.123048954437853e-19,0.15490912348158975,0.21316373759596177,0.0,0.0,5.0,2.0,0.1778089338886277,1.0,4.0443909870715485e-29,0.06897632485027973,0.7667935233033564,0.0,1.0,6.0,3.0,6.0,3.0,1.1541552295968398,1.0
73.0,0.65,0.1285090994858642,0.010660630272933347,0.010479440960042441,0.0003183301938787062,0.00024758522760481665,0.24259092991071296,0.04982299380198307,2.6406526384947138e-17,0.17822794496437497,0.2452517581843312,0.0,0.0,5.0,2.0,0.20457491573788944,1.0,7.403422057565772e-29,0.0707360587296031,0.7863560695006431,0.0,1.0,6.0,3.0,6.0,3.0,1.183600203128386,1.0
73.0,0.7,0.1285090994858642,0.010660630272933347,0.010479440960042441,0.0003183301938787062,0.00024758522760481665,0.24259092991071296,0.04982299380198307,7.728748501226576e-16,0.20515197959476209,0.28230075648725245,0.0,0.0,5.0,2.0,0.23547905996138044,1.0,1.0322933536095699e-28,0.07172264559093511,0.7973237227800497,0.0,1.0,6.0,3.0,6.0,3.0,1.2001083947133901,1.0
73.0,0.75,0.1285090994858642,0.010660630272933347,0.010479440960042441,0.0003183301938787062,0.00024758522760481665,0.24259092991071296,0.04982299380198307,3.303235490273397e-15,0.21795172486786213,0.29991393175652253,0.0,0.0,5.0,2.0,0.25017095808787393,1.0,1.6114777720648106e-28,0.07306603102274582,0.8122578215544982,0.0,1.0,6.0,3.0,6.0,3.0,1.2225867642822823,1.0
73.0,0.8,0.1285090994858642,0.010660630272933347,0.010479440960042441,0.0003183301938787062,0.00024758522760481665,0.24259092991071296,0.04982299380198307,4.792485336214378e-13,0.2681809116230806,0.36903214083618613,0.0,0.0,5.0,2.0,0.30782539409725207,1.0,2.325296869750191e-28,0.07419097933854533,0.8247636064666178,1.0,1.0,6.0,3.0,6.0,3.0,1.2414101067048364,1.0
73.0,0.85,0.1285090994858642,0.010660630272933347,0.010479440960042441,0.0003183301938787062,0.00024758522760481665,0.24259092991071296,0.04982299380198307,9.832869460007902e-11,0.33478514121409997,0.46068333735856887,0.0,0.0,5.0,2.0,0.38427555267980973,1.0,4.092566316167353e-28,0.0759593067023599,0.8444216844027259,1.0,1.0,6.0,3.0,6.0,3.0,1.2709988718212129,1.0
73.0,0.9,0.1285090994858642,0.010660630272933347,0.010479440960042441,0.0003183301938787062,0.00024758522760481665,0.24259092991071296,0.04982299380198307,3.669011196699707e-9,0.38927875825387315,0.5356696443122815,0.0,0.0,5.0,2.0,0.4468248185448947,1.0,6.240972628473055e-28,0.0773066193592464,0.8593994412114233,1.0,1.0,6.0,3.0,6.0,3.0,1.293542954188936,1.0
73.0,0.95,0.1285090994858642,0.010660630272933347,0.010479440960042441,0.0003183301938787062,0.00024758522760481665,0.24259092991071296,0.04982299380198307,1.9727599360857269e-7,0.45958508183373015,0.6324151320801116,0.0,0.0,5.0,2.0,0.5275243419841902,1.0,1.9300339630333976e-27,0.08103010032081293,0.9007925002308762,1.0,1.0,6.0,3.0,6.0,3.0,1.3558465784168785,1.0
74.0,0.4,-0.22041972196489934,0.02356581533447044,0.02275684994744742,-0.0001477422417807239,-0.00011539819406470352,0.19156527559766284,-0.05830167402333475,6.627671889858457e-23,0.09095614118456831,0.12605351637512857,0.0,0.0,4.0,1.0,0.10003264945762917,0.0,3.407911342471174e-29,0.06579849823047368,0.6471759626849993,1.0,1.0,6.0,3.0,6.0,3.0,0.9481076435084124,1.0
74.0,0.45,-0.22041972196489934,0.02356581533447044,0.02275684994744742,-0.0001477422417807239,-0.00011539819406470352,0.19156527559766284,-0.05830167402333475,1.891886382228145e-21,0.10458737892884672,0.14494465915926402,0.0,0.0,4.0,1.0,0.11502414765872425,0.0,5.122645242293634e-29,0.06692543939331339,0.6582602465450277,1.0,1.0,6.0,3.0,6.0,3.0,0.9643460312985123,1.0
74.0,0.5,-0.22041972196489934,0.02356581533447044,0.02275684994744742,-0.0001477422417807239,-0.00011539819406470352,0.19156527559766284,-0.05830167402333475,1.0184085693454745e-19,0.12348249728847668,0.17113086363689753,0.0,0.0,4.0,1.0,0.13580480882918686,1.0,1.193780199047189e-28,0.06932674634415281,0.6818788424006385,1.0,1.0,6.0,3.0,6.0,3.0,0.9989470865767958,1.0
74.0,0.55,-0.22041972196489934,0.02356581533447044,0.02275684994744742,-0.0001477422417807239,-0.00011539819406470352,0.19156527559766284,-0.05830167402333475,6.122599108105873e-18,0.14646402946435508,0.20298031222530277,0.0,0.0,4.0,1.0,0.16107966682348035,1.0,2.8781775942314034e-28,0.07191600197306477,0.7073460498497983,1.0,1.0,6.0,3.0,6.0,3.0,1.0362563431523766,1.0
74.0,0.6,-0.22041972196489934,0.02356581533447044,0.02275684994744742,-0.0001477422417807239,-0.00011539819406470352,0.19156527559766284,-0.05830167402333475,2.4606813548072495e-16,0.170832026555861,0.23675122291257775,0.0,0.0,5.0,2.0,0.18787934499026593,1.0,4.308204073915985e-28,0.0731348958548266,0.719334755406223,1.0,1.0,6.0,3.0,6.0,3.0,1.05381970154205,1.0
74.0,0.65,-0.22041972196489934,0.02356581533447044,0.02275684994744742,-0.0001477422417807239,-0.00011539819406470352,0.19156527559766284,-0.05830167402333475,1.3789336634013488e-15,0.18355080464928905,0.2543778139463623,0.0,0.0,5.0,2.0,0.2018673292426708,1.0,5.750975520876646e-28,0.07402041791793904,0.7280445072863679,1.0,1.0,6.0,3.0,6.0,3.0,1.0665794188473205,1.0
74.0,0.7,-0.22041972196489934,0.02356581533447044,0.02275684994744742,-0.0001477422417807239,-0.00011539819406470352,0.19156527559766284,-0.05830167402333475,1.154897538617939e-13,0.220740131080665,0.30591743850876413,0.0,0.0,5.0,2.0,0.24276777649148554,1.0,6.590245156043866e-28,0.07444174328481194,0.7321885479140813,1.0,1.0,6.0,3.0,6.0,3.0,1.0726504054424406,1.0
74.0,0.75,-0.22041972196489934,0.02356581533447044,0.02275684994744742,-0.0001477422417807239,-0.00011539819406470352,0.19156527559766284,-0.05830167402333475,9.320758508049183e-13,0.2408070076939323,0.33372754925912335,0.0,0.0,5.0,2.0,0.2648371256065844,1.0,8.490237768447847e-28,0.07523165745622384,0.739957926821961,1.0,1.0,6.0,3.0,6.0,3.0,1.084032483814624,1.0
74.0,0.8,-0.22041972196489934,0.02356581533447044,0.02275684994744742,-0.0001477422417807239,-0.00011539819406470352,0.19156527559766284,-0.05830167402333475,1.0919655710082297e-11,0.2668091329492391,0.3697631514622438,0.0,0.0,5.0,2.0,0.29343400149580445,1.0,1.164938827309642e-27,0.07622982676942046,0.7497756461250354,1.0,1.0,6.0,3.0,6.0,3.0,1.0984153645916643,1.0
74.0,0.85,-0.22041972196489934,0.02356581533447044,0.02275684994744742,-0.0001477422417807239,-0.00011539819406470352,0.19156527559766284,-0.05830167402333475,4.086158975740422e-10,0.310275002596321,0.4300012578722287,0.0,0.0,5.0,2.0,0.34123732785894206,1.0,2.251671327375636e-27,0.07835198635795808,0.7706486251689095,1.0,1.0,6.0,3.0,6.0,3.0,1.1289941130547314,1.0
74.0,0.9,-0.22041972196489934,0.02356581533447044,0.02275684994744742,-0.0001477422417807239,-0.00011539819406470352,0.19156527559766284,-0.05830167402333475,5.572541113811497e-9,0.3459613147203508,0.47945789786497217,0.0,0.0,5.0,2.0,0.38048477508622475,1.0,4.902169939440349e-27,0.08093353029552994,0.7960399825394021,1.0,1.0,6.0,3.0,6.0,3.0,1.1661922498676949,1.0
74.0,0.95,-0.22041972196489934,0.02356581533447044,0.02275684994744742,-0.0001477422417807239,-0.00011539819406470352,0.19156527559766284,-0.05830167402333475,7.035628767389358e-6,0.465850186421546,0.6456084585128362,1.0,1.0,6.0,3.0,0.5123373506305251,1.0,2.61553783676579e-26,0.08678153841296951,0.8535593847290529,1.0,1.0,6.0,3.0,6.0,3.0,1.2504577170828073,1.0
75.0,0.4,-0.2618505595846623,0.084403149853094,0.08297348187715392,-7.387544477414824e-5,-0.0003948708547603191,0.1443488378756147,-0.03196753194345148,4.2352568640160873e-23,0.08747419642265811,0.12262158470116802,0.0,0.0,2.0,0.0,0.10034199236022708,1.0,9.959102362704746e-31,0.05718551193063133,0.5628943477845866,0.0,0.0,4.0,2.0,6.0,3.0,0.8306322157798037,1.0
75.0,0.45,-0.2618505595846623,0.084403149853094,0.08297348187715392,-7.387544477414824e-5,-0.0003948708547603191,0.1443488378756147,-0.03196753194345148,4.637328623829258e-21,0.10637864801029287,0.14912190029574307,0.0,0.0,2.0,0.0,0.12202736261061767,1.0,1.6317667475611946e-30,0.05837419776039977,0.5745949431325821,0.0,1.0,4.0,2.0,6.0,3.0,0.8478981405099058,1.0
75.0,0.5,-0.2618505595846623,0.084403149853094,0.08297348187715392,-7.387544477414824e-5,-0.0003948708547603191,0.1443488378756147,-0.03196753194345148,2.36345860644107e-20,0.11384775519211351,0.1595921166154495,0.0,0.0,2.0,0.0,0.1305952046306197,1.0,2.9287775793953493e-30,0.059814356950731305,0.5887708670821834,0.0,1.0,4.0,2.0,6.0,3.0,0.868816771452509,1.0
75.0,0.55,-0.2618505595846623,0.084403149853094,0.08297348187715392,-7.387544477414824e-5,-0.0003948708547603191,0.1443488378756147,-0.03196753194345148,2.7829583011558393e-19,0.1261675735734956,0.17686207409932694,0.0,0.0,2.0,0.0,0.14472731641283001,1.0,4.050076931612488e-30,0.06062770677708437,0.5967769162468928,0.0,1.0,4.0,2.0,6.0,3.0,0.8806308576722369,1.0
75.0,0.6,-0.2618505595846623,0.084403149853094,0.08297348187715392,-7.387544477414824e-5,-0.0003948708547603191,0.1443488378756147,-0.03196753194345148,1.460738259564693e-18,0.13519184300414216,0.1895123214135115,0.0,0.0,2.0,0.0,0.15507909112238327,1.0,6.797498376209625e-30,0.0619500105716957,0.6097927537713295,0.0,1.0,4.0,2.0,6.0,3.0,0.8998376129109485,1.0
75.0,0.65,-0.2618505595846623,0.084403149853094,0.08297348187715392,-7.387544477414824e-5,-0.0003948708547603191,0.1443488378756147,-0.03196753194345148,2.654031642902571e-17,0.15255369311491057,0.2138502137405239,0.0,0.0,2.0,0.0,0.1749949371937955,1.0,1.0658655766207032e-29,0.06312205170655932,0.62132951033628,1.0,1.0,4.0,2.0,6.0,3.0,0.9168617697641356,1.0
75.0,0.7,-0.2618505595846623,0.084403149853094,0.08297348187715392,-7.387544477414824e-5,-0.0003948708547603191,0.1443488378756147,-0.03196753194345148,7.101864970154078e-16,0.1749445787203665,0.24523782275081235,0.0,0.0,3.0,0.0,0.2006796095228277,1.0,1.6222781256022518e-29,0.06423652809359535,0.6322996396194268,1.0,1.0,4.0,2.0,6.0,3.0,0.9330497859162151,1.0
75.0,0.75,-0.2618505595846623,0.084403149853094,0.08297348187715392,-7.387544477414824e-5,-0.0003948708547603191,0.1443488378756147,-0.03196753194345148,1.5971464280406677e-15,0.1809530894729275,0.2536605707188314,0.0,0.0,4.0,1.0,0.2075719956742442,1.0,2.8592163366198023e-29,0.06577140674577943,0.647407915976167,1.0,1.0,4.0,2.0,6.0,3.0,0.9553442380033681,1.0
75.0,0.8,-0.2618505595846623,0.084403149853094,0.08297348187715392,-7.387544477414824e-5,-0.0003948708547603191,0.1443488378756147,-0.03196753194345148,6.7786555964935145e-15,0.19218712371321783,0.2694084728141602,0.0,0.0,5.0,2.0,0.22045860022751285,1.0,3.6720137705052154e-29,0.06646063978132066,0.6541922459037053,1.0,1.0,4.0,2.0,6.0,3.0,0.9653555003698698,1.0
75.0,0.85,-0.2618505595846623,0.084403149853094,0.08297348187715392,-7.387544477414824e-5,-0.0003948708547603191,0.1443488378756147,-0.03196753194345148,7.591437686758384e-14,0.21253973743947158,0.2979388263353906,0.0,0.0,5.0,2.0,0.243805162923131,1.0,8.455334839167763e-29,0.06881090804181812,0.6773266496179945,1.0,1.0,4.0,2.0,6.0,3.0,0.9994936669611224,1.0
75.0,0.9,-0.2618505595846623,0.084403149853094,0.08297348187715392,-7.387544477414824e-5,-0.0003948708547603191,0.1443488378756147,-0.03196753194345148,3.381287697713551e-10,0.30162805035168716,0.42282308425833337,1.0,1.0,6.0,3.0,0.3459987146127072,1.0,3.0298821497856914e-28,0.0725692961411271,0.7143216042220238,1.0,1.0,4.0,2.0,6.0,3.0,1.0540850858239346,1.0
75.0,0.95,-0.2618505595846623,0.084403149853094,0.08297348187715392,-7.387544477414824e-5,-0.0003948708547603191,0.1443488378756147,-0.03196753194345148,4.1922339746643326e-8,0.3687187318883678,0.5168709981020806,1.0,1.0,6.0,3.0,0.4229586974363079,1.0,8.211180305431053e-28,0.07564735333204323,0.7446198552375282,1.0,1.0,6.0,3.0,6.0,3.0,1.0987945476870913,1.0
76.0,0.4,-0.039598088960571154,0.11908625482611657,0.11954740284397852,-0.0003935054729492213,0.0003950292701658014,0.1741200643214615,0.06649923890912868,1.5636167463902598e-24,0.07166858212590468,0.10043664328805266,0.0,0.0,3.0,1.0,0.07748172405561464,0.0,2.843565569405636e-29,0.06551999974464985,0.6608994528097419,0.0,1.0,4.0,2.0,6.0,3.0,0.9567440705386719,1.0
76.0,0.45,-0.039598088960571154,0.11908625482611657,0.11954740284397852,-0.0003935054729492213,0.0003950292701658014,0.1741200643214615,0.06649923890912868,5.192484387816067e-22,0.09128106171551885,0.1279216521734775,0.0,0.0,3.0,1.0,0.0986850001151196,0.0,3.931786942267552e-29,0.0664106148006346,0.6698830762141741,0.0,1.0,4.0,2.0,6.0,3.0,0.969749117505502,1.0
76.0,0.5,-0.039598088960571154,0.11908625482611657,0.11954740284397852,-0.0003935054729492213,0.0003950292701658014,0.1741200643214615,0.06649923890912868,2.7869754533205235e-20,0.10775909379594721,0.15101403353583834,0.0,0.0,3.0,1.0,0.1164995891130207,0.0,5.671942289276464e-29,0.06743236789444623,0.6801894874357631,1.0,1.0,4.0,2.0,6.0,3.0,0.9846690842006887,1.0
76.0,0.55,-0.039598088960571154,0.11908625482611657,0.11954740284397852,-0.0003935054729492213,0.0003950292701658014,0.1741200643214615,0.06649923890912868,1.5354942992868458e-18,0.1273504229172091,0.1784694020686532,0.0,0.0,3.0,1.0,0.1376799991592196,1.0,8.80443077584915e-29,0.06867923861764352,0.6927666574891386,1.0,1.0,4.0,2.0,6.0,3.0,1.0028762907909887,1.0
76.0,0.6,-0.039598088960571154,0.11908625482611657,0.11954740284397852,-0.0003935054729492213,0.0003950292701658014,0.1741200643214615,0.06649923890912868,9.056002337919971e-17,0.15093121614862126,0.21151562187626707,0.0,0.0,3.0,1.0,0.16317346449608147,1.0,1.4468561974478365e-28,0.07011549032839028,0.7072541112960521,1.0,1.0,4.0,2.0,6.0,3.0,1.0238488993595696,1.0
76.0,0.65,-0.039598088960571154,0.11908625482611657,0.11954740284397852,-0.0003935054729492213,0.0003950292701658014,0.1741200643214615,0.06649923890912868,9.108214706370628e-16,0.16616890908152948,0.23286978689863053,0.0,0.0,3.0,1.0,0.179647108651587,1.0,2.3512756831796244e-28,0.07154850546237128,0.7217089177918877,1.0,1.0,4.0,2.0,6.0,3.0,1.0447742463951584,1.0
76.0,0.7,-0.039598088960571154,0.11908625482611657,0.11954740284397852,-0.0003935054729492213,0.0003950292701658014,0.1741200643214615,0.06649923890912868,1.3124150506942194e-14,0.1857061770185115,0.26024939386730966,0.0,0.0,3.0,1.0,0.20076907253297782,1.0,3.8263587956973184e-28,0.07301503911997947,0.7365018252341604,1.0,1.0,4.0,2.0,6.0,3.0,1.066189041673399,1.0
76.0,0.75,-0.039598088960571154,0.11908625482611657,0.11954740284397852,-0.0003935054729492213,0.0003950292701658014,0.1741200643214615,0.06649923890912868,4.542237579884376e-14,0.1955658229189201,0.2740667418442263,0.0,0.0,3.0,1.0,0.2114284485144849,1.0,7.281402874083522e-28,0.07499895507881561,0.756513561753167,1.0,1.0,4.0,2.0,6.0,3.0,1.0951588194124242,1.0
76.0,0.8,-0.039598088960571154,0.11908625482611657,0.11954740284397852,-0.0003935054729492213,0.0003950292701658014,0.1741200643214615,0.06649923890912868,2.622507118731612e-12,0.2315722832347622,0.32452634218143617,0.0,0.0,3.0,1.0,0.25035544469128135,1.0,1.2428717728523974e-27,0.07668857747690948,0.7735567626491882,1.0,1.0,4.0,2.0,6.0,3.0,1.119831228098714,1.0
76.0,0.85,-0.039598088960571154,0.11908625482611657,0.11954740284397852,-0.0003935054729492213,0.0003950292701658014,0.1741200643214615,0.06649923890912868,1.721287527026513e-10,0.2756770474573716,0.3863349386421265,0.0,0.0,5.0,2.0,0.2980376098697518,1.0,2.0410799768492746e-27,0.07829014294704602,0.7897117343674022,1.0,1.0,4.0,2.0,6.0,3.0,1.1432178012535428,1.0
76.0,0.9,-0.039598088960571154,0.11908625482611657,0.11954740284397852,-0.0003935054729492213,0.0003950292701658014,0.1741200643214615,0.06649923890912868,5.93700056705313e-8,0.3516727182344964,0.49283558161381863,1.0,1.0,6.0,3.0,0.38019739896994953,1.0,3.1587543178859397e-27,0.07972773239465224,0.8042126819099973,1.0,1.0,4.0,2.0,6.0,3.0,1.164209943885206,1.0
76.0,0.95,-0.039598088960571154,0.11908625482611657,0.11954740284397852,-0.0003935054729492213,0.0003950292701658014,0.1741200643214615,0.06649923890912868,7.64549237820869e-6,0.4305748018042373,0.6034092833267455,1.0,1.0,6.0,3.0,0.4654993441908526,1.0,7.94680517389663e-27,0.08285224396970323,0.8357295927509123,1.0,1.0,4.0,2.0,6.0,3.0,1.209835064984257,1.0
77.0,0.4,-0.6023977669245482,-0.03906160144276444,-0.03901193321411811,0.0001477823044980331,0.0002441742302145461,0.21327122631904244,-0.22680687778426134,2.4419000099845583e-21,0.10592886513019087,0.14747451334680856,0.0,0.0,4.0,1.0,0.11367063389613502,0.0,3.372756576704198e-28,0.07097927381869533,0.7025823353829086,0.0,1.0,6.0,3.0,6.0,3.0,0.9985124153211645,1.0
77.0,0.45,-0.6023977669245482,-0.03906160144276444,-0.03901193321411811,0.0001477823044980331,0.0002441742302145461,0.21327122631904244,-0.22680687778426134,2.670754140733671e-19,0.12881568211322247,0.17933761499036696,0.0,0.0,4.0,1.0,0.13823012475000768,0.0,6.243304851728638e-28,0.0728239865420554,0.7208420681691224,0.0,1.0,6.0,3.0,6.0,3.0,1.024463209938773,1.0
77.0,0.5,-0.6023977669245482,-0.03906160144276444,-0.03901193321411811,0.0001477823044980331,0.0002441742302145461,0.21327122631904244,-0.22680687778426134,1.1943071046898969e-18,0.1371109558972175,0.19088632235043987,0.0,0.0,4.0,1.0,0.1471316553027027,0.0,1.0034804576396562e-27,0.07427825889727903,0.7352370600117509,1.0,1.0,6.0,3.0,6.0,3.0,1.044921421524007,1.0
77.0,0.55,-0.6023977669245482,-0.03906160144276444,-0.03901193321411811,0.0001477823044980331,0.0002441742302145461,0.21327122631904244,-0.22680687778426134,6.137259756020371e-18,0.1467882396763101,0.20435906855693065,0.0,0.0,4.0,1.0,0.1575161994985673,0.0,1.6330493479484894e-27,0.07580080446321502,0.7503078484531008,1.0,1.0,6.0,3.0,6.0,3.0,1.0663400775441096,1.0
77.0,0.6,-0.6023977669245482,-0.03906160144276444,-0.03901193321411811,0.0001477823044980331,0.0002441742302145461,0.21327122631904244,-0.22680687778426134,1.0797336926276583e-16,0.16541714409897226,0.23029429037338064,0.0,0.0,4.0,1.0,0.17750658995457713,0.0,2.330305588060367e-27,0.07693212231686314,0.7615061024914104,1.0,1.0,6.0,3.0,6.0,3.0,1.082255074440635,1.0
77.0,0.65,-0.6023977669245482,-0.03906160144276444,-0.03901193321411811,0.0001477823044980331,0.0002441742302145461,0.21327122631904244,-0.22680687778426134,2.9834792808337438e-15,0.18994992105207392,0.26444890288393524,0.0,0.0,4.0,1.0,0.20383233510500604,0.0,3.357628645871886e-27,0.07811184053577301,0.773183443449457,1.0,1.0,6.0,3.0,6.0,3.0,1.0988509513042237,1.0
77.0,0.7,-0.6023977669245482,-0.03906160144276444,-0.03901193321411811,0.0001477823044980331,0.0002441742302145461,0.21327122631904244,-0.22680687778426134,3.037306163421593e-14,0.2092325983870459,0.2912943094924503,0.0,0.0,4.0,1.0,0.2245242792052944,0.0,4.847288321287993e-27,0.07931608979464375,0.785103602830655,1.0,1.0,6.0,3.0,6.0,3.0,1.1157919225403519,1.0
77.0,0.75,-0.6023977669245482,-0.03906160144276444,-0.03901193321411811,0.0001477823044980331,0.0002441742302145461,0.21327122631904244,-0.22680687778426134,2.4231092866842215e-12,0.2511160856525389,0.34960463778827744,0.0,0.0,4.0,1.0,0.2694688043958354,0.0,7.72438959281101e-27,0.08087106901665184,0.8004954330719865,1.0,1.0,6.0,3.0,6.0,3.0,1.1376668442633828,1.0
77.0,0.8,-0.6023977669245482,-0.03906160144276444,-0.03901193321411811,0.0001477823044980331,0.0002441742302145461,0.21327122631904244,-0.22680687778426134,1.1322220218165654e-11,0.26777671401200065,0.3727996192160864,0.0,0.0,4.0,1.0,0.2873470681193291,0.0,1.1262225570309264e-26,0.08215169329718923,0.8131715841420335,1.0,1.0,6.0,3.0,6.0,3.0,1.1556822334704429,1.0
77.0,0.85,-0.6023977669245482,-0.03906160144276444,-0.03901193321411811,0.0001477823044980331,0.0002441742302145461,0.21327122631904244,-0.22680687778426134,1.1496920811204686e-10,0.29492837331385663,0.4106002483191952,0.0,0.0,4.0,1.0,0.31648309558814625,0.0,1.8215214624578957e-26,0.08381407167030328,0.8296264957920998,1.0,1.0,6.0,3.0,6.0,3.0,1.179068010123438,1.0
77.0,0.9,-0.6023977669245482,-0.03906160144276444,-0.03901193321411811,0.0001477823044980331,0.0002441742302145461,0.21327122631904244,-0.22680687778426134,8.734162071436283e-9,0.3532454228593716,0.4917894359025461,0.0,0.0,4.0,1.0,0.37906222338908857,0.0,4.2686712266541946e-26,0.08684157798475074,0.8595940108476112,1.0,1.0,6.0,3.0,6.0,3.0,1.2216579449001839,1.0
77.0,0.95,-0.6023977669245482,-0.03906160144276444,-0.03901193321411811,0.0001477823044980331,0.0002441742302145461,0.21327122631904244,-0.22680687778426134,1.615873509138855e-6,0.439078964524599,0.611287174034215,0.0,0.0,5.0,2.0,0.4711688751373658,1.0,1.0354754496990465e-25,0.09010792775581343,0.8919256976466696,1.0,1.0,6.0,3.0,6.0,3.0,1.2676078486357234,1.0
78.0,0.4,0.11165956823820966,0.1061558256911013,0.10590274322914014,-0.0003920809465523514,0.0003741487884043811,0.23726690298989028,0.10782201823216336,6.617644296730286e-23,0.0913979974444922,0.12625747497830817,0.0,0.0,2.0,0.0,0.09143436088214374,0.0,2.2120972847195776e-30,0.060432599088308475,0.6414954190325927,0.0,1.0,4.0,2.0,6.0,3.0,0.8737446289621982,1.0
78.0,0.45,0.11165956823820966,0.1061558256911013,0.10590274322914014,-0.0003920809465523514,0.0003741487884043811,0.23726690298989028,0.10782201823216336,1.2603295571074596e-20,0.11374375014474311,0.1571259665351044,0.0,0.0,3.0,1.0,0.11378900402209584,0.0,4.222058362036176e-30,0.06208232026500905,0.6590073015843928,0.0,1.0,4.0,2.0,6.0,3.0,0.8975965737597574,1.0
78.0,0.5,0.11165956823820966,0.1061558256911013,0.10590274322914014,-0.0003920809465523514,0.0003741487884043811,0.23726690298989028,0.10782201823216336,5.952588829565072e-19,0.1335631899764184,0.18450460171966135,0.0,0.0,3.0,1.0,0.13361632917932267,0.0,5.975489538815977e-30,0.06298734833347913,0.6686142251451535,0.0,1.0,4.0,2.0,6.0,3.0,0.9106816209994143,1.0
78.0,0.55,0.11165956823820966,0.1061558256911013,0.10590274322914014,-0.0003920809465523514,0.0003741487884043811,0.23726690298989028,0.10782201823216336,3.897103291603905e-18,0.14444026760243805,0.19953023023015834,0.0,0.0,3.0,1.0,0.14449773433926147,0.0,7.599412905566794e-30,0.06362145523029353,0.6753453053174459,0.0,1.0,4.0,2.0,6.0,3.0,0.9198496446098141,1.0
78.0,0.6,0.11165956823820966,0.1061558256911013,0.10590274322914014,-0.0003920809465523514,0.0003741487884043811,0.23726690298989028,0.10782201823216336,1.2908648802215473e-16,0.1671196063105738,0.23085953852497135,0.0,0.0,3.0,1.0,0.16718609620700853,0.0,9.966819784975482e-30,0.06434442961953506,0.6830197188917917,0.0,1.0,4.0,2.0,6.0,3.0,0.9303025292946832,1.0
78.0,0.65,0.11165956823820966,0.1061558256911013,0.10590274322914014,-0.0003920809465523514,0.0003741487884043811,0.23726690298989028,0.10782201823216336,8.01952514603202e-16,0.18033508618193633,0.2491154430944148,0.0,0.0,3.0,1.0,0.18040683396466806,0.0,1.2937983243412566e-29,0.06504773885991365,0.6904853858111788,0.0,1.0,4.0,2.0,6.0,3.0,0.9404710919669969,1.0
78.0,0.7,0.11165956823820966,0.1061558256911013,0.10590274322914014,-0.0003920809465523514,0.0003741487884043811,0.23726690298989028,0.10782201823216336,4.70402674104275e-15,0.19413042802084918,0.2681723707705552,0.0,0.0,3.0,1.0,0.19420766439268425,0.0,1.8876006699273503e-29,0.06607959187170775,0.7014385632380447,0.0,1.0,4.0,2.0,6.0,3.0,0.9553897954570802,1.0
78.0,0.75,0.11165956823820966,0.1061558256911013,0.10590274322914014,-0.0003920809465523514,0.0003741487884043811,0.23726690298989028,0.10782201823216336,4.954996930297949e-14,0.2141415026044307,0.2958157307912167,0.0,0.0,3.0,1.0,0.21422670054526402,0.0,2.995866215527269e-29,0.06736374101481837,0.715069878208568,0.0,1.0,4.0,2.0,6.0,3.0,0.9739562386269295,1.0
78.0,0.8,0.11165956823820966,0.1061558256911013,0.10590274322914014,-0.0003920809465523514,0.0003741487884043811,0.23726690298989028,0.10782201823216336,1.9967505742588004e-12,0.24979717942715576,0.34507059249662647,0.0,0.0,5.0,2.0,0.24989656326940185,1.0,6.631626427720777e-29,0.06963142222712351,0.7391414410979004,1.0,1.0,4.0,2.0,6.0,3.0,1.0067427530138873,1.0
78.0,0.85,0.11165956823820966,0.1061558256911013,0.10590274322914014,-0.0003920809465523514,0.0003741487884043811,0.23726690298989028,0.10782201823216336,1.0707720493928726e-11,0.2679033107110655,0.37008245798000916,0.0,0.0,5.0,2.0,0.2680098982251038,1.0,1.6642871369785867e-28,0.07235284413193056,0.768029486813717,1.0,1.0,4.0,2.0,6.0,3.0,1.0460895262511356,1.0
78.0,0.9,0.11165956823820966,0.1061558256911013,0.10590274322914014,-0.0003920809465523514,0.0003741487884043811,0.23726690298989028,0.10782201823216336,1.0748242896420654e-10,0.2949260261700917,0.40741172028672445,0.0,0.0,5.0,2.0,0.2950433648915552,1.0,2.98041630116197e-28,0.07413090503502619,0.7869037027386357,1.0,1.0,4.0,2.0,6.0,3.0,1.0717970282862086,1.0
78.0,0.95,0.11165956823820966,0.1061558256911013,0.10590274322914014,-0.0003920809465523514,0.0003741487884043811,0.23726690298989028,0.10782201823216336,1.644573969419394e-5,0.48500133049515504,0.6699823307028959,1.0,1.0,6.0,3.0,0.4851942922244653,1.0,1.0623647468309578e-27,0.0781626302950832,0.8297006918495166,1.0,1.0,4.0,2.0,6.0,3.0,1.130088386668436,1.0
79.0,0.4,-0.3378634736335582,0.45100055523728333,0.09986606777494611,-0.0005184537700519963,0.00049539325210837,0.2019178718619014,-0.04604344602788857,1.9993133092686524e-21,0.11416133808477148,0.19661822960901246,0.0,0.0,2.0,0.0,0.09695853255471346,1.0,1.1634669743346451e-26,0.14680761534923173,1.0894394041102442,0.0,1.0,6.0,3.0,6.0,3.0,0.8576662796002527,1.0
79.0,0.45,-0.3378634736335582,0.45100055523728333,0.09986606777494611,-0.0005184537700519963,0.00049539325210837,0.2019178718619014,-0.04604344602788857,1.6745212924330193e-20,0.12473197324399056,0.2148238638956841,0.0,0.0,2.0,0.0,0.10593629411921159,1.0,2.4367385778139637e-26,0.1513999985259814,1.1235188568663048,0.0,1.0,6.0,3.0,6.0,3.0,0.8844954885914351,1.0
79.0,0.5,-0.3378634736335582,0.45100055523728333,0.09986606777494611,-0.0005184537700519963,0.00049539325210837,0.2019178718619014,-0.04604344602788857,2.6372369017398346e-19,0.1399147698605825,0.240972949403523,0.0,0.0,2.0,0.0,0.11883121725797419,1.0,3.527325755747472e-26,0.15375139465173004,1.1409682486295922,0.0,1.0,6.0,3.0,6.0,3.0,0.8982326040826165,1.0
79.0,0.55,-0.3378634736335582,0.45100055523728333,0.09986606777494611,-0.0005184537700519963,0.00049539325210837,0.2019178718619014,-0.04604344602788857,1.1654964008788552e-17,0.16384013751908108,0.2821792238803131,0.0,0.0,2.0,0.0,0.13915130615950283,1.0,5.878738577815312e-26,0.15705882280210667,1.1655122243948293,0.0,1.0,6.0,3.0,6.0,3.0,0.9175549640980051,1.0
79.0,0.6,-0.3378634736335582,0.45100055523728333,0.09986606777494611,-0.0005184537700519963,0.00049539325210837,0.2019178718619014,-0.04604344602788857,7.582039353366019e-17,0.17713597258830355,0.3050784259774605,0.0,0.0,2.0,0.0,0.15044361123430885,1.0,8.132218737919799e-26,0.15919675424779992,1.1813775237165567,0.0,1.0,6.0,3.0,6.0,3.0,0.9300449953862747,1.0
79.0,0.65,-0.3378634736335582,0.45100055523728333,0.09986606777494611,-0.0005184537700519963,0.00049539325210837,0.2019178718619014,-0.04604344602788857,6.245097495795102e-16,0.1934029744599272,0.3330948206930702,0.0,0.0,2.0,0.0,0.16425936231955124,1.0,1.3911821494526686e-25,0.1627982873119376,1.208104012161613,0.0,1.0,6.0,3.0,6.0,3.0,0.9510855487433214,1.0
79.0,0.7,-0.3378634736335582,0.45100055523728333,0.09986606777494611,-0.0005184537700519963,0.00049539325210837,0.2019178718619014,-0.04604344602788857,1.480668545325926e-14,0.22067413109576395,0.38006349351246804,0.0,0.0,2.0,0.0,0.18742106813730378,1.0,2.223285756577172e-25,0.16600976522537514,1.2319359542308694,0.0,1.0,6.0,3.0,6.0,3.0,0.9698473568926067,1.0
79.0,0.75,-0.3378634736335582,0.45100055523728333,0.09986606777494611,-0.0005184537700519963,0.00049539325210837,0.2019178718619014,-0.04604344602788857,2.7170542282057573e-13,0.2491168540950757,0.4290499361663861,0.0,0.0,2.0,0.0,0.2115777986919655,1.0,4.271593766729763e-25,0.1705886292517095,1.2659150832051054,0.0,1.0,6.0,3.0,6.0,3.0,0.9965975855160987,1.0
79.0,0.8,-0.3378634736335582,0.45100055523728333,0.09986606777494611,-0.0005184537700519963,0.00049539325210837,0.2019178718619014,-0.04604344602788857,1.275825102398194e-10,0.3219019783157848,0.554406580598157,0.0,0.0,4.0,1.0,0.27339503870199544,1.0,6.444052866011356e-25,0.1735363508325997,1.2877897252999897,0.0,1.0,6.0,3.0,6.0,3.0,1.0138185000821818,1.0
79.0,0.85,-0.3378634736335582,0.45100055523728333,0.09986606777494611,-0.0005184537700519963,0.00049539325210837,0.2019178718619014,-0.04604344602788857,1.8340912164594857e-9,0.35971472841937463,0.6195308696678519,0.0,0.0,5.0,2.0,0.30550984064290937,1.0,8.166388980251214e-25,0.17525755599791507,1.3005625554095992,0.0,1.0,6.0,3.0,6.0,3.0,1.0238739704816773,1.0
79.0,0.9,-0.3378634736335582,0.45100055523728333,0.09986606777494611,-0.0005184537700519963,0.00049539325210837,0.2019178718619014,-0.04604344602788857,5.6631578719267184e-8,0.41497932440785806,0.7147121911695699,0.0,0.0,5.0,2.0,0.35244669526608796,1.0,1.8512019794164074e-24,0.18133685266864474,1.3456761915558852,0.0,1.0,6.0,3.0,6.0,3.0,1.0593898920894749,1.0
79.0,0.95,-0.3378634736335582,0.45100055523728333,0.09986606777494611,-0.0005184537700519963,0.00049539325210837,0.2019178718619014,-0.04604344602788857,3.0531340880796676e-5,0.5393202904197703,0.9288626296217076,1.0,1.0,6.0,3.0,0.45805090246273344,1.0,7.251767064523978e-24,0.19195259691817376,1.4244541899715795,0.0,1.0,6.0,3.0,6.0,3.0,1.121408240756351,1.0
80.0,0.4,-0.3412860007539351,-1.0334814094192346,-1.0341248848935298,0.00017752119038041874,-0.000688996422201465,0.008496293796333376,-0.8031782568469983,1.4855685368625314e-18,0.1663033187640835,0.2434834468433393,0.0,0.0,3.0,1.0,0.2245399695971711,0.0,2.090028268816489e-27,0.09631289845072247,1.2746997896071957,0.0,0.0,4.0,2.0,4.0,2.0,1.9137399481732482,1.0
80.0,0.45,-0.3412860007539351,-1.0334814094192346,-1.0341248848935298,0.00017752119038041874,-0.000688996422201465,0.008496293796333376,-0.8031782568469983,1.0350258204374176e-16,0.19847006865748562,0.2905785451011418,0.0,0.0,3.0,1.0,0.26797097925339103,0.0,3.652917728993069e-27,0.09857983983628184,1.3047027253894974,0.0,0.0,4.0,2.0,4.0,2.0,1.9587841360182623,1.0
80.0,0.5,-0.3412860007539351,-1.0334814094192346,-1.0341248848935298,0.00017752119038041874,-0.000688996422201465,0.008496293796333376,-0.8031782568469983,7.072850031798499e-16,0.2150165170551219,0.3148040766107513,0.0,0.0,3.0,1.0,0.29031171813796475,0.0,5.302312660597735e-27,0.10012230399827733,1.3251172158097837,0.0,0.0,4.0,2.0,4.0,2.0,1.989432941452631,1.0
80.0,0.55,-0.3412860007539351,-1.0334814094192346,-1.0341248848935298,0.00017752119038041874,-0.000688996422201465,0.008496293796333376,-0.8031782568469983,5.921127205987373e-15,0.23492121422728732,0.3439463950675877,0.0,0.0,4.0,2.0,0.31718670855363507,0.0,1.0332981824501896e-26,0.10294474499322469,1.3624721807242588,0.0,0.0,4.0,2.0,4.0,2.0,2.045514921854833,1.0
80.0,0.6,-0.3412860007539351,-1.0334814094192346,-1.0341248848935298,0.00017752119038041874,-0.000688996422201465,0.008496293796333376,-0.8031782568469983,7.53504575572408e-14,0.26118644414186803,0.38240112200425813,0.0,0.0,4.0,2.0,0.3526495842816231,0.0,1.6061026121953793e-26,0.10485407976976507,1.3877421983137614,0.0,0.0,4.0,2.0,4.0,2.0,2.083453456517159,1.0
80.0,0.65,-0.3412860007539351,-1.0334814094192346,-1.0341248848935298,0.00017752119038041874,-0.000688996422201465,0.008496293796333376,-0.8031782568469983,2.0760812757536626e-12,0.2998867207493241,0.4390619079236378,0.0,0.0,4.0,2.0,0.4049020528277712,0.0,2.248885254456968e-26,0.10633512602536162,1.4073438236492648,0.0,0.0,4.0,2.0,4.0,2.0,2.112881886457701,1.0
80.0,0.7,-0.3412860007539351,-1.0334814094192346,-1.0341248848935298,0.00017752119038041874,-0.000688996422201465,0.008496293796333376,-0.8031782568469983,5.529710670624268e-11,0.34383598029517276,0.5034076905572121,0.0,0.0,4.0,2.0,0.46424161066451053,0.0,3.101066683699747e-26,0.10776831076234292,1.4263120024922367,0.0,0.0,4.0,2.0,4.0,2.0,2.1413593067035097,1.0
80.0,0.75,-0.3412860007539351,-1.0334814094192346,-1.0341248848935298,0.00017752119038041874,-0.000688996422201465,0.008496293796333376,-0.8031782568469983,2.730533424798211e-10,0.36749296776682927,0.5380437092147823,0.0,0.0,4.0,2.0,0.49618288091169,0.0,4.6559670572771135e-26,0.10960874163952186,1.4506700779905763,0.0,0.0,4.0,2.0,4.0,2.0,2.1779287189854077,1.0
80.0,0.8,-0.3412860007539351,-1.0334814094192346,-1.0341248848935298,0.00017752119038041874,-0.000688996422201465,0.008496293796333376,-0.8031782568469983,9.3176812723459e-10,0.38677632361538467,0.5662763264806677,0.0,0.0,4.0,2.0,0.5222189466267007,0.0,7.292026878247286e-26,0.11167692749753545,1.4780424872990483,0.0,0.0,4.0,2.0,4.0,2.0,2.219023629017136,1.0
80.0,0.85,-0.3412860007539351,-1.0334814094192346,-1.0341248848935298,0.00017752119038041874,-0.000688996422201465,0.008496293796333376,-0.8031782568469983,2.714947543283067e-7,0.489942876193673,0.7173217055349508,0.0,0.0,4.0,2.0,0.6615127066762853,0.0,1.3451919710265212e-25,0.11456293302514482,1.516238727865218,0.0,0.0,4.0,2.0,4.0,2.0,2.276368638436209,1.0
80.0,0.9,-0.3412860007539351,-1.0334814094192346,-1.0341248848935298,0.00017752119038041874,-0.000688996422201465,0.008496293796333376,-0.8031782568469983,2.2643296143684125e-6,0.5352145021352281,0.783603554931409,0.0,0.0,4.0,2.0,0.722637701583643,0.0,2.726080313160504e-25,0.11798466298864184,1.5615252734341263,0.0,1.0,4.0,2.0,6.0,3.0,2.344358507169688,1.0
80.0,0.95,-0.3412860007539351,-1.0334814094192346,-1.0341248848935298,0.00017752119038041874,-0.000688996422201465,0.008496293796333376,-0.8031782568469983,0.00047858245201513037,0.6689652923453385,0.9794270878614766,0.0,0.0,4.0,2.0,0.9032257896059843,0.0,7.21111212298359e-25,0.12286500606639592,1.6261165420439792,0.0,1.0,4.0,2.0,6.0,3.0,2.441331058706673,1.0
81.0,0.4,-0.40697493560583986,0.03370104113478373,0.0389953259749779,-0.00027724233986972457,-0.00017635027200756258,0.21522070024211226,-0.10966109455196127,4.909932868196614e-18,0.15803851791848114,0.22045663342654476,0.0,0.0,4.0,1.0,0.18115760115322554,0.0,9.818450358243953e-26,0.11685360812104788,0.9939513824001341,1.0,1.0,6.0,3.0,6.0,3.0,1.3949379364364392,1.0
81.0,0.45,-0.40697493560583986,0.03370104113478373,0.0389953259749779,-0.00027724233986972457,-0.00017635027200756258,0.21522070024211226,-0.10966109455196127,6.915006396411991e-16,0.19421949678898887,0.27092747370602266,0.0,0.0,4.0,1.0,0.22263141036053288,1.0,1.3401821006010917e-25,0.11837831741697799,1.0069204891039527,1.0,1.0,6.0,3.0,6.0,3.0,1.4131391274234308,1.0
81.0,0.5,-0.40697493560583986,0.03370104113478373,0.0389953259749779,-0.00027724233986972457,-0.00017635027200756258,0.21522070024211226,-0.10966109455196127,9.169717638299572e-15,0.21630487054744568,0.3017355780269439,0.0,0.0,4.0,1.0,0.24794760152298215,1.0,2.0867308733167907e-25,0.1205826356558402,1.0256703180223485,1.0,1.0,6.0,3.0,6.0,3.0,1.439453138473755,1.0
81.0,0.55,-0.40697493560583986,0.03370104113478373,0.0389953259749779,-0.00027724233986972457,-0.00017635027200756258,0.21522070024211226,-0.10966109455196127,1.5632608170194547e-13,0.24343673256273834,0.33958330677855286,0.0,0.0,4.0,1.0,0.2790485198449703,1.0,2.956515934460085e-25,0.12234592625124778,1.040668786217383,1.0,1.0,6.0,3.0,6.0,3.0,1.4605023896183822,1.0
81.0,0.6,-0.40697493560583986,0.03370104113478373,0.0389953259749779,-0.00027724233986972457,-0.00017635027200756258,0.21522070024211226,-0.10966109455196127,1.1567189168752068e-12,0.26460779069270374,0.36911598186866795,0.0,0.0,4.0,1.0,0.3033166422952095,1.0,4.155033955570995e-25,0.12409309353527953,1.0555301102720813,1.0,1.0,6.0,3.0,6.0,3.0,1.4813591690108652,1.0
81.0,0.65,-0.40697493560583986,0.03370104113478373,0.0389953259749779,-0.00027724233986972457,-0.00017635027200756258,0.21522070024211226,-0.10966109455196127,7.909582525011008e-12,0.2866759091845731,0.39990001586780405,0.0,0.0,4.0,1.0,0.32861305395868967,1.0,5.609751227771041e-25,0.12565496513587954,1.0688153178194575,1.0,1.0,6.0,3.0,6.0,3.0,1.5000039843704636,1.0
81.0,0.7,-0.40697493560583986,0.03370104113478373,0.0389953259749779,-0.00027724233986972457,-0.00017635027200756258,0.21522070024211226,-0.10966109455196127,3.2232719591650246e-11,0.30395818299780575,0.42400801151976436,0.0,0.0,4.0,1.0,0.3484235109771069,1.0,8.502823753019498e-25,0.12785139458635927,1.087498045068985,1.0,1.0,6.0,3.0,6.0,3.0,1.526223823145203,1.0
81.0,0.75,-0.40697493560583986,0.03370104113478373,0.0389953259749779,-0.00027724233986972457,-0.00017635027200756258,0.21522070024211226,-0.10966109455196127,2.989242245253437e-10,0.3335158768458585,0.4652396667100222,0.0,0.0,4.0,1.0,0.382305130367493,1.0,1.4555639432374276e-24,0.13074747412576138,1.1121319635933287,1.0,1.0,6.0,3.0,6.0,3.0,1.5607957228187197,1.0
81.0,0.8,-0.40697493560583986,0.03370104113478373,0.0389953259749779,-0.00027724233986972457,-0.00017635027200756258,0.21522070024211226,-0.10966109455196127,1.2196466385102735e-9,0.35363986634880157,0.4933117280996283,0.0,0.0,4.0,1.0,0.405373010982941,1.0,2.5476173026046683e-24,0.1338328095351906,1.1383756837888876,1.0,1.0,6.0,3.0,6.0,3.0,1.5976268611844706,1.0
81.0,0.85,-0.40697493560583986,0.03370104113478373,0.0389953259749779,-0.00027724233986972457,-0.00017635027200756258,0.21522070024211226,-0.10966109455196127,3.600464993403163e-8,0.4072080999609561,0.5680370077104746,0.0,0.0,5.0,2.0,0.4667776155502853,1.0,4.287538769861324e-24,0.13676732090689134,1.1633365017000419,1.0,1.0,6.0,3.0,6.0,3.0,1.632657540194819,1.0
81.0,0.9,-0.40697493560583986,0.03370104113478373,0.0389953259749779,-0.00027724233986972457,-0.00017635027200756258,0.21522070024211226,-0.10966109455196127,5.520154737294178e-6,0.502207008249602,0.7005562174344911,1.0,1.0,6.0,3.0,0.5756736907882437,1.0,1.0724480285815531e-23,0.14209299922157412,1.2086364749590095,1.0,1.0,6.0,3.0,6.0,3.0,1.696232733446124,1.0
81.0,0.95,-0.40697493560583986,0.03370104113478373,0.0389953259749779,-0.00027724233986972457,-0.00017635027200756258,0.21522070024211226,-0.10966109455196127,0.0018606472479612403,0.6400356064783338,0.892820920720808,1.0,1.0,6.0,3.0,0.7336649106142107,1.0,1.89757399661212e-23,0.14551193543719074,1.237717788172118,1.0,1.0,6.0,3.0,6.0,3.0,1.737046225696015,1.0
82.0,0.4,-0.7181566173382266,0.002938398145987009,0.03378625393336765,-0.00031538596279392873,-8.705878061843695e-5,0.23533745498349648,-0.21686103649049704,3.877022726818198e-18,0.1474196325259834,0.19300927140255514,0.0,0.0,4.0,1.0,0.13646476863594248,0.0,3.1179305895434287e-25,0.10923575054691192,0.7752664707727974,0.0,0.0,6.0,3.0,6.0,3.0,1.0734913315633756,1.0
82.0,0.45,-0.7181566173382266,0.002938398145987009,0.03378625393336765,-0.00031538596279392873,-8.705878061843695e-5,0.23533745498349648,-0.21686103649049704,6.738879197833905e-17,0.16604496570290628,0.2173945037119227,0.0,0.0,4.0,1.0,0.15370603928086918,0.0,4.926681134402732e-25,0.11133801243534297,0.7901866150179196,0.0,0.0,6.0,3.0,6.0,3.0,1.0941508674992566,1.0
82.0,0.5,-0.7181566173382266,0.002938398145987009,0.03378625393336765,-0.00031538596279392873,-8.705878061843695e-5,0.23533745498349648,-0.21686103649049704,1.0571163467848416e-15,0.18622572599719056,0.24381618021462947,0.0,0.0,4.0,1.0,0.1723871520829346,0.0,1.110452950175669e-24,0.1151726965999081,0.8174020828835795,0.0,0.0,6.0,3.0,6.0,3.0,1.1318354184757802,1.0
82.0,0.55,-0.7181566173382266,0.002938398145987009,0.03378625393336765,-0.00031538596279392873,-8.705878061843695e-5,0.23533745498349648,-0.21686103649049704,1.6790062874635612e-14,0.20896733620459818,0.2735906515075151,0.0,0.0,4.0,1.0,0.1934388161129319,0.0,1.7075158954346368e-24,0.11725613099770149,0.8321886049203396,0.0,0.0,6.0,3.0,6.0,3.0,1.152309931212814,1.0
82.0,0.6,-0.7181566173382266,0.002938398145987009,0.03378625393336765,-0.00031538596279392873,-8.705878061843695e-5,0.23533745498349648,-0.21686103649049704,9.306187067832204e-14,0.22442266603285074,0.2938255544056175,0.0,0.0,4.0,1.0,0.20774564874482662,0.0,2.4588949347617835e-24,0.11905140561951201,0.8449300033466844,0.0,0.0,6.0,3.0,6.0,3.0,1.169952614442804,1.0
82.0,0.65,-0.7181566173382266,0.002938398145987009,0.03378625393336765,-0.00031538596279392873,-8.705878061843695e-5,0.23533745498349648,-0.21686103649049704,1.0526872728271673e-12,0.2482925566210436,0.32507722768647296,0.0,0.0,4.0,1.0,0.229841749790994,0.0,3.363100175575758e-24,0.12061496275146409,0.8560268595816728,0.0,0.0,6.0,3.0,6.0,3.0,1.1853181428449162,1.0
82.0,0.7,-0.7181566173382266,0.002938398145987009,0.03378625393336765,-0.00031538596279392873,-8.705878061843695e-5,0.23533745498349648,-0.21686103649049704,7.179973798970106e-11,0.2960554172971522,0.3876107911015943,0.0,0.0,4.0,1.0,0.27405531632804997,0.0,5.075297444245862e-24,0.12270094976376911,0.8708314979991392,0.0,0.0,6.0,3.0,6.0,3.0,1.2058177408634372,1.0
82.0,0.75,-0.7181566173382266,0.002938398145987009,0.03378625393336765,-0.00031538596279392873,-8.705878061843695e-5,0.23533745498349648,-0.21686103649049704,3.4645664275076135e-10,0.3161209393028137,0.41388159178305767,0.0,0.0,4.0,1.0,0.29262975428548693,0.0,7.720732973199709e-24,0.12486463943364305,0.8861876066523253,0.0,0.0,6.0,3.0,6.0,3.0,1.2270809453836966,1.0
82.0,0.8,-0.7181566173382266,0.002938398145987009,0.03378625393336765,-0.00031538596279392873,-8.705878061843695e-5,0.23533745498349648,-0.21686103649049704,1.9617259308519603e-9,0.33980348113712255,0.4448879785585424,0.0,0.0,4.0,1.0,0.31455242860473237,0.0,1.1700686744867733e-23,0.127046440438516,0.9016722548238962,0.0,0.0,6.0,3.0,6.0,3.0,1.2485221352340972,1.0
82.0,0.85,-0.7181566173382266,0.002938398145987009,0.03378625393336765,-0.00031538596279392873,-8.705878061843695e-5,0.23533745498349648,-0.21686103649049704,1.5379673225037256e-8,0.37024626776356967,0.4847452212171713,0.0,0.0,4.0,1.0,0.34273298883560427,0.0,2.1928308602967857e-23,0.13041540943613775,0.9255824553933286,0.0,0.0,6.0,3.0,6.0,3.0,1.2816299684951464,1.0
82.0,0.9,-0.7181566173382266,0.002938398145987009,0.03378625393336765,-0.00031538596279392873,-8.705878061843695e-5,0.23533745498349648,-0.21686103649049704,2.991155701095986e-6,0.4611701463758924,0.6037873817717747,0.0,0.0,4.0,1.0,0.42690024556870043,0.0,3.384465823742622e-23,0.1327952224479902,0.9424724316653889,0.0,0.0,6.0,3.0,6.0,3.0,1.3050170796393876,1.0
82.0,0.95,-0.7181566173382266,0.002938398145987009,0.03378625393336765,-0.00031538596279392873,-8.705878061843695e-5,0.23533745498349648,-0.21686103649049704,0.0015194948535860405,0.5978680718169999,0.7827592496264763,0.0,0.0,5.0,2.0,0.553440045245966,1.0,1.0502815389930483e-22,0.13921138921493406,0.9880091624553888,0.0,0.0,6.0,3.0,6.0,3.0,1.368070607185952,1.0
83.0,0.4,-0.36861315529837535,0.11478263888253334,0.11929542646733643,0.00018839131031954712,-0.00127139606076584,-0.012566164197889695,-0.04334043412123412,1.2741882230363003e-23,0.08007299447494784,0.11305442189355418,0.0,0.0,3.0,1.0,0.08787581815333406,1.0,2.535308644595399e-29,0.06288209156600824,0.5778891781372161,0.0,1.0,4.0,2.0,6.0,3.0,0.8193602221341707,1.0
83.0,0.45,-0.36861315529837535,0.11478263888253334,0.11929542646733643,0.00018839131031954712,-0.00127139606076584,-0.012566164197889695,-0.04334043412123412,1.7231017798310186e-22,0.08925124700448334,0.1260131233948991,0.0,0.0,3.0,1.0,0.09794845819308155,1.0,3.834034450604318e-29,0.0639751570784717,0.5879344981149168,0.0,1.0,4.0,2.0,6.0,3.0,0.8336029799495513,1.0
83.0,0.5,-0.36861315529837535,0.11478263888253334,0.11929542646733643,0.00018839131031954712,-0.00127139606076584,-0.012566164197889695,-0.04334043412123412,6.434666436591222e-21,0.10378229147766856,0.14652938912465724,0.0,0.0,3.0,1.0,0.11389550038972558,1.0,5.403998247140963e-29,0.06489663229937127,0.5964028957909148,0.0,1.0,4.0,2.0,6.0,3.0,0.8456098983405349,1.0
83.0,0.55,-0.36861315529837535,0.11478263888253334,0.11929542646733643,0.00018839131031954712,-0.00127139606076584,-0.012566164197889695,-0.04334043412123412,9.004127678355889e-20,0.1158429848353835,0.1635577858285983,0.0,0.0,3.0,1.0,0.12713146469023978,1.0,9.245596651445138e-29,0.06636508419778196,0.609898033111781,0.0,1.0,4.0,2.0,6.0,3.0,0.864743979979854,1.0
83.0,0.6,-0.36861315529837535,0.11478263888253334,0.11929542646733643,0.00018839131031954712,-0.00127139606076584,-0.012566164197889695,-0.04334043412123412,2.3479388693208722e-18,0.13270275931293685,0.18736196686758563,0.0,0.0,3.0,1.0,0.14563416320689432,1.0,1.1792317062597025e-28,0.06704128422270028,0.6161123409842575,0.0,1.0,4.0,2.0,6.0,3.0,0.8735549369443275,1.0
83.0,0.65,-0.36861315529837535,0.11478263888253334,0.11929542646733643,0.00018839131031954712,-0.00127139606076584,-0.012566164197889695,-0.04334043412123412,3.922374648114274e-16,0.16424766920311185,0.2318999734040312,0.0,0.0,3.0,1.0,0.1802530104643127,1.0,1.6080345692179192e-28,0.0679132740458034,0.6241259656851487,0.0,1.0,4.0,2.0,6.0,3.0,0.8849170554324911,1.0
83.0,0.7,-0.36861315529837535,0.11478263888253334,0.11929542646733643,0.00018839131031954712,-0.00127139606076584,-0.012566164197889695,-0.04334043412123412,5.7782130364782e-15,0.1837283050279943,0.259404527664082,0.0,0.0,3.0,1.0,0.20163196378663772,1.0,2.064515297980392e-28,0.0686240662481494,0.6306581771846486,0.0,1.0,4.0,2.0,6.0,3.0,0.8941787520825474,1.0
83.0,0.75,-0.36861315529837535,0.11478263888253334,0.11929542646733643,0.00018839131031954712,-0.00127139606076584,-0.012566164197889695,-0.04334043412123412,2.611625636658081e-14,0.195646744478543,0.27623207721172227,0.0,0.0,3.0,1.0,0.21471181205128104,1.0,3.9264552380270666e-28,0.07048700442743161,0.6477786607203422,0.0,1.0,4.0,2.0,6.0,3.0,0.9184530311719542,1.0
83.0,0.8,-0.36861315529837535,0.11478263888253334,0.11929542646733643,0.00018839131031954712,-0.00127139606076584,-0.012566164197889695,-0.04334043412123412,6.327913546670018e-13,0.22343636616282023,0.3154680222985453,0.0,0.0,3.0,1.0,0.24520943185044472,1.0,6.131522687087355e-28,0.07180825523776953,0.6599210135887708,0.0,1.0,4.0,2.0,6.0,3.0,0.9356690672562024,1.0
83.0,0.85,-0.36861315529837535,0.11478263888253334,0.11929542646733643,0.00018839131031954712,-0.00127139606076584,-0.012566164197889695,-0.04334043412123412,1.6406236131589052e-11,0.2558939651364583,0.3612946472684099,0.0,0.0,5.0,2.0,0.2808299064412087,1.0,1.288634998345142e-27,0.07406524103518387,0.6806628120094869,0.0,1.0,4.0,2.0,6.0,3.0,0.9650778279743777,1.0
83.0,0.9,-0.36861315529837535,0.11478263888253334,0.11929542646733643,0.00018839131031954712,-0.00127139606076584,-0.012566164197889695,-0.04334043412123412,8.210581017752561e-10,0.30120828687307427,0.42527357650696174,1.0,1.0,6.0,3.0,0.3305599449239631,1.0,2.122146968996648e-27,0.07562081224720366,0.6949585796415859,0.0,1.0,4.0,2.0,6.0,3.0,0.9853470833710131,1.0
83.0,0.95,-0.36861315529837535,0.11478263888253334,0.11929542646733643,0.00018839131031954712,-0.00127139606076584,-0.012566164197889695,-0.04334043412123412,4.472962611868794e-7,0.3916301690517333,0.5529395103622727,1.0,1.0,6.0,3.0,0.4297931124546222,1.0,5.108368621943692e-27,0.07843997621186302,0.720866820064233,0.0,1.0,4.0,2.0,6.0,3.0,1.022081084336792,1.0
84.0,0.4,-0.08639706011626469,0.1089211113549069,0.10772143274689924,-0.0005356432255535589,-4.757122717954922e-7,0.2076620725604655,0.043015601792511404,2.310717763629431e-21,0.10599601541098078,0.14878091238514915,0.0,0.0,3.0,1.0,0.12129774518502141,1.0,3.120223758077734e-29,0.06575585701017325,0.6394290735737111,0.0,0.0,4.0,2.0,6.0,3.0,0.9497542274629193,1.0
84.0,0.45,-0.08639706011626469,0.1089211113549069,0.10772143274689924,-0.0005356432255535589,-4.757122717954922e-7,0.2076620725604655,0.043015601792511404,6.850374621662301e-20,0.1220735334226439,0.17134806068208508,0.0,0.0,3.0,1.0,0.139696235688885,1.0,6.459982906597295e-29,0.0677802256431366,0.6591146227917398,0.0,0.0,4.0,2.0,6.0,3.0,0.9789934884887893,1.0
84.0,0.5,-0.08639706011626469,0.1089211113549069,0.10772143274689924,-0.0005356432255535589,-4.757122717954922e-7,0.2076620725604655,0.043015601792511404,3.4089496672372044e-19,0.13051465404910964,0.18319640822127542,0.0,0.0,3.0,1.0,0.14935592803538614,1.0,8.475189263580868e-29,0.0685513894496207,0.6666136438793584,0.0,0.0,4.0,2.0,6.0,3.0,0.9901319044197288,1.0
84.0,0.55,-0.08639706011626469,0.1089211113549069,0.10772143274689924,-0.0005356432255535589,-4.757122717954922e-7,0.2076620725604655,0.043015601792511404,1.6091044698863266e-18,0.13923265201686333,0.19543339360968937,0.0,0.0,3.0,1.0,0.1593324681148972,1.0,1.1445243898654982e-28,0.06941490715069124,0.6750107410919246,0.0,1.0,4.0,2.0,6.0,3.0,1.0026042471793088,1.0
84.0,0.6,-0.08639706011626469,0.1089211113549069,0.10772143274689924,-0.0005356432255535589,-4.757122717954922e-7,0.2076620725604655,0.043015601792511404,8.6983782031075e-18,0.1493745743039448,0.2096690650673444,0.0,0.0,3.0,1.0,0.17093849217622487,1.0,1.436575421217962e-28,0.07007536812521521,0.6814332556522036,0.0,1.0,4.0,2.0,6.0,3.0,1.0121437107518299,1.0
84.0,0.65,-0.08639706011626469,0.1089211113549069,0.10772143274689924,-0.0005356432255535589,-4.757122717954922e-7,0.2076620725604655,0.043015601792511404,2.3092146672246615e-16,0.17124231806544338,0.24036364217975326,0.0,0.0,3.0,1.0,0.19596309333947592,1.0,2.0416337772642996e-28,0.07110919791837242,0.691486517170324,0.0,1.0,4.0,2.0,6.0,3.0,1.0270759808365497,1.0
84.0,0.7,-0.08639706011626469,0.1089211113549069,0.10772143274689924,-0.0005356432255535589,-4.757122717954922e-7,0.2076620725604655,0.043015601792511404,6.593357200216026e-16,0.1788941726075533,0.25110413931824854,0.0,0.0,3.0,1.0,0.2047195800700661,1.0,3.064938966672272e-28,0.07232319654481649,0.7032917928115007,1.0,1.0,4.0,2.0,6.0,3.0,1.0446105455129868,1.0
84.0,0.75,-0.08639706011626469,0.1089211113549069,0.10772143274689924,-0.0005356432255535589,-4.757122717954922e-7,0.2076620725604655,0.043015601792511404,2.347023081308736e-14,0.20760523889832055,0.29140432061967075,0.0,0.0,3.0,1.0,0.2375754151637216,1.0,3.9621130725952206e-28,0.07310105688637399,0.7108559329533422,1.0,1.0,4.0,2.0,6.0,3.0,1.0558456838164194,1.0
84.0,0.8,-0.08639706011626469,0.1089211113549069,0.10772143274689924,-0.0005356432255535589,-4.757122717954922e-7,0.2076620725604655,0.043015601792511404,5.480979129244245e-13,0.23672956942328635,0.3322845787247519,0.0,0.0,5.0,2.0,0.2709041738817183,1.0,5.336166762994881e-28,0.07401355443466381,0.7197293244422703,1.0,1.0,4.0,2.0,6.0,3.0,1.0690254740806342,1.0
84.0,0.85,-0.08639706011626469,0.1089211113549069,0.10772143274689924,-0.0005356432255535589,-4.757122717954922e-7,0.2076620725604655,0.043015601792511404,1.0094829979404547e-10,0.29419652867702606,0.4129478621191374,0.0,0.0,5.0,2.0,0.3366671419809513,1.0,8.742877438526566e-28,0.07555194272793021,0.73468905952728,1.0,1.0,4.0,2.0,6.0,3.0,1.0912454078088674,1.0
84.0,0.9,-0.08639706011626469,0.1089211113549069,0.10772143274689924,-0.0005356432255535589,-4.757122717954922e-7,0.2076620725604655,0.043015601792511404,1.1957302189594888e-8,0.3589506980270027,0.50383981083322,0.0,0.0,5.0,2.0,0.41076931179390724,1.0,1.2835312291663867e-27,0.07677037079927167,0.7465374083786003,1.0,1.0,4.0,2.0,6.0,3.0,1.1088439498130722,1.0
84.0,0.95,-0.08639706011626469,0.1089211113549069,0.10772143274689924,-0.0005356432255535589,-4.757122717954922e-7,0.2076620725604655,0.043015601792511404,7.494708252739017e-7,0.42649590517440317,0.5986493893600094,1.0,1.0,6.0,3.0,0.4880654374385143,1.0,5.4959810360449646e-27,0.08156651760820907,0.7931765345371703,1.0,1.0,4.0,2.0,6.0,3.0,1.1781177896569714,1.0
85.0,0.4,-1.1383740155711854,-0.8846774036622914,-0.8832502482625261,-0.00010442042681886985,7.718158279581747e-6,-0.016525604232092928,-0.9682911706987458,1.145907352821763e-21,0.11838992491239697,0.16937525552899804,0.0,0.0,3.0,1.0,0.17318135925144676,0.0,8.514270970146764e-28,0.0889766863680023,1.0817080807892328,0.0,0.0,3.0,1.0,4.0,2.0,1.9128357027618916,0.0
85.0,0.45,-1.1383740155711854,-0.8846774036622914,-0.8832502482625261,-0.00010442042681886985,7.718158279581747e-6,-0.016525604232092928,-0.9682911706987458,2.888998479118946e-20,0.13542992992275113,0.19375364080950033,0.0,0.0,3.0,1.0,0.19810756164179558,0.0,1.5262521271297935e-27,0.09116703806163717,1.108336641859442,0.0,0.0,4.0,2.0,4.0,2.0,1.9599242502479246,1.0
85.0,0.5,-1.1383740155711854,-0.8846774036622914,-0.8832502482625261,-0.00010442042681886985,7.718158279581747e-6,-0.016525604232092928,-0.9682911706987458,5.558846862710076e-19,0.15318792915779186,0.2191592288301396,0.0,0.0,3.0,1.0,0.22408404948386593,0.0,2.639992074706399e-27,0.09327248038147565,1.1339329420136803,0.0,0.0,4.0,2.0,6.0,3.0,2.005187401797939,1.0
85.0,0.55,-1.1383740155711854,-0.8846774036622914,-0.8832502482625261,-0.00010442042681886985,7.718158279581747e-6,-0.016525604232092928,-0.9682911706987458,1.877974581280753e-17,0.1773865090509347,0.2537790721645512,0.0,0.0,3.0,1.0,0.2594818501071044,0.0,4.525294043747038e-27,0.09539055309223331,1.1596827924570843,0.0,1.0,4.0,2.0,6.0,3.0,2.0507220836069022,1.0
85.0,0.6,-1.1383740155711854,-0.8846774036622914,-0.8832502482625261,-0.00010442042681886985,7.718158279581747e-6,-0.016525604232092928,-0.9682911706987458,6.709108321293708e-16,0.20588650554715038,0.2945527629384407,0.0,0.0,3.0,1.0,0.3011717839044969,0.0,7.133290613616075e-27,0.09721661531768579,1.1818826107007794,1.0,1.0,4.0,2.0,6.0,3.0,2.089979075105367,1.0
85.0,0.65,-1.1383740155711854,-0.8846774036622914,-0.8832502482625261,-0.00010442042681886985,7.718158279581747e-6,-0.016525604232092928,-0.9682911706987458,1.2464819720378992e-14,0.23254326495765948,0.3326894155300433,0.0,0.0,3.0,1.0,0.3401654215080913,0.0,1.0478482532833486e-26,0.09878686041371029,1.2009724068993508,1.0,1.0,4.0,2.0,6.0,3.0,2.123736467118592,1.0
85.0,0.7,-1.1383740155711854,-0.8846774036622914,-0.8832502482625261,-0.00010442042681886985,7.718158279581747e-6,-0.016525604232092928,-0.9682911706987458,5.235879699992873e-13,0.27173239598811344,0.3887555806801108,0.0,0.0,3.0,1.0,0.39749147340616475,0.0,1.6079266301635767e-26,0.10056522808062181,1.2225923924757551,1.0,1.0,4.0,2.0,6.0,3.0,2.16196811301105,1.0
85.0,0.75,-1.1383740155711854,-0.8846774036622914,-0.8832502482625261,-0.00010442042681886985,7.718158279581747e-6,-0.016525604232092928,-0.9682911706987458,1.8139257726129582e-10,0.34670438034208023,0.4960146993666492,0.0,0.0,3.0,1.0,0.5071608575687573,0.0,2.957862713717551e-26,0.10315196383782554,1.254039877043353,1.0,1.0,4.0,2.0,6.0,3.0,2.2175781914705417,1.0
85.0,0.8,-1.1383740155711854,-0.8846774036622914,-0.8832502482625261,-0.00010442042681886985,7.718158279581747e-6,-0.016525604232092928,-0.9682911706987458,2.9683153997301664e-9,0.3895274796787815,0.5572798230506489,0.0,0.0,3.0,1.0,0.5698026960189233,0.0,3.961970242630533e-26,0.10441583932241821,1.2694050741596052,1.0,1.0,4.0,2.0,6.0,3.0,2.2447491982753505,1.0
85.0,0.85,-1.1383740155711854,-0.8846774036622914,-0.8832502482625261,-0.00010442042681886985,7.718158279581747e-6,-0.016525604232092928,-0.9682911706987458,5.2323795952258815e-8,0.4389981103394693,0.628055277258723,0.0,0.0,3.0,1.0,0.6421685756930905,0.0,6.558590906565038e-26,0.10663191023534273,1.2963463091275826,1.0,1.0,4.0,2.0,6.0,3.0,2.292390661844381,1.0
85.0,0.9,-1.1383740155711854,-0.8846774036622914,-0.8832502482625261,-0.00010442042681886985,7.718158279581747e-6,-0.016525604232092928,-0.9682911706987458,3.932868249741826e-6,0.5255689995018554,0.7519084386160061,0.0,0.0,3.0,1.0,0.7688048943480952,0.0,1.8001319758966732e-25,0.11121356552286339,1.3520464453116172,1.0,1.0,4.0,2.0,6.0,3.0,2.3908878544176138,1.0
85.0,0.95,-1.1383740155711854,-0.8846774036622914,-0.8832502482625261,-0.00010442042681886985,7.718158279581747e-6,-0.016525604232092928,-0.9682911706987458,0.07511631386641525,0.7925118721671603,1.1338118590530635,0.0,0.0,3.0,1.0,1.1592902296912089,0.0,4.954967555668271e-25,0.1160059105775954,1.4103079808131032,1.0,1.0,4.0,2.0,6.0,3.0,2.493914490886539,1.0
86.0,0.4,-0.08896475385946978,0.11434037179400403,0.11313377082563425,-8.688557712789993e-5,0.001680665165619952,0.26401681176573044,0.04576792926393303,2.4589355128448175e-21,0.1006999662711972,0.13826026875063555,0.0,0.0,3.0,1.0,0.10361384111316865,1.0,3.415396478998508e-28,0.0686057440715848,0.6695360185415915,0.0,0.0,4.0,2.0,6.0,3.0,0.9505547071766595,1.0
86.0,0.45,-0.08896475385946978,0.11434037179400403,0.11313377082563425,-8.688557712789993e-5,0.001680665165619952,0.26401681176573044,0.04576792926393303,3.385491355226097e-20,0.11232655310661169,0.15422348184832238,0.0,0.0,3.0,1.0,0.11557685724575358,1.0,4.498208297503656e-28,0.06939748745516201,0.6772627871951581,0.0,0.0,4.0,2.0,6.0,3.0,0.9615245670669622,1.0
86.0,0.5,-0.08896475385946978,0.11434037179400403,0.11313377082563425,-8.688557712789993e-5,0.001680665165619952,0.26401681176573044,0.04576792926393303,1.6407006054569093e-18,0.13204067933220048,0.18129082348767583,0.0,0.0,3.0,1.0,0.1358614354642009,1.0,7.167901944529902e-28,0.07075792701172781,0.6905395659327975,0.0,0.0,4.0,2.0,6.0,3.0,0.9803738958195758,1.0
86.0,0.55,-0.08896475385946978,0.11434037179400403,0.11313377082563425,-8.688557712789993e-5,0.001680665165619952,0.26401681176573044,0.04576792926393303,4.1089851383047704e-17,0.15100354211306186,0.20732668627339382,0.0,0.0,3.0,1.0,0.1553730115250658,1.0,1.1278419149207434e-27,0.07210700238718216,0.7037054395461169,0.0,0.0,4.0,2.0,6.0,3.0,0.9990657701783203,1.0
86.0,0.6,-0.08896475385946978,0.11434037179400403,0.11313377082563425,-8.688557712789993e-5,0.001680665165619952,0.26401681176573044,0.04576792926393303,7.916647435968061e-16,0.1708129324830367,0.23452482484042095,0.0,0.0,3.0,1.0,0.17575561047068614,1.0,1.6794558604867827e-27,0.07331324736077698,0.7154774051145361,0.0,0.0,4.0,2.0,6.0,3.0,1.0157786832612588,1.0
86.0,0.65,-0.08896475385946978,0.11434037179400403,0.11313377082563425,-8.688557712789993e-5,0.001680665165619952,0.26401681176573044,0.04576792926393303,2.000881975965387e-14,0.1954185361037721,0.2683081268150467,0.0,0.0,3.0,1.0,0.20107320687569807,1.0,3.3642745634113075e-27,0.0754665057268089,0.7364914477839091,0.0,0.0,4.0,2.0,6.0,3.0,1.0456127722766557,1.0
86.0,0.7,-0.08896475385946978,0.11434037179400403,0.11313377082563425,-8.688557712789993e-5,0.001680665165619952,0.26401681176573044,0.04576792926393303,6.163074624348323e-13,0.22541860286597273,0.30949798463394895,0.0,0.0,3.0,1.0,0.23194136171213317,1.0,5.229880074501811e-27,0.0768665850987109,0.7501550787377165,0.0,0.0,4.0,2.0,6.0,3.0,1.0650113234532705,1.0
86.0,0.75,-0.08896475385946978,0.11434037179400403,0.11313377082563425,-8.688557712789993e-5,0.001680665165619952,0.26401681176573044,0.04576792926393303,2.2021858478753583e-12,0.2377025147137435,0.3263636998498604,0.0,0.0,5.0,2.0,0.24458072334821687,1.0,7.720633001246806e-27,0.0781242695571313,0.7624290516574447,0.0,0.0,4.0,2.0,6.0,3.0,1.0824369471859865,1.0
86.0,0.8,-0.08896475385946978,0.11434037179400403,0.11313377082563425,-8.688557712789993e-5,0.001680665165619952,0.26401681176573044,0.04576792926393303,5.767647909805997e-11,0.27234734245530456,0.3739307782882746,0.0,0.0,5.0,2.0,0.28022804091870884,1.0,1.0245424648064049e-26,0.07905072313624796,0.7714704817755721,0.0,0.0,4.0,2.0,6.0,3.0,1.0952732602750352,1.0
86.0,0.85,-0.08896475385946978,0.11434037179400403,0.11313377082563425,-8.688557712789993e-5,0.001680665165619952,0.26401681176573044,0.04576792926393303,8.760684126437885e-10,0.30503800027973843,0.4188147966629071,0.0,0.0,5.0,2.0,0.3138646423112426,1.0,1.817965918561482e-26,0.08096236222317729,0.7901265176581602,0.0,0.0,4.0,2.0,6.0,3.0,1.121759636264304,1.0
86.0,0.9,-0.08896475385946978,0.11434037179400403,0.11313377082563425,-8.688557712789993e-5,0.001680665165619952,0.26401681176573044,0.04576792926393303,2.4211033695158645e-7,0.3855512212653648,0.5293588214888219,0.0,0.0,5.0,2.0,0.3967076103440952,1.0,2.961998541716288e-26,0.08262595021013686,0.8063617774364132,0.0,1.0,4.0,2.0,6.0,3.0,1.144809184275283,1.0
86.0,0.95,-0.08896475385946978,0.11434037179400403,0.11313377082563425,-8.688557712789993e-5,0.001680665165619952,0.26401681176573044,0.04576792926393303,1.0356808681207951e-5,0.45086785777143035,0.6190380542791829,0.0,0.0,5.0,2.0,0.46391426241744166,1.0,1.4850764062121158e-25,0.088366970289432,0.8623894436074538,0.0,1.0,4.0,2.0,6.0,3.0,1.2243528687614627,1.0
87.0,0.4,-0.26067457858032106,-0.03744268299779224,0.01469991235639212,-0.00038538847684428234,0.0003802272188825929,0.12635418277136812,-0.07709125128917882,5.121324382007965e-19,0.14380070144855014,0.19763573351387695,0.0,0.0,4.0,1.0,0.15631545470495922,1.0,2.0901729379715955e-26,0.11488383063680384,0.853424364225014,1.0,1.0,6.0,3.0,6.0,3.0,1.1769379430607565,1.0
87.0,0.45,-0.26067457858032106,-0.03744268299779224,0.01469991235639212,-0.00038538847684428234,0.0003802272188825929,0.12635418277136812,-0.07709125128917882,1.7777958720590697e-18,0.15145437444305268,0.20815473141240287,0.0,0.0,4.0,1.0,0.16463521505554954,1.0,3.503570805974114e-26,0.11738319773760024,0.8719911265547404,1.0,1.0,6.0,3.0,6.0,3.0,1.2025429386311488,1.0
87.0,0.5,-0.26067457858032106,-0.03744268299779224,0.01469991235639212,-0.00038538847684428234,0.0003802272188825929,0.12635418277136812,-0.07709125128917882,1.3859267792200416e-17,0.16498428839091217,0.22674987344251019,0.0,0.0,4.0,1.0,0.1793426165464618,1.0,6.413625422261327e-26,0.1203780485097922,0.8942386317261768,1.0,1.0,6.0,3.0,6.0,3.0,1.2332239621316687,1.0
87.0,0.55,-0.26067457858032106,-0.03744268299779224,0.01469991235639212,-0.00038538847684428234,0.0003802272188825929,0.12635418277136812,-0.07709125128917882,6.84590139925543e-17,0.1763381794078412,0.24235434933701916,0.0,0.0,4.0,1.0,0.19168461918694826,1.0,1.455689340305991e-25,0.12456016593678768,0.925305848813771,1.0,1.0,6.0,3.0,6.0,3.0,1.2760680478039803,1.0
87.0,0.6,-0.26067457858032106,-0.03744268299779224,0.01469991235639212,-0.00038538847684428234,0.0003802272188825929,0.12635418277136812,-0.07709125128917882,1.1679795965019704e-15,0.19846314914809857,0.27276229992099166,0.0,0.0,4.0,1.0,0.21573509091930754,1.0,2.8741981741465636e-25,0.12814141393397302,0.9519094559374951,1.0,1.0,6.0,3.0,6.0,3.0,1.3127564714753917,1.0
87.0,0.65,-0.26067457858032106,-0.03744268299779224,0.01469991235639212,-0.00038538847684428234,0.0003802272188825929,0.12635418277136812,-0.07709125128917882,1.8589990934130898e-14,0.2227187130334331,0.3060984805653255,0.0,0.0,4.0,1.0,0.24210157911907337,1.0,4.79189099513098e-25,0.13089983656317428,0.9724006344222399,1.0,1.0,6.0,3.0,6.0,3.0,1.3410153851737698,1.0
87.0,0.7,-0.26067457858032106,-0.03744268299779224,0.01469991235639212,-0.00038538847684428234,0.0003802272188825929,0.12635418277136812,-0.07709125128917882,1.0241551097405158e-13,0.2391306888966947,0.32865464931467114,0.0,0.0,4.0,1.0,0.25994186392874413,1.0,8.015993251421293e-25,0.1337363722101726,0.9934720821422782,1.0,1.0,6.0,3.0,6.0,3.0,1.3700745348495036,1.0
87.0,0.75,-0.26067457858032106,-0.03744268299779224,0.01469991235639212,-0.00038538847684428234,0.0003802272188825929,0.12635418277136812,-0.07709125128917882,5.650892132608978e-13,0.2567684257060506,0.35289547023367707,0.0,0.0,5.0,2.0,0.27911458576909814,1.0,1.4886486805078256e-24,0.13723060918832458,1.0194293204672995,1.0,1.0,6.0,3.0,6.0,3.0,1.4058715661535381,1.0
87.0,0.8,-0.26067457858032106,-0.03744268299779224,0.01469991235639212,-0.00038538847684428234,0.0003802272188825929,0.12635418277136812,-0.07709125128917882,7.872759497772484e-12,0.28655546821839173,0.39383396313972074,0.0,0.0,5.0,2.0,0.3114939486493166,1.0,2.14467042272514e-24,0.139334288949042,1.0350566855401018,1.0,1.0,6.0,3.0,6.0,3.0,1.427422906465865,1.0
87.0,0.85,-0.26067457858032106,-0.03744268299779224,0.01469991235639212,-0.00038538847684428234,0.0003802272188825929,0.12635418277136812,-0.07709125128917882,9.678511296122754e-11,0.3181354748317991,0.4372366566491604,1.0,1.0,6.0,3.0,0.34582231453094325,1.0,2.911037202251913e-24,0.14111937316121564,1.04831733632462,1.0,1.0,6.0,3.0,6.0,3.0,1.445710365451349,1.0
87.0,0.9,-0.26067457858032106,-0.03744268299779224,0.01469991235639212,-0.00038538847684428234,0.0003802272188825929,0.12635418277136812,-0.07709125128917882,3.204031071749513e-8,0.40514216007659776,0.5568162545631467,1.0,1.0,6.0,3.0,0.44040105739804974,1.0,9.161309511972387e-24,0.1480242537734688,1.0996108326669503,1.0,1.0,6.0,3.0,6.0,3.0,1.5164480483769558,1.0
87.0,0.95,-0.26067457858032106,-0.03744268299779224,0.01469991235639212,-0.00038538847684428234,0.0003802272188825929,0.12635418277136812,-0.07709125128917882,0.0009530001483300883,0.622298780131026,0.8552703473424271,1.0,1.0,6.0,3.0,0.6764564831648361,1.0,3.245792831032897e-23,0.15603535573382715,1.1591219889311837,1.0,1.0,6.0,3.0,6.0,3.0,1.5985185173943222,1.0
88.0,0.4,-0.43245840669422253,0.11668894243896855,0.11421849288892993,-0.0001742517879169333,-9.625186080449798e-5,0.10453366266739461,-0.0680068069721208,5.515199999556281e-21,0.1124538866815808,0.15547510608173015,0.0,0.0,2.0,0.0,0.11541328597077787,0.0,1.2062670238720377e-29,0.06286490903665877,0.5778624204127533,0.0,0.0,4.0,2.0,6.0,3.0,0.8972497189455346,1.0
88.0,0.45,-0.43245840669422253,0.11668894243896855,0.11421849288892993,-0.0001742517879169333,-9.625186080449798e-5,0.10453366266739461,-0.0680068069721208,2.8311099970822887e-20,0.12038552799710679,0.16644113679283787,0.0,0.0,2.0,0.0,0.12355366078911112,0.0,1.7647149003003468e-29,0.06386941238091214,0.5870959458042314,0.0,0.0,4.0,2.0,6.0,3.0,0.9115866575830437,1.0
88.0,0.5,-0.43245840669422253,0.11668894243896855,0.11421849288892993,-0.0001742517879169333,-9.625186080449798e-5,0.10453366266739461,-0.0680068069721208,2.834118926622824e-19,0.1325135139140609,0.18320889780705119,0.0,0.0,2.0,0.0,0.13600081355712887,0.0,2.4494118168257648e-29,0.0647479053022441,0.5951711669986236,0.0,0.0,4.0,2.0,6.0,3.0,0.9241250918039715,1.0
88.0,0.55,-0.43245840669422253,0.11668894243896855,0.11421849288892993,-0.0001742517879169333,-9.625186080449798e-5,0.10453366266739461,-0.0680068069721208,9.250064021460488e-18,0.1532258767362104,0.2118451406440401,0.0,0.0,2.0,0.0,0.15725825448749023,1.0,3.9603671653683325e-29,0.06605724515645893,0.6072067892383417,0.0,0.0,4.0,2.0,6.0,3.0,0.9428128594982406,1.0
88.0,0.6,-0.43245840669422253,0.11668894243896855,0.11421849288892993,-0.0001742517879169333,-9.625186080449798e-5,0.10453366266739461,-0.0680068069721208,6.08449256743535e-17,0.16573673006644582,0.22914224175890907,0.0,0.0,2.0,0.0,0.1700983504214747,1.0,5.011572820201335e-29,0.06670838082340814,0.6131921129791418,0.0,0.0,4.0,2.0,6.0,3.0,0.952106300037937,1.0
88.0,0.65,-0.43245840669422253,0.11668894243896855,0.11421849288892993,-0.0001742517879169333,-9.625186080449798e-5,0.10453366266739461,-0.0680068069721208,2.1392767557389395e-16,0.17465078476471016,0.2414665254340059,0.0,0.0,2.0,0.0,0.17924699236181996,1.0,7.611442832866131e-29,0.06788012062680843,0.6239628976547704,0.0,0.0,4.0,2.0,6.0,3.0,0.9688301484517653,1.0
88.0,0.7,-0.43245840669422253,0.11668894243896855,0.11421849288892993,-0.0001742517879169333,-9.625186080449798e-5,0.10453366266739461,-0.0680068069721208,1.1346667704908525e-15,0.18722432129786862,0.25885029031756773,0.0,0.0,2.0,0.0,0.1921514211049051,1.0,9.845896981586439e-29,0.0686120588018927,0.6306909685599562,0.0,0.0,4.0,2.0,6.0,3.0,0.9792768560338425,1.0
88.0,0.75,-0.43245840669422253,0.11668894243896855,0.11421849288892993,-0.0001742517879169333,-9.625186080449798e-5,0.10453366266739461,-0.0680068069721208,6.545068813629644e-15,0.20140604899278067,0.2784574882798043,0.0,0.0,2.0,0.0,0.20670636306655701,1.0,1.4341750487416601e-28,0.06969579413527209,0.6406528047008192,0.0,0.0,4.0,2.0,6.0,3.0,0.9947446462237399,1.0
88.0,0.8,-0.43245840669422253,0.11668894243896855,0.11421849288892993,-0.0001742517879169333,-9.625186080449798e-5,0.10453366266739461,-0.0680068069721208,1.2941275275932426e-12,0.25103934649825976,0.34707887987919656,0.0,0.0,5.0,2.0,0.25764583815017655,1.0,1.7854785640722876e-28,0.07033496205925394,0.646528119391674,0.0,0.0,4.0,2.0,6.0,3.0,1.0038672751902002,1.0
88.0,0.85,-0.43245840669422253,0.11668894243896855,0.11421849288892993,-0.0001742517879169333,-9.625186080449798e-5,0.10453366266739461,-0.0680068069721208,1.6128761258293143e-10,0.30694422006946814,0.4243711496749101,0.0,0.0,5.0,2.0,0.31502193559804603,1.0,3.7969558268417985e-28,0.07258128094231751,0.6671765747330958,0.0,0.0,4.0,2.0,6.0,3.0,1.0359282296618832,1.0
88.0,0.9,-0.43245840669422253,0.11668894243896855,0.11421849288892993,-0.0001742517879169333,-9.625186080449798e-5,0.10453366266739461,-0.0680068069721208,9.73132760487904e-9,0.36412451690818726,0.5034267784230522,1.0,1.0,6.0,3.0,0.37370702106447834,1.0,7.867185383923208e-28,0.07481820566973826,0.6877386777739943,0.0,1.0,4.0,2.0,6.0,3.0,1.0678551045072784,1.0
88.0,0.95,-0.43245840669422253,0.11668894243896855,0.11421849288892993,-0.0001742517879169333,-9.625186080449798e-5,0.10453366266739461,-0.0680068069721208,3.149764113302601e-7,0.42089232086803874,0.5819121078601395,1.0,1.0,6.0,3.0,0.4319687582590588,1.0,1.3572548580176825e-27,0.07653775264787396,0.7035449772505352,0.0,1.0,4.0,2.0,6.0,3.0,1.0923976206182333,1.0
89.0,0.4,-0.18191067219565804,0.03604112810235677,0.04086428870877623,-0.00020164494003891946,0.0003449431181021428,0.2861428625294874,-0.03339369825936844,6.072280627073396e-21,0.10843690560781066,0.14879520622668535,0.0,0.0,4.0,1.0,0.1196784587132818,1.0,5.0583707286353884e-27,0.08995180020005235,0.7142885629162224,0.0,0.0,6.0,3.0,6.0,3.0,1.074483096760619,1.0
89.0,0.45,-0.18191067219565804,0.03604112810235677,0.04086428870877623,-0.00020164494003891946,0.0003449431181021428,0.2861428625294874,-0.03339369825936844,2.3899129748870916e-19,0.12636788295049053,0.17339977656733785,0.0,0.0,4.0,1.0,0.13946832379257573,1.0,8.490533344116066e-27,0.09191400830388508,0.7298700499294022,0.0,0.0,6.0,3.0,6.0,3.0,1.09792186547015,1.0
89.0,0.5,-0.18191067219565804,0.03604112810235677,0.04086428870877623,-0.00020164494003891946,0.0003449431181021428,0.2861428625294874,-0.03339369825936844,8.042597797336757e-18,0.14630605633373198,0.20075858585568712,0.0,0.0,5.0,2.0,0.16147346905829088,1.0,1.4523760139679486e-26,0.09399311509689799,0.7463798051541752,0.0,0.0,6.0,3.0,6.0,3.0,1.1227570005145202,1.0
89.0,0.55,-0.18191067219565804,0.03604112810235677,0.04086428870877623,-0.00020164494003891946,0.0003449431181021428,0.2861428625294874,-0.03339369825936844,2.430341787094473e-16,0.16863210551589092,0.2313939961310535,0.0,0.0,5.0,2.0,0.1861140389851152,1.0,3.0838759261609296e-26,0.09698884465606508,0.7701682713876931,0.0,0.0,6.0,3.0,6.0,3.0,1.1585412846159218,1.0
89.0,0.6,-0.18191067219565804,0.03604112810235677,0.04086428870877623,-0.00020164494003891946,0.0003449431181021428,0.2861428625294874,-0.03339369825936844,5.283433516148643e-15,0.19171626806016118,0.26306967616906457,0.0,0.0,5.0,2.0,0.21159131518088797,1.0,4.269275996444696e-26,0.0983122211787233,0.7806769294964171,0.0,0.0,6.0,3.0,6.0,3.0,1.1743491472833025,1.0
89.0,0.65,-0.18191067219565804,0.03604112810235677,0.04086428870877623,-0.00020164494003891946,0.0003449431181021428,0.2861428625294874,-0.03339369825936844,2.078932831834541e-13,0.22341593306827182,0.3065673964863337,0.0,0.0,5.0,2.0,0.24657725496433347,1.0,6.771259392224847e-26,0.10021990246569547,0.7958254303818137,0.0,1.0,6.0,3.0,6.0,3.0,1.1971365878047757,1.0
89.0,0.7,-0.18191067219565804,0.03604112810235677,0.04086428870877623,-0.00020164494003891946,0.0003449431181021428,0.2861428625294874,-0.03339369825936844,2.5559278306278957e-12,0.24803824354620052,0.34035369594596143,0.0,0.0,5.0,2.0,0.2737521374588239,1.0,1.0552223953358732e-25,0.10208973628258473,0.8106733923679845,0.0,1.0,6.0,3.0,6.0,3.0,1.2194719365752362,1.0
89.0,0.75,-0.18191067219565804,0.03604112810235677,0.04086428870877623,-0.00020164494003891946,0.0003449431181021428,0.2861428625294874,-0.03339369825936844,1.56341720815713e-11,0.26747954544366614,0.36703070695926976,0.0,0.0,5.0,2.0,0.29520890103416414,1.0,1.66824613094722e-25,0.10405674914140566,0.8262930329426053,1.0,1.0,6.0,3.0,6.0,3.0,1.2429680985554676,1.0
89.0,0.8,-0.18191067219565804,0.03604112810235677,0.04086428870877623,-0.00020164494003891946,0.0003449431181021428,0.2861428625294874,-0.03339369825936844,2.576422824264949e-10,0.30060521013320723,0.41248515884766146,0.0,0.0,5.0,2.0,0.33176867255914305,1.0,2.7572060490725937e-25,0.10625816203325786,0.8437739954959865,1.0,1.0,6.0,3.0,6.0,3.0,1.269264191974671,1.0
89.0,0.85,-0.18191067219565804,0.03604112810235677,0.04086428870877623,-0.00020164494003891946,0.0003449431181021428,0.2861428625294874,-0.03339369825936844,1.4793295950351858e-8,0.3558690035059866,0.48831715982260754,0.0,0.0,5.0,2.0,0.39276161196875964,1.0,4.334822189063985e-25,0.10828040852225,0.8598322348560895,1.0,1.0,6.0,3.0,6.0,3.0,1.2934201250974457,1.0
89.0,0.9,-0.18191067219565804,0.03604112810235677,0.04086428870877623,-0.00020164494003891946,0.0003449431181021428,0.2861428625294874,-0.03339369825936844,3.8006391822876115e-7,0.40740981069256954,0.5590405449231969,0.0,0.0,5.0,2.0,0.44964560667843895,1.0,1.1876807198568465e-24,0.11292460229926067,0.8967108130669511,1.0,1.0,6.0,3.0,6.0,3.0,1.348895476345345,1.0
89.0,0.95,-0.18191067219565804,0.03604112810235677,0.04086428870877623,-0.00020164494003891946,0.0003449431181021428,0.2861428625294874,-0.03339369825936844,5.4669898402049234e-6,0.4552783171088669,0.6247248637817324,0.0,0.0,5.0,2.0,0.5024765966139969,1.0,2.239617358009945e-24,0.11594890670750627,0.9207261862421691,1.0,1.0,6.0,3.0,6.0,3.0,1.385021089828249,1.0
90.0,0.4,0.1494982301013601,0.10008746586852763,0.09963983041922814,-0.0008073487060696831,0.0007245724052292725,0.2695780404044268,0.11625963031327219,9.44111327540456e-22,0.10231337511397598,0.13997290054567302,0.0,0.0,2.0,0.0,0.10828805976227406,0.0,1.6239572701704033e-28,0.06963358998327901,0.6907614789045109,0.0,1.0,4.0,2.0,6.0,3.0,0.9876346025178836,1.0
90.0,0.45,0.1494982301013601,0.10008746586852763,0.09963983041922814,-0.0008073487060696831,0.0007245724052292725,0.2695780404044268,0.11625963031327219,4.775232322483871e-19,0.1326165977918133,0.18143013885271927,0.0,0.0,3.0,1.0,0.14036086729766836,0.0,2.1764145229394946e-28,0.07048836087591981,0.6992407603269809,0.0,1.0,4.0,2.0,6.0,3.0,0.9997580807271776,1.0
90.0,0.5,0.1494982301013601,0.10008746586852763,0.09963983041922814,-0.0008073487060696831,0.0007245724052292725,0.2695780404044268,0.11625963031327219,3.323491560921461e-17,0.1582606281847062,0.21651322854432586,0.0,0.0,3.0,1.0,0.1675024046835446,0.0,2.7521543871429454e-28,0.07118107524580189,0.7061124497331001,1.0,1.0,4.0,2.0,6.0,3.0,1.0095830614803052,1.0
90.0,0.55,0.1494982301013601,0.10008746586852763,0.09963983041922814,-0.0008073487060696831,0.0007245724052292725,0.2695780404044268,0.11625963031327219,1.7999650068417586e-16,0.16980186148927467,0.232302561070158,0.0,0.0,3.0,1.0,0.17971759903543863,0.0,4.232086536972925e-28,0.07246883563591974,0.7188869637537911,1.0,1.0,4.0,2.0,6.0,3.0,1.0278477627737146,1.0
90.0,0.6,0.1494982301013601,0.10008746586852763,0.09963983041922814,-0.0008073487060696831,0.0007245724052292725,0.2695780404044268,0.11625963031327219,1.3846220675168036e-15,0.1848680724844013,0.25291434570605476,0.0,0.0,3.0,1.0,0.19566361542688152,0.0,6.111665902457788e-28,0.07358706720959578,0.7299797610054576,1.0,1.0,4.0,2.0,6.0,3.0,1.0437079847736959,1.0
90.0,0.65,0.1494982301013601,0.10008746586852763,0.09963983041922814,-0.0008073487060696831,0.0007245724052292725,0.2695780404044268,0.11625963031327219,8.215764038902637e-15,0.19910558512689056,0.27239240455129243,0.0,0.0,4.0,1.0,0.21073254085504284,0.0,1.2375653352030095e-27,0.07578242820064282,0.751757624322128,1.0,1.0,4.0,2.0,6.0,3.0,1.0748454642616363,1.0
90.0,0.7,0.1494982301013601,0.10008746586852763,0.09963983041922814,-0.0008073487060696831,0.0007245724052292725,0.2695780404044268,0.11625963031327219,2.319507144691018e-13,0.22883964524505035,0.31307098284178353,0.0,0.0,5.0,2.0,0.24220294905400483,1.0,1.7338900007658654e-27,0.0768547549142606,0.7623950478234196,1.0,1.0,4.0,2.0,6.0,3.0,1.0900546035265737,1.0
90.0,0.75,0.1494982301013601,0.10008746586852763,0.09963983041922814,-0.0008073487060696831,0.0007245724052292725,0.2695780404044268,0.11625963031327219,5.384608275410749e-12,0.2608782459825154,0.3569023574753737,0.0,0.0,5.0,2.0,0.2761124736639924,1.0,2.6796497734930278e-27,0.07826148708347863,0.7763497555135579,1.0,1.0,4.0,2.0,6.0,3.0,1.1100067181185165,1.0
90.0,0.8,0.1494982301013601,0.10008746586852763,0.09963983041922814,-0.0008073487060696831,0.0007245724052292725,0.2695780404044268,0.11625963031327219,2.430198273896366e-11,0.27778461078166894,0.38003162005697255,0.0,0.0,5.0,2.0,0.2940061013514193,1.0,3.638341033833344e-27,0.07926518657922813,0.7863064006933644,1.0,1.0,4.0,2.0,6.0,3.0,1.1242424964658637,1.0
90.0,0.85,0.1494982301013601,0.10008746586852763,0.09963983041922814,-0.0008073487060696831,0.0007245724052292725,0.2695780404044268,0.11625963031327219,1.3560099402462103e-10,0.29841276549776075,0.4082525896545424,0.0,0.0,5.0,2.0,0.3158388563376875,1.0,6.167285549951866e-27,0.08102743605041209,0.8037878209562866,1.0,1.0,4.0,2.0,6.0,3.0,1.1492370221886934,1.0
90.0,0.9,0.1494982301013601,0.10008746586852763,0.09963983041922814,-0.0008073487060696831,0.0007245724052292725,0.2695780404044268,0.11625963031327219,1.2383019792651287e-7,0.3964370338007568,0.5423576481862631,0.0,0.0,5.0,2.0,0.41958734290968447,1.0,1.0040015267407202e-26,0.08268951473272708,0.8202755523647528,1.0,1.0,4.0,2.0,6.0,3.0,1.1728107948342767,1.0
90.0,0.95,0.1494982301013601,0.10008746586852763,0.09963983041922814,-0.0008073487060696831,0.0007245724052292725,0.2695780404044268,0.11625963031327219,4.400063848998349e-6,0.460027614051256,0.6293546606015918,0.0,0.0,5.0,2.0,0.4868913542064744,1.0,2.379274254866459e-26,0.08571628998549252,0.8503010005775177,1.0,1.0,4.0,2.0,6.0,3.0,1.2157404782585248,1.0
91.0,0.4,-0.13864834125971148,0.04290622522593496,0.04157986104582517,-0.0006016568183017248,-0.0009635588447304105,0.19989545263161368,-0.018495873056020296,4.691901297217113e-23,0.08557415184260884,0.11839584436105825,0.0,0.0,2.0,0.0,0.09379466743580596,1.0,3.7404559987389755e-29,0.0613389407615196,0.5892018925093065,0.0,1.0,6.0,3.0,6.0,3.0,0.8655109420407386,1.0
91.0,0.45,-0.13864834125971148,0.04290622522593496,0.04157986104582517,-0.0006016568183017248,-0.0009635588447304105,0.19989545263161368,-0.018495873056020296,3.4675756831004826e-22,0.09301167849804069,0.12868601060129528,0.0,0.0,4.0,1.0,0.10194666572232387,1.0,5.8450367714449e-29,0.062490483434760914,0.6002632364770303,0.0,1.0,6.0,3.0,6.0,3.0,0.8817595562414989,1.0
91.0,0.5,-0.13864834125971148,0.04290622522593496,0.04157986104582517,-0.0006016568183017248,-0.0009635588447304105,0.19989545263161368,-0.018495873056020296,3.751764771771117e-21,0.10271397831283922,0.14210959650992297,0.0,0.0,4.0,1.0,0.11258099822690142,1.0,1.1196170612573556e-28,0.06420600455920766,0.6167419738111748,0.0,1.0,6.0,3.0,6.0,3.0,0.9059660763749895,1.0
91.0,0.55,-0.13864834125971148,0.04290622522593496,0.04157986104582517,-0.0006016568183017248,-0.0009635588447304105,0.19989545263161368,-0.018495873056020296,3.9347349554806377e-19,0.12468796750589325,0.1725116390481583,0.0,0.0,5.0,2.0,0.13666587624463797,1.0,1.7802886697961737e-28,0.06545882172231753,0.6287761275527982,0.0,1.0,6.0,3.0,6.0,3.0,0.9236437041524851,1.0
91.0,0.6,-0.13864834125971148,0.04290622522593496,0.04157986104582517,-0.0006016568183017248,-0.0009635588447304105,0.19989545263161368,-0.018495873056020296,9.286890430627652e-18,0.14224303079452957,0.19679989077039178,0.0,0.0,5.0,2.0,0.15590733277698673,1.0,3.054347659535242e-28,0.06694775508133932,0.6430783365910449,0.0,1.0,6.0,3.0,6.0,3.0,0.9446530026210244,1.0
91.0,0.65,-0.13864834125971148,0.04290622522593496,0.04157986104582517,-0.0006016568183017248,-0.0009635588447304105,0.19989545263161368,-0.018495873056020296,1.1582221459381069e-16,0.15801357353986067,0.21861917479671553,0.0,0.0,5.0,2.0,0.17319284224719544,1.0,5.1912156759051125e-28,0.06844377587327605,0.657448625202148,1.0,1.0,6.0,3.0,6.0,3.0,0.9657623069041857,1.0
91.0,0.7,-0.13864834125971148,0.04290622522593496,0.04157986104582517,-0.0006016568183017248,-0.0009635588447304105,0.19989545263161368,-0.018495873056020296,1.1455242198681246e-14,0.19134990255690454,0.2647415462942469,0.0,0.0,5.0,2.0,0.20973156131548504,1.0,7.339212272379299e-28,0.06943841666480378,0.667002820782629,1.0,1.0,6.0,3.0,6.0,3.0,0.979796988262872,1.0
91.0,0.75,-0.13864834125971148,0.04290622522593496,0.04157986104582517,-0.0006016568183017248,-0.0009635588447304105,0.19989545263161368,-0.018495873056020296,4.430059549741926e-14,0.2024433268843105,0.28008981807746486,0.0,0.0,5.0,2.0,0.22189065402173885,1.0,1.3916424859679343e-27,0.07131453734910097,0.6850242251962055,1.0,1.0,6.0,3.0,6.0,3.0,1.0062696165914469,1.0
91.0,0.8,-0.13864834125971148,0.04290622522593496,0.04157986104582517,-0.0006016568183017248,-0.0009635588447304105,0.19989545263161368,-0.018495873056020296,4.751549178772083e-13,0.22347959128861528,0.3091944744803814,0.0,0.0,5.0,2.0,0.2449477265302975,1.0,2.4924154593271325e-27,0.07306739104414235,0.7018615670477006,1.0,1.0,6.0,3.0,6.0,3.0,1.0310029105482705,1.0
91.0,0.85,-0.13864834125971148,0.04290622522593496,0.04157986104582517,-0.0006016568183017248,-0.0009635588447304105,0.19989545263161368,-0.018495873056020296,3.813356623826e-11,0.2682815930437005,0.3711801408602823,0.0,0.0,5.0,2.0,0.2940535460399719,1.0,4.8453430109718344e-27,0.07511954309852932,0.7215738714851486,1.0,1.0,6.0,3.0,6.0,3.0,1.0599593945656405,1.0
91.0,0.9,-0.13864834125971148,0.04290622522593496,0.04157986104582517,-0.0006016568183017248,-0.0009635588447304105,0.19989545263161368,-0.018495873056020296,5.580922792608176e-9,0.33022946263918856,0.456887917907447,0.0,0.0,5.0,2.0,0.3619523180634696,1.0,7.813674363708383e-27,0.07663021668841177,0.736084910102251,1.0,1.0,6.0,3.0,6.0,3.0,1.081275454244249,1.0
91.0,0.95,-0.13864834125971148,0.04290622522593496,0.04157986104582517,-0.0006016568183017248,-0.0009635588447304105,0.19989545263161368,-0.018495873056020296,2.2256646065685983e-6,0.42381912990742404,0.5863736030249944,1.0,1.0,6.0,3.0,0.4645324959306964,1.0,4.1028352769157966e-26,0.08211255879231912,0.7887465032582921,1.0,1.0,6.0,3.0,6.0,3.0,1.158632953738586,1.0
92.0,0.4,-1.5972830259710635,-1.1843647797496786,-1.1840496378402312,-2.3308033825944373e-5,-0.00010274316924316744,-0.11560981471410176,-1.3217937672171753,1.1337582159227623e-20,0.1439582401922999,0.19800020540755076,0.0,0.0,2.0,0.0,0.17961699384135524,0.0,4.487451574595648e-28,0.0906867936437681,1.1528695355825738,0.0,0.0,4.0,2.0,4.0,2.0,1.8352040182931524,0.0
92.0,0.45,-1.5972830259710635,-1.1843647797496786,-1.1840496378402312,-2.3308033825944373e-5,-0.00010274316924316744,-0.11560981471410176,-1.3217937672171753,8.474960798457191e-20,0.1565442959734624,0.2153110701875883,0.0,0.0,2.0,0.0,0.19532064165416685,0.0,1.1650074449865644e-27,0.09436430645297254,1.1996204715689167,0.0,0.0,4.0,2.0,4.0,2.0,1.909624846438071,0.0
92.0,0.5,-1.5972830259710635,-1.1843647797496786,-1.1840496378402312,-2.3308033825944373e-5,-0.00010274316924316744,-0.11560981471410176,-1.3217937672171753,2.2306158366788868e-18,0.17939728917940742,0.2467430836861564,0.0,0.0,2.0,0.0,0.22383436851305025,0.0,3.4281410173979994e-27,0.09870477618277085,1.2547993473516381,0.0,0.0,4.0,2.0,4.0,2.0,1.9974617537687676,0.0
92.0,0.55,-1.5972830259710635,-1.1843647797496786,-1.1840496378402312,-2.3308033825944373e-5,-0.00010274316924316744,-0.11560981471410176,-1.3217937672171753,3.467711575397307e-17,0.20112526718561674,0.2766277509519786,0.0,0.0,2.0,0.0,0.2509444115818814,0.0,5.368759882355182e-27,0.10056699476174924,1.2784730817735805,0.0,0.0,4.0,2.0,4.0,2.0,2.0351469654932663,0.0
92.0,0.6,-1.5972830259710635,-1.1843647797496786,-1.1840496378402312,-2.3308033825944373e-5,-0.00010274316924316744,-0.11560981471410176,-1.3217937672171753,1.288253747888483e-15,0.23381995323579474,0.32159603164937556,0.0,0.0,2.0,0.0,0.2917376389447287,0.0,1.0477508703329905e-26,0.10340815932793047,1.3145918146377469,0.0,0.0,4.0,2.0,4.0,2.0,2.092642841342287,0.0
92.0,0.65,-1.5972830259710635,-1.1843647797496786,-1.1840496378402312,-2.3308033825944373e-5,-0.00010274316924316744,-0.11560981471410176,-1.3217937672171753,1.0416776750725536e-13,0.28078273513609614,0.3861886555266091,0.0,0.0,2.0,0.0,0.35033319899111026,0.0,2.2475335646952617e-26,0.10674932745633997,1.3570669181642179,0.0,0.0,4.0,2.0,4.0,2.0,2.1602571535114503,0.0
92.0,0.7,-1.5972830259710635,-1.1843647797496786,-1.1840496378402312,-2.3308033825944373e-5,-0.00010274316924316744,-0.11560981471410176,-1.3217937672171753,1.6642708338650374e-12,0.3151489349814265,0.4334559367837491,0.0,0.0,2.0,0.0,0.39321197757109233,0.0,3.8005859429876883e-26,0.10911165998857389,1.3870984266110409,0.0,0.0,4.0,2.0,4.0,2.0,2.208063035509333,0.0
92.0,0.75,-1.5972830259710635,-1.1843647797496786,-1.1840496378402312,-2.3308033825944373e-5,-0.00010274316924316744,-0.11560981471410176,-1.3217937672171753,1.4364339181799621e-11,0.34476122289532846,0.474184686188493,0.0,0.0,3.0,1.0,0.4301592904081678,0.0,7.338230501434346e-26,0.11214425479016224,1.4256507452016711,0.0,0.0,4.0,2.0,4.0,2.0,2.2694328330522,0.0
92.0,0.8,-1.5972830259710635,-1.1843647797496786,-1.1840496378402312,-2.3308033825944373e-5,-0.00010274316924316744,-0.11560981471410176,-1.3217937672171753,1.436545232057634e-10,0.3794778937552514,0.5219340053809818,0.0,0.0,3.0,1.0,0.4734753523974605,0.0,1.267185091929173e-25,0.1147261427055791,1.4584733845560336,0.0,0.0,4.0,2.0,4.0,2.0,2.321681797722494,0.0
92.0,0.85,-1.5972830259710635,-1.1843647797496786,-1.1840496378402312,-2.3308033825944373e-5,-0.00010274316924316744,-0.11560981471410176,-1.3217937672171753,8.701037617627972e-9,0.4502430011792842,0.619264354702627,0.0,0.0,3.0,1.0,0.5617691231978429,0.0,1.9656996431102005e-25,0.11684423012952921,1.4853998902429006,0.0,0.0,4.0,2.0,4.0,2.0,2.3645449577852347,0.0
92.0,0.9,-1.5972830259710635,-1.1843647797496786,-1.1840496378402312,-2.3308033825944373e-5,-0.00010274316924316744,-0.11560981471410176,-1.3217937672171753,3.827373651016972e-7,0.5271315934937149,0.7250169469225548,0.0,0.0,3.0,1.0,0.6577031787528668,0.0,3.3108353183709525e-25,0.11941020821118761,1.5180202734371397,0.0,0.0,4.0,2.0,4.0,2.0,2.416471959469843,0.0
92.0,0.95,-1.5972830259710635,-1.1843647797496786,-1.1840496378402312,-2.3308033825944373e-5,-0.00010274316924316744,-0.11560981471410176,-1.3217937672171753,0.03709312764595244,0.8505217112041444,1.169807808827395,0.0,0.0,3.0,1.0,1.0611976970489883,0.0,6.524812730078107e-25,0.12283375413443529,1.5615426170992628,0.0,0.0,4.0,2.0,4.0,2.0,2.4857533287046563,0.0
93.0,0.4,0.0338619981675744,-0.01338403852075859,-0.014601458199022477,4.841007333753543e-6,0.00027253823258832,-0.03518900886317433,0.0015533605898432334,1.906199719704955e-21,0.09715783505910265,0.13692699762985905,1.0,1.0,6.0,3.0,0.10111814454774387,1.0,4.8727630243293215e-29,0.06453847625046244,0.6451033864402793,1.0,1.0,6.0,3.0,6.0,3.0,0.8505809951203943,1.0
93.0,0.45,0.0338619981675744,-0.01338403852075859,-0.014601458199022477,4.841007333753543e-6,0.00027253823258832,-0.03518900886317433,0.0015533605898432334,1.4804775909979775e-20,0.10582076305891819,0.14913588146281814,1.0,1.0,6.0,3.0,0.11013418741406725,1.0,6.740085055476795e-29,0.06541677467855211,0.6538825414991464,1.0,1.0,6.0,3.0,6.0,3.0,0.8621564768234018,1.0
93.0,0.5,0.0338619981675744,-0.01338403852075859,-0.014601458199022477,4.841007333753543e-6,0.00027253823258832,-0.03518900886317433,0.0015533605898432334,6.872499805057444e-20,0.1128107776315394,0.15898708603356376,1.0,1.0,6.0,3.0,0.11740912621354933,1.0,1.0518749581369178e-28,0.06664126646448479,0.6661221207961213,1.0,1.0,6.0,3.0,6.0,3.0,0.8782945932200974,1.0
93.0,0.55,0.0338619981675744,-0.01338403852075859,-0.014601458199022477,4.841007333753543e-6,0.00027253823258832,-0.03518900886317433,0.0015533605898432334,4.178074153588359e-19,0.1216218163086523,0.17140470599518312,1.0,1.0,6.0,3.0,0.126579316986389,1.0,1.7963960370172712e-28,0.06814408389549542,0.6811437430944862,1.0,1.0,6.0,3.0,6.0,3.0,0.8981008858414563,1.0
93.0,0.6,0.0338619981675744,-0.01338403852075859,-0.014601458199022477,4.841007333753543e-6,0.00027253823258832,-0.03518900886317433,0.0015533605898432334,1.3529284317280124e-17,0.14058552160601961,0.19813073615761292,1.0,1.0,6.0,3.0,0.14631601338615452,1.0,2.288064437811877e-28,0.06883446070257042,0.6880445012474293,1.0,1.0,6.0,3.0,6.0,3.0,0.907199665758277,1.0
93.0,0.65,0.0338619981675744,-0.01338403852075859,-0.014601458199022477,4.841007333753543e-6,0.00027253823258832,-0.03518900886317433,0.0015533605898432334,2.328742118677537e-16,0.15828297478532496,0.2230722051401523,1.0,1.0,6.0,3.0,0.16473484319667187,1.0,3.8279273854722867e-28,0.07032637371513303,0.7029571269026033,1.0,1.0,6.0,3.0,6.0,3.0,0.9268622442476396,1.0
93.0,0.7,0.0338619981675744,-0.01338403852075859,-0.014601458199022477,4.841007333753543e-6,0.00027253823258832,-0.03518900886317433,0.0015533605898432334,1.6741209051146806e-14,0.18914517323099508,0.2665670830452833,1.0,1.0,6.0,3.0,0.19685503444622007,1.0,6.541400351378446e-28,0.0719141498677852,0.7188279660127487,1.0,1.0,6.0,3.0,6.0,3.0,0.9477882452692651,1.0
93.0,0.75,0.0338619981675744,-0.01338403852075859,-0.014601458199022477,4.841007333753543e-6,0.00027253823258832,-0.03518900886317433,0.0015533605898432334,1.0141553703902832e-13,0.2038880784522335,0.2873446327617599,1.0,1.0,6.0,3.0,0.2121988841759717,1.0,1.0548022762184886e-27,0.07336014783112471,0.7332816413569875,1.0,1.0,6.0,3.0,6.0,3.0,0.9668456891082894,1.0
93.0,0.8,0.0338619981675744,-0.01338403852075859,-0.014601458199022477,4.841007333753543e-6,0.00027253823258832,-0.03518900886317433,0.0015533605898432334,1.0405488104437366e-12,0.2246587895683349,0.31661732198990933,1.0,1.0,6.0,3.0,0.23381624285548258,1.0,2.330947382552046e-27,0.07582433148507256,0.7579127345021587,1.0,1.0,6.0,3.0,6.0,3.0,0.9993222504761191,1.0
93.0,0.85,0.0338619981675744,-0.01338403852075859,-0.014601458199022477,4.841007333753543e-6,0.00027253823258832,-0.03518900886317433,0.0015533605898432334,1.6449321318874715e-11,0.25204435686120147,0.3552124955600243,1.0,1.0,6.0,3.0,0.2623180898795286,1.0,6.036832086347842e-27,0.07889117953111163,0.7885678440606736,1.0,1.0,6.0,3.0,6.0,3.0,1.0397415912234802,1.0
93.0,0.9,0.0338619981675744,-0.01338403852075859,-0.014601458199022477,4.841007333753543e-6,0.00027253823258832,-0.03518900886317433,0.0015533605898432334,6.961482326033073e-11,0.2676599448403148,0.3772199391892923,1.0,1.0,6.0,3.0,0.2785701943187584,1.0,9.728553807081166e-27,0.08047545032966422,0.8044036449125322,1.0,1.0,6.0,3.0,6.0,3.0,1.0606213936400024,1.0
93.0,0.95,0.0338619981675744,-0.01338403852075859,-0.014601458199022477,4.841007333753543e-6,0.00027253823258832,-0.03518900886317433,0.0015533605898432334,1.04930901947963e-6,0.39964567819891467,0.563230775966115,1.0,1.0,6.0,3.0,0.41593587826875794,1.0,2.870327411252375e-26,0.08418638872356751,0.8414968498324596,1.0,1.0,6.0,3.0,6.0,3.0,1.1095294846780845,1.0
94.0,0.4,-0.038709898259437936,0.11091578855395684,0.11097716545296898,-0.00043844750697162875,-0.0005256782149902011,0.23707500989503244,0.06108181088216674,3.306560739465702e-22,0.09762945109942892,0.1365960592157975,0.0,0.0,3.0,1.0,0.10842755591103925,0.0,2.5601383045306757e-30,0.05991845684627629,0.6052531567628954,0.0,0.0,4.0,2.0,6.0,3.0,0.8875589525439721,1.0
94.0,0.45,-0.038709898259437936,0.11091578855395684,0.11097716545296898,-0.00043844750697162875,-0.0005256782149902011,0.23707500989503244,0.06108181088216674,1.6084728589508852e-20,0.11478207342985366,0.1605947664621052,0.0,0.0,3.0,1.0,0.12747730878590663,1.0,4.0763917367555196e-30,0.06109108054964603,0.6170981580448941,0.0,0.0,4.0,2.0,6.0,3.0,0.9049287701372593,1.0
94.0,0.5,-0.038709898259437936,0.11091578855395684,0.11097716545296898,-0.00043844750697162875,-0.0005256782149902011,0.23707500989503244,0.06108181088216674,1.2207200492254035e-19,0.12489618218967317,0.17474569513694035,0.0,0.0,3.0,1.0,0.1387100677607451,1.0,9.139018346542916e-30,0.06318109158615459,0.6382099463668378,0.0,0.0,4.0,2.0,6.0,3.0,0.9358876449815832,1.0
94.0,0.55,-0.038709898259437936,0.11091578855395684,0.11097716545296898,-0.00043844750697162875,-0.0005256782149902011,0.23707500989503244,0.06108181088216674,3.497672295382554e-18,0.14363632658408004,0.2009655483122285,0.0,0.0,3.0,1.0,0.1595229273151443,1.0,2.094847698554408e-29,0.06540299895369885,0.6606540565629846,0.0,0.0,4.0,2.0,6.0,3.0,0.968800271233737,1.0
94.0,0.6,-0.038709898259437936,0.11091578855395684,0.11097716545296898,-0.00043844750697162875,-0.0005256782149902011,0.23707500989503244,0.06108181088216674,5.943621980754142e-16,0.1779066952444198,0.24891416683009254,0.0,0.0,3.0,1.0,0.19758369967600273,1.0,3.2964943686274654e-29,0.06665025640997257,0.6732529543390487,0.0,0.0,4.0,2.0,6.0,3.0,0.9872756222308948,1.0
94.0,0.65,-0.038709898259437936,0.11091578855395684,0.11097716545296898,-0.00043844750697162875,-0.0005256782149902011,0.23707500989503244,0.06108181088216674,5.156907733226769e-15,0.1946658258709706,0.272362328974712,0.0,0.0,3.0,1.0,0.2161964395057094,1.0,5.896356781526741e-29,0.06828478822750177,0.6897638191786932,0.0,0.0,4.0,2.0,6.0,3.0,1.0114875833564616,1.0
94.0,0.7,-0.038709898259437936,0.11091578855395684,0.11097716545296898,-0.00043844750697162875,-0.0005256782149902011,0.23707500989503244,0.06108181088216674,2.3899687354718274e-14,0.20751038478659414,0.29033350581204226,0.0,0.0,3.0,1.0,0.23046164446479533,1.0,1.0383994105381638e-28,0.06991410919150245,0.7062220477237204,0.0,0.0,4.0,2.0,6.0,3.0,1.0356223572521983,1.0
94.0,0.75,-0.038709898259437936,0.11091578855395684,0.11097716545296898,-0.00043844750697162875,-0.0005256782149902011,0.23707500989503244,0.06108181088216674,1.0173807672814769e-13,0.220420495005358,0.3083963972865501,0.0,0.0,3.0,1.0,0.24479965089419847,1.0,1.8759618652138952e-28,0.07165843361558322,0.7238419585101764,0.0,1.0,4.0,2.0,6.0,3.0,1.0614606521653323,1.0
94.0,0.8,-0.038709898259437936,0.11091578855395684,0.11097716545296898,-0.00043844750697162875,-0.0005256782149902011,0.23707500989503244,0.06108181088216674,5.169488197063723e-13,0.23586697707279866,0.33000799660826563,0.0,0.0,5.0,2.0,0.26195455936839024,1.0,3.124549793799542e-28,0.07319798414493561,0.739393390688698,0.0,1.0,4.0,2.0,6.0,3.0,1.0842656763121705,1.0
94.0,0.85,-0.038709898259437936,0.11091578855395684,0.11097716545296898,-0.00043844750697162875,-0.0005256782149902011,0.23707500989503244,0.06108181088216674,2.5399260994160312e-11,0.27742208937750595,0.38814890098876875,0.0,0.0,5.0,2.0,0.30810578947434863,1.0,9.621214584894754e-28,0.07670980692381363,0.7748672986426518,0.0,1.0,4.0,2.0,6.0,3.0,1.1362855364887712,1.0
94.0,0.9,-0.038709898259437936,0.11091578855395684,0.11097716545296898,-0.00043844750697162875,-0.0005256782149902011,0.23707500989503244,0.06108181088216674,3.191261861650067e-10,0.30827520482098686,0.431316346228397,0.0,0.0,5.0,2.0,0.34237135034870814,1.0,1.2643091858676143e-27,0.07758781667831365,0.7837363217041623,1.0,1.0,4.0,2.0,6.0,3.0,1.149291302308587,1.0
94.0,0.95,-0.038709898259437936,0.11091578855395684,0.11097716545296898,-0.00043844750697162875,-0.0005256782149902011,0.23707500989503244,0.06108181088216674,4.2011405144936434e-8,0.3777871022125864,0.5285723601194852,0.0,0.0,5.0,2.0,0.41957146830526776,1.0,2.2568161748131955e-26,0.08748736133474984,0.8837344019149952,1.0,1.0,4.0,2.0,6.0,3.0,1.2959310849129828,1.0
95.0,0.4,-0.40714589039193694,-0.0186968869547961,-0.020305000859241307,0.00023281026734657694,-0.000507123902072035,0.2138396169144028,-0.14925163070347314,5.492369523959541e-20,0.1163749604567624,0.15863961378655655,0.0,0.0,4.0,1.0,0.12066136005479657,0.0,1.0800974021911196e-28,0.0651379626816407,0.6620027133016217,0.0,1.0,6.0,3.0,6.0,3.0,0.9112104552267459,1.0
95.0,0.45,-0.40714589039193694,-0.0186968869547961,-0.020305000859241307,0.00023281026734657694,-0.000507123902072035,0.2138396169144028,-0.14925163070347314,1.5464510964607041e-19,0.12150437006138708,0.16563190452879953,0.0,0.0,4.0,1.0,0.12597969947027673,0.0,1.4628265340832504e-28,0.06596642024929301,0.6704223987670941,0.0,1.0,6.0,3.0,6.0,3.0,0.9227996908472406,1.0
95.0,0.5,-0.40714589039193694,-0.0186968869547961,-0.020305000859241307,0.00023281026734657694,-0.000507123902072035,0.2138396169144028,-0.14925163070347314,2.898815699876249e-18,0.1372867894195988,0.1871461280505716,0.0,0.0,4.0,1.0,0.14234342734818656,0.0,2.437816072914165e-28,0.06738526205389855,0.6848422099758869,0.0,1.0,6.0,3.0,6.0,3.0,0.9426477707294465,1.0
95.0,0.55,-0.40714589039193694,-0.0186968869547961,-0.020305000859241307,0.00023281026734657694,-0.000507123902072035,0.2138396169144028,-0.14925163070347314,8.281643712564708e-17,0.15786689949187901,0.21520045091123854,0.0,0.0,4.0,1.0,0.1636815576612049,0.0,4.734027772637041e-28,0.0692746753785878,0.7040444799886248,1.0,1.0,6.0,3.0,6.0,3.0,0.9690786430629287,1.0
95.0,0.6,-0.40714589039193694,-0.0186968869547961,-0.020305000859241307,0.00023281026734657694,-0.000507123902072035,0.2138396169144028,-0.14925163070347314,3.136488616587155e-15,0.1836769722031557,0.25038413604977083,0.0,0.0,4.0,1.0,0.19044228406001557,0.0,7.2271629108637045e-28,0.07050667095163203,0.7165653568867404,1.0,1.0,6.0,3.0,6.0,3.0,0.9863129439334929,1.0
95.0,0.65,-0.40714589039193694,-0.0186968869547961,-0.020305000859241307,0.00023281026734657694,-0.000507123902072035,0.2138396169144028,-0.14925163070347314,1.592037276743063e-14,0.1965399954089943,0.2679187072796352,0.0,0.0,4.0,1.0,0.20377908665346992,0.0,1.1062408326092337e-27,0.0717684587116041,0.7293890143412238,1.0,1.0,6.0,3.0,6.0,3.0,1.0039640056466614,1.0
95.0,0.7,-0.40714589039193694,-0.0186968869547961,-0.020305000859241307,0.00023281026734657694,-0.000507123902072035,0.2138396169144028,-0.14925163070347314,6.355950029827859e-14,0.208210236109917,0.28382730540352785,0.0,0.0,4.0,1.0,0.21587917338701904,0.0,1.3150027150761682e-27,0.07228727047589487,0.7346617428932651,1.0,1.0,6.0,3.0,6.0,3.0,1.011221627538014,1.0
95.0,0.75,-0.40714589039193694,-0.0186968869547961,-0.020305000859241307,0.00023281026734657694,-0.000507123902072035,0.2138396169144028,-0.14925163070347314,1.5135148021118e-12,0.2376123456540498,0.32390757081701627,0.0,0.0,4.0,1.0,0.24636424089768238,0.0,1.7330341188347568e-27,0.07312347899890835,0.7431602019842631,1.0,1.0,6.0,3.0,6.0,3.0,1.0229192907370248,1.0
95.0,0.8,-0.40714589039193694,-0.0186968869547961,-0.020305000859241307,0.00023281026734657694,-0.000507123902072035,0.2138396169144028,-0.14925163070347314,3.916175381277299e-11,0.2721064349819601,0.37092910351976427,0.0,0.0,4.0,1.0,0.28212883936303407,0.0,2.8714196680097713e-27,0.07467821189150543,0.7589610860000698,1.0,1.0,6.0,3.0,6.0,3.0,1.0446683416513654,1.0
95.0,0.85,-0.40714589039193694,-0.0186968869547961,-0.020305000859241307,0.00023281026734657694,-0.000507123902072035,0.2138396169144028,-0.14925163070347314,7.331084773884904e-10,0.307433767298277,0.41908649350102284,0.0,0.0,4.0,1.0,0.3187573713742506,1.0,5.7129438748690914e-27,0.07684973616602872,0.7810304738432349,1.0,1.0,6.0,3.0,6.0,3.0,1.0750456445522127,1.0
95.0,0.9,-0.40714589039193694,-0.0186968869547961,-0.020305000859241307,0.00023281026734657694,-0.000507123902072035,0.2138396169144028,-0.14925163070347314,3.434658346565398e-8,0.36088157087613315,0.4919452844647463,0.0,0.0,5.0,2.0,0.3741737998424846,1.0,8.669649770797476e-27,0.07819697398785178,0.7947225676206907,1.0,1.0,6.0,3.0,6.0,3.0,1.0938920612711691,1.0
95.0,0.95,-0.40714589039193694,-0.0186968869547961,-0.020305000859241307,0.00023281026734657694,-0.000507123902072035,0.2138396169144028,-0.14925163070347314,7.953640486133016e-6,0.45278615458513066,0.6172274551961943,1.0,1.0,6.0,3.0,0.4694634740307533,1.0,4.856478589234506e-26,0.08401753667404349,0.8538774464742648,1.0,1.0,6.0,3.0,6.0,3.0,1.1753155101573816,1.0
96.0,0.4,-0.39212907223304594,0.1632692132411703,0.16070150979008668,-0.0011137195338529616,-0.0008489558871019195,0.12296787909440388,-0.023575017550957478,2.212901718097732e-21,0.10313864137449254,0.14879564834875383,0.0,0.0,2.0,0.0,0.1160171359302438,1.0,2.162026818000403e-28,0.07091198991192735,0.686156614524412,0.0,1.0,4.0,2.0,6.0,3.0,0.9463673531176943,1.0
96.0,0.45,-0.39212907223304594,0.1632692132411703,0.16070150979008668,-0.0011137195338529616,-0.0008489558871019195,0.12296787909440388,-0.023575017550957478,3.275630822595519e-20,0.1153945436134057,0.16647694505225138,0.0,0.0,2.0,0.0,0.12980338187115092,1.0,3.3532131368132265e-28,0.0722206416590107,0.6988193539777178,0.0,1.0,4.0,2.0,6.0,3.0,0.9638321752384422,1.0
96.0,0.5,-0.39212907223304594,0.1632692132411703,0.16070150979008668,-0.0011137195338529616,-0.0008489558871019195,0.12296787909440388,-0.023575017550957478,1.4626747054682238e-19,0.12281812810849507,0.17718677265224686,0.0,0.0,2.0,0.0,0.13815391858540926,1.0,4.876092561008163e-28,0.07335619426266243,0.7098071563381336,0.0,1.0,4.0,2.0,6.0,3.0,0.9789868749327894,1.0
96.0,0.55,-0.39212907223304594,0.1632692132411703,0.16070150979008668,-0.0011137195338529616,-0.0008489558871019195,0.12296787909440388,-0.023575017550957478,5.179646289880292e-17,0.156847339085516,0.22627990052987088,0.0,0.0,2.0,0.0,0.17643221605866227,1.0,7.043042621818082e-28,0.07448871361114029,0.7207656083996268,0.0,1.0,4.0,2.0,6.0,3.0,0.9941010938329322,1.0
96.0,0.6,-0.39212907223304594,0.1632692132411703,0.16070150979008668,-0.0011137195338529616,-0.0008489558871019195,0.12296787909440388,-0.023575017550957478,6.762995764074736e-16,0.17457033585746984,0.251848443611513,0.0,0.0,2.0,0.0,0.19636820996144372,1.0,1.1349083798358398e-27,0.0759842931640896,0.7352370934627055,0.0,1.0,4.0,2.0,6.0,3.0,1.0140605910161224,1.0
96.0,0.65,-0.39212907223304594,0.1632692132411703,0.16070150979008668,-0.0011137195338529616,-0.0008489558871019195,0.12296787909440388,-0.023575017550957478,8.368352848677157e-15,0.19386138760638147,0.27967918206274256,0.0,0.0,2.0,0.0,0.2180680553653057,1.0,1.476977095280315e-27,0.0768229596165031,0.7433521743456133,0.0,1.0,4.0,2.0,6.0,3.0,1.0252531488854608,1.0
96.0,0.7,-0.39212907223304594,0.1632692132411703,0.16070150979008668,-0.0011137195338529616,-0.0008489558871019195,0.12296787909440388,-0.023575017550957478,6.636608867176977e-14,0.21133061177796134,0.3048816134901823,0.0,0.0,2.0,0.0,0.23771858913519603,1.0,2.0682032496164482e-27,0.07790826121921364,0.7538537393754297,0.0,1.0,4.0,2.0,6.0,3.0,1.0397372157741103,1.0
96.0,0.75,-0.39212907223304594,0.1632692132411703,0.16070150979008668,-0.0011137195338529616,-0.0008489558871019195,0.12296787909440388,-0.023575017550957478,7.175510695315136e-13,0.23336829414494734,0.33667485016850207,0.0,0.0,2.0,0.0,0.2625080255354168,1.0,3.841777192535511e-27,0.07994463088193864,0.7735580025815676,0.0,1.0,4.0,2.0,6.0,3.0,1.0669139142432376,1.0
96.0,0.8,-0.39212907223304594,0.1632692132411703,0.16070150979008668,-0.0011137195338529616,-0.0008489558871019195,0.12296787909440388,-0.023575017550957478,8.685270413915313e-12,0.25891902146075985,0.37353627267778444,0.0,0.0,4.0,2.0,0.291249166242825,1.0,4.535285569471627e-27,0.08049934024234383,0.7789254657884714,0.0,1.0,4.0,2.0,6.0,3.0,1.0743168771245253,1.0
96.0,0.85,-0.39212907223304594,0.1632692132411703,0.16070150979008668,-0.0011137195338529616,-0.0008489558871019195,0.12296787909440388,-0.023575017550957478,2.2419235097618487e-10,0.2964766653830226,0.42771978628034785,0.0,0.0,4.0,2.0,0.33349647745499766,1.0,1.0409345476206722e-26,0.08333480758670386,0.8063619356438094,0.0,1.0,4.0,2.0,6.0,3.0,1.1121580620759905,1.0
96.0,0.9,-0.39212907223304594,0.1632692132411703,0.16070150979008668,-0.0011137195338529616,-0.0008489558871019195,0.12296787909440388,-0.023575017550957478,2.703305181100934e-9,0.32888465631609615,0.4744740188192283,1.0,1.0,6.0,3.0,0.3699511198586775,1.0,1.6085935423887054e-26,0.0848598756632617,0.8211187567347117,0.0,1.0,4.0,2.0,6.0,3.0,1.1325111030882204,1.0
96.0,0.95,-0.39212907223304594,0.1632692132411703,0.16070150979008668,-0.0011137195338529616,-0.0008489558871019195,0.12296787909440388,-0.023575017550957478,1.335072606796291e-6,0.4258703008780649,0.614392885994542,1.0,1.0,6.0,3.0,0.4790469597735419,1.0,4.541000166130358e-26,0.08860980367007298,0.8574037052893867,0.0,1.0,4.0,2.0,6.0,3.0,1.1825563697151413,1.0
97.0,0.4,-0.17103210752856257,0.0016515142452854237,8.365440122914958e-5,-0.000567686125886083,-0.0006987769763377023,0.0036845006293045324,-0.05695459957536808,4.3400193687900035e-21,0.09418532348683135,0.1317040258929731,0.0,0.0,5.0,2.0,0.09784290110051647,0.0,7.050427545793293e-29,0.064016456585107,0.6257712035105671,0.0,1.0,6.0,3.0,6.0,3.0,0.8238618755228371,1.0
97.0,0.45,-0.17103210752856257,0.0016515142452854237,8.365440122914958e-5,-0.000567686125886083,-0.0006987769763377023,0.0036845006293045324,-0.05695459957536808,7.118672573013561e-20,0.10582892224512074,0.14798584959519284,0.0,0.0,5.0,2.0,0.10993866548912298,0.0,1.505255443824169e-28,0.06607184175140385,0.6458629255114778,0.0,1.0,6.0,3.0,6.0,3.0,0.8503137219441694,1.0
97.0,0.5,-0.17103210752856257,0.0016515142452854237,8.365440122914958e-5,-0.000567686125886083,-0.0006987769763377023,0.0036845006293045324,-0.05695459957536808,1.3561551896290385e-18,0.1196558599062731,0.16732074476067527,0.0,0.0,5.0,2.0,0.12430255621029558,1.0,2.3537836058246473e-28,0.06731413352714641,0.6580065282831212,0.0,1.0,6.0,3.0,6.0,3.0,0.8663014364617515,1.0
97.0,0.55,-0.17103210752856257,0.0016515142452854237,8.365440122914958e-5,-0.000567686125886083,-0.0006987769763377023,0.0036845006293045324,-0.05695459957536808,8.088319230095424e-18,0.12889869171196852,0.18024545653524288,1.0,1.0,6.0,3.0,0.1339043226509004,1.0,3.286474977559426e-28,0.06825687766414551,0.6672220045009928,0.0,1.0,6.0,3.0,6.0,3.0,0.8784341128746307,1.0
97.0,0.6,-0.17103210752856257,0.0016515142452854237,8.365440122914958e-5,-0.000567686125886083,-0.0006987769763377023,0.0036845006293045324,-0.05695459957536808,4.7220829313350667e-17,0.13873200024490623,0.19399586130841004,1.0,1.0,6.0,3.0,0.14411949629643775,1.0,3.9271305707834357e-28,0.06876526593461131,0.6721915819632676,1.0,1.0,6.0,3.0,6.0,3.0,0.8849768322993293,1.0
97.0,0.65,-0.17103210752856257,0.0016515142452854237,8.365440122914958e-5,-0.000567686125886083,-0.0006987769763377023,0.0036845006293045324,-0.05695459957536808,4.679907447043297e-16,0.1526444319050886,0.213450306988188,1.0,1.0,6.0,3.0,0.1585722010767663,1.0,6.574998192037532e-28,0.07025786892639592,0.6867820173037615,1.0,1.0,6.0,3.0,6.0,3.0,0.9041859351741163,1.0
97.0,0.7,-0.17103210752856257,0.0016515142452854237,8.365440122914958e-5,-0.000567686125886083,-0.0006987769763377023,0.0036845006293045324,-0.05695459957536808,7.034624183241472e-15,0.17089241420118245,0.23896736892358908,1.0,1.0,6.0,3.0,0.17752882256493605,1.0,7.48591955441683e-28,0.07063872782088583,0.6905049745164243,1.0,1.0,6.0,3.0,6.0,3.0,0.9090874111361119,1.0
97.0,0.75,-0.17103210752856257,0.0016515142452854237,8.365440122914958e-5,-0.000567686125886083,-0.0006987769763377023,0.0036845006293045324,-0.05695459957536808,1.177025534400417e-13,0.19217806935955759,0.26873216002206096,1.0,1.0,6.0,3.0,0.19964108141184428,1.0,1.3767834528174661e-27,0.07245506035591415,0.7082599184332123,1.0,1.0,6.0,3.0,6.0,3.0,0.9324627619241109,1.0
97.0,0.8,-0.17103210752856257,0.0016515142452854237,8.365440122914958e-5,-0.000567686125886083,-0.0006987769763377023,0.0036845006293045324,-0.05695459957536808,7.698436516810535e-12,0.22874653267536535,0.3198676624667149,1.0,1.0,6.0,3.0,0.237629638515507,1.0,1.974916490923691e-27,0.07355245703462845,0.7189871482269232,1.0,1.0,6.0,3.0,6.0,3.0,0.9465857442656305,1.0
97.0,0.85,-0.17103210752856257,0.0016515142452854237,8.365440122914958e-5,-0.000567686125886083,-0.0006987769763377023,0.0036845006293045324,-0.05695459957536808,1.971378167067662e-10,0.2618403031926802,0.3661443290188866,1.0,1.0,6.0,3.0,0.2720085671627239,1.0,3.295779752259658e-27,0.07513879832237323,0.7344938905517006,1.0,1.0,6.0,3.0,6.0,3.0,0.967001215196971,1.0
97.0,0.9,-0.17103210752856257,0.0016515142452854237,8.365440122914958e-5,-0.000567686125886083,-0.0006987769763377023,0.0036845006293045324,-0.05695459957536808,1.1253881088142106e-8,0.3099026888115409,0.43335235512827874,1.0,1.0,6.0,3.0,0.321937399688511,1.0,5.801989267837934e-27,0.07693046533058871,0.7520077249597426,1.0,1.0,6.0,3.0,6.0,3.0,0.9900591321833386,1.0
97.0,0.95,-0.17103210752856257,0.0016515142452854237,8.365440122914958e-5,-0.000567686125886083,-0.0006987769763377023,0.0036845006293045324,-0.05695459957536808,6.161700785278353e-7,0.3661496354881526,0.5120052603501086,1.0,1.0,6.0,3.0,0.3803686311919543,1.0,2.4250574137848127e-26,0.08165436492110868,0.7981846064947709,1.0,1.0,6.0,3.0,6.0,3.0,1.0508535120043048,1.0
98.0,0.4,-0.35085218647244454,-0.05089523424034886,-0.05544668532824859,-0.0015143771836242609,0.0011652961769131887,0.15873377103185815,-0.15391485237631386,3.1172000163386446e-19,0.1425209743135015,0.19001945814588425,0.0,0.0,4.0,1.0,0.15506674150362043,0.0,1.355588763760807e-26,0.08271141832308833,0.9187569169823584,0.0,1.0,6.0,3.0,6.0,3.0,1.318082758701804,1.0
98.0,0.45,-0.35085218647244454,-0.05089523424034886,-0.05544668532824859,-0.0015143771836242609,0.0011652961769131887,0.15873377103185815,-0.15391485237631386,2.520310689247354e-17,0.17114564065577906,0.2281839712231081,0.0,0.0,4.0,1.0,0.18621116608888547,0.0,2.747161332460077e-26,0.0851818320882271,0.9461982277535473,0.0,1.0,6.0,3.0,6.0,3.0,1.3574510811983374,1.0
98.0,0.5,-0.35085218647244454,-0.05089523424034886,-0.05544668532824859,-0.0015143771836242609,0.0011652961769131887,0.15873377103185815,-0.15391485237631386,2.5800664380310985e-16,0.18856302721746304,0.2514061135969626,0.0,0.0,4.0,1.0,0.20516176190566843,0.0,3.7113713608079665e-26,0.08625628251479715,0.9581332033757745,0.0,1.0,6.0,3.0,6.0,3.0,1.3745734400099074,1.0
98.0,0.55,-0.35085218647244454,-0.05089523424034886,-0.05544668532824859,-0.0015143771836242609,0.0011652961769131887,0.15873377103185815,-0.15391485237631386,1.9294285601671262e-15,0.20505236564913684,0.27339091386277126,0.0,0.0,4.0,1.0,0.22310261582184782,0.0,7.042659534462438e-26,0.08858955061480366,0.9840511026152903,0.0,1.0,6.0,3.0,6.0,3.0,1.411756219805003,1.0
98.0,0.6,-0.35085218647244454,-0.05089523424034886,-0.05544668532824859,-0.0015143771836242609,0.0011652961769131887,0.15873377103185815,-0.15391485237631386,1.1145517551248037e-14,0.2205977599363782,0.29411717828352935,0.0,0.0,4.0,1.0,0.24001643253635468,0.0,1.3120703368729194e-25,0.09091628533382305,1.0098964291786887,0.0,1.0,6.0,3.0,6.0,3.0,1.4488348841465175,1.0
98.0,0.65,-0.35085218647244454,-0.05089523424034886,-0.05544668532824859,-0.0015143771836242609,0.0011652961769131887,0.15873377103185815,-0.15391485237631386,6.048227987973316e-14,0.23670445280159183,0.3155918073022572,0.0,0.0,4.0,1.0,0.2575409575477704,0.0,1.8598351514392972e-25,0.09224756373782925,1.0246842452614955,0.0,1.0,6.0,3.0,6.0,3.0,1.4700500337223381,1.0
98.0,0.7,-0.35085218647244454,-0.05089523424034886,-0.05544668532824859,-0.0015143771836242609,0.0011652961769131887,0.15873377103185815,-0.15391485237631386,1.6633577084625748e-11,0.2991206002854069,0.3988096114293832,0.0,0.0,4.0,1.0,0.325451443384294,1.0,2.806042724588241e-25,0.0938420308967588,1.0423955572044903,0.0,1.0,6.0,3.0,6.0,3.0,1.495459338919983,1.0
98.0,0.75,-0.35085218647244454,-0.05089523424034886,-0.05544668532824859,-0.0015143771836242609,0.0011652961769131887,0.15873377103185815,-0.15391485237631386,4.9921177655464426e-11,0.3131365691680546,0.4174967332744238,0.0,0.0,4.0,1.0,0.3407012031766142,1.0,4.269174514614319e-25,0.09549730872317017,1.060782352926,0.0,1.0,6.0,3.0,6.0,3.0,1.5218377182065244,1.0
98.0,0.8,-0.35085218647244454,-0.05089523424034886,-0.05544668532824859,-0.0015143771836242609,0.0011652961769131887,0.15873377103185815,-0.15391485237631386,2.5091491177799498e-9,0.3686539212748256,0.49151655538016903,1.0,1.0,6.0,3.0,0.40110560982324045,1.0,5.757490442510297e-25,0.09669481514771787,1.074084232315691,0.0,1.0,6.0,3.0,6.0,3.0,1.5409210878746067,1.0
98.0,0.85,-0.35085218647244454,-0.05089523424034886,-0.05544668532824859,-0.0015143771836242609,0.0011652961769131887,0.15873377103185815,-0.15391485237631386,1.5151835021785155e-7,0.43734547700647164,0.5831011959020145,1.0,1.0,6.0,3.0,0.4758439125006424,1.0,1.183940324884243e-24,0.09964347815819884,1.1068379269282909,1.0,1.0,6.0,3.0,6.0,3.0,1.5879107533178352,1.0
98.0,0.9,-0.35085218647244454,-0.05089523424034886,-0.05544668532824859,-0.0015143771836242609,0.0011652961769131887,0.15873377103185815,-0.15391485237631386,1.3236171675846965e-5,0.5268803732724038,0.7024757129199537,1.0,1.0,6.0,3.0,0.5732603431818035,1.0,2.3305782418240407e-24,0.1024954193698285,1.1385172375740906,1.0,1.0,6.0,3.0,6.0,3.0,1.6333590676629748,1.0
98.0,0.95,-0.35085218647244454,-0.05089523424034886,-0.05544668532824859,-0.0015143771836242609,0.0011652961769131887,0.15873377103185815,-0.15391485237631386,0.0002536859249601726,0.5958691989644294,0.7944566956438257,1.0,1.0,6.0,3.0,0.648322083755452,1.0,6.91422925412728e-24,0.10724641749151417,1.1912912375291904,1.0,1.0,6.0,3.0,6.0,3.0,1.7090706058977219,1.0
99.0,0.4,-0.26748344742237884,0.10252174750223383,0.09903769534618179,-0.001327171783417269,0.0009521429279080172,0.11856206881360432,-0.023135685576671672,9.518644172120145e-22,0.11461328487833139,0.16112699112492437,0.0,0.0,2.0,0.0,0.13774514190047407,1.0,7.508594206133846e-28,0.0772264244321697,0.8383197324630071,0.0,1.0,4.0,2.0,6.0,3.0,1.2148244689443648,1.0
99.0,0.45,-0.26748344742237884,0.10252174750223383,0.09903769534618179,-0.001327171783417269,0.0009521429279080172,0.11856206881360432,-0.023135685576671672,2.8821929446745685e-20,0.13211418746532372,0.18573031506600085,0.0,0.0,2.0,0.0,0.15877816885533957,1.0,1.0358007183984165e-27,0.07826858693868684,0.8496327694198557,0.0,1.0,4.0,2.0,6.0,3.0,1.2312183978727376,1.0
99.0,0.5,-0.26748344742237884,0.10252174750223383,0.09903769534618179,-0.001327171783417269,0.0009521429279080172,0.11856206881360432,-0.023135685576671672,2.724913648047722e-19,0.14507771118185342,0.20395484787682103,0.0,0.0,2.0,0.0,0.17435805922982045,1.0,1.5425168707071555e-27,0.07957816086404784,0.8638486504582616,0.0,1.0,4.0,2.0,6.0,3.0,1.2518188912934505,1.0
99.0,0.55,-0.26748344742237884,0.10252174750223383,0.09903769534618179,-0.001327171783417269,0.0009521429279080172,0.11856206881360432,-0.023135685576671672,1.351420234879686e-17,0.17070409194320366,0.2399812267549877,0.0,0.0,4.0,1.0,0.2051564911752531,1.0,2.70101379490848e-27,0.08145753578981801,0.8842499197977888,0.0,1.0,4.0,2.0,6.0,3.0,1.2813827441188714,1.0
99.0,0.6,-0.26748344742237884,0.10252174750223383,0.09903769534618179,-0.001327171783417269,0.0009521429279080172,0.11856206881360432,-0.023135685576671672,9.776007952950151e-17,0.18537495647640365,0.2606059934384072,0.0,0.0,4.0,1.0,0.22278830688556533,1.0,4.3326004801015915e-27,0.08307726257705385,0.9018326181671967,0.0,1.0,4.0,2.0,6.0,3.0,1.306862154160274,1.0
99.0,0.65,-0.26748344742237884,0.10252174750223383,0.09903769534618179,-0.001327171783417269,0.0009521429279080172,0.11856206881360432,-0.023135685576671672,1.2130592020492437e-14,0.2266153971241649,0.31858311294330394,0.0,0.0,5.0,2.0,0.2723521105501607,1.0,7.037548552051644e-27,0.08477351866544185,0.9202460687530796,0.0,1.0,4.0,2.0,6.0,3.0,1.3335454224446874,1.0
99.0,0.7,-0.26748344742237884,0.10252174750223383,0.09903769534618179,-0.001327171783417269,0.0009521429279080172,0.11856206881360432,-0.023135685576671672,1.1902689722203816e-13,0.24923720786897505,0.350385571994871,0.0,0.0,5.0,2.0,0.29953957432800626,1.0,1.2219406602205615e-26,0.08674505751625493,0.9416478095964063,0.0,1.0,4.0,2.0,6.0,3.0,1.3645590768389282,1.0
99.0,0.75,-0.26748344742237884,0.10252174750223383,0.09903769534618179,-0.001327171783417269,0.0009521429279080172,0.11856206881360432,-0.023135685576671672,1.5697755784828085e-12,0.2775157034080313,0.3901403779458972,0.0,0.0,5.0,2.0,0.333525384828894,1.0,1.9133998099775754e-26,0.08838113131522626,0.9594079604712932,1.0,1.0,4.0,2.0,6.0,3.0,1.390295636554118,1.0
99.0,0.8,-0.26748344742237884,0.10252174750223383,0.09903769534618179,-0.001327171783417269,0.0009521429279080172,0.11856206881360432,-0.023135685576671672,6.842745799172047e-12,0.29507263249098564,0.41482246571201564,1.0,1.0,6.0,3.0,0.354625745842326,1.0,3.2185403676858165e-26,0.09031712568130368,0.980423853553918,1.0,1.0,4.0,2.0,6.0,3.0,1.4207501518957548,1.0
99.0,0.85,-0.26748344742237884,0.10252174750223383,0.09903769534618179,-0.001327171783417269,0.0009521429279080172,0.11856206881360432,-0.023135685576671672,1.0932782239894029e-9,0.3645368558038679,0.5124774740744065,1.0,1.0,6.0,3.0,0.438109604693388,1.0,6.780882822282239e-26,0.09316538388252711,1.0113426882765126,1.0,1.0,4.0,2.0,6.0,3.0,1.4655552012316437,1.0
99.0,0.9,-0.26748344742237884,0.10252174750223383,0.09903769534618179,-0.001327171783417269,0.0009521429279080172,0.11856206881360432,-0.023135685576671672,3.8921206992776633e-8,0.42304388986615143,0.5947285182540283,1.0,1.0,6.0,3.0,0.5084248366286761,1.0,1.6030514215258915e-25,0.09656590056488508,1.048256481144059,1.0,1.0,4.0,2.0,6.0,3.0,1.5190476541472955,1.0
99.0,0.95,-0.26748344742237884,0.10252174750223383,0.09903769534618179,-0.001327171783417269,0.0009521429279080172,0.11856206881360432,-0.023135685576671672,1.5945613769809192e-6,0.49382269962079695,0.6942316139316007,1.0,1.0,6.0,3.0,0.5934885986833969,1.0,5.219809317355792e-25,0.101434710584196,1.1011091095392391,1.0,1.0,5.0,2.0,6.0,3.0,1.5956373653710163,1.0
100.0,0.4,-0.18974523302900526,0.03236611897302866,0.03114366998514473,-9.053796744508196e-5,-0.00033126066337460286,0.20851639840674407,-0.04248563101957181,5.320660427407782e-22,0.09356167959601738,0.13248877516233665,0.0,0.0,4.0,1.0,0.10202679658734021,1.0,6.466578803954072e-28,0.07020623482386291,0.6745321811212999,0.0,1.0,6.0,3.0,6.0,3.0,0.9352939689601186,1.0
100.0,0.45,-0.18974523302900526,0.03236611897302866,0.03114366998514473,-9.053796744508196e-5,-0.00033126066337460286,0.20851639840674407,-0.04248563101957181,2.7192782463499867e-21,0.10014248113604056,0.1418075725523441,0.0,0.0,4.0,1.0,0.10920300487052473,1.0,1.1699487172083492e-27,0.0719622156074117,0.6914034113034326,1.0,1.0,6.0,3.0,6.0,3.0,0.9586873077509467,1.0
100.0,0.5,-0.18974523302900526,0.03236611897302866,0.03114366998514473,-9.053796744508196e-5,-0.00033126066337460286,0.20851639840674407,-0.04248563101957181,2.1954812134782762e-19,0.12024855063758981,0.1702789353270508,0.0,0.0,4.0,1.0,0.1311281976638018,1.0,2.0408250310712468e-27,0.07365001092417614,0.707619524575419,1.0,1.0,6.0,3.0,6.0,3.0,0.9811722734319778,1.0
100.0,0.55,-0.18974523302900526,0.03236611897302866,0.03114366998514473,-9.053796744508196e-5,-0.00033126066337460286,0.20851639840674407,-0.04248563101957181,5.226442434008394e-18,0.1372275687624726,0.1943222116399377,0.0,0.0,5.0,2.0,0.14964341496173836,1.0,2.9679500118818356e-27,0.07480832532865761,0.71874845555483,1.0,1.0,6.0,3.0,6.0,3.0,0.9966034453127808,1.0
100.0,0.6,-0.18974523302900526,0.03236611897302866,0.03114366998514473,-9.053796744508196e-5,-0.00033126066337460286,0.20851639840674407,-0.04248563101957181,3.4574662541277533e-16,0.1634171729828431,0.2314082130897337,0.0,0.0,5.0,2.0,0.17820255834214885,1.0,4.916474656070426e-27,0.07639820420326099,0.7340238006533879,1.0,1.0,6.0,3.0,6.0,3.0,1.017783959073765,1.0
100.0,0.65,-0.18974523302900526,0.03236611897302866,0.03114366998514473,-9.053796744508196e-5,-0.00033126066337460286,0.20851639840674407,-0.04248563101957181,1.2711980943895793e-14,0.18990001396110198,0.2689094548286412,0.0,0.0,5.0,2.0,0.20708146946484646,1.0,8.093220790565921e-27,0.07800144225864922,0.7494274989868885,1.0,1.0,6.0,3.0,6.0,3.0,1.039142445079658,1.0
100.0,0.7,-0.18974523302900526,0.03236611897302866,0.03114366998514473,-9.053796744508196e-5,-0.00033126066337460286,0.20851639840674407,-0.04248563101957181,1.4336173030741938e-13,0.210071674234315,0.297473697947493,0.0,0.0,5.0,2.0,0.22907818744180375,1.0,1.070225530811625e-26,0.07891490648519763,0.7582039419717009,1.0,1.0,6.0,3.0,6.0,3.0,1.0513117001906183,1.0
100.0,0.75,-0.18974523302900526,0.03236611897302866,0.03114366998514473,-9.053796744508196e-5,-0.00033126066337460286,0.20851639840674407,-0.04248563101957181,1.309829123566522e-11,0.2535518140381609,0.35904410253377317,0.0,0.0,5.0,2.0,0.2764922505337722,1.0,1.8424038112286065e-26,0.08072138584842786,0.7755603558014329,1.0,1.0,6.0,3.0,6.0,3.0,1.0753777857415538,1.0
100.0,0.8,-0.18974523302900526,0.03236611897302866,0.03114366998514473,-9.053796744508196e-5,-0.00033126066337460286,0.20851639840674407,-0.04248563101957181,7.100596754033786e-11,0.27205292357715977,0.3852427487375392,0.0,0.0,5.0,2.0,0.29666727248427466,1.0,2.4205411493308163e-26,0.08164456159070964,0.7844301057397666,1.0,1.0,6.0,3.0,6.0,3.0,1.0876764185654426,1.0
100.0,0.85,-0.18974523302900526,0.03236611897302866,0.03114366998514473,-9.053796744508196e-5,-0.00033126066337460286,0.20851639840674407,-0.04248563101957181,1.0020276249758887e-9,0.30377551506254075,0.43016378167560326,0.0,0.0,5.0,2.0,0.3312600074872921,1.0,4.9159430552104435e-26,0.08409067918828433,0.8079320787840529,1.0,1.0,6.0,3.0,6.0,3.0,1.1202638239735052,1.0
100.0,0.9,-0.18974523302900526,0.03236611897302866,0.03114366998514473,-9.053796744508196e-5,-0.00033126066337460286,0.20851639840674407,-0.04248563101957181,1.2071851076598696e-7,0.3708998774499271,0.5252157794022047,0.0,0.0,5.0,2.0,0.40445753554496827,1.0,9.527057925472426e-26,0.08644121421333034,0.8305157071644114,1.0,1.0,6.0,3.0,6.0,3.0,1.15157786948913,1.0
100.0,0.95,-0.18974523302900526,0.03236611897302866,0.03114366998514473,-9.053796744508196e-5,-0.00033126066337460286,0.20851639840674407,-0.04248563101957181,6.695848197484778e-7,0.3983437540591932,0.5640779034402467,1.0,1.0,6.0,3.0,0.4343844332713837,1.0,2.185207921212679e-25,0.08948352977994088,0.8597458711228346,1.0,1.0,6.0,3.0,6.0,3.0,1.1921078795126434,1.0
101.0,0.4,-0.25734450229663963,0.05137431124203362,0.05057712827936239,-0.0002759202950645222,0.00021954169878050583,0.04420448755130002,-0.0520630819126382,8.623772407274204e-23,0.08796757993187822,0.12581704320064752,0.0,0.0,3.0,1.0,0.09716307536330392,0.0,8.550188491081203e-30,0.0630966534957122,0.6334786084038614,1.0,1.0,6.0,3.0,6.0,3.0,0.8647157433180556,1.0
101.0,0.45,-0.25734450229663963,0.05137431124203362,0.05057712827936239,-0.0002759202950645222,0.00021954169878050583,0.04420448755130002,-0.0520630819126382,3.637079100817356e-22,0.09340424660714565,0.13359292297907668,0.0,0.0,3.0,1.0,0.1031680519046984,0.0,1.2203062908411322e-29,0.06403885244482381,0.6429381097570254,1.0,1.0,6.0,3.0,6.0,3.0,0.8776282231326927,1.0
101.0,0.5,-0.25734450229663963,0.05137431124203362,0.05057712827936239,-0.0002759202950645222,0.00021954169878050583,0.04420448755130002,-0.0520630819126382,6.789339278132721e-21,0.10551836916291042,0.15091934121312273,0.0,0.0,3.0,1.0,0.11654849733422566,1.0,1.6565334663129347e-29,0.06485956242891318,0.6511778846075159,1.0,1.0,6.0,3.0,6.0,3.0,0.8888757426859855,1.0
101.0,0.55,-0.25734450229663963,0.05137431124203362,0.05057712827936239,-0.0002759202950645222,0.00021954169878050583,0.04420448755130002,-0.0520630819126382,8.432412069945264e-19,0.12899808106448732,0.1845015760426717,0.0,0.0,5.0,2.0,0.14248260872808527,1.0,2.3992265227619066e-29,0.06586837879757643,0.661306212402258,1.0,1.0,6.0,3.0,6.0,3.0,0.9027011890095276,1.0
101.0,0.6,-0.25734450229663963,0.05137431124203362,0.05057712827936239,-0.0002759202950645222,0.00021954169878050583,0.04420448755130002,-0.0520630819126382,1.9504279162292013e-17,0.14703610963356484,0.21030075593926134,0.0,0.0,5.0,2.0,0.16240620251820595,1.0,3.685660915685579e-29,0.067057209912578,0.6732418546056846,1.0,1.0,6.0,3.0,6.0,3.0,0.9189936692653629,1.0
101.0,0.65,-0.25734450229663963,0.05137431124203362,0.05057712827936239,-0.0002759202950645222,0.00021954169878050583,0.04420448755130002,-0.0520630819126382,1.7904316241428705e-16,0.1612656345819307,0.2306527624005013,0.0,0.0,5.0,2.0,0.17812317922727025,1.0,6.610200441899055e-29,0.06870941986656914,0.6898297337475863,1.0,1.0,6.0,3.0,6.0,3.0,0.9416365810416597,1.0
101.0,0.7,-0.25734450229663963,0.05137431124203362,0.05057712827936239,-0.0002759202950645222,0.00021954169878050583,0.04420448755130002,-0.0520630819126382,2.570223841808216e-15,0.18019830996674838,0.25773152526563986,1.0,1.0,6.0,3.0,0.19903493974936895,1.0,9.622386595549713e-29,0.06979282681278429,0.7007069370000547,1.0,1.0,6.0,3.0,6.0,3.0,0.9564842629852989,1.0
101.0,0.75,-0.25734450229663963,0.05137431124203362,0.05057712827936239,-0.0002759202950645222,0.00021954169878050583,0.04420448755130002,-0.0520630819126382,1.9248235641530096e-14,0.19596787318936357,0.2802861961884001,1.0,1.0,6.0,3.0,0.21645293921044195,1.0,1.2430434798084866e-28,0.0705414315379513,0.7082227885273561,1.0,1.0,6.0,3.0,6.0,3.0,0.9667436072691952,1.0
101.0,0.8,-0.25734450229663963,0.05137431124203362,0.05057712827936239,-0.0002759202950645222,0.00021954169878050583,0.04420448755130002,-0.0520630819126382,7.730455869547962e-13,0.2285653905858273,0.3269093186805817,1.0,1.0,6.0,3.0,0.25245796562928785,1.0,1.729495176353189e-28,0.07151887021376,0.7180360901502937,1.0,1.0,6.0,3.0,6.0,3.0,0.9801390341939712,1.0
101.0,0.85,-0.25734450229663963,0.05137431124203362,0.05057712827936239,-0.0002759202950645222,0.00021954169878050583,0.04420448755130002,-0.0520630819126382,1.5073856534919778e-11,0.25867905939222124,0.3699798768575612,1.0,1.0,6.0,3.0,0.2857194998668679,1.0,4.555728754490274e-28,0.07446415225287704,0.7476061713531511,1.0,1.0,6.0,3.0,6.0,3.0,1.0205030092486782,1.0
101.0,0.9,-0.25734450229663963,0.05137431124203362,0.05057712827936239,-0.0002759202950645222,0.00021954169878050583,0.04420448755130002,-0.0520630819126382,3.510065360510218e-10,0.2949330152413438,0.4218326791376254,1.0,1.0,6.0,3.0,0.32576318240438956,1.0,1.0175455177231434e-27,0.07699964963547773,0.7730620911928723,1.0,1.0,6.0,3.0,6.0,3.0,1.0552510407591842,1.0
101.0,0.95,-0.25734450229663963,0.05137431124203362,0.05057712827936239,-0.0002759202950645222,0.00021954169878050583,0.04420448755130002,-0.0520630819126382,2.1099569148204506e-7,0.38504662714413773,0.5507191190114993,1.0,1.0,6.0,3.0,0.42529662042043004,1.0,2.1311664546747623e-27,0.07940839094098258,0.7972454037091186,1.0,1.0,6.0,3.0,6.0,3.0,1.088261928231879,1.0
103.0,0.4,-0.15896031321193105,0.03734614885391252,0.038654400037562986,-0.0003410222884509972,0.0001446853548171948,0.07486838235709853,-0.027216837712268238,1.2712897261272178e-21,0.09293030861353234,0.12975645045169315,0.0,0.0,4.0,1.0,0.0947015086056098,1.0,2.099975872317882e-29,0.06378483243398632,0.6408417502479042,1.0,1.0,6.0,3.0,6.0,3.0,0.8557280473825281,1.0
103.0,0.45,-0.15896031321193105,0.03734614885391252,0.038654400037562986,-0.0003410222884509972,0.0001446853548171948,0.07486838235709853,-0.027216837712268238,1.7643057855191962e-18,0.1256283823939504,0.17541201808785623,0.0,0.0,5.0,2.0,0.1280227894848193,1.0,2.581985355703059e-29,0.06433637149947903,0.6463830246633578,1.0,1.0,6.0,3.0,6.0,3.0,0.8631274153758156,1.0
103.0,0.5,-0.15896031321193105,0.03734614885391252,0.038654400037562986,-0.0003410222884509972,0.0001446853548171948,0.07486838235709853,-0.027216837712268238,5.859742605171658e-18,0.13207140445310706,0.18440826145615147,0.0,0.0,5.0,2.0,0.13458861196065794,1.0,4.313165993723288e-29,0.06572667512240815,0.6603513079227987,1.0,1.0,6.0,3.0,6.0,3.0,0.8817795268436837,1.0
103.0,0.55,-0.15896031321193105,0.03734614885391252,0.038654400037562986,-0.0003410222884509972,0.0001446853548171948,0.07486838235709853,-0.027216837712268238,3.239487740071725e-17,0.1418242093835758,0.19802587844899033,1.0,1.0,6.0,3.0,0.14452729992835425,1.0,6.573942391582468e-29,0.06689103284625908,0.6720495285372299,1.0,1.0,6.0,3.0,6.0,3.0,0.8974003809474697,1.0
103.0,0.6,-0.15896031321193105,0.03734614885391252,0.038654400037562986,-0.0003410222884509972,0.0001446853548171948,0.07486838235709853,-0.027216837712268238,2.017860145889226e-15,0.1684680896929032,0.2352281151226631,1.0,1.0,6.0,3.0,0.1716789977764036,1.0,1.0055063064887572e-28,0.06808600560214596,0.6840553362372603,1.0,1.0,6.0,3.0,6.0,3.0,0.9134319618743095,1.0
103.0,0.65,-0.15896031321193105,0.03734614885391252,0.038654400037562986,-0.0003410222884509972,0.0001446853548171948,0.07486838235709853,-0.027216837712268238,1.0157393965865727e-13,0.1983488953250547,0.2769499961032709,1.0,1.0,6.0,3.0,0.20212931494347355,1.0,1.215355551413572e-28,0.06862585934279854,0.6894792090113361,1.0,1.0,6.0,3.0,6.0,3.0,0.9206745612468,1.0
103.0,0.7,-0.15896031321193105,0.03734614885391252,0.038654400037562986,-0.0003410222884509972,0.0001446853548171948,0.07486838235709853,-0.027216837712268238,1.3401340628127284e-12,0.22085727051944737,0.30837792219361887,1.0,1.0,6.0,3.0,0.2250666872493659,1.0,1.8547185768960118e-28,0.06984522817816576,0.7017301224156034,1.0,1.0,6.0,3.0,6.0,3.0,0.9370334364324922,1.0
103.0,0.75,-0.15896031321193105,0.03734614885391252,0.038654400037562986,-0.0003410222884509972,0.0001446853548171948,0.07486838235709853,-0.027216837712268238,5.390356435941217e-12,0.23404421928082034,0.32679055515580996,1.0,1.0,6.0,3.0,0.23850497191922926,1.0,2.598319680341523e-28,0.07083327910725573,0.7116570009942594,1.0,1.0,6.0,3.0,6.0,3.0,0.9502889841857884,1.0
103.0,0.8,-0.15896031321193105,0.03734614885391252,0.038654400037562986,-0.0003410222884509972,0.0001446853548171948,0.07486838235709853,-0.027216837712268238,7.7691556306926e-12,0.2376362914929023,0.3318060828879329,1.0,1.0,6.0,3.0,0.2421655070296756,1.0,3.794563481930019e-28,0.07195984715129725,0.7229755513387178,1.0,1.0,6.0,3.0,6.0,3.0,0.9654028574340867,1.0
103.0,0.85,-0.15896031321193105,0.03734614885391252,0.038654400037562986,-0.0003410222884509972,0.0001446853548171948,0.07486838235709853,-0.027216837712268238,4.719087727810915e-10,0.281984092423348,0.3937278963406753,1.0,1.0,6.0,3.0,0.2873585523785308,1.0,6.832898079409843e-28,0.07374518942841674,0.7409127603271544,1.0,1.0,6.0,3.0,6.0,3.0,0.9893547501084156,1.0
103.0,0.9,-0.15896031321193105,0.03734614885391252,0.038654400037562986,-0.0003410222884509972,0.0001446853548171948,0.07486838235709853,-0.027216837712268238,7.135325240671021e-9,0.3157713793970529,0.44090430728247937,1.0,1.0,6.0,3.0,0.3217898062486442,1.0,1.2630941330382928e-27,0.07565744041599826,0.7601250122533989,1.0,1.0,6.0,3.0,6.0,3.0,1.0150092316092023,1.0
103.0,0.95,-0.15896031321193105,0.03734614885391252,0.038654400037562986,-0.0003410222884509972,0.0001446853548171948,0.07486838235709853,-0.027216837712268238,3.6896051646642823e-7,0.37219570102138694,0.5196882885513436,1.0,1.0,6.0,3.0,0.37928954405855897,1.0,3.0463684507516123e-27,0.07848429426994263,0.7885262152091581,1.0,1.0,6.0,3.0,6.0,3.0,1.052933892321842,1.0
104.0,0.4,-0.3569944798224458,-0.020111178042306443,-0.02150235610485518,-0.0004319719151621035,-0.001411821949379323,0.1964910203901235,-0.13333273067738538,3.94189743606264e-21,0.10762539856948036,0.14708303147384363,0.0,0.0,4.0,1.0,0.11329742529911159,0.0,1.5216180879007458e-27,0.07373041150606562,0.7365710127312448,1.0,1.0,6.0,3.0,6.0,3.0,1.0427955985341353,1.0
104.0,0.45,-0.3569944798224458,-0.020111178042306443,-0.02150235610485518,-0.0004319719151621035,-0.001411821949379323,0.1964910203901235,-0.13333273067738538,2.5651585000254708e-20,0.11636082980145852,0.15902104725736876,0.0,0.0,4.0,1.0,0.12249322741102338,0.0,2.242401334637612e-27,0.07493136507683743,0.7485686073437994,1.0,1.0,6.0,3.0,6.0,3.0,1.0597811147148177,1.0
104.0,0.5,-0.3569944798224458,-0.020111178042306443,-0.02150235610485518,-0.0004319719151621035,-0.001411821949379323,0.1964910203901235,-0.13333273067738538,2.8894122323823083e-19,0.12871449207350616,0.17590381025688318,0.0,0.0,4.0,1.0,0.13549794699433057,0.0,3.311351738183823e-27,0.07615834129201969,0.7608261696570059,1.0,1.0,6.0,3.0,6.0,3.0,1.077134678469076,1.0
104.0,0.55,-0.3569944798224458,-0.020111178042306443,-0.02150235610485518,-0.0004319719151621035,-0.001411821949379323,0.1964910203901235,-0.13333273067738538,5.108632654210009e-17,0.1596882932744679,0.21823322912509371,0.0,0.0,4.0,1.0,0.1681041159325112,0.0,4.3359797449159324e-27,0.07701864795508655,0.7694206822486309,1.0,1.0,6.0,3.0,6.0,3.0,1.0893023035142966,1.0
104.0,0.6,-0.3569944798224458,-0.020111178042306443,-0.02150235610485518,-0.0004319719151621035,-0.001411821949379323,0.1964910203901235,-0.13333273067738538,8.525669426591565e-15,0.19763964789600938,0.27009831265062945,0.0,0.0,4.0,1.0,0.20805556626287483,0.0,6.0919151969705625e-27,0.07811755926989429,0.7803988689088693,1.0,1.0,6.0,3.0,6.0,3.0,1.1048445995472789,1.0
104.0,0.65,-0.3569944798224458,-0.020111178042306443,-0.02150235610485518,-0.0004319719151621035,-0.001411821949379323,0.1964910203901235,-0.13333273067738538,1.0932274572155584e-12,0.24193943191102038,0.3306392873013104,0.0,0.0,4.0,1.0,0.2546900181387237,0.0,1.0389825469165796e-26,0.07987470472906223,0.7979528521830432,1.0,1.0,6.0,3.0,6.0,3.0,1.129696536670319,1.0
104.0,0.7,-0.3569944798224458,-0.020111178042306443,-0.02150235610485518,-0.0004319719151621035,-0.001411821949379323,0.1964910203901235,-0.13333273067738538,5.9471920197674854e-12,0.2596311016723914,0.35481707855619427,0.0,0.0,4.0,1.0,0.2733140665496709,1.0,1.8219893902732375e-26,0.08176610910183499,0.8168480896553435,1.0,1.0,6.0,3.0,6.0,3.0,1.1564473456606275,1.0
104.0,0.75,-0.3569944798224458,-0.020111178042306443,-0.02150235610485518,-0.0004319719151621035,-0.001411821949379323,0.1964910203901235,-0.13333273067738538,1.1579240141838074e-11,0.26694003945076133,0.3648056197331391,0.0,0.0,4.0,1.0,0.28100819677327354,1.0,3.4117204307302733e-26,0.08393140278135222,0.8384794969105626,1.0,1.0,6.0,3.0,6.0,3.0,1.1870718691430258,1.0
104.0,0.8,-0.3569944798224458,-0.020111178042306443,-0.02150235610485518,-0.0004319719151621035,-0.001411821949379323,0.1964910203901235,-0.13333273067738538,1.4882460960309767e-10,0.2969079541263537,0.4057603738713091,0.0,0.0,5.0,2.0,0.31255546739393625,1.0,5.183364557788687e-26,0.08540685798623703,0.8532193784913426,1.0,1.0,6.0,3.0,6.0,3.0,1.2079397601809259,1.0
104.0,0.85,-0.3569944798224458,-0.020111178042306443,-0.02150235610485518,-0.0004319719151621035,-0.001411821949379323,0.1964910203901235,-0.13333273067738538,4.061320875780329e-10,0.3095909014614825,0.4230931444521265,0.0,0.0,5.0,2.0,0.3259068258778415,1.0,8.604152413290696e-26,0.08722950858196005,0.8714277618127413,1.0,1.0,6.0,3.0,6.0,3.0,1.233718159894988,1.0
104.0,0.9,-0.3569944798224458,-0.020111178042306443,-0.02150235610485518,-0.0004319719151621035,-0.001411821949379323,0.1964910203901235,-0.13333273067738538,2.6536555742098206e-8,0.3684856453075111,0.5035798843656344,0.0,0.0,5.0,2.0,0.3879054147806093,1.0,1.404259129260186e-25,0.0890281927804751,0.8893967194602231,1.0,1.0,6.0,3.0,6.0,3.0,1.259157594275604,1.0
104.0,0.95,-0.3569944798224458,-0.020111178042306443,-0.02150235610485518,-0.0004319719151621035,-0.001411821949379323,0.1964910203901235,-0.13333273067738538,6.396064749143591e-6,0.4630985486618899,0.6328797785065143,1.0,1.0,6.0,3.0,0.4875045660274649,1.0,3.591938983699682e-25,0.09258116216694919,0.9248910861094995,1.0,1.0,6.0,3.0,6.0,3.0,1.3094085119398415,1.0
105.0,0.4,-0.4961023545931953,0.06166657833243688,0.05995665409386558,-0.0004715617569846584,-0.00020342531549547715,0.14508421441250907,-0.125396015468488,1.9435650566214872e-21,0.09884826293461454,0.14136114200141336,0.0,0.0,2.0,0.0,0.11707454225961526,0.0,1.2444463294954599e-29,0.06155921705478151,0.5841784321536493,0.0,0.0,6.0,3.0,6.0,3.0,0.8855720952341952,1.0
105.0,0.45,-0.4961023545931953,0.06166657833243688,0.05995665409386558,-0.0004715617569846584,-0.00020342531549547715,0.14508421441250907,-0.125396015468488,1.1963593887095713e-19,0.11736041845370004,0.16783504621980802,0.0,0.0,2.0,0.0,0.13900008823576812,0.0,1.7031858966666444e-29,0.062369414340591706,0.5918669604164202,0.0,0.0,6.0,3.0,6.0,3.0,0.897227345938724,1.0
105.0,0.5,-0.4961023545931953,0.06166657833243688,0.05995665409386558,-0.0004715617569846584,-0.00020342531549547715,0.14508421441250907,-0.125396015468488,4.067372423200973e-19,0.1234995838658172,0.1766145574406226,0.0,0.0,2.0,0.0,0.146271232504182,0.0,2.380166699270812e-29,0.06324522195969372,0.6001781109844975,0.0,0.0,6.0,3.0,6.0,3.0,0.9098264468593883,1.0
105.0,0.55,-0.4961023545931953,0.06166657833243688,0.05995665409386558,-0.0004715617569846584,-0.00020342531549547715,0.14508421441250907,-0.125396015468488,7.368424786265896e-18,0.1393428505499768,0.19927173122411326,0.0,0.0,4.0,1.0,0.16503578273377909,0.0,3.8094196960540644e-29,0.06449680451095902,0.6120552524994451,0.0,0.0,6.0,3.0,6.0,3.0,0.9278313311855844,1.0
105.0,0.6,-0.4961023545931953,0.06166657833243688,0.05995665409386558,-0.0004715617569846584,-0.00020342531549547715,0.14508421441250907,-0.125396015468488,2.6213214223253757e-17,0.14690923309334497,0.21009228026964982,0.0,0.0,4.0,1.0,0.1739973036197043,0.0,5.076518900827781e-29,0.06527311378843147,0.6194221937679901,0.0,0.0,6.0,3.0,6.0,3.0,0.9389990793521871,1.0
105.0,0.65,-0.4961023545931953,0.06166657833243688,0.05995665409386558,-0.0004715617569846584,-0.00020342531549547715,0.14508421441250907,-0.125396015468488,5.419438708609964e-16,0.16667054017201777,0.2383525739070768,0.0,0.0,4.0,1.0,0.19740232776481909,0.0,7.56788493649559e-29,0.06636814595702792,0.6298137192943664,0.0,0.0,6.0,3.0,6.0,3.0,0.9547518776866731,1.0
105.0,0.7,-0.4961023545931953,0.06166657833243688,0.05995665409386558,-0.0004715617569846584,-0.00020342531549547715,0.14508421441250907,-0.125396015468488,2.629868330659363e-15,0.17800874170659317,0.25456713417942023,0.0,0.0,4.0,1.0,0.2108311399189157,0.0,1.1108740857696703e-28,0.06743806728232368,0.6399669504795975,0.0,0.0,6.0,3.0,6.0,3.0,0.9701434390987476,1.0
105.0,0.75,-0.4961023545931953,0.06166657833243688,0.05995665409386558,-0.0004715617569846584,-0.00020342531549547715,0.14508421441250907,-0.125396015468488,1.2151360839199212e-14,0.18973033999887565,0.2713299833331268,0.0,0.0,4.0,1.0,0.22471404199406692,0.0,1.5306719515397821e-28,0.06834485644519518,0.648572106568389,0.0,0.0,6.0,3.0,6.0,3.0,0.9831882310457469,1.0
105.0,0.8,-0.4961023545931953,0.06166657833243688,0.05995665409386558,-0.0004715617569846584,-0.00020342531549547715,0.14508421441250907,-0.125396015468488,1.0369988634927734e-13,0.20746022365737637,0.29668517448277515,0.0,0.0,4.0,1.0,0.24571307578597315,0.0,3.842798779445354e-28,0.07101706704815244,0.6739305804916482,0.0,1.0,6.0,3.0,6.0,3.0,1.0216298366376757,1.0
105.0,0.85,-0.4961023545931953,0.06166657833243688,0.05995665409386558,-0.0004715617569846584,-0.00020342531549547715,0.14508421441250907,-0.125396015468488,9.961879406504504e-12,0.2509236714602192,0.35884147783423426,0.0,0.0,4.0,1.0,0.29719059400911474,1.0,5.128020579192635e-28,0.07187595924627238,0.6820812088084477,0.0,1.0,6.0,3.0,6.0,3.0,1.0339855974783727,1.0
105.0,0.9,-0.4961023545931953,0.06166657833243688,0.05995665409386558,-0.0004715617569846584,-0.00020342531549547715,0.14508421441250907,-0.125396015468488,4.800747351155008e-11,0.2679159784042289,0.38314187364829777,0.0,0.0,4.0,1.0,0.31731605194175166,1.0,1.0214358973532207e-27,0.0739695330266142,0.7019485935334632,0.0,1.0,6.0,3.0,6.0,3.0,1.0641031104664729,1.0
105.0,0.95,-0.4961023545931953,0.06166657833243688,0.05995665409386558,-0.0004715617569846584,-0.00020342531549547715,0.14508421441250907,-0.125396015468488,3.022672068693672e-7,0.3857391387163496,0.5516386787662008,1.0,1.0,6.0,3.0,0.4568642053599581,1.0,3.0345008851992355e-27,0.07740268926300392,0.734528212369874,1.0,1.0,6.0,3.0,6.0,3.0,1.113491447534184,1.0
106.0,0.4,-1.118689372775549,1.9174605476332882,0.17121303234744042,0.0009319793062177318,0.0008739642594513789,0.16548640630567396,-0.2587541026935559,3.847183883125354e-20,0.1591424621321451,0.3609244214926244,0.0,0.0,2.0,0.0,0.11114298195076935,0.0,1.6688271537586302e-23,0.2569251623980591,2.2302393747149294,0.0,0.0,6.0,3.0,6.0,3.0,1.0405671795844154,1.0
106.0,0.45,-1.118689372775549,1.9174605476332882,0.17121303234744042,0.0009319793062177318,0.0008739642594513789,0.16548640630567396,-0.2587541026935559,5.497205247680206e-18,0.19569408463679047,0.4438210477629376,0.0,0.0,2.0,0.0,0.13667014965873053,0.0,2.238831576489476e-23,0.2600900425973654,2.2577121234751796,0.0,0.0,6.0,3.0,6.0,3.0,1.053385194106528,1.0
106.0,0.5,-1.118689372775549,1.9174605476332882,0.17121303234744042,0.0009319793062177318,0.0008739642594513789,0.16548640630567396,-0.2587541026935559,6.756480044568703e-17,0.2172585137625095,0.4927277254826532,0.0,0.0,2.0,0.0,0.1517304605587108,0.0,3.3415246980908026e-23,0.2644664148843445,2.2957012316720253,0.0,1.0,6.0,3.0,6.0,3.0,1.0711098471726916,1.0
106.0,0.55,-1.118689372775549,1.9174605476332882,0.17121303234744042,0.0009319793062177318,0.0008739642594513789,0.16548640630567396,-0.2587541026935559,3.1530904984544367e-16,0.23166075548494186,0.5253910429418837,0.0,0.0,2.0,0.0,0.1617887948986543,0.0,5.324429045107564e-23,0.2696502806516462,2.340699788604184,0.0,1.0,6.0,3.0,6.0,3.0,1.0921049125468958,1.0
106.0,0.6,-1.118689372775549,1.9174605476332882,0.17121303234744042,0.0009319793062177318,0.0008739642594513789,0.16548640630567396,-0.2587541026935559,8.842868163990165e-15,0.26618270333743294,0.6036845033453856,0.0,0.0,2.0,0.0,0.185898464786059,0.0,7.352718844864595e-23,0.2733011745432232,2.3723913801707823,0.0,1.0,6.0,3.0,6.0,3.0,1.1068913208700883,1.0
106.0,0.65,-1.118689372775549,1.9174605476332882,0.17121303234744042,0.0009319793062177318,0.0008739642594513789,0.16548640630567396,-0.2587541026935559,7.989654800163394e-13,0.32112721841046815,0.7282949753164762,0.0,0.0,2.0,0.0,0.22427098438416218,0.0,1.2731374413172255e-22,0.2796249827037067,2.4272852092765627,0.0,1.0,6.0,3.0,6.0,3.0,1.1325032428802495,1.0
106.0,0.7,-1.118689372775549,1.9174605476332882,0.17121303234744042,0.0009319793062177318,0.0008739642594513789,0.16548640630567396,-0.2587541026935559,1.0259719863857923e-11,0.35716516614633587,0.8100266216922188,0.0,0.0,2.0,0.0,0.24943940845582463,0.0,2.0140968241675356e-22,0.2850205546199532,2.4741214818487105,0.0,1.0,6.0,3.0,6.0,3.0,1.154355734861689,1.0
106.0,0.75,-1.118689372775549,1.9174605476332882,0.17121303234744042,0.0009319793062177318,0.0008739642594513789,0.16548640630567396,-0.2587541026935559,9.976875709972671e-11,0.3926719600442721,0.8905536468178527,0.0,0.0,3.0,1.0,0.2742368817414343,0.0,2.756086294635754e-22,0.2887697522685953,2.5066663993707845,0.0,1.0,6.0,3.0,6.0,3.0,1.1695402811573439,1.0
106.0,0.8,-1.118689372775549,1.9174605476332882,0.17121303234744042,0.0009319793062177318,0.0008739642594513789,0.16548640630567396,-0.2587541026935559,3.355542232294477e-9,0.45461653727081813,1.0310397898657828,0.0,0.0,3.0,1.0,0.31749815177834806,0.0,4.3693150293277285e-22,0.2943676334702236,2.5552588180903855,0.0,1.0,6.0,3.0,6.0,3.0,1.1922121417071574,1.0
106.0,0.85,-1.118689372775549,1.9174605476332882,0.17121303234744042,0.0009319793062177318,0.0008739642594513789,0.16548640630567396,-0.2587541026935559,2.805953194672526e-7,0.5466908449069752,1.2398581389894727,0.0,0.0,4.0,1.0,0.3818016253744621,0.0,6.917948707383183e-22,0.3000580082959136,2.6046541278945616,0.0,1.0,6.0,3.0,6.0,3.0,1.2152586087323394,1.0
106.0,0.9,-1.118689372775549,1.9174605476332882,0.17121303234744042,0.0009319793062177318,0.0008739642594513789,0.16548640630567396,-0.2587541026935559,1.3116092062875731e-5,0.6416728082091854,1.4552708559839993,0.0,0.0,5.0,2.0,0.4481357670706014,0.0,2.254488425492493e-21,0.3151977922549222,2.73607505216256,0.0,1.0,6.0,3.0,6.0,3.0,1.2765759283233848,1.0
106.0,0.95,-1.118689372775549,1.9174605476332882,0.17121303234744042,0.0009319793062177318,0.0008739642594513789,0.16548640630567396,-0.2587541026935559,0.0022610695979111126,0.7952460682395777,1.8035647009490239,0.0,0.0,5.0,2.0,0.5553892922391743,1.0,4.5638616536425954e-21,0.3245973869910732,2.817668252654337,0.0,1.0,6.0,3.0,6.0,3.0,1.3146450286502702,1.0
107.0,0.4,-0.0133225940342383,0.09087109888513523,0.08937775952964355,-0.0007961511177865412,-0.0005757568430167296,0.20648673834485934,0.055144641675016315,1.3068864701257041e-20,0.11681717261995475,0.15731825019123166,0.0,0.0,3.0,1.0,0.12520154713909468,1.0,2.9980045135534035e-28,0.06863822858435496,0.6637635044309731,1.0,1.0,4.0,2.0,6.0,3.0,0.961963346539794,1.0
107.0,0.45,-0.0133225940342383,0.09087109888513523,0.08937775952964355,-0.0007961511177865412,-0.0005757568430167296,0.20648673834485934,0.055144641675016315,1.05602721596659e-19,0.1274431730772725,0.1716283362940252,0.0,0.0,3.0,1.0,0.13659021258373022,1.0,4.191055801226681e-28,0.06960303840282388,0.6730936628488768,1.0,1.0,4.0,2.0,6.0,3.0,0.9754851360860988,1.0
107.0,0.5,-0.0133225940342383,0.09087109888513523,0.08937775952964355,-0.0007961511177865412,-0.0005757568430167296,0.20648673834485934,0.055144641675016315,6.218067415332925e-19,0.13721420986659677,0.18478703869860705,0.0,0.0,3.0,1.0,0.14706255064618598,1.0,6.3647788898396525e-28,0.07082539848260813,0.6849144517440473,1.0,1.0,4.0,2.0,6.0,3.0,0.9926164871899636,1.0
107.0,0.55,-0.0133225940342383,0.09087109888513523,0.08937775952964355,-0.0007961511177865412,-0.0005757568430167296,0.20648673834485934,0.055144641675016315,2.881967407694768e-18,0.14626839325548513,0.1969803511688929,0.0,0.0,3.0,1.0,0.156766584247974,1.0,1.0670908074641204e-27,0.07236686834358323,0.699821180224636,1.0,1.0,4.0,2.0,6.0,3.0,1.0142201552425483,1.0
107.0,0.6,-0.0133225940342383,0.09087109888513523,0.08937775952964355,-0.0007961511177865412,-0.0005757568430167296,0.20648673834485934,0.055144641675016315,3.5006982070144025e-17,0.16230674106431028,0.21857927157292734,0.0,0.0,3.0,1.0,0.17395606002609953,1.0,1.5711274578089295e-27,0.07354280620108138,0.711193044699937,1.0,1.0,4.0,2.0,6.0,3.0,1.0307008998662457,1.0
107.0,0.65,-0.0133225940342383,0.09087109888513523,0.08937775952964355,-0.0007961511177865412,-0.0005757568430167296,0.20648673834485934,0.055144641675016315,1.52789266510794e-15,0.18996225438156875,0.2558230848380005,0.0,0.0,5.0,2.0,0.2035965056608463,1.0,2.4087227395770226e-27,0.07486390995262185,0.7239687306977438,1.0,1.0,4.0,2.0,6.0,3.0,1.0492161414767764,1.0
107.0,0.7,-0.0133225940342383,0.09087109888513523,0.08937775952964355,-0.0007961511177865412,-0.0005757568430167296,0.20648673834485934,0.055144641675016315,1.122876217371707e-13,0.22720991270664173,0.3059846860820661,0.0,0.0,5.0,2.0,0.24351755789157717,1.0,3.267080843519823e-27,0.07582074545232552,0.7332217737547443,1.0,1.0,4.0,2.0,6.0,3.0,1.0626261711113816,1.0
107.0,0.75,-0.0133225940342383,0.09087109888513523,0.08937775952964355,-0.0007961511177865412,-0.0005757568430167296,0.20648673834485934,0.055144641675016315,9.535232782191255e-13,0.24839084439765483,0.33450914902118173,0.0,0.0,5.0,2.0,0.2662187186720198,1.0,5.080988726011201e-27,0.07722879013659849,0.7468382188947847,1.0,1.0,4.0,2.0,6.0,3.0,1.082359888086554,1.0
107.0,0.8,-0.0133225940342383,0.09087109888513523,0.08937775952964355,-0.0007961511177865412,-0.0005757568430167296,0.20648673834485934,0.055144641675016315,1.1368785839722364e-11,0.2754132731235039,0.3709003842113893,0.0,0.0,5.0,2.0,0.295180641033718,1.0,9.448762571348001e-27,0.07925110821972998,0.7663949726982979,1.0,1.0,4.0,2.0,6.0,3.0,1.1107026339752568,1.0
107.0,0.85,-0.0133225940342383,0.09087109888513523,0.08937775952964355,-0.0007961511177865412,-0.0005757568430167296,0.20648673834485934,0.055144641675016315,5.17119898864051e-11,0.2933569725852253,0.39506525088265426,0.0,0.0,5.0,2.0,0.31441222217560477,1.0,1.2440706093987148e-26,0.08016471714598593,0.7752299947418199,1.0,1.0,4.0,2.0,6.0,3.0,1.1235068440817237,1.0
107.0,0.9,-0.0133225940342383,0.09087109888513523,0.08937775952964355,-0.0007961511177865412,-0.0005757568430167296,0.20648673834485934,0.055144641675016315,1.486115643348512e-9,0.33741597328947465,0.454399719784042,0.0,0.0,5.0,2.0,0.3616334905033419,1.0,1.9605637848867175e-26,0.08169847104461367,0.7900621062878898,1.0,1.0,4.0,2.0,6.0,3.0,1.1450023730824341,1.0
107.0,0.95,-0.0133225940342383,0.09087109888513523,0.08937775952964355,-0.0007961511177865412,-0.0005757568430167296,0.20648673834485934,0.055144641675016315,1.2209879212356323e-7,0.40545539794068874,0.5460287413575254,0.0,0.0,5.0,2.0,0.43455634115732805,1.0,4.709843410648526e-26,0.0847370468538975,0.8194465436378531,1.0,1.0,6.0,3.0,6.0,3.0,1.1875879498739628,1.0
108.0,0.4,0.12295171393640258,0.03719671006367947,0.03467875399874232,-0.0003457868184993998,0.0002352858760514111,0.09132531435432262,0.06410340731129582,7.07651074066553e-21,0.12775087838701468,0.17196753715696494,0.0,0.0,5.0,2.0,0.1326794478857045,1.0,1.3780539354001487e-27,0.08393266775763376,0.9343222563207736,1.0,1.0,6.0,3.0,6.0,3.0,1.2386778048271911,1.0
108.0,0.45,0.12295171393640258,0.03719671006367947,0.03467875399874232,-0.0003457868184993998,0.0002352858760514111,0.09132531435432262,0.06410340731129582,2.349575233880268e-18,0.16270940339749412,0.21902577679176471,0.0,0.0,5.0,2.0,0.1689866565393905,1.0,2.195833125891509e-27,0.08557788986980555,0.9526365513034132,1.0,1.0,6.0,3.0,6.0,3.0,1.2629579828413442,1.0
108.0,0.5,0.12295171393640258,0.03719671006367947,0.03467875399874232,-0.0003457868184993998,0.0002352858760514111,0.09132531435432262,0.06410340731129582,5.481223021234845e-15,0.22477154160577575,0.30256863139383694,1.0,1.0,6.0,3.0,0.23344312318798366,1.0,2.8238144730129768e-27,0.08647948769096334,0.9626729642170418,1.0,1.0,6.0,3.0,6.0,3.0,1.2762637580512255,1.0
108.0,0.55,0.12295171393640258,0.03719671006367947,0.03467875399874232,-0.0003457868184993998,0.0002352858760514111,0.09132531435432262,0.06410340731129582,2.5695030083074837e-14,0.23971680274936333,0.32268669072525263,1.0,1.0,6.0,3.0,0.24896496555866146,1.0,4.07109714933004e-27,0.08780776288659471,0.9774590673036363,1.0,1.0,6.0,3.0,6.0,3.0,1.295866435381608,1.0
108.0,0.6,0.12295171393640258,0.03719671006367947,0.03467875399874232,-0.0003457868184993998,0.0002352858760514111,0.09132531435432262,0.06410340731129582,1.508923522623895e-13,0.25806705396632085,0.34738826262702777,1.0,1.0,6.0,3.0,0.2680231609368106,1.0,5.009105489691207e-27,0.08856965280857299,0.9859402788508058,1.0,1.0,6.0,3.0,6.0,3.0,1.3071104022575466,1.0
108.0,0.65,0.12295171393640258,0.03719671006367947,0.03467875399874232,-0.0003457868184993998,0.0002352858760514111,0.09132531435432262,0.06410340731129582,3.043275237496001e-13,0.2657218786179054,0.3576925467096274,1.0,1.0,6.0,3.0,0.27597330516483937,1.0,9.130854782189596e-27,0.09081332520144375,1.0109164068419358,1.0,1.0,6.0,3.0,6.0,3.0,1.3402225059068404,1.0
108.0,0.7,0.12295171393640258,0.03719671006367947,0.03467875399874232,-0.0003457868184993998,0.0002352858760514111,0.09132531435432262,0.06410340731129582,3.84565352041307e-12,0.29534424941932697,0.3975677022920303,1.0,1.0,6.0,3.0,0.3067384932607806,1.0,1.4654815943958057e-26,0.09262128106582829,1.03104222254242,1.0,1.0,6.0,3.0,6.0,3.0,1.366904307655202,1.0
108.0,0.75,0.12295171393640258,0.03719671006367947,0.03467875399874232,-0.0003457868184993998,0.0002352858760514111,0.09132531435432262,0.06410340731129582,1.5127436223813842e-11,0.3126883145898989,0.4209148307762468,1.0,1.0,6.0,3.0,0.3247516844026356,1.0,2.0539675700405872e-26,0.09393331892524634,1.0456475747365097,1.0,1.0,6.0,3.0,6.0,3.0,1.3862673544756252,1.0
108.0,0.8,0.12295171393640258,0.03719671006367947,0.03467875399874232,-0.0003457868184993998,0.0002352858760514111,0.09132531435432262,0.06410340731129582,1.3282539412257254e-10,0.3423141165715479,0.460794605126213,1.0,1.0,6.0,3.0,0.35552043605214245,1.0,2.696740029738943e-26,0.09500502208552308,1.0575775674505186,1.0,1.0,6.0,3.0,6.0,3.0,1.402083543254841,1.0
108.0,0.85,0.12295171393640258,0.03719671006367947,0.03467875399874232,-0.0003457868184993998,0.0002352858760514111,0.09132531435432262,0.06410340731129582,3.0111623369363206e-9,0.38985402276587094,0.5247888467950975,1.0,1.0,6.0,3.0,0.4048944097268479,1.0,3.590229452943853e-26,0.09614462873524783,1.0702634487019473,1.0,1.0,6.0,3.0,6.0,3.0,1.4189018513220146,1.0
108.0,0.9,0.12295171393640258,0.03719671006367947,0.03467875399874232,-0.0003457868184993998,0.0002352858760514111,0.09132531435432262,0.06410340731129582,2.684654699243899e-7,0.4700655756333992,0.6327629239390288,1.0,1.0,6.0,3.0,0.4882004870148488,1.0,8.604570884285933e-26,0.09971075059979403,1.1099608289451077,1.0,1.0,6.0,3.0,6.0,3.0,1.471530656302666,1.0
108.0,0.95,0.12295171393640258,0.03719671006367947,0.03467875399874232,-0.0003457868184993998,0.0002352858760514111,0.09132531435432262,0.06410340731129582,6.496900525948155e-5,0.5908594536561393,0.7953655296469899,1.0,1.0,6.0,3.0,0.6136545366964309,1.0,1.3577487093505104e-25,0.10162387318258378,1.1312573402550057,1.0,1.0,6.0,3.0,6.0,3.0,1.4997645078473154,1.0
109.0,0.4,-0.3170321673743399,0.023957349905873226,0.023154936223408307,-0.00039175289546521726,0.0003631131833306215,0.1491023782977417,-0.09024043164250772,1.3542940739801278e-24,0.06996597075852813,0.09845971394432222,0.0,0.0,4.0,1.0,0.07683033026617521,0.0,4.992838618696016e-30,0.05716580978660743,0.551828845303747,1.0,1.0,6.0,3.0,6.0,3.0,0.7792728932774511,1.0
109.0,0.45,-0.3170321673743399,0.023957349905873226,0.023154936223408307,-0.00039175289546521726,0.0003631131833306215,0.1491023782977417,-0.09024043164250772,1.0495597103881283e-23,0.07619751149172072,0.10722905868964251,0.0,0.0,4.0,1.0,0.08367324729294925,0.0,6.243486034353376e-30,0.057700734814174315,0.5569925447490658,1.0,1.0,6.0,3.0,6.0,3.0,0.7865648843377477,1.0
109.0,0.5,-0.3170321673743399,0.023957349905873226,0.023154936223408307,-0.00039175289546521726,0.0003631131833306215,0.1491023782977417,-0.09024043164250772,1.2943561268485869e-21,0.09312530992927234,0.1310507276209683,0.0,0.0,4.0,1.0,0.1022618315795156,0.0,8.710599798999158e-30,0.05850691722623784,0.564774726287539,1.0,1.0,6.0,3.0,6.0,3.0,0.7975546018472744,1.0
109.0,0.55,-0.3170321673743399,0.023957349905873226,0.023154936223408307,-0.00039175289546521726,0.0003631131833306215,0.1491023782977417,-0.09024043164250772,1.7630970567462175e-20,0.10383099105452398,0.1461163129297082,0.0,0.0,4.0,1.0,0.11401784679177053,0.0,1.372956652267194e-29,0.059626719175828014,0.5755843171796808,1.0,1.0,6.0,3.0,6.0,3.0,0.8128195182092093,1.0
109.0,0.6,-0.3170321673743399,0.023957349905873226,0.023154936223408307,-0.00039175289546521726,0.0003631131833306215,0.1491023782977417,-0.09024043164250772,1.0608316525555371e-19,0.11189244392616368,0.15746080418898986,0.0,0.0,4.0,1.0,0.12287020858763385,0.0,2.4791948949358278e-29,0.061113171757908515,0.5899332333418102,1.0,1.0,6.0,3.0,6.0,3.0,0.8330825427107711,1.0
109.0,0.65,-0.3170321673743399,0.023957349905873226,0.023154936223408307,-0.00039175289546521726,0.0003631131833306215,0.1491023782977417,-0.09024043164250772,2.939982037552475e-18,0.12850297582396078,0.18083599932155786,0.0,0.0,4.0,1.0,0.1411103993227711,0.0,3.70108587056441e-29,0.06214205265158784,0.5998651516970919,1.0,1.0,6.0,3.0,6.0,3.0,0.8471080414109261,1.0
109.0,0.7,-0.3170321673743399,0.023957349905873226,0.023154936223408307,-0.00039175289546521726,0.0003631131833306215,0.1491023782977417,-0.09024043164250772,2.0336957657015606e-16,0.15331244373089536,0.2157491590582843,0.0,0.0,4.0,1.0,0.1683539234581884,0.0,5.542670297958669e-29,0.0631965698388176,0.6100445404603082,1.0,1.0,6.0,3.0,6.0,3.0,0.8614830089408327,1.0
109.0,0.75,-0.3170321673743399,0.023957349905873226,0.023154936223408307,-0.00039175289546521726,0.0003631131833306215,0.1491023782977417,-0.09024043164250772,3.770587757517699e-15,0.17314735727247182,0.24366186994103783,0.0,0.0,4.0,1.0,0.1901348398333764,1.0,7.827216124437546e-29,0.06411193007857745,0.6188806294797623,1.0,1.0,6.0,3.0,6.0,3.0,0.8739610167761374,1.0
109.0,0.8,-0.3170321673743399,0.023957349905873226,0.023154936223408307,-0.00039175289546521726,0.0003631131833306215,0.1491023782977417,-0.09024043164250772,1.6447422562604468e-13,0.2026451592717613,0.28517269463694583,0.0,0.0,4.0,1.0,0.22252667039274024,1.0,1.1406652313223924e-28,0.06512586001191481,0.6286682243099774,1.0,1.0,6.0,3.0,6.0,3.0,0.8877827069731598,1.0
109.0,0.85,-0.3170321673743399,0.023957349905873226,0.023154936223408307,-0.00039175289546521726,0.0003631131833306215,0.1491023782977417,-0.09024043164250772,3.3309649382140517e-12,0.2297061252274623,0.32325427827209624,0.0,0.0,5.0,2.0,0.2522425869898785,1.0,2.4951789804640344e-28,0.0672849267329158,0.6495099704521419,1.0,1.0,6.0,3.0,6.0,3.0,0.91721467298106,1.0
109.0,0.9,-0.3170321673743399,0.023957349905873226,0.023154936223408307,-0.00039175289546521726,0.0003631131833306215,0.1491023782977417,-0.09024043164250772,1.7415567529257646e-10,0.270876434829682,0.3811912562413418,0.0,0.0,5.0,2.0,0.2974521145588742,1.0,4.401327551367027e-28,0.06889502572516439,0.6650524611652779,1.0,1.0,6.0,3.0,6.0,3.0,0.9391632206328177,1.0
109.0,0.95,-0.3170321673743399,0.023957349905873226,0.023154936223408307,-0.00039175289546521726,0.0003631131833306215,0.1491023782977417,-0.09024043164250772,1.2587242256051113e-7,0.3563657284291663,0.5014961887943061,1.0,1.0,6.0,3.0,0.3913287604520465,1.0,1.5107477320098952e-27,0.07252786235358119,0.7001206959951475,1.0,1.0,6.0,3.0,6.0,3.0,0.9886853234561365,1.0
110.0,0.4,-1.572219961598115,-1.3159472422294392,-1.3157793695012248,0.00014020729268983672,-0.00018602405564041412,-0.14153356652681198,-1.4012592335335212,4.1844638505634524e-19,0.16652205425297,0.2327947278260991,0.0,0.0,2.0,0.0,0.19492279946925734,0.0,1.7601400670814958e-26,0.1011800825652167,1.317442344687946,0.0,0.0,4.0,2.0,4.0,2.0,1.9907730132922357,0.0
110.0,0.45,-1.572219961598115,-1.3159472422294392,-1.3157793695012248,0.00014020729268983672,-0.00018602405564041412,-0.14153356652681198,-1.4012592335335212,1.836451939534227e-18,0.1771070771889444,0.24759239258268334,0.0,0.0,2.0,0.0,0.20731312405648616,0.0,3.663103981299207e-26,0.10431760641315117,1.3582953136709754,0.0,0.0,4.0,2.0,4.0,2.0,2.052505497064452,0.0
110.0,0.5,-1.572219961598115,-1.3159472422294392,-1.3157793695012248,0.00014020729268983672,-0.00018602405564041412,-0.14153356652681198,-1.4012592335335212,3.002096549958904e-16,0.2190094197702052,0.3061710864394256,0.0,0.0,2.0,0.0,0.25636201404826653,0.0,7.608098545250579e-26,0.10754339281807153,1.4002975288996644,0.0,0.0,4.0,2.0,4.0,2.0,2.1159745945266044,0.0
110.0,0.55,-1.572219961598115,-1.3159472422294392,-1.3157793695012248,0.00014020729268983672,-0.00018602405564041412,-0.14153356652681198,-1.4012592335335212,1.2614102506996629e-14,0.2559209163516288,0.3577726706192174,0.0,0.0,2.0,0.0,0.29956885700085806,0.0,2.1477230552469636e-25,0.11229566462912925,1.4621757559046566,0.0,0.0,4.0,2.0,4.0,2.0,2.209478120452127,0.0
110.0,0.6,-1.572219961598115,-1.3159472422294392,-1.3157793695012248,0.00014020729268983672,-0.00018602405564041412,-0.14153356652681198,-1.4012592335335212,1.8626428244357594e-13,0.2863027370826449,0.4002458896751978,0.0,0.0,2.0,0.0,0.3351323718543699,0.0,3.593120472897436e-25,0.11472953120850611,1.4938665670969196,0.0,0.0,4.0,2.0,4.0,2.0,2.257365765740952,0.0
110.0,0.65,-1.572219961598115,-1.3159472422294392,-1.3157793695012248,0.00014020729268983672,-0.00018602405564041412,-0.14153356652681198,-1.4012592335335212,6.408406347826289e-12,0.33178087820598495,0.4638234832398414,0.0,0.0,2.0,0.0,0.3883669216092789,0.0,5.861704857108685e-25,0.11709316887241858,1.5246429438994435,0.0,0.0,4.0,2.0,4.0,2.0,2.3038716190197848,0.0
110.0,0.7,-1.572219961598115,-1.3159472422294392,-1.3157793695012248,0.00014020729268983672,-0.00018602405564041412,-0.14153356652681198,-1.4012592335335212,2.947607485946108e-11,0.35356125711919956,0.49427204696791377,0.0,0.0,2.0,0.0,0.4138619976237476,0.0,1.1493502989745496e-24,0.12042484022992607,1.5680238624921436,0.0,0.0,4.0,2.0,4.0,2.0,2.3694240603652403,0.0
110.0,0.75,-1.572219961598115,-1.3159472422294392,-1.3157793695012248,0.00014020729268983672,-0.00018602405564041412,-0.14153356652681198,-1.4012592335335212,1.2849337777669632e-10,0.3759298386993073,0.525542907060034,0.0,0.0,2.0,0.0,0.44004559571416874,0.0,2.162045581320139e-24,0.12363741894619928,1.6098541034759222,0.0,0.0,4.0,2.0,4.0,2.0,2.4326332893882694,0.0
110.0,0.8,-1.572219961598115,-1.3159472422294392,-1.3157793695012248,0.00014020729268983672,-0.00018602405564041412,-0.14153356652681198,-1.4012592335335212,2.4573673144653538e-9,0.42511492630441383,0.5943027427076261,0.0,0.0,3.0,1.0,0.4976193207750163,0.0,3.2976270672913114e-24,0.1258313798521065,1.638421158638869,0.0,0.0,4.0,2.0,4.0,2.0,2.475800660406008,0.0
110.0,0.85,-1.572219961598115,-1.3159472422294392,-1.3157793695012248,0.00014020729268983672,-0.00018602405564041412,-0.14153356652681198,-1.4012592335335212,4.275760606841951e-8,0.4788457731583994,0.6694174650508756,0.0,0.0,3.0,1.0,0.5605140954858923,0.0,5.465024160620216e-24,0.128508019894343,1.6732730666797302,0.0,0.0,4.0,2.0,4.0,2.0,2.528465005277909,0.0
110.0,0.9,-1.572219961598115,-1.3159472422294392,-1.3157793695012248,0.00014020729268983672,-0.00018602405564041412,-0.14153356652681198,-1.4012592335335212,2.4827497914556968e-5,0.6242506075596349,0.8726907131553735,0.0,0.0,3.0,1.0,0.7307180814083581,0.0,7.058246990962029e-24,0.12988517895618296,1.691204734824686,0.0,0.0,4.0,2.0,4.0,2.0,2.555561356909708,0.0
110.0,0.95,-1.572219961598115,-1.3159472422294392,-1.3157793695012248,0.00014020729268983672,-0.00018602405564041412,-0.14153356652681198,-1.4012592335335212,1.2434000371002087,0.9798935231927166,1.369872879922974,0.0,0.0,3.0,1.0,1.1470167695166498,0.0,1.8509357331891244e-23,0.13520887545662988,1.7605233499329023,0.0,0.0,4.0,2.0,4.0,2.0,2.6603079735891018,0.0
111.0,0.4,-0.5580719239238141,0.0086414092009513,0.007538547553112451,-0.00048646840028834315,0.00011423216607850982,0.16451057497388138,-0.18099794293919635,1.688067822389394e-20,0.12742484823325098,0.1745964763835154,0.0,0.0,4.0,1.0,0.13281296354924968,0.0,3.0567985177199607e-28,0.07586996345255564,0.8752034806745521,0.0,1.0,6.0,3.0,6.0,3.0,1.2146287847698685,1.0
111.0,0.45,-0.5580719239238141,0.0086414092009513,0.007538547553112451,-0.00048646840028834315,0.00011423216607850982,0.16451057497388138,-0.18099794293919635,5.358981348570746e-19,0.1471718129316284,0.20165360459209888,0.0,0.0,4.0,1.0,0.1533949217705627,0.0,5.032142530847346e-28,0.07746225397966731,0.893571463841497,0.0,1.0,6.0,3.0,6.0,3.0,1.2401203208130571,1.0
111.0,0.5,-0.5580719239238141,0.0086414092009513,0.007538547553112451,-0.00048646840028834315,0.00011423216607850982,0.16451057497388138,-0.18099794293919635,6.5220989856364236e-18,0.16332237520607193,0.22378297185309548,0.0,0.0,4.0,1.0,0.17022840494433988,0.0,8.273709586734285e-28,0.07908387402556448,0.9122777798052358,0.0,1.0,6.0,3.0,6.0,3.0,1.2660814033821588,1.0
111.0,0.55,-0.5580719239238141,0.0086414092009513,0.007538547553112451,-0.00048646840028834315,0.00011423216607850982,0.16451057497388138,-0.18099794293919635,2.0870493634059579e-16,0.1886948626010895,0.2585481448760699,0.0,0.0,4.0,1.0,0.1966737591297329,0.0,1.297851770597061e-27,0.08058139902604121,0.9295525883483293,0.0,1.0,6.0,3.0,6.0,3.0,1.2900558049597879,1.0
111.0,0.6,-0.5580719239238141,0.0086414092009513,0.007538547553112451,-0.00048646840028834315,0.00011423216607850982,0.16451057497388138,-0.18099794293919635,5.240544512187837e-15,0.21581761894498508,0.2957115219811728,0.0,0.0,4.0,1.0,0.22494339177675843,0.0,2.1856944981155938e-27,0.08235057800042737,0.9499610810621457,1.0,1.0,6.0,3.0,6.0,3.0,1.3183792100322418,1.0
111.0,0.65,-0.5580719239238141,0.0086414092009513,0.007538547553112451,-0.00048646840028834315,0.00011423216607850982,0.16451057497388138,-0.18099794293919635,1.4239278531374673e-13,0.2476518323189817,0.33933049866118914,0.0,0.0,4.0,1.0,0.2581237037730522,0.0,3.1213623246099292e-27,0.08358238611987882,0.964170693201227,1.0,1.0,6.0,3.0,6.0,3.0,1.3380996571118642,1.0
111.0,0.7,-0.5580719239238141,0.0086414092009513,0.007538547553112451,-0.00048646840028834315,0.00011423216607850982,0.16451057497388138,-0.18099794293919635,3.1975449858978184e-12,0.28193364563048673,0.38630315659419956,0.0,0.0,4.0,1.0,0.2938551116175309,0.0,4.652874423964171e-27,0.08498432182412836,0.9803428244664332,1.0,1.0,6.0,3.0,6.0,3.0,1.3605437362083688,1.0
111.0,0.75,-0.5580719239238141,0.0086414092009513,0.007538547553112451,-0.00048646840028834315,0.00011423216607850982,0.16451057497388138,-0.18099794293919635,1.7875671753510973e-11,0.3028938659569063,0.41502267766057854,0.0,0.0,4.0,1.0,0.31570162755845077,0.0,6.596446945005698e-27,0.0862293298063234,0.9947047045820876,1.0,1.0,6.0,3.0,6.0,3.0,1.380475504508059,1.0
111.0,0.8,-0.5580719239238141,0.0086414092009513,0.007538547553112451,-0.00048646840028834315,0.00011423216607850982,0.16451057497388138,-0.18099794293919635,2.391307171603424e-10,0.33746029859373816,0.4623853186463588,0.0,0.0,4.0,1.0,0.3517296897572738,0.0,9.481058431061752e-27,0.08754260355365082,1.0098540693957165,1.0,1.0,6.0,3.0,6.0,3.0,1.401500163321609,1.0
111.0,0.85,-0.5580719239238141,0.0086414092009513,0.007538547553112451,-0.00048646840028834315,0.00011423216607850982,0.16451057497388138,-0.18099794293919635,1.381740008073629e-8,0.39960475133753215,0.547535135391575,0.0,0.0,5.0,2.0,0.41650189903580787,1.0,1.545597255034309e-26,0.0893434608878841,1.0306279901332016,1.0,1.0,6.0,3.0,6.0,3.0,1.430330718338174,1.0
111.0,0.9,-0.5580719239238141,0.0086414092009513,0.007538547553112451,-0.00048646840028834315,0.00011423216607850982,0.16451057497388138,-0.18099794293919635,9.686266716127811e-8,0.43338053080110084,0.593814429918582,0.0,0.0,5.0,2.0,0.45170587556737957,1.0,2.3380113548732778e-26,0.09089758954716057,1.0485557542986002,1.0,1.0,6.0,3.0,6.0,3.0,1.4552113076898934,1.0
111.0,0.95,-0.5580719239238141,0.0086414092009513,0.007538547553112451,-0.00048646840028834315,0.00011423216607850982,0.16451057497388138,-0.18099794293919635,0.00018038033149871767,0.5930902192287377,0.8126473281358239,1.0,1.0,6.0,3.0,0.6181688325314256,1.0,6.633912736335052e-26,0.09493452112540512,1.09512407208531,1.0,1.0,6.0,3.0,6.0,3.0,1.5198399574736585,1.0
